{"type":"FeatureCollection","features":[{"type":"Feature","id":2000,"geometry":{"type":"Polygon","coordinates":[[[91.296388148894593,23.834639203510097],[91.296407369248385,23.834808737971809],[91.296419723778499,23.834866274345497],[91.296478580497592,23.83528657398303],[91.296464820104092,23.835374258258277],[91.296435312243631,23.835389658526573],[91.296343014839749,23.835398166389322],[91.296165057683652,23.835418131187325],[91.295967170504682,23.835427738480043],[91.295899921724157,23.835460134739204],[91.295898703608657,23.835494861324435],[91.295903220337905,23.835573989128072],[91.295899657619486,23.83593514172053],[91.295911913334919,23.836164365588417],[91.295919591235645,23.836317365608206],[91.295933834024453,23.836379622754414],[91.295954229374701,23.836435713075748],[91.295975469141268,23.836523927386398],[91.295981009949926,23.836645469397059],[91.295957950196595,23.83705840998622],[91.295946437387897,23.838075536939385],[91.295956746454095,23.838580244576285],[91.2959947011732,23.839040445870424],[91.296046345318857,23.839629469690106],[91.296059277465702,23.83975652630761],[91.296075275562572,23.839833582545719],[91.296089624352618,23.8398658174786],[91.296109611867706,23.83991071926166],[91.296157784024786,23.839987345675219],[91.296190532108469,23.84001902512173],[91.29621655720058,23.840034861144542],[91.296424229727961,23.840149129745942],[91.296563752464621,23.840245926311891],[91.296629584601916,23.840321988042177],[91.296651529545983,23.840358434717178],[91.296673251707858,23.840425624850976],[91.296693344325845,23.840544716284686],[91.296748473934812,23.8408889624579],[91.296761443810894,23.841030693554917],[91.296761516574435,23.841199379922791],[91.296748322119527,23.842003664771077],[91.296746274859004,23.842253655095231],[91.29652475480151,23.842270110372688],[91.295978978859054,23.842334747457979],[91.295160329767597,23.842432882509161],[91.294758415424653,23.842455932354305],[91.294450693930827,23.842500806947491],[91.294001931547498,23.842609541189816],[91.293886727103867,23.842647650245858],[91.293551777673784,23.842740340796738],[91.293092382830736,23.842829364252818],[91.292598428002094,23.842914685290673],[91.292208612169404,23.8430055860971],[91.291762613902193,23.843080573955909],[91.291652882893615,23.843090705714868],[91.291076269584067,23.843143947762528],[91.290683657295915,23.843189301960432],[91.290662646599699,23.843191151491769],[91.290531709062208,23.843202677579932],[91.290351228538483,23.843202198558753],[91.290269521373489,23.843193946740787],[91.290221167756698,23.843182161010841],[91.290113775062792,23.843140708000266],[91.290045645035022,23.843093367037216],[91.290006521607765,23.843057222676414],[91.289902016997502,23.842946101093791],[91.289827415506409,23.842858248570344],[91.289748046656129,23.842749297620578],[91.289672666325686,23.842619824169635],[91.289537592944626,23.842357927141904],[91.289494559150924,23.842247027628318],[91.289453478294675,23.842098448539421],[91.289419641452866,23.841950149465173],[91.289387214067744,23.84182119368198],[91.289169675343601,23.841283324108105],[91.289143111262334,23.841223637007566],[91.289118279132936,23.841172928997182],[91.289088250249591,23.841124334281254],[91.289044275919821,23.841077474075927],[91.289230303540435,23.841085145935143],[91.289571459430832,23.841088891892614],[91.289701195022474,23.841094839904194],[91.289850716906585,23.841087808941989],[91.289933423896443,23.841080265262217],[91.290034777216704,23.841058722101089],[91.290078923124739,23.841043516418363],[91.290244261646038,23.840973324248896],[91.290284894242944,23.840954209905629],[91.290334492026432,23.84091855794637],[91.290392817841209,23.840870868608221],[91.290407679569242,23.840855437767644],[91.290431780470016,23.840829719695876],[91.290448248385815,23.84080767609985],[91.290463110113848,23.840780488883365],[91.290474758568138,23.840755873470108],[91.29049428255253,23.840710804360143],[91.290540036444895,23.840608317288769],[91.290598946164579,23.840441311280905],[91.290636162468502,23.840295665939323],[91.290661833624384,23.840189831065342],[91.290678042825377,23.840084795588343],[91.290686075560629,23.8400129784605],[91.290736529438576,23.839446515402923],[91.290765083288179,23.83829228803361],[91.29076503477917,23.838098718206449],[91.290713675399417,23.837387991755779],[91.290658520637635,23.836712880845976],[91.290620468900471,23.83590929284512],[91.290613424312042,23.83583185711689],[91.290796421915189,23.83581212245732],[91.29099367668023,23.835793646632464],[91.291317389084426,23.835762266072688],[91.291407075984068,23.83574944926054],[91.291457575676105,23.835735098340738],[91.291480944449887,23.835722800837853],[91.291490182724274,23.83571471781331],[91.291504241358481,23.835701858268269],[91.291515889812786,23.835688264125501],[91.29153998712026,23.835638178439876],[91.291563390030035,23.835588639985083],[91.291579122225599,23.835546189471547],[91.291603612096878,23.83548010774463],[91.29161791058128,23.835418856746667],[91.291621015158867,23.835387222191461],[91.291619346089107,23.835304559325973],[91.291608762138395,23.835183163142815],[91.291577370510794,23.834952772368705],[91.291433184619507,23.833989317025633],[91.29094577581435,23.831258842008729],[91.29066353413522,23.829711475690917],[91.290471724957413,23.828482815423634],[91.290863376946575,23.828212165393776],[91.291234762942935,23.828014904857493],[91.291511970463176,23.82791532166296],[91.291820875038241,23.827876728378133],[91.292201725684407,23.827818518359212],[91.292412994167876,23.827806884898461],[91.29261931293415,23.827811811266972],[91.292843764194387,23.827823625511432],[91.293148335296522,23.827851113737875],[91.29352825079647,23.827924986211858],[91.293629082195537,23.82794752093606],[91.293678472468187,23.82798002506858],[91.293720393249231,23.828033832928281],[91.293739142885855,23.828090239943293],[91.293774122384704,23.82820779864792],[91.293800810433467,23.828280632235352],[91.293866695571353,23.828395510243457],[91.293981647588367,23.828516952222898],[91.294109020610819,23.828600529903365],[91.294246880565908,23.828698148611974],[91.294350787796503,23.828760743863626],[91.294361770599153,23.828806288805172],[91.294273736599621,23.829157385738249],[91.29423247697865,23.829421959523877],[91.294192518118166,23.829631878387204],[91.294167707548326,23.829759649847034],[91.294150990799196,23.829758965342723],[91.293921077782002,23.829735564003819],[91.293800101662697,23.829725768934079],[91.293781750878097,23.829869675854699],[91.293742113614499,23.82992167922708],[91.293653269334598,23.829904178781899],[91.29355641567561,23.829890447623775],[91.293548956065464,23.829938430249666],[91.293418438939526,23.830702846504675],[91.293355078067577,23.831047643886095],[91.293320271045275,23.83124046907254],[91.293311501691477,23.831296201701239],[91.293303040459818,23.831322256105288],[91.29328639916919,23.831342831249753],[91.293274297065651,23.831347902929121],[91.293253810087279,23.831354628738197],[91.293158516801952,23.831362696421706],[91.293107046929435,23.831370307226393],[91.293050773765088,23.831406269135236],[91.293023327538222,23.831479664628887],[91.29299857535888,23.831562466338028],[91.292989731444919,23.831680477129851],[91.292958918332346,23.831897768921817],[91.292957074091063,23.831956747883609],[91.292990997171131,23.831989412068651],[91.293076360479347,23.83201210714385],[91.293231267763559,23.83202936078883],[91.293506615771179,23.832039317563336],[91.293630855469914,23.832053754350873],[91.293661440410389,23.832057308286888],[91.293738748525428,23.832066291321933],[91.293897544616513,23.832084743026201],[91.293914079007664,23.832086664205523],[91.294156625930995,23.832154152800371],[91.294480374267806,23.832272385739486],[91.294880973477177,23.832415611918364],[91.295313979410437,23.832573241800159],[91.295702237564441,23.83270161514514],[91.295768700319059,23.832738656418375],[91.295770839207748,23.832777877690255],[91.295771217398482,23.832940883604696],[91.29581025279083,23.833127447814277],[91.295826797063398,23.833207846607376],[91.295844782233715,23.833437309483056],[91.295842864330581,23.833469069413869],[91.295863291121833,23.833867417547893],[91.295931734661636,23.83446304342711],[91.295947046445661,23.834505386651962],[91.295987306241742,23.834509952038129],[91.296069768889907,23.834506735067862],[91.296286310484078,23.834504480312678],[91.296353599688757,23.834525004828436],[91.296382249658109,23.834548290264784],[91.296388373473405,23.834626051332158],[91.296388148894593,23.834639203510097]]]},"properties":{"objectid":2000,"id":"2012","name":"Ward No 23","code":"23","town":"Agartala","district":"West Tripura","state":"Tripura","st_area(shape)":943003.01486237731,"st_perimeter(shape)":5417.2171882867424}},{"type":"Feature","id":2030,"geometry":{"type":"Polygon","coordinates":[[[91.275522624955798,23.832001878378041],[91.2747914897393,23.83204519121356],[91.273931553179068,23.832104113409667],[91.273177852282657,23.83219616644821],[91.271776882884666,23.832419962909931],[91.271468903574345,23.83248072475936],[91.270619161994276,23.832697521359865],[91.269648186478406,23.832945248547787],[91.267277359068757,23.833970552521865],[91.266254962189379,23.834410711550234],[91.26558052773531,23.834717416459267],[91.264571007307239,23.835185422816412],[91.264472790903966,23.833243407833116],[91.264413685351542,23.832111537640653],[91.264356688145057,23.831400549940099],[91.264343801812288,23.831088827127907],[91.264329758449477,23.830749251113154],[91.264327608781016,23.830336297010156],[91.264341999791853,23.830078269361845],[91.264347899028337,23.829784468672216],[91.264345300202223,23.829423973598754],[91.264340570572244,23.829395911312023],[91.264333854767173,23.829378027045035],[91.264309964072197,23.829338983883723],[91.264279839967458,23.82930186932683],[91.264238461768826,23.829263234545902],[91.264093374867286,23.829159946272789],[91.263878805973491,23.829031119931877],[91.263833528188215,23.829018075654762],[91.26394091189897,23.828332714310317],[91.263997809392436,23.828047754105945],[91.264044049273366,23.82784844881574],[91.264148375118879,23.827504235411574],[91.26418628761715,23.827423313738294],[91.264210508892148,23.827380926292381],[91.264275802040245,23.827290371173216],[91.264381113337649,23.827176696050625],[91.264558035634522,23.827024485634386],[91.264749701980193,23.826891542660633],[91.264899243627212,23.826810621426926],[91.265097228722567,23.826725846120922],[91.265360506966061,23.8266487771646],[91.265623785209513,23.826602536261916],[91.265884956903633,23.826565928766215],[91.266196677697138,23.826552441315751],[91.26675850563538,23.826569200990907],[91.267143843366384,23.826587012508991],[91.2674826303994,23.826649105866061],[91.267858340885496,23.826742867912902],[91.268395348372451,23.826895511722832],[91.268706659534161,23.827006631445304],[91.268807929311095,23.827030638085315],[91.269709731855144,23.827109571366979],[91.26970257767222,23.827187291697452],[91.269637876513869,23.82864599683575],[91.26963994084241,23.828726699985197],[91.269647863084913,23.828803348619775],[91.269661548019926,23.828861934553519],[91.269683076145739,23.828914901408254],[91.269735697658433,23.829004582707057],[91.269787339109186,23.829058275920175],[91.269824788975043,23.829088114877766],[91.269905270837995,23.829131540442528],[91.269943051283903,23.829146375274767],[91.270035557995229,23.829165304823928],[91.270147611148801,23.829173689834303],[91.270509304323241,23.829166625356276],[91.271016860543597,23.829144448299747],[91.271252502117363,23.829134151925331],[91.273138668668267,23.829006033075739],[91.275336716811111,23.828897911949053],[91.275522363546031,23.831993402339592],[91.275522624955798,23.832001878378041]]]},"properties":{"objectid":2030,"id":"1997","name":"Ward No 34","code":"34","town":"Agartala","district":"West Tripura","state":"Tripura","st_area(shape)":788989.75859331281,"st_perimeter(shape)":4172.8685753193095}},{"type":"Feature","id":2026,"geometry":{"type":"Polygon","coordinates":[[[91.280022809931737,23.805226148068407],[91.279181858366755,23.806673234540597],[91.278922454557105,23.807277104555002],[91.278880807762206,23.807402174328175],[91.278814441127338,23.807576111814818],[91.278701561523675,23.807799265292704],[91.278556734235238,23.808131878473244],[91.278426846828324,23.808396101446402],[91.278230679923098,23.808715298584051],[91.278140957989137,23.808865183222949],[91.278051319598532,23.809027179515788],[91.277915912942476,23.809330973386615],[91.277859447538646,23.809507344288942],[91.277833745840056,23.809564291100674],[91.277761664123361,23.809667763451134],[91.277607281455261,23.809835315338386],[91.277336917300829,23.810182361702591],[91.277302207296586,23.810217330104287],[91.277241440759155,23.810258470645298],[91.277200653652017,23.810273609256537],[91.276833646044381,23.810315895448344],[91.272537514283513,23.810859234639768],[91.270835347855595,23.811056304283269],[91.271133539122602,23.809118718821559],[91.271220158275526,23.808659986916279],[91.27127332506565,23.808388165477908],[91.271338601145771,23.80813917586385],[91.271384826653644,23.807924028004674],[91.271533761937874,23.807443272201702],[91.271636471714189,23.807177663249277],[91.271933454747142,23.806284235675676],[91.272281681277107,23.805266506930575],[91.272438964605286,23.804621251013838],[91.272588873663238,23.803589994743831],[91.272685703067708,23.802348164356772],[91.272744432226048,23.801174010088342],[91.272767490182787,23.800357006922013],[91.272617829958108,23.799287683785341],[91.272634279907592,23.79927019400461],[91.27268004727469,23.799206279311512],[91.272684078913699,23.79919942936942],[91.272690989653157,23.799177825008044],[91.272723833856602,23.799000623081231],[91.272742593374659,23.798877506341324],[91.272760022487816,23.798841655421729],[91.272823466004752,23.798769561492261],[91.273016250752946,23.798614869235287],[91.273079470589366,23.798577916033402],[91.273271908587844,23.79849511629665],[91.273360478881614,23.798463027254247],[91.273433343929241,23.798423452045412],[91.273469826309565,23.79840141521856],[91.273526015032274,23.798353110244307],[91.273632760939179,23.798248446939368],[91.273879546114017,23.798053207213908],[91.274034051851288,23.797936452177591],[91.274179733437549,23.797810033533846],[91.274334441295807,23.797658303217542],[91.274525122189601,23.797440328611664],[91.275059255067617,23.796825809809231],[91.275165124218816,23.796673489832081],[91.275267402803777,23.796510421932712],[91.275535084588768,23.796050429836928],[91.27580494029678,23.795558911032728],[91.275822877856356,23.79550952167066],[91.275849899180102,23.795410225060973],[91.275861689568217,23.79530439632331],[91.275862546560973,23.795019624178991],[91.275867374107307,23.7946493408793],[91.275879873266192,23.794292720760922],[91.275895519223496,23.794086572618777],[91.27593805085894,23.79376325520472],[91.275951389942577,23.793709334505404],[91.27596942272362,23.79365250403686],[91.275994514466106,23.793589493205193],[91.276032612017303,23.793517942144998],[91.27609286561669,23.79340478076972],[91.276112142564372,23.793365762955826],[91.276137568480152,23.793314299765619],[91.276236772131952,23.793147781148857],[91.276354242126686,23.79296459036793],[91.276579385089732,23.792663207685912],[91.276613779785336,23.792599399064571],[91.276630220751642,23.792559622331197],[91.276635336657222,23.792542956080165],[91.276640725650608,23.79249541664765],[91.276641346386455,23.792425383985929],[91.276642960659004,23.79238099758911],[91.276647688492375,23.792301812219492],[91.276654645045923,23.792268588971282],[91.276674714307688,23.792214172824938],[91.276756664017796,23.792081739174119],[91.276869434925288,23.791952285863054],[91.276914408181668,23.791871496561559],[91.276950680356194,23.791758976536517],[91.276954803623383,23.791707000619727],[91.276950183587871,23.791609958248632],[91.276941440285199,23.791564891799453],[91.276903189122095,23.791450989766727],[91.276851262007114,23.791356339157328],[91.276671261183736,23.791095945645786],[91.276640587310055,23.791027334253624],[91.276633555298005,23.79099944121478],[91.276628520240848,23.790951436799201],[91.276630932217344,23.790912973907041],[91.276641579050107,23.790803431087205],[91.276641311352137,23.790689524277198],[91.276627240141536,23.790607212702689],[91.276598607240189,23.790502597409308],[91.276503776587191,23.790240019819755],[91.276434707819973,23.79004627476013],[91.276425313238718,23.789985585111275],[91.276428819363261,23.789898752989171],[91.276436353533555,23.789866922393529],[91.276450461575095,23.789830499351115],[91.276465436490881,23.789805584113395],[91.276542065479546,23.789701005164201],[91.276705006397378,23.789535231571072],[91.276786930056332,23.789441187838381],[91.276866497434312,23.789332067924764],[91.276936953200362,23.789214919538782],[91.277001440559658,23.78906441792731],[91.277076084271584,23.788820033891913],[91.277128187456356,23.78859174980267],[91.277135215875148,23.78853838427014],[91.277173749109252,23.78834482080104],[91.277201937344572,23.788250795934939],[91.27723043819357,23.788175229767919],[91.277269485264043,23.788111648280406],[91.277298051690082,23.788078493008854],[91.277326619014403,23.788045336906844],[91.277367880432053,23.788007070434226],[91.27744721245142,23.787947474735208],[91.277530559940118,23.787893900150458],[91.277643638071453,23.787837506086404],[91.277831253913476,23.787761656911215],[91.278083534981235,23.787676853643898],[91.278191815210647,23.78765241721954],[91.278335455824561,23.787626170745455],[91.278612583394761,23.787583032150781],[91.278639865229948,23.787578785694585],[91.278702789520665,23.787552544959645],[91.278762473588145,23.787521962409222],[91.27879637600698,23.787495532602495],[91.278808260718179,23.787484913988617],[91.278829831064783,23.787459676076665],[91.278839515801863,23.78744505759979],[91.27890077731098,23.787320220146313],[91.278920808843495,23.787281872903925],[91.278957581379643,23.787222491415218],[91.278984114019877,23.787189156720153],[91.27902351951812,23.787144651810525],[91.279038762131876,23.787130501840331],[91.279099432549543,23.787078877534306],[91.279146825867272,23.787046661550125],[91.279221972635767,23.787003123268953],[91.279256624249527,23.786988060036272],[91.279302926114198,23.78697855190919],[91.279332228260444,23.78697388045687],[91.279458235843677,23.786959344125819],[91.279669153085877,23.786968805400047],[91.280153396227973,23.787033649223162],[91.280368733181362,23.787022354883977],[91.280703067265506,23.786974482164254],[91.28075269469339,23.787106934171277],[91.280941233105196,23.787096664877311],[91.28146806806987,23.787109056585109],[91.281497113297959,23.787110717854773],[91.281606294537582,23.787116962617347],[91.281636692628496,23.787129640380478],[91.281643930354733,23.787140993072601],[91.281656206731412,23.78718180390052],[91.28165013322176,23.787231817039768],[91.281612660898006,23.787526446425602],[91.281538469937004,23.788109779058168],[91.281745253132257,23.788094641973963],[91.281970576656647,23.788091086834452],[91.282010735841411,23.788097694050848],[91.282059413750048,23.788110685721385],[91.282183633685847,23.788143838518707],[91.282258966405564,23.788165771869483],[91.282274272799697,23.788167539163254],[91.282308513883407,23.788168013455582],[91.282465900517806,23.788157265843086],[91.282536474861473,23.788165615690023],[91.282624754101064,23.78819216372808],[91.282721269095177,23.788246014380757],[91.282905589916751,23.788345834322051],[91.282941816277244,23.788359034754716],[91.283031636127561,23.788375473027482],[91.283046113376656,23.788378122319877],[91.28308007328765,23.788381880484472],[91.28315808568189,23.788374850776677],[91.283275447878808,23.788355759101059],[91.283411924428336,23.788317916047845],[91.283673420414289,23.78825478097426],[91.283833304365189,23.788240878545874],[91.283982645687914,23.788234661785172],[91.284288684637204,23.788219523893499],[91.284578256569063,23.788247054206458],[91.284768516152965,23.788277273263859],[91.284846998366078,23.78826872039097],[91.284936413076196,23.78824963363175],[91.284988059018517,23.78824113583083],[91.285027587585972,23.788240331918104],[91.285044567541476,23.788244061316817],[91.285092198014482,23.788263173558732],[91.285489837274952,23.788554256165909],[91.285319604731995,23.7886925040854],[91.285192980904498,23.788886096628449],[91.285100608042171,23.789146483059657],[91.285002939611203,23.789453946751699],[91.284920704236825,23.790014401457348],[91.284890566657367,23.790350454966319],[91.284893316400456,23.790678295192233],[91.284917892510009,23.790948524525824],[91.284962863071428,23.79145036999655],[91.284966428484779,23.791536111142104],[91.284975399061224,23.791644944801842],[91.284996794236335,23.791736359909304],[91.28502086998428,23.791815072166425],[91.285071241217196,23.791937908729643],[91.285079541650433,23.792010797187576],[91.285079426666073,23.79205076560849],[91.285070699533065,23.792128337599966],[91.285061416342941,23.792156843587559],[91.284899459080364,23.792362396396445],[91.284566331433666,23.792770123572357],[91.284363503520595,23.793061434455616],[91.284227011699713,23.793293477758002],[91.284153927463123,23.793511216019482],[91.284019270002034,23.793961813877186],[91.283883415086677,23.794324554382328],[91.283713385562947,23.794830125066888],[91.283502417116821,23.795609397679279],[91.283451665896507,23.795838303163716],[91.283404456733408,23.796134002939674],[91.283370588450538,23.796346144747108],[91.283308014502794,23.796630732334602],[91.283257888509951,23.796798312547388],[91.283183566394925,23.797050079869756],[91.283137649907488,23.797157924226891],[91.283082607435063,23.79724848885818],[91.283035025471108,23.797307384931294],[91.282968380358511,23.797359485186579],[91.282898826500983,23.797406892151294],[91.282300809931542,23.79761215801841],[91.282071690126742,23.797726898779487],[91.282027732864947,23.797749768342396],[91.281987224235493,23.797790776391334],[91.281959644159642,23.797823897951424],[91.281936681424369,23.797862479622534],[91.281922207768503,23.797890904624428],[91.281861583164911,23.798030085370442],[91.281842775137818,23.798081482582003],[91.281827242368252,23.798110231378065],[91.281800764525229,23.798143501626733],[91.281774287580546,23.798169342407174],[91.281756635685213,23.798184847366166],[91.281739336827798,23.798195184004435],[91.281722038868708,23.798203258680584],[91.28164218313151,23.798228312858811],[91.281566704884696,23.798235883687742],[91.281487979228146,23.798239436905828],[91.281466090877927,23.798243959183278],[91.28145126418417,23.798249449698034],[91.281316255481784,23.798334275655719],[91.28123633865917,23.798385956313655],[91.28120133400752,23.798414900662195],[91.281193236593538,23.798423296700211],[91.281156045442458,23.798493416541703],[91.28110699652963,23.798612894956946],[91.281067694337651,23.798747086635334],[91.281016775132372,23.798985043424103],[91.280974580365182,23.799252068872001],[91.280857744581013,23.799915482257177],[91.28083916382765,23.80002098586732],[91.280822942050278,23.800115838111264],[91.280754414068824,23.800431879702412],[91.280616700539127,23.800812620212032],[91.280537832948752,23.801071470419945],[91.280378933551418,23.801591820777073],[91.280360833396756,23.801639924822442],[91.280334114805257,23.801684874353363],[91.280288434574743,23.80173692107266],[91.280231994323742,23.801787702028264],[91.280176126299622,23.801828652912633],[91.279993627261447,23.801951229326516],[91.279928452690953,23.802001974034329],[91.279462397738399,23.80237860698125],[91.279354281900694,23.802464909674711],[91.279284778348824,23.802536575805949],[91.279204243485324,23.802622878394455],[91.279179697020169,23.802654421485968],[91.279142647802914,23.802706628910219],[91.279069650702908,23.802827277951742],[91.279040966597577,23.802880271046739],[91.279003353238309,23.802971840164293],[91.278885237354856,23.803382214264818],[91.27883564226633,23.803622553468056],[91.27862948429852,23.805146474106433],[91.280022809931737,23.805226148068407]]]},"properties":{"objectid":2026,"id":"1988","name":"Ward No 45","code":"45","town":"Agartala","district":"West Tripura","state":"Tripura","st_area(shape)":2364521.6337591065,"st_perimeter(shape)":8006.0662007401579}},{"type":"Feature","id":2031,"geometry":{"type":"Polygon","coordinates":[[[91.252967115744354,23.840406158753808],[91.25308503220181,23.840143099524134],[91.253316352879054,23.839661643048348],[91.25373267889411,23.838790671203629],[91.254114950675046,23.837994372891565],[91.254115360306827,23.837795280088731],[91.254087852096205,23.837185671257902],[91.254070932327807,23.836983773613781],[91.253907052670513,23.836814235421812],[91.253128599594788,23.835955080963313],[91.252678674791468,23.835462620374823],[91.25221973180102,23.834957963053551],[91.251879300851058,23.834585913598296],[91.251790712591003,23.834478953260088],[91.253770692901981,23.833437002163308],[91.253864148234257,23.833436082669223],[91.254023421330757,23.833459477588573],[91.254307421911193,23.833523155199853],[91.254894928191874,23.833677355565609],[91.256059952385527,23.833991452642266],[91.256770708421456,23.834232631652839],[91.25765965158223,23.834551229498253],[91.258474039065959,23.834864543020416],[91.25861065485438,23.834923455718773],[91.258758871486364,23.834977009257798],[91.25891137218396,23.8350169611663],[91.258939278348265,23.835021610347923],[91.259161880875638,23.835041809388485],[91.25952781230157,23.83505583334831],[91.260961318679136,23.835118891435815],[91.261318396309662,23.835143578585335],[91.261345722162261,23.835145467673016],[91.261357135257953,23.835133615475506],[91.261363351599741,23.835117233245416],[91.261366193869293,23.835066134182856],[91.261347628387313,23.83487511914019],[91.261327026424567,23.834646919300482],[91.261319800376455,23.834602021446667],[91.261239555668723,23.834306122508323],[91.261132393841891,23.834014433321137],[91.261066573382692,23.833895860961345],[91.260962900612355,23.83373605515898],[91.260909170578614,23.833675386750752],[91.260879049168807,23.833586788407587],[91.260877503168189,23.833571396142261],[91.260892870647766,23.833522891430931],[91.260935559488374,23.833439318565354],[91.261501844867084,23.832663441537388],[91.261523888625817,23.832615898715687],[91.261536885451363,23.832580265006872],[91.261541735455594,23.832557103296327],[91.261541942068092,23.832549777696798],[91.261540218201048,23.832539302458532],[91.261534027910471,23.832524198491342],[91.261529829184795,23.832518447298568],[91.261513252572882,23.832509364045414],[91.261503725040967,23.832506013907452],[91.26147567334958,23.832500158355852],[91.261468463471104,23.832500126308929],[91.261455914006589,23.832499258576298],[91.261448848756885,23.83249696105694],[91.261444307773118,23.832495483610639],[91.261437802173845,23.83249365282623],[91.261431566967445,23.832490088219863],[91.261428448915098,23.832487236041651],[91.261422992548063,23.832478680328389],[91.261421433971066,23.832476541399984],[91.261415198764681,23.832460143221624],[91.261414654385604,23.832434559068208],[91.261428448915098,23.832185647630315],[91.261458067268336,23.831893327523467],[91.261458067268336,23.831862669134079],[91.261786987206264,23.831876967070507],[91.261971910797385,23.831895541238037],[91.262058176014122,23.831905945038638],[91.262111520670629,23.831912144096108],[91.262302910335151,23.831934383951925],[91.26269488481951,23.831992254397157],[91.262707280672089,23.831983149742445],[91.26271712890258,23.831842676671975],[91.26272100423472,23.831257970980928],[91.262719601964548,23.831229096405341],[91.262788935734804,23.83123021805936],[91.262983612334978,23.831217318626894],[91.263277146735547,23.831197869225424],[91.263293576922081,23.831197218419423],[91.263327491917309,23.83119567028999],[91.263416196060049,23.831191621652053],[91.263392746437844,23.830973083762018],[91.263393064441459,23.830965363644488],[91.263457983890433,23.830960772660021],[91.263704151922681,23.830964523840283],[91.263796640667692,23.830968781203772],[91.263804908761585,23.831085915754663],[91.264343801812288,23.831088827127907],[91.264356688145057,23.831400549940099],[91.264413685351542,23.832111537640653],[91.264472790903966,23.833243407833116],[91.264571007307239,23.835185422816412],[91.263511846874863,23.835721283165196],[91.263497280692533,23.837126335596661],[91.263492727132373,23.837319874829596],[91.263477246465072,23.838801440918868],[91.263478595734625,23.839183856025002],[91.2634746260794,23.839321160988664],[91.261322475559339,23.839543075030232],[91.259771315032395,23.839692310275865],[91.259501037116223,23.839697612518194],[91.258913017897541,23.83927217939214],[91.257643793622506,23.838391209204691],[91.252967115744354,23.840406158753808]]]},"properties":{"objectid":2031,"id":"1998","name":"Ward No 35","code":"35","town":"Agartala","district":"West Tripura","state":"Tripura","st_area(shape)":828924.60283831216,"st_perimeter(shape)":5222.5365430326638}},{"type":"Feature","id":2032,"geometry":{"type":"Polygon","coordinates":[[[91.232760368624241,23.898970231836216],[91.232754469387785,23.898997596556189],[91.232698864570011,23.899185055285848],[91.232683392885875,23.899251896238265],[91.232685587470101,23.899272412137101],[91.232701679890084,23.899294693812223],[91.232716252360632,23.899309496792444],[91.232732418442495,23.899319645505781],[91.232750441342034,23.899329220134835],[91.232784992344492,23.899346561726119],[91.23281404296246,23.899353490149075],[91.232964363448858,23.8993839198505],[91.232998119442286,23.899389017611192],[91.233021668777468,23.899385533689696],[91.233044158998894,23.899365725762781],[91.233055814639698,23.899335636072166],[91.233088973253487,23.899257281456713],[91.233108932920771,23.899195867614047],[91.233131857926836,23.899161544115305],[91.233157892900408,23.899159185359988],[91.233634856095463,23.899359011697811],[91.234291527263082,23.899627513249392],[91.232607712518131,23.900099243679939],[91.231930386387134,23.899830587884267],[91.231728007631759,23.899750848873982],[91.231420824228749,23.899634059757144],[91.231069579359399,23.899483044033794],[91.230770919171832,23.899368414673859],[91.229927378662154,23.899046391305838],[91.229357232324389,23.898819188234793],[91.229288521086602,23.89879180705115],[91.228875293361,23.898634625689155],[91.22846971209502,23.898631434129083],[91.228496632807477,23.898176840515735],[91.228522291386938,23.897717791379197],[91.228574782643932,23.897033004540777],[91.228601361996567,23.896426588523035],[91.228651841925611,23.895901460094603],[91.228663640398551,23.895733251524447],[91.228696345363119,23.895266980074464],[91.228709533529809,23.89513178525204],[91.228731226047287,23.894759847843694],[91.228742615786786,23.894567734833327],[91.228775733078052,23.894007032966151],[91.228796941403587,23.893706547902628],[91.228808971641882,23.893576945521573],[91.228827366443952,23.893120193748882],[91.228834552067894,23.892991749680832],[91.228868158042673,23.892479047262057],[91.228877706235835,23.892225550670979],[91.228895001500007,23.891779971749415],[91.228942392122818,23.891071787028029],[91.228962435333429,23.890657444092966],[91.228974577861123,23.890539004067112],[91.228997140846118,23.890133568619611],[91.229007361877436,23.889945931677747],[91.229030893246289,23.889635380520108],[91.22905707464524,23.88922768186675],[91.229090188343235,23.888666980669999],[91.229109839888409,23.888333018437269],[91.229139855296992,23.887944266210901],[91.229147853896279,23.887776742167969],[91.2291863287399,23.887146781717188],[91.229203376967348,23.886914431562786],[91.229212954804908,23.886782617813346],[91.229252045892821,23.886212935773941],[91.22930213325813,23.885531522214055],[91.229313806865235,23.885367316712614],[91.229317072241301,23.885330449011217],[91.229343550982591,23.884833439172684],[91.22938132603862,23.884135387684722],[91.229407619726985,23.8837388524815],[91.229424873668634,23.883408261669736],[91.229454606107936,23.88287326798196],[91.229486259145261,23.882407474230337],[91.229495496521352,23.882123837924407],[91.229532259176025,23.88156422469557],[91.22956671765202,23.88113524585474],[91.229591589307304,23.880718629466799],[91.229615582410219,23.880594420604918],[91.229817135613871,23.880368047606307],[91.231829880178225,23.878107419730178],[91.232423542613503,23.878014077626233],[91.232957080806855,23.877936375452492],[91.233857251112013,23.87780508977211],[91.234492061777203,23.877716421385689],[91.235225403256052,23.877616814771578],[91.235786286166601,23.877533823987019],[91.235981504450905,23.877065967289894],[91.236236039391713,23.876504364026349],[91.236396750691,23.876145158776229],[91.236487754520866,23.875935226532995],[91.236600416732202,23.875699907268775],[91.236798472794462,23.875242104186224],[91.236999449279722,23.874801915444163],[91.237146793647568,23.87447558320283],[91.237441220973508,23.873797721418963],[91.237529766114449,23.873615527577329],[91.237787001390998,23.873051378427594],[91.23789676384061,23.872800965326622],[91.237934368216742,23.87272756530302],[91.238159111429439,23.87220149457519],[91.238200258761054,23.871674505772766],[91.23821490579175,23.871500514599465],[91.238251950517437,23.871107109101796],[91.238315678800319,23.87037834333805],[91.238345594495925,23.870090830403836],[91.2383975449671,23.86954862902957],[91.238414488989989,23.869331782346396],[91.23848790200995,23.868479463830663],[91.238529513770558,23.867997827573824],[91.238649230451841,23.867916150760397],[91.238585385387978,23.867836074984332],[91.238643841458469,23.867659183709574],[91.238889291736783,23.867017024677111],[91.239081196135999,23.866496281183213],[91.239243845999653,23.866061463271592],[91.239593199915319,23.865133665950907],[91.239825151209899,23.864511782495715],[91.240145193097845,23.863664871532848],[91.240374295834656,23.863032932156656],[91.240512592370962,23.862628565608194],[91.240552696758499,23.862532464339715],[91.240834793808872,23.86177931739871],[91.240869380743916,23.861700153835692],[91.240935132931142,23.861613865899393],[91.241043428431922,23.861464426687395],[91.241192934146312,23.861256699463677],[91.241350663038858,23.861035617846131],[91.241950669376692,23.860225998539864],[91.242072038958099,23.860052162865259],[91.242778713049404,23.859091717728738],[91.24344868287649,23.858192232981995],[91.24433813897528,23.856984177075017],[91.244434978261239,23.856844880458773],[91.244459165400258,23.856811998249455],[91.24526429125342,23.855717441650171],[91.245561134149199,23.855314867118402],[91.247327661273928,23.857468974566562],[91.24738992799783,23.857534853661448],[91.247420450954593,23.857551602759553],[91.247452194721788,23.857571701345822],[91.247700041705301,23.857681127840227],[91.247798936336594,23.85773695754812],[91.247840447485871,23.857767106204768],[91.24786608630238,23.857798370527636],[91.24789783006959,23.857844150914179],[91.247938337800704,23.857898416310132],[91.247946151347051,23.857902801773363],[91.24799056585131,23.857884011976566],[91.248030826545744,23.85786080713649],[91.248168455633774,23.857744305549556],[91.248232474072495,23.857697468605707],[91.248263518052084,23.857682206544432],[91.248277998894466,23.857679775557585],[91.248342413490235,23.857674305631665],[91.248371184732136,23.857676460575476],[91.24839448972557,23.857682201615106],[91.2484757073087,23.85770918893429],[91.248514620530216,23.857721596083145],[91.248548557983327,23.857738272860146],[91.248572980480944,23.857753676222515],[91.248588972289639,23.857774491996079],[91.248597079585082,23.857790881221597],[91.24860325729928,23.857820724246853],[91.24860486618195,23.857841332977578],[91.248608709174732,23.857921290878192],[91.248611373577859,23.857940009194284],[91.248616018766228,23.85795965422184],[91.248623109168747,23.857976763927699],[91.24863816762786,23.857994590027154],[91.248684273659805,23.858032701953412],[91.248727196960729,23.858061162246795],[91.248889889045174,23.858158479445997],[91.248936308589194,23.858175585839358],[91.248977563718597,23.858184420006555],[91.249077442005145,23.858186117336484],[91.249116068664065,23.858179675533879],[91.249142561778399,23.858168319196206],[91.249159986399974,23.858147486233293],[91.24916634198064,23.858127723751988],[91.249170155329011,23.858109123766802],[91.249169520220107,23.85808180544452],[91.24917142644513,23.857951026249697],[91.249178417134644,23.85793707624202],[91.2491936705282,23.857928357897251],[91.249231804011984,23.857926613735298],[91.249261674791839,23.857930101237628],[91.249285189991028,23.857936495402431],[91.249308070081298,23.857949282088025],[91.249315696778083,23.857959163753467],[91.249320145235359,23.857978344599548],[91.24928639553012,23.858309454667999],[91.249288188567434,23.858327080262814],[91.249299621426061,23.858353971326011],[91.249309261247376,23.858363235974593],[91.249317205947747,23.858371409600789],[91.249332101811788,23.858382307494402],[91.249352955302797,23.858393206208639],[91.24937976731907,23.858402287648254],[91.249536668863243,23.858444064398292],[91.249800819370847,23.85856848593189],[91.249862388103779,23.858608446179083],[91.249900124532246,23.858639324991589],[91.249923957735035,23.858665662264848],[91.249966658253769,23.858728781163986],[91.250056399950637,23.858911452732109],[91.250072198621552,23.858934507040516],[91.250103785183555,23.858980601678713],[91.250123783478415,23.85900223551743],[91.250177720124697,23.859060583522616],[91.25024951078727,23.859104671896066],[91.250311588865003,23.859130861196142],[91.250361486685762,23.859139693655106],[91.250409775623837,23.859139693655106],[91.250470941013248,23.859136749228327],[91.250533178991049,23.859129880268171],[91.250595416968878,23.859111233598675],[91.250638340269802,23.859085717963985],[91.250678044008737,23.859037631108638],[91.250696286097195,23.859001320312387],[91.250705943884824,23.858966972185911],[91.250703797809592,23.858930661369868],[91.250687701796338,23.858873741980457],[91.250678044008737,23.858851169910793],[91.250671604884772,23.85882074793038],[91.250675897933505,23.858786399756031],[91.250691993946759,23.85873831196804],[91.250793935663523,23.858534186162224],[91.250832565915687,23.858473341223846],[91.250886219592672,23.858409551813615],[91.251068642274049,23.85819561121053],[91.251102980375791,23.858148504960162],[91.251139465451047,23.858076864616582],[91.251158780127966,23.85804153448726],[91.251181315265185,23.858015037705481],[91.251219945517335,23.857986577401959],[91.251249991468654,23.857975782169461],[91.251285403057167,23.857976763927699],[91.2513422762961,23.8580032607173],[91.251435646288414,23.858122238235435],[91.251462263370286,23.858149501505068],[91.251488341462988,23.858188510522336],[91.251516763260256,23.858257963829523],[91.251606694501689,23.858567017819784],[91.251627366532972,23.858638056517133],[91.251636340702689,23.858685394266733],[91.251640183695471,23.858753531184295],[91.251632947765842,23.858829710215332],[91.251619031963784,23.858909550024418],[91.251619348170749,23.858936972508861],[91.251626809577516,23.85895515667147],[91.251653589254445,23.858997807370876],[91.251674561323057,23.85901222472539],[91.251689885683504,23.859017646945023],[91.251752729125826,23.859026938657252],[91.251932902425722,23.859048147747814],[91.252175070260023,23.859056928454876],[91.25267479317111,23.859075048519919],[91.25279982967551,23.859064876111553],[91.252854910775469,23.85905827497233],[91.2529021370066,23.859060502189358],[91.252927040102904,23.859065404367005],[91.252938163042757,23.859070824119787],[91.252953573641435,23.859078333068968],[91.252980107180008,23.859091260948098],[91.253003147170404,23.859095926518783],[91.253076770396135,23.859105282306139],[91.253123128854696,23.859104761444801],[91.253159498047282,23.859106633752344],[91.253215398410788,23.859109512455976],[91.253251788264635,23.859119712793429],[91.253258655884977,23.859124737379481],[91.25326483629415,23.85913604269734],[91.25326483629415,23.859150488790636],[91.253211268855438,23.859448825231805],[91.253168528810832,23.859744807262942],[91.253178562992574,23.859760545576584],[91.253717962693131,23.859588703166573],[91.253812790651153,23.859559364155679],[91.25382797936598,23.859556508465293],[91.253841034581995,23.859556362230286],[91.253849795850968,23.859557163236659],[91.253861530543503,23.859560162697388],[91.253866704839552,23.859562059644716],[91.253876148828141,23.859567707766196],[91.253885869497822,23.859576421892914],[91.253890909944886,23.859583005753315],[91.253895149993014,23.85959533221131],[91.253897623054982,23.859608449815678],[91.253911499331181,23.859684742538608],[91.253927112050846,23.860036595467754],[91.253929260820996,23.860098557789964],[91.253930421444352,23.860132034782563],[91.253933651786113,23.860208461108293],[91.25393891501534,23.860258616989704],[91.253941516536401,23.860263827199706],[91.253943943784321,23.860267380362373],[91.253953497367363,23.860274601703054],[91.253988480459455,23.860295819626284],[91.253998073568383,23.860301637774608],[91.25403282040358,23.860304210838713],[91.254049359286284,23.860303786923929],[91.25414526073105,23.860287598472169],[91.254183367265412,23.860276873262343],[91.254216403708313,23.860275511969853],[91.25423429725042,23.860277785993741],[91.254274828337728,23.860294763946992],[91.254287112799233,23.860304609285727],[91.254302239530332,23.860320974366473],[91.254316385301095,23.860345303454135],[91.254356580418488,23.860448474048415],[91.25437013419949,23.860465020671185],[91.254401057804841,23.860492613706487],[91.25440498254433,23.860496115927447],[91.254428227350616,23.860503529495521],[91.254458588610589,23.86050967707164],[91.254545614700362,23.860505774761545],[91.254565348890537,23.860503728307947],[91.254575257308119,23.860504076640463],[91.254584051814746,23.860505193933484],[91.25459488280211,23.860509303271392],[91.254613123093975,23.86051708735274],[91.254868539282057,23.860665918076524],[91.254946279486731,23.860722768490849],[91.255018039606611,23.860783128487256],[91.255098480147026,23.86087245009027],[91.255217792586421,23.861004934308795],[91.255267243944502,23.861048225952583],[91.25529907305166,23.861074332706174],[91.25532424474423,23.861098169552729],[91.255354401188313,23.861127554221074],[91.255368234345397,23.861149103083157],[91.255381809685971,23.861182790117144],[91.25538804938391,23.861218682962388],[91.255386581536754,23.861251272408555],[91.255382356759966,23.86130980424582],[91.255346890374227,23.861430551595543],[91.255343027618508,23.861471337421897],[91.255373010687734,23.861532174379871],[91.255450663755852,23.861613115840733],[91.255692523468014,23.861851970284853],[91.255730858174417,23.861895761135873],[91.255755707371833,23.861932278146309],[91.255763492172079,23.86196106701636],[91.255761204163036,23.861984128175806],[91.255745859141356,23.862021097002483],[91.255725015531837,23.862046248121512],[91.255684288611789,23.862082215486655],[91.25565562426938,23.862110820300916],[91.255351641563777,23.86248695753531],[91.255029066426715,23.862897426804825],[91.254610390418875,23.863420222140398],[91.254125865205751,23.864040283784149],[91.253686902543848,23.864465810588381],[91.253644344857292,23.864493951542507],[91.253510297352278,23.864516996642227],[91.253474467148848,23.864540242187068],[91.253410984106026,23.864632946653437],[91.253363397650489,23.864708558669285],[91.252674056552593,23.865581755955876],[91.252380355963709,23.866052398799056],[91.252323176399244,23.866145327274854],[91.252316800157345,23.86616709546492],[91.252316572883586,23.866173568087419],[91.252321106680839,23.866184559797436],[91.252323487216344,23.866186819752041],[91.252329947001542,23.866190927266686],[91.252345524686874,23.866197982333528],[91.252376316239889,23.866210434673437],[91.252400343478783,23.866221315477446],[91.25240302584821,23.8662241471973],[91.252405160245317,23.866229645514785],[91.252402716827746,23.866241543337399],[91.252393087786231,23.866258822821816],[91.252324891283109,23.866350502466609],[91.25218027509878,23.866563405189218],[91.252073743889255,23.86672659124207],[91.252029127264024,23.866787525954418],[91.25202578732781,23.866791423967733],[91.252009692212837,23.866820197792194],[91.252008530691214,23.866824665924785],[91.25200833755342,23.866827874699421],[91.252007768021528,23.866837345759592],[91.252008232450535,23.866839997557729],[91.252011854457763,23.866846854608006],[91.252014477538381,23.866850532457885],[91.252016223863279,23.866852361114059],[91.252022002725511,23.866856924539348],[91.252022903735721,23.866858072994514],[91.252024293429471,23.866861143756577],[91.25202455034767,23.866863153142273],[91.252018437312159,23.866884701050086],[91.252015149478225,23.86689124510708],[91.252009102019727,23.866897297907684],[91.251990912931859,23.86691882445086],[91.251976597379482,23.86694102297594],[91.251772710352697,23.867268798682652],[91.251588199088303,23.867574851613544],[91.251542289787366,23.867638279981751],[91.251533315617706,23.867642446597884],[91.251527325651381,23.867643674730985],[91.251518589535252,23.867643891605312],[91.251505632235592,23.867643240160806],[91.251488923571301,23.867640900546714],[91.251260701183483,23.867555528427054],[91.251236086446383,23.867553436902654],[91.251211177061862,23.867557007938181],[91.251202192112402,23.867559400950935],[91.251194051579276,23.867561568052693],[91.2511143889799,23.86770172228422],[91.2510766211104,23.86779544478145],[91.250965203065704,23.868071930189089],[91.250856591357973,23.868406442527974],[91.250839741658183,23.868431976042192],[91.250818650113615,23.868456969833428],[91.25078754594692,23.868476738953621],[91.250744305540707,23.868491011492544],[91.250597389669238,23.868476296171362],[91.250388563705044,23.868428015645133],[91.250323501423964,23.868427761805101],[91.250276225785527,23.868427577791628],[91.250239643692183,23.868440719967627],[91.250212247770975,23.868478749957251],[91.25011693292609,23.868790452676659],[91.250044673342927,23.869026759602747],[91.249967534111164,23.869276642753427],[91.249925473192945,23.869412891443979],[91.249916280732634,23.869459164722034],[91.249943023578638,23.869464361418192],[91.249975070078094,23.869470589074204],[91.249996924292304,23.869483249755849],[91.249999807884393,23.86952117428963],[91.249920611510618,23.869843202143379],[91.249811725816699,23.870032614697028],[91.249790539050721,23.87008298939443],[91.249650659682885,23.8703109880102],[91.249633041923545,23.87037002753269],[91.249622249563714,23.870540631639575],[91.249622007018601,23.870627576558231],[91.249619292309816,23.87070234634858],[91.249616755467443,23.870747488817585],[91.249601610770071,23.870818703201195],[91.24958941344515,23.870870524207135],[91.24957951490903,23.870892987390562],[91.249381082452658,23.871302649619324],[91.249326292406849,23.87137870872774],[91.249307380175154,23.871417816444236],[91.249298718619215,23.871446366622433],[91.249315447046428,23.871464305873694],[91.24936733373724,23.871482765112603],[91.249407930401532,23.871495824831552],[91.249435262542391,23.871515111285397],[91.249429605851034,23.87153811324065],[91.249414345271006,23.871581638767854],[91.249400852575448,23.87161352817942],[91.249400026125372,23.871633190026792],[91.249392364394296,23.871683610925171],[91.249402552187959,23.871730369700614],[91.249416981826357,23.871777667341838],[91.249435435018924,23.871819218802795],[91.249590336913258,23.871934636536945],[91.249642289181068,23.872001990198669],[91.24964676189289,23.872057906558993],[91.249641278576405,23.872122440887775],[91.24958701494333,23.872251937431788],[91.249566807341026,23.872271113696751],[91.249535055488977,23.872280915408876],[91.249478739205514,23.872281666227241],[91.24934607061445,23.872271025800075],[91.249297665793677,23.872274571240126],[91.249264396687138,23.872291894278483],[91.249234632806846,23.872318667437195],[91.249189669431928,23.872377372529947],[91.249070819624876,23.872546754119764],[91.249014215880493,23.872658700528927],[91.248951653610874,23.872821811540167],[91.248921740610228,23.87288791447758],[91.248899552222696,23.872936949905526],[91.248871509514458,23.87296155674095],[91.248859704753343,23.872968963023737],[91.248827215384452,23.872981810656121],[91.248746575418011,23.873003027318898],[91.248698774265122,23.87302850160302],[91.248676801473295,23.87305574037687],[91.248667351196488,23.87306745438682],[91.248491894950135,23.873284957729819],[91.248185968290244,23.873610394299892],[91.248069295999457,23.873703747793954],[91.248026869466884,23.873752733625601],[91.247984296508946,23.873854056766834],[91.247959602720087,23.873926816239202],[91.24788613759786,23.874057559586895],[91.247861289298783,23.87409361972588],[91.247815592000279,23.874148536296651],[91.247783732350427,23.874176114094617],[91.247628054311662,23.874299285051098],[91.247579945036634,23.874333653754618],[91.247540471266419,23.874347614317919],[91.247508122933027,23.874351093984991],[91.247490819584058,23.87433750964674],[91.247475627275946,23.874319133781452],[91.247437022176612,23.874309167933369],[91.247397133384766,23.874316749929651],[91.247071913607485,23.874444943922505],[91.247051025980497,23.874454940153829],[91.247021844208476,23.874474003553757],[91.24699963605805,23.874492687440906],[91.246965702198182,23.874533917664987],[91.246928336773948,23.874588627865108],[91.246898662725158,23.874629134361705],[91.246866570411626,23.874740177019515],[91.246841268463342,23.874806540197898],[91.246839152930846,23.874856874429739],[91.246844238293676,23.874914448059631],[91.246836731971172,23.874972952363585],[91.246818605765341,23.875025850266422],[91.246620733857725,23.875083397534858],[91.246600223523146,23.875090911305737],[91.246574792217459,23.875100239651264],[91.246477581028998,23.875096833934492],[91.246383318111299,23.875069621054962],[91.246325948103973,23.875075036030729],[91.246299066019091,23.875088065815213],[91.246271315263357,23.875125021864967],[91.246253328296405,23.875179663635276],[91.246264679408327,23.875226926337028],[91.246241028563546,23.875297016162556],[91.246228924663399,23.875322043950625],[91.246189033176591,23.87537516760808],[91.246157173526726,23.875402745966152],[91.246102064578992,23.875422346451149],[91.246037252927877,23.875445805256593],[91.245801646388401,23.875466365181722],[91.245765980576678,23.875464363322504],[91.245708862995969,23.875476081221752],[91.245666108578348,23.875493419439152],[91.245651027661339,23.87550162402049],[91.245520762962002,23.875585010400833],[91.245458778309086,23.875637857124083],[91.245429707928182,23.875683500595013],[91.245394904499094,23.875748655769648],[91.245382120574305,23.875796368413887],[91.245385387746978,23.875975155135325],[91.24538436726084,23.876009182496041],[91.245391112710308,23.876046725612692],[91.245398572320411,23.876115986161409],[91.245414301821057,23.876250966745229],[91.245408349583954,23.876284860138906],[91.245398537286121,23.876311777866434],[91.245380257468398,23.876327403272459],[91.245365568216883,23.876333175521385],[91.245338238770998,23.876340866650409],[91.24531242388467,23.876345870853761],[91.245258080301554,23.876348613636836],[91.244797470936263,23.876330637276197],[91.244612638074983,23.876317201826073],[91.244565774763231,23.876325163209376],[91.244538435435857,23.876340200463794],[91.244530602126602,23.876351694852463],[91.244524239359436,23.876680422601208],[91.244529274416593,23.876911300227327],[91.244523994119362,23.87694605020447],[91.244508101125334,23.877012888683829],[91.244479906601839,23.877050389616223],[91.244445076223357,23.877073911377021],[91.244395457778609,23.877118208011947],[91.244375210650432,23.877142201263236],[91.244360203395289,23.877168125699683],[91.244325511357346,23.87725986004849],[91.244307786698485,23.877330979670653],[91.244317452570911,23.877649731948537],[91.244320681116051,23.877696029389675],[91.244332975459031,23.877713829774699],[91.244357711468709,23.877730748763241],[91.244390133463938,23.877744989067622],[91.244522576577836,23.877765612699072],[91.244699781844048,23.877772304063367],[91.244738893593208,23.877778026140682],[91.244756089144374,23.877790346759557],[91.244770977821901,23.877809641311352],[91.244778526365252,23.877822114713055],[91.244786027297835,23.877834509256356],[91.244803890297291,23.877868421128259],[91.244808005479584,23.877881573845873],[91.244814980897786,23.877929656989505],[91.244815546836392,23.877942835165168],[91.244817812387538,23.8779955437473],[91.244818648719061,23.878058148868249],[91.244820088718484,23.878165950519492],[91.244814902744338,23.87818651494112],[91.244781026376671,23.878266057781051],[91.244744473927767,23.878325492067148],[91.244722970954811,23.878378405849823],[91.244721979214717,23.878392429226636],[91.244735803388608,23.878451535706063],[91.244754420972896,23.878482972463022],[91.244834002723934,23.878602151307035],[91.244860430261269,23.878619424213198],[91.244902407636161,23.878630460044899],[91.244917412196344,23.878637415863015],[91.24492783445028,23.878643167473296],[91.244929896083846,23.878645570959641],[91.244930833026686,23.878647934196156],[91.244931692714445,23.878653235665727],[91.244931950530912,23.878658589706188],[91.244926844506836,23.878692191685463],[91.24492641870539,23.878709371758763],[91.244926742098912,23.878720275333652],[91.244928875597708,23.878724170523412],[91.244931069283624,23.878727061112293],[91.244934040910593,23.878729502382519],[91.244945761230085,23.878735755878374],[91.244999763453407,23.878758570908971],[91.24508021836688,23.878776289826988],[91.245115210442151,23.878791263547075],[91.245199771554795,23.878840007597987],[91.245250414078924,23.878869199313005],[91.245273154930345,23.878885512762203],[91.245294325526643,23.878907954840727],[91.245321751990588,23.87892777822173],[91.245345005780024,23.878941123044441],[91.245383179688019,23.878959904857396],[91.245411457754841,23.878969425136777],[91.245479393746535,23.878979728230433],[91.245494778294088,23.878979718373362],[91.24551940381096,23.878979703587763],[91.245560513413324,23.878979678123684],[91.245845197611686,23.878967264797335],[91.245928957427083,23.878971730867857],[91.245990073409146,23.878991849950882],[91.246066466140917,23.879044794675149],[91.246118651970704,23.879079221260959],[91.246219711541855,23.879147653837734],[91.246274101837344,23.879192817182894],[91.246372374834493,23.87922965131192],[91.246431753474752,23.879252578790009],[91.246467511812966,23.879261979941969],[91.246504380468863,23.879269902537416],[91.246541610247505,23.879275443014688],[91.246576355286038,23.879279857325105],[91.246635519228974,23.879280898064071],[91.246815230794851,23.879281063990874],[91.24776433053691,23.879334121952709],[91.247809167249358,23.879342061793544],[91.247877623365568,23.879365353140482],[91.247894783882458,23.879372786163692],[91.247912271386099,23.879386666505798],[91.247926064118971,23.879403903986269],[91.247930969818739,23.879414869109048],[91.247933934259166,23.879432789184847],[91.247929482208619,23.879493888771879],[91.247926701922836,23.879512184224936],[91.24790377242519,23.879663068837896],[91.247900127061769,23.87967955304185],[91.2478924527543,23.879714255454967],[91.24788506770436,23.879727890156804],[91.247867477792752,23.879732941049973],[91.247844410852935,23.879733248259917],[91.247805829109794,23.879730774973346],[91.247726301257686,23.879723908748442],[91.247686024393587,23.879724381063255],[91.247658008634815,23.879734087748062],[91.247645025284029,23.87975277662586],[91.247578147507753,23.879968407407901],[91.247581460494516,23.879995344083369],[91.247590060965052,23.880009565246052],[91.247618061452457,23.880028331297044],[91.247643637386915,23.880034818833469],[91.247665292175142,23.880041603721757],[91.2476787669044,23.880057093965441],[91.247681119592144,23.880063464859475],[91.247681846329229,23.880084024872527],[91.247680220378541,23.880098213168875],[91.247675334441695,23.880140856904376],[91.247667247807513,23.880194073046649],[91.247600693424772,23.880756963878536],[91.247599442071575,23.880784044136657],[91.247601141684086,23.880828944880946],[91.247605767109476,23.880854993433235],[91.247609916427763,23.880868473589846],[91.247621283709378,23.880891664450086],[91.247630305489778,23.880926888133178],[91.247635076442236,23.880953440189575],[91.247634479062611,23.880988762424927],[91.24763219285019,23.881123899744356],[91.247642363575835,23.881153403079207],[91.247653000527123,23.88116176172646],[91.247657566663705,23.881163758569105],[91.247670338012114,23.88116663924659],[91.247689129869528,23.881168662374204],[91.247692834521757,23.881169061578433],[91.247698947557268,23.881170729036413],[91.247710833166792,23.881176984057127],[91.247722510367169,23.881185813369477],[91.24773931604949,23.88119989558346],[91.247746027362979,23.881205519761714],[91.24775297583173,23.881218855314049],[91.247761055279383,23.881243091763132],[91.247772942685543,23.881414501303478],[91.247774649484569,23.881439122955388],[91.247807456857061,23.881543681345814],[91.247823499869725,23.881583770856132],[91.247833729884178,23.881598023879057],[91.247850811349309,23.881619625189895],[91.247920609548586,23.881702166510411],[91.247937063989625,23.881722068318219],[91.247949634115415,23.881732570793964],[91.247975089675634,23.881739853364227],[91.248029258985554,23.881732973282091],[91.248056162629993,23.881730724277105],[91.248157701901519,23.881720197980481],[91.248189295650036,23.881721682258178],[91.248220512106172,23.881725648819774],[91.248258739913084,23.881738096380531],[91.248283810096041,23.881755196373305],[91.248304657298817,23.881781880505809],[91.248337227516089,23.881831558187706],[91.24836587029894,23.881891525569944],[91.248436931529469,23.882040300511811],[91.24851017476783,23.88217737031222],[91.248498785028374,23.882234112713434],[91.248485568115584,23.882244989706503],[91.248453869264168,23.882256381717074],[91.248414943466273,23.88227037181764],[91.248343045904193,23.882310364177584],[91.248291588608083,23.882348089460109],[91.248166230506826,23.882469975363509],[91.248096715276873,23.882567581421476],[91.247775465154859,23.88304287650579],[91.24761928944946,23.883278558617675],[91.247588134078782,23.883296277738228],[91.247544413073882,23.883306994470122],[91.247500453117155,23.88331405846094],[91.247448386763281,23.88332894787376],[91.247414717906437,23.883341114363503],[91.2473865161964,23.883362831199889],[91.247372940855826,23.883406645166978],[91.247376254740914,23.883457665203263],[91.247386129022516,23.883501929261648],[91.247399620819749,23.88357701195844],[91.247394073722873,23.883640821004448],[91.247370054568819,23.883689633047066],[91.24719450040611,23.883925381334972],[91.247069507020854,23.884110630195213],[91.247044126020796,23.884147011160543],[91.246976572711432,23.884199979238733],[91.246854683005466,23.884295551877802],[91.246780519892255,23.884365980132134],[91.246704344552796,23.884465228355225],[91.246672370816867,23.884511764845811],[91.246650879522008,23.884544441245531],[91.246630404221776,23.88457853534964],[91.246610723032205,23.884598804696051],[91.246581126238539,23.884611488539591],[91.246530260932218,23.884622292229462],[91.246456975473009,23.884627338003273],[91.246300245507072,23.884684578732585],[91.246218617393836,23.884766557913444],[91.246181517870895,23.8847922031945],[91.24613721745267,23.884810609606802],[91.246099063307625,23.884815881254067],[91.246035876708845,23.88481291276965],[91.245942415986704,23.884799773077273],[91.24574864758327,23.884735015081464],[91.245655403355101,23.884703852543215],[91.245607795339993,23.884679837695071],[91.245578307242468,23.884664962401253],[91.245556029023419,23.884620388256824],[91.245555807139525,23.884567231431873],[91.245559131804399,23.884477892498587],[91.245539132611242,23.884194477577559],[91.245532656656366,23.884082337441139],[91.245522970122636,23.884036833282892],[91.245498658117782,23.883969230431386],[91.245433740465472,23.88392303297989],[91.245375944656729,23.883911894925681],[91.244904945376845,23.883888734176782],[91.24482139936049,23.883883179111983],[91.244766355989768,23.883881245558406],[91.244706625209901,23.88383365253226],[91.244581253633882,23.883733759032307],[91.244456660897242,23.883597756226571],[91.244437551934524,23.883523224696457],[91.244429604539221,23.883429871713677],[91.24439593927562,23.883126582478614],[91.244355542037283,23.882633644061592],[91.244304748596164,23.88225781424034],[91.244266641163492,23.882135328513854],[91.244224344886661,23.882076824983194],[91.244160975929901,23.881984018832508],[91.24410235187446,23.88196012504719],[91.244058166440567,23.881959570600277],[91.244026799067484,23.881965704836652],[91.244000482921251,23.881975011330191],[91.243810493730223,23.882141884942378],[91.243784891744639,23.882182906557997],[91.243610667986843,23.882420354603276],[91.243578237008464,23.882457847397625],[91.243467172899997,23.882548884736206],[91.24345178925077,23.882556083477812],[91.243423005432433,23.882567403177887],[91.243260379823269,23.882617419795899],[91.243092207117243,23.882669141617541],[91.243026588778989,23.882689322552032],[91.242995805310855,23.882696163977634],[91.242979932079777,23.882700471389644],[91.242945886828821,23.882715121024813],[91.24292515281374,23.882725611920414],[91.242910487816729,23.882737093421017],[91.24289790511456,23.882752877402453],[91.242890126602518,23.882768919300879],[91.242889481612124,23.882797035741682],[91.242897710180159,23.882818651637475],[91.242913485494839,23.882839536486109],[91.242945916473218,23.88287289671047],[91.242972526368575,23.882922167382176],[91.242986776343926,23.882946747677401],[91.242990922068969,23.882964984323156],[91.242987829169437,23.883018614109123],[91.242959980497318,23.883148632837504],[91.242919257170527,23.883267628320848],[91.242914327216255,23.883277821826841],[91.24288687649782,23.883340113084117],[91.242859351219195,23.883384684383994],[91.24284949131065,23.883396374460148],[91.242821437822627,23.883416887124241],[91.242778609743141,23.883442167152715],[91.242763835151649,23.883446934520173],[91.242584349062952,23.883519249976025],[91.24255388539504,23.883533089625161],[91.242534991129659,23.883545404767819],[91.242505776119984,23.883567455876712],[91.242499893951504,23.883574298077296],[91.242493479980396,23.883581433514667],[91.242457209602478,23.883615016145104],[91.24243091681241,23.883628157600565],[91.242424144413476,23.88362996384215],[91.242395138711274,23.88362881717855],[91.242387909069862,23.883626941118624],[91.242378210858064,23.883620388872327],[91.242367075341818,23.883599307015505],[91.242360109805091,23.883577224699113],[91.242341458983148,23.883453288819432],[91.242307569140749,23.883025360235379],[91.242253809462596,23.881685807417593],[91.24216212021814,23.881188752366437],[91.242094906471991,23.880908965800014],[91.242056721784195,23.880715722494184],[91.242037408005572,23.880509434877006],[91.242024721098829,23.880303988879646],[91.242030073261276,23.880113188378839],[91.242022632515784,23.879917673491455],[91.241987070010325,23.87897833838478],[91.24193165833033,23.878278623959918],[91.241819397665921,23.876459971073121],[91.241819113798257,23.876278329699712],[91.241808811918588,23.876190543314831],[91.241790681221246,23.876154266078487],[91.241744661427532,23.876123710160943],[91.241684467116968,23.876097530868915],[91.241306654573108,23.876073997430506],[91.241112323824311,23.876061892687019],[91.241042188756822,23.876034450007019],[91.241005377593098,23.875943294727122],[91.240977215408961,23.875186406062905],[91.240959538360769,23.874711330203247],[91.24090699589982,23.87416176085862],[91.240901314953973,23.874122206279331],[91.240895728331225,23.874098522977409],[91.240882310195801,23.874073777532558],[91.240830359724598,23.874021498616422],[91.240806192348515,23.874007758988913],[91.240749198735344,23.873988592838632],[91.240690609714179,23.873985868077526],[91.240649894472227,23.873988592838632],[91.240610172767006,23.873994949245191],[91.240465187375108,23.874023099628783],[91.240421080992945,23.873636103400802],[91.240363420829823,23.872834325674095],[91.240342367912817,23.872746878681571],[91.240309318893523,23.87264633506264],[91.240250960739402,23.872526215088957],[91.240227968359719,23.872496391881409],[91.240206360283864,23.872485348955035],[91.240184116200808,23.872479537925773],[91.240154244522671,23.872477793959781],[91.239744315410746,23.872506853211185],[91.239675676038189,23.87252196319784],[91.239631822980954,23.872542885852368],[91.239598138852756,23.872582987186654],[91.239462820231623,23.872842725110178],[91.239389678502889,23.872966563539304],[91.239388407386755,23.872981674293783],[91.239387136270622,23.87300259605254],[91.239373625608749,23.873728275623929],[91.239373829526329,23.874056698704162],[91.239370850712817,23.874093021708269],[91.239352975136981,23.874118448133654],[91.239343045159828,23.874131160933768],[91.239336093996187,23.874139333564791],[91.238960722174923,23.874326397875507],[91.238930044707985,23.874365574524926],[91.238939203930613,23.875413815751344],[91.239016735726139,23.876360809533146],[91.239027679901241,23.876488828178395],[91.238974473585287,23.876550014584662],[91.238929556024459,23.876556660832801],[91.2386349346624,23.87659854837041],[91.238366275510373,23.876636744358247],[91.23834109034307,23.876638604912205],[91.238316131551215,23.876648083469082],[91.23829720494652,23.876663389295697],[91.238292532808714,23.876690636340502],[91.238284250341792,23.876810190588046],[91.238265429738277,23.877081875178092],[91.238261798747914,23.877233218519553],[91.238253271939229,23.877325747147239],[91.238253682469306,23.877377665763145],[91.238251564241835,23.877473539977409],[91.238301142262387,23.877975731723485],[91.238364019840688,23.879109592482482],[91.238384604735444,23.879629599358939],[91.23849417314895,23.880569428335605],[91.238562700232094,23.881201888318483],[91.238557327408387,23.881295343941641],[91.238547036308475,23.881363064829856],[91.238535045596052,23.881416537569699],[91.238526594245869,23.881436066503053],[91.23851794526631,23.881452028888312],[91.238510488351139,23.881460721828514],[91.238498225449192,23.881469876398278],[91.238474606943768,23.881487852045122],[91.238462132039416,23.881494351008033],[91.238438400346226,23.881499176767051],[91.238370938665028,23.881496178635945],[91.238274357195564,23.881491885969186],[91.237411943081781,23.881453555060769],[91.237286118754866,23.881459186620646],[91.237212020320356,23.88150227346679],[91.235987223125989,23.882316394900862],[91.235665531032879,23.882507775346848],[91.235584943168732,23.882565717667156],[91.236084115412552,23.882743218585169],[91.236112039543173,23.882833025269797],[91.236383814052573,23.883929479251492],[91.236408064073672,23.883960260851193],[91.23642499013026,23.883976326420211],[91.236450212128503,23.883983326306069],[91.236471729474502,23.883989813644181],[91.23704657849278,23.883864293696938],[91.237423074106445,23.883717324628293],[91.237487921690189,23.883700264321639],[91.237506734208864,23.883703919515114],[91.237546353506147,23.883726087234603],[91.237567444152404,23.88375093186519],[91.237764167114776,23.884094615569012],[91.237782523289297,23.884127968898667],[91.23780747758957,23.884210171028496],[91.237837262131137,23.884501681502886],[91.237893785925465,23.884899729000789],[91.237924435544627,23.885115566408647],[91.237930312323215,23.88517703047048],[91.237944824606615,23.885218088086148],[91.237968836574169,23.885260353120142],[91.238003030047153,23.885281142294385],[91.238078997875789,23.885281939856078],[91.238653009664233,23.885146153058503],[91.238772072372001,23.885118272043627],[91.238813317619957,23.885110863170535],[91.238855428843834,23.885125068986156],[91.238882721458808,23.885163954882945],[91.238893088017193,23.88518677699404],[91.238903187775918,23.885238657958169],[91.238908273138748,23.885296227791088],[91.238967624829542,23.885679460092273],[91.238981688853642,23.886169518660413],[91.238943131365033,23.88654157440665],[91.238952684049764,23.886759565178078],[91.238982764137035,23.887445982615144],[91.239033138064912,23.887867057069485],[91.239029063306802,23.887928745699572],[91.239022349298367,23.887968370803272],[91.238976149841605,23.88806916781968],[91.238949817525679,23.888103844984673],[91.238880693062896,23.888160105110632],[91.238786360076602,23.888210347084261],[91.238282510305083,23.888348719599833],[91.237395120331442,23.888571179636344],[91.236912914568393,23.888651555523161],[91.236874686761482,23.888659377337717],[91.236858011334846,23.888666586417067],[91.236841507486474,23.88868055529052],[91.236820603689836,23.88870439691047],[91.236809295697,23.888724967870939],[91.236802562823939,23.888754627995077],[91.236805984506859,23.888797379761286],[91.236820140159125,23.888860226063951],[91.236833135188036,23.888919326119272],[91.236856620742827,23.889026132271336],[91.236874257366793,23.889106341139911],[91.236873407560509,23.88914115026536],[91.236869522346936,23.889162160582448],[91.236845994571325,23.889189529020452],[91.236826483163327,23.889204126996809],[91.236783058602512,23.889225452704622],[91.236741935525444,23.889237023977667],[91.236631016045735,23.889265939014074],[91.236184015258672,23.889347910363846],[91.236128585612377,23.889349466833366],[91.236082726617113,23.889330288992106],[91.235862220757596,23.889163201241914],[91.235481309924282,23.888856761571461],[91.234993824762327,23.888459619889232],[91.234039848964898,23.887727451989374],[91.233051494641529,23.886930194500348],[91.232554434336947,23.886514121628288],[91.231840112887625,23.885952801672701],[91.231532839653127,23.88571057064863],[91.231268381023355,23.885509016395179],[91.231076302351013,23.885371261806576],[91.231044848739629,23.885359691830498],[91.231028373637329,23.885358863056812],[91.231009597949566,23.885364067328467],[91.230988935799729,23.885381681026647],[91.230656486381079,23.885727294746239],[91.230466384900652,23.885924923295807],[91.230449049212297,23.885947397008596],[91.230433272999264,23.885980269354928],[91.230422521961941,23.886036430196345],[91.230418051046783,23.886079503197699],[91.230418307066628,23.886187056682346],[91.230487224916914,23.887296917374535],[91.230496731787554,23.887331679347493],[91.230528042566789,23.887374414335198],[91.23066679634556,23.887501925157895],[91.231405622937501,23.888109365370983],[91.234873900570221,23.890846215924856],[91.236068659898095,23.891802409127411],[91.236074142316255,23.891818637169312],[91.236074142316255,23.89183053756781],[91.236070887720004,23.891846156993207],[91.236063566450412,23.891865496265442],[91.236055431307207,23.891876652525692],[91.236047703100809,23.891883719333933],[91.236033466600205,23.891892644833749],[91.236021263885362,23.891899338752893],[91.235981459535154,23.891905902078665],[91.235895539271468,23.891909644923647],[91.235500850078353,23.891903723885729],[91.235118624111479,23.891886507782683],[91.235095784445392,23.891890139747371],[91.235067978892403,23.891904667605079],[91.235055069203455,23.891926457745861],[91.234858966078605,23.892662391518503],[91.234462201777191,23.894290327830884],[91.234329276267957,23.89426946782789],[91.233204341190458,23.894031133964745],[91.233151584930454,23.894016947196313],[91.233075555118091,23.894007016539629],[91.233001076696198,23.894002761247684],[91.232931253344105,23.894001341995665],[91.232741953160925,23.894015528765802],[91.231650733652685,23.894141067610146],[91.230809848562984,23.894230527175448],[91.230786056682689,23.894235599678183],[91.230766994432372,23.894244511053195],[91.230756882995507,23.89425860662962],[91.230755314537049,23.894268931502875],[91.230746986256023,23.894323730275325],[91.230772988890251,23.894758504982899],[91.230755403470269,23.895583131408159],[91.230744481753021,23.895889817142098],[91.230714366631446,23.896102763259762],[91.230685215402147,23.89630889624603],[91.230654511884055,23.896796363559936],[91.230650819808247,23.897129408716438],[91.230620347157185,23.897760992720478],[91.230613222618672,23.897851561003183],[91.230610649843669,23.897937331179758],[91.230612276692653,23.897947743638532],[91.230616344264277,23.89795815609645],[91.230624073368972,23.897967453226528],[91.230644003391873,23.897973775603106],[91.230649698710778,23.897973775603106],[91.230675730091065,23.897973775603106],[91.230749352418513,23.897973031504222],[91.230877199751433,23.897972588822892],[91.230904785217163,23.897973178517145],[91.230927274540306,23.897976307674597],[91.230940457317104,23.897979238077063],[91.230964817830952,23.897989434530281],[91.230979687643881,23.897997521060397],[91.231039771461639,23.898028870116573],[91.231087426189177,23.898056663754677],[91.231103144910008,23.898065183927287],[91.231227421439655,23.898136851418315],[91.231301282718931,23.898167168066685],[91.23134190453608,23.89817831557032],[91.23140923236835,23.898191119634717],[91.231487603190345,23.898200268914049],[91.231531028649499,23.898202772235628],[91.231927560287275,23.89824640213314],[91.232156878619719,23.898250772267382],[91.23237124179937,23.898272204073752],[91.232484199556453,23.898291703359718],[91.232503476504135,23.898295031263839],[91.232547499342957,23.898313332271083],[91.23260570029187,23.898353675293706],[91.23264627090505,23.89838729351143],[91.232668554513978,23.898405758765303],[91.232689099882862,23.898431634590981],[91.232714792598316,23.898476274607788],[91.232738817142248,23.898563860258626],[91.232747267594149,23.898594665478704],[91.232792226477486,23.898758565913564],[91.232795962570748,23.89880511943695],[91.232760368624241,23.898970231836216]]]},"properties":{"objectid":2032,"id":"1985","name":"Ward No 1","code":"1","town":"Agartala","district":"West Tripura","state":"Tripura","st_area(shape)":5155547.635356375,"st_perimeter(shape)":21686.386789228025}},{"type":"Feature","id":2033,"geometry":{"type":"Polygon","coordinates":[[[91.27927881982356,23.842816931028654],[91.279122828272776,23.842844914819512],[91.278942533700331,23.842880765088566],[91.278665735811813,23.842942851466812],[91.27841709202265,23.842985818841679],[91.278133263918733,23.843022666554628],[91.277871048382238,23.843080032488903],[91.277693783827232,23.84314491813004],[91.277523810897407,23.84320744314218],[91.277382851754581,23.843253072570072],[91.277280928004103,23.843293569967965],[91.277178143667626,23.843331843974163],[91.276949243051746,23.843383428659688],[91.276675285636202,23.843424584978017],[91.276538862087264,23.843436496397924],[91.2764133863067,23.843436825056802],[91.276326713254804,23.843424859408199],[91.276241525118124,23.843419383950685],[91.276230660893063,23.843339156639864],[91.276227934506167,23.843327668359667],[91.27622263175104,23.84325309393293],[91.276221187260063,23.843169132946706],[91.276232837510989,23.842657646466037],[91.276227934506167,23.842554497038144],[91.276224992523609,23.842511443246728],[91.276217147536258,23.842471976779439],[91.276176940740783,23.842337434267119],[91.276154753251561,23.842268665903919],[91.276137933196168,23.842122215749299],[91.276135503253315,23.841974424485922],[91.276140885958512,23.841944048664669],[91.276156958615573,23.841909072379536],[91.27619965464271,23.841831356762366],[91.276215888098221,23.841791425851465],[91.27622770902903,23.841741588198889],[91.276240723820877,23.841652080039037],[91.276245022259531,23.841600781423505],[91.276248107074196,23.841545524855508],[91.276248364890691,23.841540587505396],[91.276251449705356,23.841532121950298],[91.276256847681921,23.84152436302163],[91.276266102125987,23.841514722492537],[91.276279726873895,23.841509079335836],[91.276301577494849,23.841507433552017],[91.276403565025689,23.841504767267189],[91.276445793928872,23.841502260384217],[91.276477670646742,23.841496852221578],[91.276517516319473,23.841487211690438],[91.276739130700079,23.84143038406031],[91.276781360501559,23.8414233235365],[91.276834703361473,23.841417780618354],[91.277052220526059,23.84139974271536],[91.27706430286662,23.841397156129339],[91.277074584983353,23.841392453768375],[91.277086924242084,23.841383283219148],[91.277090780709628,23.841376464260911],[91.277094894095299,23.841366353731125],[91.277107649274029,23.841093544143163],[91.277109026391344,23.841065675006973],[91.277119410017718,23.841015730259322],[91.277128412933507,23.84099134906457],[91.277142830893808,23.840963714080349],[91.277147872239198,23.84094724877713],[91.277151637078532,23.840931232099869],[91.277153438200671,23.840914219564841],[91.277149577241588,23.840731738725804],[91.277146516681412,23.840490979348456],[91.277143704954582,23.840479590237443],[91.277136474414846,23.840468935694823],[91.277125228405822,23.840458648436105],[91.277112775959353,23.840452770236897],[91.277091889230675,23.840448361176534],[91.277068592322081,23.840446892037473],[91.277037663326851,23.840446892037473],[91.27689326453482,23.840451837645887],[91.276667424479143,23.840464631808263],[91.276501041217159,23.840480702773117],[91.276371434982906,23.840498639739049],[91.276280706037525,23.840507567959484],[91.276202631659558,23.840514515964951],[91.276175719930279,23.840515403363916],[91.2761218838953,23.840513945728937],[91.276091346565536,23.840511963049533],[91.276018102428864,23.840501531181015],[91.275996055975156,23.840501531181015],[91.27597795851544,23.840502584556582],[91.275961177087623,23.840503637932105],[91.275938801850515,23.840507550704494],[91.275901731971999,23.840515179049167],[91.275861917740301,23.84052458465618],[91.275833946897279,23.840534005052533],[91.275679645077574,23.840595493560642],[91.27565458028451,23.840602217246815],[91.27545756806461,23.84063230333469],[91.275451808965315,23.84063230333469],[91.275448189653034,23.840631701875946],[91.275446380446041,23.840630497315082],[91.275444899124139,23.840628390566067],[91.275441444203565,23.840620866579528],[91.27540417310243,23.840487424000226],[91.275399778544056,23.840458736354357],[91.275395665158385,23.840400893515387],[91.275395408240215,23.840390312094634],[91.275395408240215,23.840375263271799],[91.27539874997305,23.840354807058645],[91.275403635011571,23.840342344838827],[91.275405691255258,23.84033952323497],[91.275417258861182,23.840333174215328],[91.275431655261926,23.840330352611264],[91.275498235695835,23.840319772006414],[91.275505690814384,23.840315774596668],[91.275511346607402,23.840308014773537],[91.275512889014749,23.840295082555649],[91.27551580135291,23.840027691262822],[91.275523685866133,23.839905463041521],[91.275523172029793,23.839900054812283],[91.275519830296957,23.8398951173995],[91.275513402851089,23.839890884979141],[91.275505176978044,23.83988947417232],[91.275458184308874,23.83989207064845],[91.275039160653023,23.839917005033492],[91.274810779263404,23.839913391330963],[91.274710397021977,23.839914864584436],[91.274028624230368,23.83993623045501],[91.273996100725483,23.83993724932504],[91.273938675920974,23.839939048780924],[91.273937447025659,23.839911445617552],[91.273930793204329,23.839761918931103],[91.273888894881168,23.838507821038096],[91.27388805944797,23.83843995202546],[91.273876852066493,23.83819337253885],[91.274067436840511,23.838182693979633],[91.274803765217669,23.838111989175943],[91.276636164903906,23.83788629623314],[91.278404395234404,23.837723617812642],[91.279807118143836,23.837579779588964],[91.279875699125881,23.837601166386417],[91.279970644763196,23.837633718222548],[91.280075046067225,23.837660474714824],[91.280151389391634,23.83770237318662],[91.280189560604683,23.837728559416494],[91.280237275519312,23.83776696653473],[91.280279264572314,23.837815848454543],[91.280317380988151,23.837869390938987],[91.280350738129613,23.837962245955488],[91.280368770910613,23.838033575318718],[91.280388568881136,23.838189300290601],[91.280389676503901,23.83822349780462],[91.280403780952184,23.838480598007216],[91.280430524696513,23.838784915358655],[91.280442181235614,23.839188288135265],[91.280456461753715,23.839412288631223],[91.280466562410766,23.839555386960928],[91.280474379550341,23.839576839166256],[91.280493923297669,23.839608301791785],[91.280507995406595,23.839625462398999],[91.280538483329025,23.83964977483021],[91.280573662253886,23.839666221399728],[91.28060493260891,23.839676231818224],[91.280641675500661,23.839682667145549],[91.280675290458575,23.839682667145549],[91.28085336170075,23.839678295855823],[91.28106090936231,23.839666108830816],[91.282016027816795,23.839605273110767],[91.282370370077246,23.839606245969787],[91.282560616186402,23.839599396516238],[91.282763402776979,23.839594592202836],[91.28287286518929,23.839617177486545],[91.282910244088256,23.839634515573557],[91.282934450990211,23.83965861765526],[91.282966307046806,23.839707455313416],[91.282973434280279,23.839730504821411],[91.283011301862757,23.839922609641025],[91.283036006431402,23.840585852962519],[91.283037987216616,23.841514411083626],[91.283056104439268,23.841776904695514],[91.283103304619232,23.842130882571475],[91.282984414388011,23.842171613670025],[91.282852885759041,23.842189220918321],[91.282729035030826,23.842202309883426],[91.282720773225151,23.842203183302708],[91.282609172822475,23.842218122633255],[91.282362835906952,23.84230695500246],[91.282050006592414,23.842438201072518],[91.281835556276178,23.842522764803725],[91.281537792607281,23.842570073109044],[91.281251986413125,23.84261578081825],[91.28072033019032,23.842727912493938],[91.280448285287989,23.842775048177604],[91.28028027517702,23.842802219364486],[91.280129279157535,23.84281908128963],[91.279994649544236,23.842819438707831],[91.279759705063128,23.842813847371936],[91.279524857600123,23.842813028185752],[91.27927881982356,23.842816931028654]]]},"properties":{"objectid":2033,"id":"2006","name":"Ward No 19","code":"19","town":"Agartala","district":"West Tripura","state":"Tripura","st_area(shape)":455619.63949886983,"st_perimeter(shape)":3436.0329762600395}},{"type":"Feature","id":2034,"geometry":{"type":"Polygon","coordinates":[[[91.246947630789606,23.783474121426508],[91.245289930968269,23.783488056423725],[91.24552066145236,23.782132618589543],[91.245579802039103,23.781785192320566],[91.248241814754806,23.781959190406685],[91.24814674335336,23.779523195189604],[91.248241814754806,23.776304130544901],[91.248279816186297,23.775869432063121],[91.248286016358378,23.775875496509173],[91.24829740340293,23.775892478107583],[91.248305649038926,23.775901518462852],[91.248315265504019,23.775910599099134],[91.24833040930308,23.775918593774318],[91.248349412264616,23.775924194568077],[91.248361334705066,23.775926440475622],[91.248372892429515,23.775929303761043],[91.248391952883196,23.775933336858383],[91.248421782340515,23.77594303322617],[91.248433420015047,23.775943701572654],[91.248437365415754,23.775943665401385],[91.248449339060173,23.775939792608902],[91.248453187442877,23.775937712760598],[91.248465121561424,23.775930228594834],[91.248473560335171,23.775924522575806],[91.248492722298494,23.775906901407545],[91.248524489421925,23.77586846201477],[91.248585663794429,23.775798067725354],[91.248591968171098,23.775790008098788],[91.248592621246317,23.775789528006783],[91.248593968719234,23.775788890076303],[91.2485993738823,23.775787661895684],[91.248600840831159,23.775787621614011],[91.248604434990611,23.775788040872438],[91.248605189575443,23.775788128834495],[91.248607211683179,23.775788727305386],[91.248611999703641,23.775791030760512],[91.248614099066458,23.775792508851993],[91.248618781984021,23.775796596210522],[91.248623205288467,23.775800457498242],[91.248636024247574,23.775811648408688],[91.248639757645918,23.775815895249238],[91.248656363902256,23.775840062613515],[91.248662758110441,23.775851434377056],[91.248690065996755,23.775912950232467],[91.248695869113519,23.775927727844262],[91.248718811187544,23.775986146910409],[91.248724643948677,23.776006041102541],[91.248725298820517,23.776012751692374],[91.248721850188133,23.776023422211772],[91.248707652315076,23.776045696301708],[91.248700197196527,23.776064081157557],[91.248699571070787,23.776067790353721],[91.248699225219411,23.776073642695554],[91.248700122636365,23.776080490568162],[91.248701311107496,23.776085429585791],[91.248703292790992,23.776089834255451],[91.24871406179463,23.776113768922105],[91.248716594145407,23.776116468610834],[91.248723168914964,23.776120625835414],[91.248737939913212,23.776125956158392],[91.248808643614268,23.776143929144244],[91.248930609677004,23.776157881368498],[91.248979828371432,23.776161177059262],[91.249062934213327,23.776179178812797],[91.249279990542163,23.776236650738447],[91.249443215327588,23.776283077276517],[91.249508995362589,23.776314417132777],[91.249571521699622,23.776356031234997],[91.24958868041989,23.776364221535882],[91.249642565862175,23.776375176463269],[91.24974268759216,23.776399280424119],[91.249794797065164,23.776418313844303],[91.24988658242934,23.776462098181039],[91.249977823414426,23.776506256545243],[91.249992788448736,23.776511115805821],[91.25000775258475,23.776513766984131],[91.250027061871791,23.77651420843614],[91.25005264589106,23.776511115805821],[91.250078230808697,23.776504489915023],[91.250106228601126,23.776500072106252],[91.250148225738997,23.776497421749706],[91.250182499162037,23.77649167876238],[91.250224495401568,23.77647268399026],[91.250252494092337,23.776451038035855],[91.25027566433846,23.776428508351152],[91.250296904105042,23.776411721653702],[91.250329729443848,23.776394493501659],[91.250341073369228,23.776391663931403],[91.250370009901161,23.776391798751146],[91.250400319058855,23.776399533622147],[91.250534947773872,23.776440601019754],[91.250560592878614,23.776446122872184],[91.250588499941188,23.776452335264164],[91.250607356477332,23.776454406061426],[91.250648086092298,23.776457167398426],[91.250662040521945,23.776457167398426],[91.250706218769309,23.776447379819061],[91.250769915611158,23.776426754050952],[91.250810584140694,23.776409996125764],[91.251439768657264,23.776194442239383],[91.251484307129047,23.776187152097595],[91.251511102077345,23.776185494798714],[91.251532104688678,23.776187814688313],[91.25154767518751,23.776191459759239],[91.251587699624977,23.776213620374364],[91.251599466656899,23.776220135300196],[91.251609098393374,23.776225089931881],[91.251678595657026,23.776254562053584],[91.251700783146234,23.776260779387169],[91.251763472078309,23.776266445931949],[91.251773296952564,23.776266927666356],[91.251800957876824,23.776268284085702],[91.251835683152422,23.776269986597505],[91.251874460728303,23.776266059557962],[91.251917475657379,23.776258902595906],[91.251950442031657,23.776247029403788],[91.251993626742319,23.776224067273557],[91.252052393629882,23.776176949351097],[91.252078872371186,23.776156177211092],[91.25210551280928,23.776145708110469],[91.252129797864683,23.776141053532456],[91.252152888160737,23.776139794938484],[91.252175246329827,23.776143908592438],[91.252195321879796,23.776151876124874],[91.252213236981504,23.776160268668569],[91.252230118122327,23.776167648417843],[91.252270464156709,23.776178195613628],[91.252288575989439,23.776181199467963],[91.252307347185635,23.776180790075678],[91.25233172207254,23.776173685721574],[91.252351027766323,23.776158580130573],[91.252393190194155,23.776104445788373],[91.252446004844685,23.776052106832587],[91.252478283109454,23.776033962842675],[91.25250804609145,23.776026042161213],[91.252547136281052,23.776017000170462],[91.252586398048848,23.776008319891616],[91.252600243782311,23.775995991247601],[91.252599439790146,23.775973897183409],[91.252566908200464,23.775940047451954],[91.252555484324986,23.775929707399627],[91.25253214609387,23.775908582550141],[91.252521279173891,23.775897952302962],[91.252513694697967,23.77588546087765],[91.252508911169059,23.7758696219624],[91.252506786653413,23.775854353565244],[91.252511728285796,23.775836358343344],[91.252519739461505,23.77582237977818],[91.252533657060198,23.775808090467098],[91.252543649021121,23.775798586454854],[91.252557941217262,23.775788722372919],[91.252575356855687,23.775781405901949],[91.252594842212503,23.775776114202408],[91.252610490864768,23.775773158019078],[91.252634169557339,23.775770445992123],[91.2526587762096,23.775771685681921],[91.2526841320568,23.775767063151442],[91.252703188917266,23.775758816089763],[91.252728241133909,23.775747808497609],[91.252812658516078,23.775710654784486],[91.252857606619656,23.775697800805712],[91.252887154904286,23.775681045252835],[91.252935921746101,23.77564525041268],[91.253035276314847,23.775582259625136],[91.253067409950887,23.775570029589932],[91.253133904146537,23.775544723598934],[91.253270385187648,23.77550519895728],[91.253316554999984,23.775502421158528],[91.253364633732289,23.775505894434566],[91.253391478986259,23.77550344711084],[91.253413318827455,23.775497441836997],[91.253443057554932,23.775485609679208],[91.253457998334724,23.775472613458803],[91.253484885809527,23.775441446035998],[91.253496719316743,23.775420793801885],[91.253512924924451,23.775388436819927],[91.253516522677202,23.775364112354797],[91.253515168017742,23.775344272321618],[91.253513741493052,23.775336532455402],[91.253503093761978,23.775300803286715],[91.253503156644086,23.775293314973901],[91.253505589281843,23.775276986849764],[91.253507956342631,23.775270805640641],[91.253512074219898,23.77526326964551],[91.253515529140472,23.775259354906751],[91.253520203074899,23.775255404818505],[91.253526362822797,23.775252201177604],[91.253551747416125,23.775242755492343],[91.253572290090005,23.775237633119147],[91.253684302819408,23.775214486665021],[91.253709792515622,23.775211154778823],[91.25372021566784,23.775212309799812],[91.253739180900126,23.775216982496811],[91.253815643700477,23.775248470584142],[91.253845627668028,23.775268511219117],[91.253911195700638,23.775322932814625],[91.253932570214516,23.775336563694353],[91.253942049237381,23.775341472323333],[91.25394770682702,23.775342850126403],[91.253966446582183,23.775346634974312],[91.253983528047328,23.775347757933059],[91.254001500641181,23.775348506024148],[91.254010366114741,23.77534616474556],[91.254020627570213,23.775341655646777],[91.254032152955304,23.775332565927901],[91.254063659567279,23.775305200584256],[91.254073825801356,23.775297274103906],[91.254081726484259,23.775291287728308],[91.254092923085992,23.775279174400911],[91.254102474872397,23.775270023843852],[91.254111924250864,23.775257655670032],[91.254119561727421,23.775240813742183],[91.254120716062559,23.775233215267345],[91.254120634315854,23.775223370050348],[91.254114245497561,23.775205899227558],[91.254084349564891,23.775158786690771],[91.254080015193665,23.775151221916392],[91.25407673274961,23.775144894371142],[91.254074535470437,23.775137632943274],[91.254074668421069,23.775130718432575],[91.25407626382902,23.775126811088551],[91.254081152460813,23.77511976504455],[91.254085829090187,23.77511466239639],[91.254098459403068,23.7751027685478],[91.254147246906157,23.775070750183662],[91.254172426683567,23.775048127364837],[91.254179927616192,23.775039019539658],[91.254186647014521,23.775029285288792],[91.254188768835192,23.775026212353076],[91.254192403418855,23.775018299831071],[91.254194916006711,23.775010270573169],[91.254201876153516,23.77497332792402],[91.254203325136075,23.774932373510254],[91.254195084889972,23.774887932637874],[91.254195744253394,23.77488139544911],[91.254200210676998,23.774874461194852],[91.254215061625274,23.774856271004086],[91.254259880371436,23.77481366745792],[91.25426468905313,23.774808928157839],[91.254265899982144,23.774806522747145],[91.25426714864038,23.774803089734473],[91.254267845733025,23.774799382146409],[91.254268130498971,23.77479540573756],[91.254268569775149,23.774791047882687],[91.254271394976726,23.774779048778068],[91.254273606628942,23.774764588359314],[91.254274607352187,23.774760247767144],[91.254275220003194,23.774754995485999],[91.254277838592273,23.774744789338804],[91.254280017905131,23.774738941869646],[91.254282510730036,23.774736061294309],[91.254287656280013,23.774729789630413],[91.254294293033311,23.77472497798405],[91.254314238327552,23.774709642863844],[91.254327232458181,23.774700010526498],[91.254333018506912,23.77469542988414],[91.254336633327597,23.774692583013206],[91.25434478643713,23.774684732127042],[91.254355161080341,23.774673734308987],[91.254358669001533,23.774669983968963],[91.254384983351144,23.774641730636706],[91.25439134522,23.774636781699282],[91.254396845604475,23.774632320256682],[91.254401434198968,23.774629760291209],[91.254436081321145,23.774611916985144],[91.254456788386761,23.774602648001224],[91.254521946787563,23.774568634318342],[91.254528952748458,23.7745594631592],[91.254533509003579,23.774548022227705],[91.254537052857401,23.774534350161158],[91.254538239531882,23.774526670258787],[91.254538287142609,23.774508064867245],[91.254537032196126,23.774497887473601],[91.254535174480125,23.774483834777083],[91.25453096317807,23.774466047352732],[91.254523188259284,23.774444701947019],[91.254518329271917,23.774431953891984],[91.254490503955992,23.774374925094381],[91.254487229596776,23.774368215242134],[91.254488849259232,23.774362286369705],[91.254492412875962,23.774358135665583],[91.25449856813232,23.774354874456705],[91.254508610398858,23.77435250274312],[91.254518652665411,23.774350723752363],[91.254537441827907,23.774348648811184],[91.254553639350803,23.774346277097475],[91.254572105119777,23.774342719937856],[91.254581823094512,23.774336790242174],[91.254588302642659,23.774329675100265],[91.254594133607156,23.774320188243781],[91.254598391621627,23.774304000573981],[91.254598905457968,23.774270692161899],[91.254599511820771,23.774260063425015],[91.254601863610176,23.774231610236981],[91.25461107852837,23.774207583972487],[91.254632250023008,23.774168654936553],[91.254645080660211,23.774147242071006],[91.254659631571158,23.774122958478038],[91.254662862811259,23.774117931422708],[91.254666485716783,23.77411229602356],[91.254669360325693,23.774101886770683],[91.254670748222807,23.774093893627992],[91.254671568384651,23.774050615721311],[91.254664596559749,23.774015563598713],[91.254662900540509,23.774007877911117],[91.254663360477906,23.774001263402003],[91.254666970807051,23.773992534485515],[91.25469007906942,23.773954668343652],[91.254704936305885,23.773926395125891],[91.254709635393127,23.773917899677144],[91.254715678360071,23.773896589531251],[91.254720552618792,23.773883279114685],[91.254721853379323,23.773877693852732],[91.25472310293587,23.773873513537989],[91.254721925244553,23.773857607788639],[91.254715869701215,23.773800774396133],[91.25471657757366,23.773775283913142],[91.254718827853466,23.77376771905832],[91.254723651806515,23.773761839483818],[91.254765485450974,23.773728159348924],[91.254836027455312,23.773671649802825],[91.254845389697195,23.773667218744411],[91.254852397454712,23.773665688837191],[91.254863935416239,23.773666076041007],[91.254913338265283,23.773672373240917],[91.255011757687811,23.773693474613061],[91.255052136061508,23.773699484902753],[91.25505984450497,23.773699976511701],[91.255065738351561,23.773700156549086],[91.255080281177712,23.773698156407608],[91.25514798720063,23.773685804526103],[91.255248640733285,23.773665334516934],[91.255255724847629,23.773662637243607],[91.25526043201971,23.773660129872724],[91.255270121248373,23.773654014353848],[91.255296321511949,23.773637478035397],[91.255322820016204,23.773620753456456],[91.255337379910316,23.773600993722106],[91.255352518319484,23.773567744320445],[91.255358229808053,23.773561095261169],[91.255371061343595,23.773551065769539],[91.255420612414667,23.773527553185378],[91.255440789474264,23.773522764513039],[91.255474399042299,23.773519968585962],[91.255511628820912,23.773509844550855],[91.255579504625459,23.773483166090909],[91.255596602260283,23.773472677044964],[91.255639400695372,23.773441902924095],[91.25565487417613,23.773435220152706],[91.255663226711633,23.773433656537051],[91.255693393037205,23.773429913560079],[91.255764150637177,23.77342667616853],[91.255784862194361,23.773424148240871],[91.255803236335197,23.773418574468415],[91.255819394332221,23.773411358159155],[91.255832644482638,23.773403115058528],[91.25583758521671,23.773399460044388],[91.255862638331664,23.773377237292969],[91.255865753689065,23.773373673530138],[91.255875015319674,23.773364799061479],[91.255892653740247,23.773351461461491],[91.255923514463532,23.773334847828057],[91.255984748124874,23.773310565727609],[91.25599713140106,23.773304272620603],[91.256005009626108,23.773298319859069],[91.256015472304199,23.773288243487958],[91.256019347636354,23.773283577298397],[91.256043397333144,23.77325925243964],[91.256052542182729,23.773251174569708],[91.256057860209211,23.773247864829699],[91.256073403758577,23.773245381291488],[91.256110779064301,23.773245234137107],[91.256116953185256,23.77324542157395],[91.256123562989089,23.773245237425471],[91.256138007000544,23.77324207730593],[91.256162784332716,23.773232932360195],[91.25617091857761,23.773229451624658],[91.25617599855056,23.773224977802375],[91.256185684185937,23.773205860061513],[91.256190783023484,23.77319701517672],[91.256195380601099,23.773186484181029],[91.256198617231078,23.77318246908456],[91.256202250916402,23.773179108373071],[91.2562058298045,23.773177289083772],[91.256210502840602,23.773176273800313],[91.256218103486219,23.773175862754368],[91.256237778387586,23.773175690937165],[91.256252643708905,23.773176400402455],[91.256292883742063,23.773174733200104],[91.256314613090453,23.773172116481614],[91.256323983417175,23.77317080935547],[91.256327570390113,23.773169379737613],[91.256329936552561,23.773168119470711],[91.256337867778214,23.773162012971707],[91.256343144482187,23.773156458096178],[91.256403548100224,23.773083905168292],[91.256424243487729,23.773063437530684],[91.25644583539389,23.773046588741909],[91.25645458228982,23.77304184526696],[91.256460007215836,23.773039362546914],[91.256472466848805,23.773036625800128],[91.256476935069031,23.773036509062972],[91.256491512031175,23.773037101791843],[91.256512245147917,23.773039770304901],[91.256534273635296,23.77304569923762],[91.256574767891692,23.7730566684201],[91.256607487229275,23.77306971256326],[91.256620768820767,23.773071491571535],[91.256634698995853,23.773070602067385],[91.256643121599978,23.773068230330367],[91.256648628272671,23.773061708669935],[91.256651291777473,23.773057346646514],[91.256652946474219,23.773051986602464],[91.256655126685416,23.773040049816451],[91.256656427445947,23.772996154989332],[91.25665778120711,23.772950467984039],[91.256659581430924,23.77290825841855],[91.256659780856921,23.772907071315419],[91.256660910937526,23.77290394818186],[91.256663320219147,23.772898935055004],[91.25666461738642,23.772898034862447],[91.256668840366572,23.772897078767556],[91.256675682834057,23.772897421580591],[91.256734766826952,23.7729121674734],[91.256745136978594,23.772912586741104],[91.256757142962357,23.772911495822974],[91.256768849807131,23.772908355425567],[91.256794025092987,23.772898755838586],[91.256805767870389,23.772891621709846],[91.256810421143541,23.772887804728857],[91.256813395465443,23.772883814285976],[91.256819698045476,23.772870752038106],[91.256826595310216,23.772847503223094],[91.256829177966665,23.772831195344271],[91.256832171153206,23.77279385582678],[91.256833708170632,23.772708029976172],[91.256833787222376,23.772703655609476],[91.256835302680287,23.772693543020129],[91.256836739984735,23.772687804797414],[91.256842989564177,23.772672749771431],[91.256857601560569,23.772643778316198],[91.256865160883706,23.77263383178548],[91.256874963300064,23.772624371934423],[91.256903206332609,23.772603295873832],[91.256975857581196,23.772555947274927],[91.256990944786423,23.772546084591255],[91.256999264982568,23.772538802465949],[91.257001036460309,23.772535800171639],[91.257006231417591,23.772518192519907],[91.257008679326759,23.772501020576765],[91.257009048534329,23.772490708202302],[91.257008291254536,23.772484784176861],[91.257006067025898,23.772478435949481],[91.25699728868895,23.77246325594065],[91.256903324910226,23.772336613575177],[91.256889531279043,23.772310895084289],[91.256886273987831,23.772304969406502],[91.256885098093122,23.772300166713475],[91.256885451131012,23.772295763559654],[91.25688769242764,23.772292476814041],[91.256889696569061,23.772290419104074],[91.256895538313358,23.77228708796504],[91.256905299407208,23.772283848900887],[91.256918002483644,23.772282034531649],[91.257056354715502,23.772271483731497],[91.257199282965431,23.772256949867298],[91.257452255735942,23.772242082229774],[91.257508592680679,23.772242325570705],[91.257728669145493,23.772266986857584],[91.257775759731004,23.772281953966075],[91.258117730393352,23.772436196635322],[91.258301535581964,23.772524823546384],[91.258534157019753,23.772626954958067],[91.25854891903478,23.772633436357626],[91.258564968335648,23.772640482536342],[91.258659409119815,23.772677147979934],[91.258763555302266,23.772709910929137],[91.25890118978019,23.772746244226958],[91.259057352909181,23.77278500022674],[91.259123811172216,23.772799310422297],[91.259171637477948,23.772800957899179],[91.259244246505745,23.772790735156793],[91.25925690197144,23.772792478818811],[91.259318871353031,23.772818256405245],[91.259339718555822,23.772823707711392],[91.259381386910263,23.772830381471167],[91.259402087687675,23.772831025170817],[91.259443788381503,23.77282375621493],[91.259518486890613,23.772810083967141],[91.259595980956917,23.772809223234518],[91.25964302393173,23.772811136247689],[91.259648652775297,23.772812405561123],[91.259659825122469,23.77281637874222],[91.259664247528605,23.77281895436316],[91.259677017978717,23.772829667071424],[91.259685057002173,23.772838637761566],[91.259687708828906,23.772845468540563],[91.259718941454693,23.772925897257018],[91.259744098774235,23.772975577177412],[91.259749135628027,23.772980033744297],[91.259758222087129,23.77298507564128],[91.259789632579356,23.772989614417131],[91.259848752504823,23.772998157607901],[91.259944038603649,23.773007846795704],[91.260122599427632,23.77303224240146],[91.260214826762905,23.773044843439106],[91.260370176916538,23.77304902460256],[91.260629572641349,23.773031569107459],[91.260989904868154,23.773032175811956],[91.261016681850137,23.773020011304396],[91.261024280699104,23.77300864422585],[91.261025746749638,23.772970388125362],[91.261019470220759,23.77289769533779],[91.261023358129322,23.772862829519834],[91.261035417113689,23.772844715502462],[91.261064337475943,23.77282222794198],[91.261106848450112,23.772806326174518],[91.261400265171389,23.772744836801007],[91.26153702289362,23.772717821947403],[91.261576960194517,23.772716532902802],[91.261612611633183,23.772715920442163],[91.261646010097138,23.772717892647545],[91.261672701739158,23.772723847901986],[91.261711023869196,23.772736602701208],[91.261884160665474,23.772819451730122],[91.261924399800336,23.772831069563903],[91.261965530063904,23.77283530252614],[91.262072834722915,23.772831261111818],[91.26211183058939,23.772829792851802],[91.262124495936604,23.77282886306342],[91.262191190456534,23.772814067013424],[91.262242017135307,23.77279481932127],[91.262260747008995,23.772784637683124],[91.262267607442837,23.772778949612157],[91.262291456815305,23.772754383785291],[91.262336766041599,23.772695377113909],[91.262363758619244,23.772642171119983],[91.26237753248752,23.772601694431788],[91.262386264112067,23.772566179900942],[91.262402894622937,23.772513315846137],[91.262416252571199,23.77248397687833],[91.262431530219246,23.772466607627546],[91.262448904535134,23.77245638650308],[91.262460253850435,23.772452726529728],[91.262467883242152,23.772451253332878],[91.262496047222953,23.772448922689378],[91.262508808689887,23.772448307761216],[91.262548059677883,23.772448307761216],[91.26256342805577,23.772450291480016],[91.262573405643622,23.772452274376654],[91.262588765936655,23.772458362000769],[91.262646836629898,23.772488959603638],[91.26266720053907,23.772494511219318],[91.262689146381462,23.772498261622061],[91.263072582379039,23.772545197549832],[91.263438053867532,23.772567644875522],[91.263454270255025,23.772565174477851],[91.263458401607053,23.772563239264457],[91.263465397686474,23.77255801237958],[91.263478303782136,23.77253308478878],[91.263500371795431,23.772462399316197],[91.263508667737071,23.772443362028724],[91.26351085154154,23.77244105604797],[91.263512482882078,23.77244031451691],[91.263516208195568,23.772439749736581],[91.263524771835165,23.772438542076788],[91.263537606963965,23.772438676078519],[91.263551557800312,23.772440423855755],[91.263875024066138,23.772491331351215],[91.263991071129482,23.77249376804437],[91.264727335726235,23.772433644847613],[91.264749770252138,23.772430680367325],[91.264778530714281,23.772426879814741],[91.264778716665546,23.772383632593058],[91.264778817276849,23.772360188853998],[91.264778356441113,23.772355127202463],[91.264763298880325,23.772189767204775],[91.264722739046917,23.771849596536597],[91.264767708710053,23.771844391819744],[91.264814130050695,23.771839018572102],[91.265655499332311,23.77175107600382],[91.265688217771597,23.771750731543527],[91.265742529913666,23.771756611208968],[91.265768785872808,23.771771528228051],[91.265775473830089,23.771784599629406],[91.265785743370401,23.771827172105787],[91.265793697952247,23.771892691847341],[91.265795489192925,23.771907440320319],[91.265811278880662,23.771928489364367],[91.265851746187579,23.771934789936822],[91.266153095032791,23.771967966589052],[91.266180497242217,23.771964692166648],[91.266195047254882,23.771960002910816],[91.266205213488959,23.771953284712996],[91.266214881158049,23.771940455847997],[91.266243402668294,23.771869306388908],[91.266259248949922,23.77182977569775],[91.266285689063665,23.77176381856691],[91.266314940005955,23.771658652101074],[91.266383534462761,23.771379650293582],[91.266421761371333,23.771325135794704],[91.266439630658965,23.771315769568314],[91.266507537904559,23.771307837912182],[91.266573326024385,23.771316118962371],[91.266635970040738,23.771334368017545],[91.266663768407184,23.771363966207161],[91.266675001839829,23.771388978698621],[91.266685791504699,23.771434787923614],[91.266684710831413,23.771485586473002],[91.266692435444554,23.771592857659616],[91.266698148729759,23.771612436014554],[91.2667086311708,23.771630319192926],[91.26693958982699,23.771896033683753],[91.267098399392822,23.772167326390676],[91.267163688049322,23.772317807278629],[91.267181934629377,23.772344593672301],[91.267277454290166,23.772443928453225],[91.26731054822524,23.772466305918179],[91.267683347271529,23.77266873219282],[91.267958201205744,23.772815601041156],[91.26803683343752,23.772857618266748],[91.268062595323244,23.77287398040043],[91.26807389163794,23.772889105281074],[91.268078483825661,23.772896839538308],[91.268084319281741,23.772910403260646],[91.268097452651219,23.772971999428002],[91.268112864148208,23.773044281127699],[91.268113097710184,23.773077632602647],[91.268095368559742,23.773133947570997],[91.268058562785939,23.773250854776169],[91.268027274464558,23.773385431891906],[91.268026883697431,23.773414341525161],[91.268031257594515,23.773438446856844],[91.268120460302271,23.773741088332407],[91.268133073547148,23.773767738788433],[91.268134744413572,23.773769554781115],[91.268140088491222,23.77377113072405],[91.26814240165308,23.773771200601523],[91.268147604695201,23.773771359264551],[91.268220167908908,23.773770744342649],[91.268296406130432,23.773769887726807],[91.268406647382093,23.773787529736811],[91.268518218140372,23.773841406907856],[91.268697497616571,23.773895514241016],[91.268809501362838,23.773912519116376],[91.268848908657716,23.773911570427728],[91.268910204302827,23.773910093959056],[91.26895224635642,23.773918515420455],[91.268972264414231,23.773927467127521],[91.269025289270516,23.773971335333549],[91.269074082163485,23.774068884945031],[91.269086959513075,23.774211700975886],[91.26909511441923,23.7743021500612],[91.269096185211041,23.774314024252945],[91.269147039737589,23.774841467786011],[91.269248725434494,23.775798260090951],[91.269248634704653,23.775914388040899],[91.269083900749536,23.777480527673784],[91.270216443659137,23.777500849110861],[91.268511955086211,23.778958974630854],[91.268461840771465,23.778987395546501],[91.268422985940475,23.779007018001369],[91.268294545719471,23.779050622258559],[91.268178110583932,23.779089590935897],[91.268166518723518,23.779095688936035],[91.268146104508688,23.779113928679145],[91.268141294928654,23.779120630065975],[91.268139234193384,23.779124874332275],[91.2681313649515,23.779166681539898],[91.268129580897337,23.77926000683226],[91.268136750351601,23.779329243441271],[91.268140161254749,23.779458187320298],[91.268194976453401,23.779990808626952],[91.268197286021973,23.780248482034839],[91.268190840609833,23.780307474592714],[91.268174973666959,23.780369322091062],[91.268154142633847,23.780397755851212],[91.2680830355892,23.780447735430329],[91.268050441117452,23.780465394619412],[91.267870471735108,23.780542672656175],[91.267690340655989,23.780638145785836],[91.267329976988208,23.780836885629096],[91.267117779646725,23.780941752848097],[91.266764896250294,23.781056776312585],[91.266493743375051,23.781165765891789],[91.266396231250965,23.78119364542199],[91.26628487698666,23.781212331239114],[91.266196627391466,23.781210413417259],[91.265490249744218,23.781180399871502],[91.265471897162982,23.784206470419594],[91.264866219760748,23.784212040441552],[91.2641884363873,23.784196583958831],[91.264051887972528,23.784197613952635],[91.263855456064292,23.784210863305859],[91.263772316984756,23.78422020147682],[91.263717710195266,23.78422943525031],[91.26364668669396,23.784245766360414],[91.263447556246618,23.784300080624085],[91.263287069526143,23.784357710076616],[91.263179328285929,23.784383704028169],[91.263076946394662,23.784396516869283],[91.262813992443029,23.784402781490769],[91.262058558696424,23.784409759626072],[91.261194638107895,23.784427733110991],[91.261056208620943,23.784428170426015],[91.260935807423394,23.784438753120682],[91.260870594225352,23.784450424991782],[91.260783095621733,23.784476782257855],[91.260768215927385,23.784482376106808],[91.260734747394821,23.784501002265809],[91.26071448499529,23.784517071939383],[91.260638785762922,23.78459315399531],[91.260528692733274,23.78470692722664],[91.260395148284829,23.784873099080095],[91.260334329645133,23.784927784633616],[91.260261933518066,23.784980498966775],[91.260190205737587,23.785018949640172],[91.260090168449224,23.785061192265506],[91.259823755085421,23.785185216448642],[91.259561496429811,23.785300532084392],[91.259535991462258,23.785308001736588],[91.259453747104715,23.785326743681431],[91.259433561960279,23.785329722663981],[91.2593025489643,23.785335299213923],[91.259285070443838,23.785334284025385],[91.259106394635481,23.785334833131419],[91.258896779052151,23.785361753298318],[91.258770183072428,23.785385448696029],[91.258627335670909,23.785422437707957],[91.258586306916911,23.785434562420686],[91.25842967486733,23.785468833017781],[91.258195664634144,23.785495232822093],[91.257521129568772,23.785587634560901],[91.257438087507296,23.78559639064752],[91.257311965838028,23.785601650710884],[91.257109113670467,23.785599108223664],[91.257003125043326,23.785592222217694],[91.256680505888852,23.785559820090011],[91.256007624621887,23.785452175721652],[91.255400620408011,23.785318696153684],[91.25502418318483,23.785228273637504],[91.254690095239098,23.785163687026863],[91.254332480416053,23.785077570948097],[91.254063080153912,23.784988207844375],[91.25396870674345,23.784944958223932],[91.253954842145347,23.784936423216166],[91.253882997583844,23.784882342671423],[91.25386663926254,23.78486658623185],[91.253758413830354,23.784758941289464],[91.253621955247127,23.784625461009686],[91.253483368554981,23.784449326772279],[91.25345065281067,23.784419528521653],[91.25335889798923,23.78435487492548],[91.253239199274248,23.784284209030929],[91.253087471127813,23.784210336389702],[91.252657335311881,23.784048480132704],[91.252352986093641,23.783948240125373],[91.252011632573883,23.783813719152061],[91.252042999048626,23.784067557644498],[91.251973537717646,23.784055713936183],[91.251762733663156,23.784011622253569],[91.251644247673809,23.783973030716201],[91.251587600810296,23.783952222008519],[91.251528567123117,23.783920127731037],[91.251512802588181,23.783909677340031],[91.251496973374557,23.783896773206234],[91.251491687687405,23.783893357696027],[91.251484749100172,23.783890625287786],[91.251467126849235,23.783886257051403],[91.251463757268624,23.783885836175042],[91.251442261482183,23.783886760130198],[91.25143575498457,23.783888300603472],[91.251431495173492,23.783889744077886],[91.251392319643941,23.783909660077519],[91.251332089400776,23.78393721760802],[91.25127185915764,23.783956507218274],[91.251106226887202,23.783978553070789],[91.251055031899185,23.783978553070789],[91.251057095329386,23.783992716536471],[91.251063629674761,23.784020275693418],[91.251074705003887,23.784057119595683],[91.251217652118413,23.784447027580573],[91.251154514028684,23.784463534575771],[91.250985767299184,23.784507654053787],[91.250723767358366,23.783793919043241],[91.250632088893724,23.783783163670865],[91.250567241310023,23.783782822530576],[91.250365398848828,23.783796674470175],[91.250211167996,23.783828271453288],[91.250160476064508,23.783836955320243],[91.250155222716728,23.783837341671738],[91.25011164274737,23.783833873550424],[91.2500988435512,23.783831911377899],[91.250088902794246,23.78382675152989],[91.250034134308009,23.783769116909902],[91.24999949796559,23.783720356026912],[91.249991863183993,23.783713981221151],[91.24998658827667,23.783710929041316],[91.249961263870489,23.783701659061869],[91.249950998821731,23.783698939802015],[91.249948772796458,23.783698643872889],[91.249940555906534,23.78369995911347],[91.249908606425166,23.78370855832036],[91.249901000389642,23.783711582551415],[91.249889410325849,23.783721355609565],[91.249865094727724,23.783748056629911],[91.249848602557449,23.783768603966326],[91.249825581431665,23.783805470134585],[91.249809229398522,23.783826385728993],[91.249742831322635,23.783889395539664],[91.249726634698035,23.783900450119997],[91.249670128870051,23.783928027381034],[91.249633052703345,23.78394332031294],[91.249582449705045,23.783956763689666],[91.249540050121979,23.783965380142096],[91.249533703524477,23.783965694155132],[91.24951305574767,23.783966715108527],[91.249470336364325,23.783968828531364],[91.249445760254801,23.783968738930774],[91.249436905561041,23.783968024592212],[91.249433221570058,23.783966785802576],[91.249351704847911,23.783929489761565],[91.249332129659564,23.783920532988855],[91.24932393432924,23.78391474594007],[91.249319588279889,23.783910628421818],[91.24931614054583,23.783904995913094],[91.249314489442327,23.783900188716352],[91.249308242557831,23.783871074264052],[91.249305992278053,23.783859564279698],[91.249304817281669,23.783853228937943],[91.249304073476608,23.783846650276669],[91.249304068985026,23.783842921573822],[91.249304699602362,23.783837155894215],[91.249305358965799,23.783826763038245],[91.249305681460982,23.783819301521209],[91.249312648794302,23.783785777709777],[91.249320889040405,23.783756847365439],[91.249324658371322,23.783748652598049],[91.24932837470169,23.783742803889734],[91.249375911749894,23.78366798314541],[91.249386840653614,23.783642017821659],[91.249387993192116,23.783629185177524],[91.249388768438209,23.783617282243412],[91.249388528588057,23.783605034057331],[91.249389007390079,23.783591866844958],[91.249389022661461,23.783584943741509],[91.249388564520643,23.783579501106747],[91.24938757817047,23.783574561551731],[91.249386853230035,23.783570930662197],[91.249384486169248,23.783565769981827],[91.249383471971299,23.78356426485184],[91.249382578147632,23.78356324471731],[91.249381822664461,23.783562609291046],[91.249377437987562,23.783560433387624],[91.249373574333504,23.783558516422445],[91.249371299799222,23.783557545609437],[91.249364890319669,23.78355580209174],[91.249362004930958,23.783555279283039],[91.249298620702817,23.783550195050495],[91.249224042567931,23.783551413293456],[91.248823513427141,23.783537634488052],[91.248842593643801,23.783295691349331],[91.248835996416346,23.783276314506043],[91.248820932567355,23.783262247961659],[91.248727538320523,23.783237703021737],[91.248695686755497,23.78322937751911],[91.248665922875176,23.783222585920893],[91.24864834643833,23.783219598669778],[91.248638711108597,23.783219305205634],[91.248619011054416,23.78322311941729],[91.248608947228306,23.783227226270952],[91.248562194409331,23.783243913445197],[91.248554368286577,23.783246706697106],[91.248510081343071,23.783258716528795],[91.24835673173753,23.783281350249684],[91.248255846439577,23.783264815977464],[91.248210075479193,23.783257314148781],[91.248092353057856,23.783239599440964],[91.248052181296671,23.783237401337374],[91.248042550458493,23.783237456413246],[91.248025062056556,23.783239318307285],[91.248009938020417,23.783242468319557],[91.24791560862738,23.783292533118086],[91.247867915272309,23.783311521961807],[91.247667411300895,23.783360386573609],[91.247636135555993,23.783359568656227],[91.247596146152787,23.783358523037247],[91.247542115183407,23.783363798809702],[91.247497852494391,23.783372435030095],[91.247469509748868,23.783380922462943],[91.247344294479731,23.78343821282574],[91.247313359196269,23.783454690356038],[91.247220506633596,23.783517166851652],[91.247201403959039,23.783527435606402],[91.247178743057688,23.783535622167452],[91.247129717501068,23.783547091079139],[91.247051106828863,23.783554468765139],[91.24702430110078,23.783552390682718],[91.247018448576725,23.783550643054824],[91.247005724839028,23.783542999854099],[91.2469715457391,23.783513677349099],[91.246961661576051,23.78350054383057],[91.246947630789606,23.783474121426508]]]},"properties":{"objectid":2034,"id":"1986","name":"Ward No 50","code":"50","town":"Agartala","district":"West Tripura","state":"Tripura","st_area(shape)":2946985.6133791972,"st_perimeter(shape)":8812.9911559615921}},{"type":"Feature","id":2035,"geometry":{"type":"Polygon","coordinates":[[[91.279332228260444,23.78697388045687],[91.279302926114198,23.78697855190919],[91.279256624249527,23.786988060036272],[91.279221972635767,23.787003123268953],[91.279146825867272,23.787046661550125],[91.279099432549543,23.787078877534306],[91.279038762131876,23.787130501840331],[91.27902351951812,23.787144651810525],[91.278984114019877,23.787189156720153],[91.278957581379643,23.787222491415218],[91.278920808843495,23.787281872903925],[91.27890077731098,23.787320220146313],[91.278839515801863,23.78744505759979],[91.278829831064783,23.787459676076665],[91.278808260718179,23.787484913988617],[91.27879637600698,23.787495532602495],[91.278762473588145,23.787521962409222],[91.278702789520665,23.787552544959645],[91.278639865229948,23.787578785694585],[91.278612583394761,23.787583032150781],[91.278335455824561,23.787626170745455],[91.278191815210647,23.78765241721954],[91.278083534981235,23.787676853643898],[91.277831253913476,23.787761656911215],[91.277643638071453,23.787837506086404],[91.277530559940118,23.787893900150458],[91.27744721245142,23.787947474735208],[91.277367880432053,23.788007070434226],[91.277326619014403,23.788045336906844],[91.277298051690082,23.788078493008854],[91.277269485264043,23.788111648280406],[91.27723043819357,23.788175229767919],[91.277201937344572,23.788250795934939],[91.277173749109252,23.78834482080104],[91.277135215875148,23.78853838427014],[91.277128187456356,23.78859174980267],[91.277076084271584,23.788820033891913],[91.277001440559658,23.78906441792731],[91.276936953200362,23.789214919538782],[91.276866497434312,23.789332067924764],[91.276786930056332,23.789441187838381],[91.276705006397378,23.789535231571072],[91.276542065479546,23.789701005164201],[91.276465436490881,23.789805584113395],[91.276450461575095,23.789830499351115],[91.276436353533555,23.789866922393529],[91.276428819363261,23.789898752989171],[91.276425313238718,23.789985585111275],[91.276434707819973,23.79004627476013],[91.276503776587191,23.790240019819755],[91.276598607240189,23.790502597409308],[91.276627240141536,23.790607212702689],[91.276641311352137,23.790689524277198],[91.276641579050107,23.790803431087205],[91.276630932217344,23.790912973907041],[91.276628520240848,23.790951436799201],[91.276633555298005,23.79099944121478],[91.276640587310055,23.791027334253624],[91.276671261183736,23.791095945645786],[91.276851262007114,23.791356339157328],[91.276903189122095,23.791450989766727],[91.276941440285199,23.791564891799453],[91.276950183587871,23.791609958248632],[91.276954803623383,23.791707000619727],[91.276950680356194,23.791758976536517],[91.276914408181668,23.791871496561559],[91.276869434925288,23.791952285863054],[91.276756664017796,23.792081739174119],[91.276674714307688,23.792214172824938],[91.276654645045923,23.792268588971282],[91.276647688492375,23.792301812219492],[91.276642960659004,23.79238099758911],[91.276641346386455,23.792425383985929],[91.276640725650608,23.79249541664765],[91.276635336657222,23.792542956080165],[91.276630220751642,23.792559622331197],[91.276613779785336,23.792599399064571],[91.276579385089732,23.792663207685912],[91.276354242126686,23.79296459036793],[91.276236772131952,23.793147781148857],[91.276137568480152,23.793314299765619],[91.276112142564372,23.793365762955826],[91.27609286561669,23.79340478076972],[91.276032612017303,23.793517942144998],[91.275994514466106,23.793589493205193],[91.27596942272362,23.79365250403686],[91.275951389942577,23.793709334505404],[91.27593805085894,23.79376325520472],[91.275895519223496,23.794086572618777],[91.275879873266192,23.794292720760922],[91.275867374107307,23.7946493408793],[91.275862546560973,23.795019624178991],[91.275861689568217,23.79530439632331],[91.275849899180102,23.795410225060973],[91.275822877856356,23.79550952167066],[91.27580494029678,23.795558911032728],[91.275535084588768,23.796050429836928],[91.275267402803777,23.796510421932712],[91.275165124218816,23.796673489832081],[91.275059255067617,23.796825809809231],[91.274525122189601,23.797440328611664],[91.274334441295807,23.797658303217542],[91.274179733437549,23.797810033533846],[91.274034051851288,23.797936452177591],[91.273879546114017,23.798053207213908],[91.273632760939179,23.798248446939368],[91.273526015032274,23.798353110244307],[91.273469826309565,23.79840141521856],[91.273433343929241,23.798423452045412],[91.273360478881614,23.798463027254247],[91.273271908587844,23.79849511629665],[91.273079470589366,23.798577916033402],[91.273016250752946,23.798614869235287],[91.272823466004752,23.798769561492261],[91.272760022487816,23.798841655421729],[91.272742593374659,23.798877506341324],[91.272723833856602,23.799000623081231],[91.272690989653157,23.799177825008044],[91.272684078913699,23.79919942936942],[91.27268004727469,23.799206279311512],[91.272634279907592,23.79927019400461],[91.272617829958108,23.799287683785341],[91.272608781228243,23.79926197391373],[91.272461560827935,23.798877896757769],[91.272428265670243,23.798799679471163],[91.272373374114807,23.798703347613387],[91.272246493369096,23.798517271465744],[91.271896043508818,23.798111496334787],[91.271764902053746,23.797970267413771],[91.271067456355368,23.797104675639819],[91.270605692654897,23.796560901634003],[91.270220372890208,23.796007982830577],[91.269878661840949,23.795455538405772],[91.269630333360439,23.794849237984184],[91.269120822406023,23.793786141082567],[91.268617869153147,23.792638302032909],[91.268148269448517,23.791440935351812],[91.267976863705769,23.790989466496903],[91.267894589703843,23.790801888229925],[91.267826922308458,23.790684582526431],[91.267720598609728,23.790545759694457],[91.267605793018106,23.790421346074289],[91.267394139157375,23.790236440901378],[91.267258492651166,23.790149175760988],[91.266258312007096,23.789629427303481],[91.26547947984227,23.789152001084496],[91.26501022149742,23.788805596406512],[91.264902751548405,23.788699511582188],[91.264797550743793,23.78858115265021],[91.264722009614914,23.788465168354641],[91.264654077216505,23.788328523907737],[91.264585679490779,23.788131137838569],[91.264573008753672,23.788009322709037],[91.264580253666466,23.787909040546026],[91.26464239462625,23.7876738369031],[91.264703072230432,23.787539600909433],[91.264725874167283,23.787501010419383],[91.264825624893049,23.7873767878772],[91.265036834087709,23.787141747671882],[91.265391160178467,23.78672656779284],[91.265468898586533,23.786608690404435],[91.265514323695527,23.78649481855259],[91.265548886376081,23.786365699988355],[91.265574833314744,23.786122975449295],[91.265531814792411,23.785555760986842],[91.265471897162982,23.784206470419594],[91.265490249744218,23.781180399871502],[91.266196627391466,23.781210413417259],[91.26628487698666,23.781212331239114],[91.266396231250965,23.78119364542199],[91.266493743375051,23.781165765891789],[91.266764896250294,23.781056776312585],[91.267117779646725,23.780941752848097],[91.267329976988208,23.780836885629096],[91.267690340655989,23.780638145785836],[91.267870471735108,23.780542672656175],[91.268050441117452,23.780465394619412],[91.2680830355892,23.780447735430329],[91.268154142633847,23.780397755851212],[91.268174973666959,23.780369322091062],[91.268190840609833,23.780307474592714],[91.268197286021973,23.780248482034839],[91.268194976453401,23.779990808626952],[91.268140161254749,23.779458187320298],[91.268136750351601,23.779329243441271],[91.268129580897337,23.77926000683226],[91.2681313649515,23.779166681539898],[91.268139234193384,23.779124874332275],[91.268141294928654,23.779120630065975],[91.268146104508688,23.779113928679145],[91.268166518723518,23.779095688936035],[91.268178110583932,23.779089590935897],[91.268294545719471,23.779050622258559],[91.268422985940475,23.779007018001369],[91.268461840771465,23.778987395546501],[91.268511955086211,23.778958974630854],[91.270216443659137,23.777500849110861],[91.270744955778454,23.777510332447118],[91.273846590519497,23.777975637375402],[91.274601911078378,23.778088949466859],[91.276544340912167,23.778380349973471],[91.27670961744974,23.778455972801446],[91.280727504136181,23.780294367055845],[91.281160111217446,23.78064273937159],[91.283104301749205,23.782208355964219],[91.283262177067115,23.782966818940384],[91.283484589151698,23.7840353187194],[91.282059413750048,23.788110685721385],[91.282010735841411,23.788097694050848],[91.281970576656647,23.788091086834452],[91.281745253132257,23.788094641973963],[91.281538469937004,23.788109779058168],[91.281612660898006,23.787526446425602],[91.28165013322176,23.787231817039768],[91.281656206731412,23.78718180390052],[91.281643930354733,23.787140993072601],[91.281636692628496,23.787129640380478],[91.281606294537582,23.787116962617347],[91.281497113297959,23.787110717854773],[91.28146806806987,23.787109056585109],[91.280941233105196,23.787096664877311],[91.28075269469339,23.787106934171277],[91.280703067265506,23.786974482164254],[91.280368733181362,23.787022354883977],[91.280153396227973,23.787033649223162],[91.279669153085877,23.786968805400047],[91.279458235843677,23.786959344125819],[91.279332228260444,23.78697388045687]]]},"properties":{"objectid":2035,"id":"1987","name":"Ward No 49","code":"49","town":"Agartala","district":"West Tripura","state":"Tripura","st_area(shape)":3093377.2515149652,"st_perimeter(shape)":7958.2923634510216}},{"type":"Feature","id":2036,"geometry":{"type":"Polygon","coordinates":[[[91.276221187260063,23.843169132946706],[91.27622263175104,23.84325309393293],[91.276227934506167,23.843327668359667],[91.276230660893063,23.843339156639864],[91.276241525118124,23.843419383950685],[91.276128552987984,23.84344495032564],[91.276117468675693,23.843450958209395],[91.276045841506487,23.843488678379128],[91.276000260090683,23.843510516107646],[91.275956849902869,23.843532354654112],[91.275919950704264,23.843560148490237],[91.275786057709482,23.843706220706899],[91.275716699684722,23.84378112435261],[91.275572763525062,23.843945822168696],[91.275302642814083,23.844181069304298],[91.275157659218806,23.844261702806833],[91.275124025396252,23.844274417715614],[91.275045991442454,23.844282878983464],[91.27503219691296,23.84428155696175],[91.274950404408031,23.844267307226566],[91.274830061600966,23.844223079877249],[91.274655863894353,23.844128457882618],[91.274593139029633,23.844084602690238],[91.274404584448135,23.843911977006016],[91.274164332720346,23.84363161034549],[91.274154108994082,23.843616292398981],[91.274110221800882,23.843564402153646],[91.274077570735244,23.843532085975689],[91.274032724141321,23.84349581356031],[91.273966107774797,23.843455248028867],[91.273876061549046,23.843411538861986],[91.273735683616209,23.843361111889177],[91.273424598829962,23.843250407964412],[91.27330300736466,23.84321211092805],[91.273123322748276,23.843169167455965],[91.27302381007604,23.843161210607892],[91.272888930731085,23.843167363114993],[91.272740290094276,23.8431799885714],[91.272534815744407,23.843213778874738],[91.272480508992217,23.843229378694218],[91.272400520304359,23.843262072905848],[91.272295785725404,23.843331793031993],[91.272215244573644,23.843394350819878],[91.272165665654796,23.843442343239253],[91.272119763540417,23.843507705254151],[91.272077459178746,23.843584107697378],[91.272024853835717,23.843666946868403],[91.271980485145505,23.843716467447333],[91.271934345875891,23.8437628419282],[91.271895864744067,23.84379884969924],[91.271690058915837,23.843936743824209],[91.271483390704944,23.844024408282081],[91.271253464213018,23.844111318412494],[91.271031640524953,23.844186769038025],[91.270951323053737,23.844201522448817],[91.270779513069144,23.844212843858198],[91.270713369216423,23.844201458360729],[91.270616645813178,23.844192837688922],[91.270613450505707,23.844192472058069],[91.270611755384749,23.844192278150462],[91.270598682202419,23.844190783582896],[91.270598252807702,23.844190734284375],[91.270597748852836,23.844190676769387],[91.270600551596544,23.844096935552404],[91.270605168937095,23.843942496153904],[91.270603391171136,23.843925307360539],[91.270593215953909,23.843562798299892],[91.270587431701799,23.843098015929264],[91.270526359737232,23.842126904937299],[91.270520727300394,23.842026035182929],[91.270507960443581,23.841622964566671],[91.270292040483582,23.838195549991916],[91.270240798783149,23.837424801618706],[91.27012029068608,23.835044931849929],[91.27034227157931,23.835017890509622],[91.271182763206895,23.834915504938259],[91.271174941575723,23.835286570696219],[91.271166093170194,23.835659002695472],[91.271158540135261,23.836201837261552],[91.271160742804341,23.83629496463055],[91.271165819184006,23.836358363939468],[91.271419443233128,23.836369639197283],[91.271454221509359,23.836376469100813],[91.271468113955223,23.836382369670464],[91.271476467389036,23.836393307210823],[91.271484749855986,23.83641499247803],[91.27150371508823,23.83656116806053],[91.271517130528679,23.8366468695572],[91.271528088178513,23.836668166944285],[91.271537335436065,23.836678539959511],[91.271556743537786,23.836688573615952],[91.27163595967447,23.836690500478912],[91.271689739115601,23.836686641822876],[91.27173108677151,23.836688987747692],[91.271755811103048,23.836692526766267],[91.27178888347855,23.8367044199058],[91.271840998341446,23.836732537307942],[91.272053297192542,23.836880105294945],[91.272172323069356,23.836921760799079],[91.272264095857096,23.836941837112143],[91.272363687581077,23.836961948754677],[91.272482912883916,23.836966054730659],[91.272676450420306,23.83696512540131],[91.273378471238445,23.83690425472485],[91.27343713481973,23.836894516892997],[91.273478323473839,23.836881625419107],[91.273565469039539,23.836865360911318],[91.27361142684947,23.836861988700292],[91.273745346793731,23.836859900788863],[91.273797373621733,23.836859089781971],[91.273807127529068,23.836865381453517],[91.273820874447864,23.836885747831435],[91.273827561506849,23.836909315504762],[91.273829291662068,23.836921013884247],[91.273832639683135,23.836980816358309],[91.27383463843465,23.837059818358771],[91.273846570756561,23.837531348685026],[91.273853816567652,23.837686559064405],[91.273876852066493,23.83819337253885],[91.27388805944797,23.83843995202546],[91.273888894881168,23.838507821038096],[91.273930793204329,23.839761918931103],[91.273937447025659,23.839911445617552],[91.273938675920974,23.839939048780924],[91.273996100725483,23.83993724932504],[91.274028624230368,23.83993623045501],[91.274710397021977,23.839914864584436],[91.274810779263404,23.839913391330963],[91.275039160653023,23.839917005033492],[91.275458184308874,23.83989207064845],[91.275505176978044,23.83988947417232],[91.275513402851089,23.839890884979141],[91.275519830296957,23.8398951173995],[91.275523172029793,23.839900054812283],[91.275523685866133,23.839905463041521],[91.27551580135291,23.840027691262822],[91.275512889014749,23.840295082555649],[91.275511346607402,23.840308014773537],[91.275505690814384,23.840315774596668],[91.275498235695835,23.840319772006414],[91.275431655261926,23.840330352611264],[91.275417258861182,23.840333174215328],[91.275405691255258,23.84033952323497],[91.275403635011571,23.840342344838827],[91.27539874997305,23.840354807058645],[91.275395408240215,23.840375263271799],[91.275395408240215,23.840390312094634],[91.275395665158385,23.840400893515387],[91.275399778544056,23.840458736354357],[91.27540417310243,23.840487424000226],[91.275441444203565,23.840620866579528],[91.275444899124139,23.840628390566067],[91.275446380446041,23.840630497315082],[91.275448189653034,23.840631701875946],[91.275451808965315,23.84063230333469],[91.27545756806461,23.84063230333469],[91.27565458028451,23.840602217246815],[91.275679645077574,23.840595493560642],[91.275833946897279,23.840534005052533],[91.275861917740301,23.84052458465618],[91.275901731971999,23.840515179049167],[91.275938801850515,23.840507550704494],[91.275961177087623,23.840503637932105],[91.27597795851544,23.840502584556582],[91.275996055975156,23.840501531181015],[91.276018102428864,23.840501531181015],[91.276091346565536,23.840511963049533],[91.2761218838953,23.840513945728937],[91.276175719930279,23.840515403363916],[91.276202631659558,23.840514515964951],[91.276280706037525,23.840507567959484],[91.276371434982906,23.840498639739049],[91.276501041217159,23.840480702773117],[91.276667424479143,23.840464631808263],[91.27689326453482,23.840451837645887],[91.277037663326851,23.840446892037473],[91.277068592322081,23.840446892037473],[91.277091889230675,23.840448361176534],[91.277112775959353,23.840452770236897],[91.277125228405822,23.840458648436105],[91.277136474414846,23.840468935694823],[91.277143704954582,23.840479590237443],[91.277146516681412,23.840490979348456],[91.277149577241588,23.840731738725804],[91.277153438200671,23.840914219564841],[91.277151637078532,23.840931232099869],[91.277147872239198,23.84094724877713],[91.277142830893808,23.840963714080349],[91.277128412933507,23.84099134906457],[91.277119410017718,23.841015730259322],[91.277109026391344,23.841065675006973],[91.277107649274029,23.841093544143163],[91.277094894095299,23.841366353731125],[91.277090780709628,23.841376464260911],[91.277086924242084,23.841383283219148],[91.277074584983353,23.841392453768375],[91.27706430286662,23.841397156129339],[91.277052220526059,23.84139974271536],[91.276834703361473,23.841417780618354],[91.276781360501559,23.8414233235365],[91.276739130700079,23.84143038406031],[91.276517516319473,23.841487211690438],[91.276477670646742,23.841496852221578],[91.276445793928872,23.841502260384217],[91.276403565025689,23.841504767267189],[91.276301577494849,23.841507433552017],[91.276279726873895,23.841509079335836],[91.276266102125987,23.841514722492537],[91.276256847681921,23.84152436302163],[91.276251449705356,23.841532121950298],[91.276248364890691,23.841540587505396],[91.276248107074196,23.841545524855508],[91.276245022259531,23.841600781423505],[91.276240723820877,23.841652080039037],[91.27622770902903,23.841741588198889],[91.276215888098221,23.841791425851465],[91.27619965464271,23.841831356762366],[91.276156958615573,23.841909072379536],[91.276140885958512,23.841944048664669],[91.276135503253315,23.841974424485922],[91.276137933196168,23.842122215749299],[91.276154753251561,23.842268665903919],[91.276176940740783,23.842337434267119],[91.276217147536258,23.842471976779439],[91.276224992523609,23.842511443246728],[91.276227934506167,23.842554497038144],[91.276232837510989,23.842657646466037],[91.276221187260063,23.843169132946706]]]},"properties":{"objectid":2036,"id":"2007","name":"Ward No 18","code":"18","town":"Agartala","district":"West Tripura","state":"Tripura","st_area(shape)":475223.62958473508,"st_perimeter(shape)":3789.4031117443756}},{"type":"Feature","id":2042,"geometry":{"type":"Polygon","coordinates":[[[91.267936921913304,23.812013338701991],[91.267670218393647,23.8123990593282],[91.267365422712714,23.812821615375899],[91.267157687303254,23.813020536933369],[91.267009271245257,23.81311353054479],[91.266949735399805,23.813141265973272],[91.266861454363578,23.813173535481031],[91.266699950750223,23.813199010840219],[91.266233773626766,23.81321196630519],[91.266140586890771,23.813214555918712],[91.266101510175929,23.81322148237447],[91.266093834071839,23.813227535215454],[91.266070312584432,23.813255042148523],[91.266013717823199,23.813383977018564],[91.265961406229252,23.813530855742609],[91.265906351180433,23.813638811334439],[91.265787489695327,23.813843515712144],[91.265661172193305,23.814015789397303],[91.265624862289528,23.814055672151579],[91.265565159357436,23.814121248679431],[91.265492326649166,23.814181297528879],[91.265450183984228,23.81420763643613],[91.265276598030312,23.81430842838029],[91.265135940721422,23.814401606803006],[91.265023936975183,23.814520689254245],[91.264931480569516,23.814632925755479],[91.26469552458542,23.814972107555963],[91.264630822528744,23.815126569120348],[91.264602794193578,23.815227847693802],[91.264561380062347,23.815335922682724],[91.264509721543604,23.815436502541964],[91.264470362757734,23.815520924442165],[91.264464759965335,23.815541391145999],[91.264465958317899,23.815559464695799],[91.264468394548956,23.815568483389658],[91.264488039805926,23.815606048124693],[91.26449663578488,23.815617842934817],[91.264554920277121,23.815677771927618],[91.265194612387575,23.816147054218586],[91.265534946319491,23.8163912997321],[91.265730878764415,23.816522826787473],[91.265794269280761,23.816554632771425],[91.26586817278087,23.816572839314553],[91.266194617860194,23.81661502976748],[91.266462746107877,23.816657119123228],[91.266486307121141,23.816667869308741],[91.266497778607317,23.816676721918604],[91.266603938812636,23.816768923967469],[91.266658628247129,23.81682464308857],[91.266686302646107,23.816865095319866],[91.266721304602854,23.816940111440015],[91.266865067387641,23.817248218571969],[91.267017904055137,23.817684853705273],[91.267171957041512,23.81805732226335],[91.267292978076625,23.818295113823638],[91.267444251675499,23.818567666471303],[91.267562249879646,23.818724790510338],[91.267601312221458,23.818784701632623],[91.267608138519307,23.818801688306941],[91.267626467744378,23.818875007106882],[91.267666308925556,23.819210176475416],[91.267723718458711,23.820083529866508],[91.267475934357265,23.8200954343903],[91.267373570432312,23.820085001701571],[91.267331136713253,23.820074512308171],[91.267242528690247,23.820037566856485],[91.267211368828001,23.820028656128372],[91.267076495771221,23.819997366261603],[91.267039123160487,23.819994056068545],[91.266987503269291,23.819994463679233],[91.266937107781871,23.820007617340519],[91.266656333051586,23.820095368646669],[91.266597280499752,23.820110437901832],[91.266065687159013,23.820194251921379],[91.265516927911506,23.820278221205861],[91.264824260352128,23.820364007421158],[91.264375400052444,23.820429210955222],[91.264325156380281,23.820442777934286],[91.264015135199315,23.82053006463353],[91.263892774776153,23.820575231152681],[91.263810099227271,23.820614183266859],[91.263720822857735,23.820663485833233],[91.263550875979021,23.820773291918417],[91.263520039510254,23.820748599568869],[91.263383230584068,23.82054099940153],[91.263313232958808,23.820417168400844],[91.263234169535693,23.820277298331305],[91.263174348025984,23.820171469312289],[91.263145707039797,23.820143322023146],[91.263088612815281,23.820107591204032],[91.263058966614267,23.820099042070549],[91.2630019864758,23.820097237408632],[91.26252866864418,23.820214036620857],[91.262392121127718,23.820227361193076],[91.262364284133682,23.820224045253354],[91.262317867284665,23.820204941822926],[91.262299287429627,23.820189155152192],[91.262150276686938,23.820101916709532],[91.262000549986951,23.820070683564321],[91.261241065736712,23.819998409120306],[91.261215847331769,23.8199936476361],[91.261203332901545,23.819991284973408],[91.261185770837741,23.819986198879629],[91.261180723204163,23.819983474626671],[91.261165845306436,23.819973218615083],[91.261149995431538,23.819957283171096],[91.261143125116234,23.819951547857162],[91.261131595239561,23.819936693072325],[91.26112397842428,23.819914627024318],[91.261115132713684,23.819867377842964],[91.261113791528956,23.819807329158561],[91.261099926032557,23.819186688588491],[91.261088114084885,23.819135359721329],[91.261014372281522,23.81900999636251],[91.260796323314281,23.818749324636808],[91.260686529423637,23.818651460942057],[91.260322405408061,23.818393322123704],[91.260104423814496,23.818276095577154],[91.259838254792413,23.818136970223222],[91.259715722791029,23.818049137877569],[91.259624384787884,23.817970100467548],[91.259531142356366,23.817845363845567],[91.25947357741461,23.817751500039879],[91.259388700993327,23.817586191229491],[91.259356104724915,23.817480125799861],[91.259339820065435,23.817405830721025],[91.259318756368657,23.81709241586616],[91.259310970670086,23.81701591645875],[91.259310196322318,23.816906998042459],[91.259313423070822,23.816876970553484],[91.259314663644219,23.816858340817959],[91.259321252786833,23.816845882093546],[91.259345033887357,23.81683863778855],[91.259517887714324,23.816824004537715],[91.259566035616942,23.816821617984683],[91.259576295275792,23.816815023734616],[91.259591751688546,23.816782490507311],[91.259596948442493,23.816756552347012],[91.259615673824598,23.816698701404533],[91.259707923617725,23.816468503805673],[91.259815301938602,23.816236431228326],[91.259830160073392,23.816204320271307],[91.259899872034381,23.816076045658807],[91.260072514757255,23.815758377949017],[91.260082478870402,23.815735983283414],[91.260174384608803,23.815635235182437],[91.260332930069936,23.81551524563805],[91.260450359640501,23.815437113979431],[91.260489070741031,23.815384864007473],[91.260499039345746,23.81531258695426],[91.260464595242809,23.814850580579737],[91.260474845020184,23.814819980622453],[91.260527276988384,23.814778588403616],[91.26056945917918,23.814767796970212],[91.260772679656014,23.814767444405675],[91.261094731973571,23.814766886383936],[91.261285762311999,23.814766554365082],[91.261307541067765,23.814759519510385],[91.261320723844534,23.814752499448193],[91.261379590445131,23.814711287188437],[91.26139506751916,23.814689059173556],[91.261408203583542,23.81466548992924],[91.261448389717756,23.8145710312847],[91.261497019117371,23.814418445299509],[91.261611136599484,23.814025768099917],[91.261793809910841,23.813374010594213],[91.261957054459231,23.81280685264317],[91.262282937193163,23.811526513067257],[91.26230152153974,23.81139866448212],[91.26229497821123,23.811363854193825],[91.262285271914592,23.81134282057641],[91.262252289370593,23.811295323363421],[91.262208778571505,23.811250182380029],[91.262169329055808,23.811213771907511],[91.262075800959977,23.81113781556736],[91.262000391883461,23.811076272004854],[91.261939781652927,23.811043542560363],[91.261794076710487,23.810981240383096],[91.261723839235032,23.810965319450428],[91.261683927086949,23.810948473109406],[91.261651290394369,23.810921630566845],[91.261632346721655,23.810883477673006],[91.261623279127178,23.810853448790752],[91.261612556835956,23.810799487517887],[91.26159683901345,23.810598087129712],[91.261585070184907,23.81056143567066],[91.261579727005568,23.810550381714837],[91.261554156461017,23.810517506669296],[91.261541058125843,23.810510438710118],[91.261498077332789,23.810498681241384],[91.261482157389338,23.810495718451126],[91.261456898560141,23.810498359895732],[91.261240100946097,23.810628475221634],[91.261166822673431,23.810666088231812],[91.261101963411605,23.810684707349967],[91.261076179966324,23.810683269104338],[91.260942634619582,23.810656828393959],[91.26089155281926,23.810650613527695],[91.260815294834799,23.810651750974809],[91.260700869230504,23.810685165123004],[91.260480278031039,23.810746651341066],[91.260346023913527,23.810811129078022],[91.260291504260607,23.810856340071606],[91.260251192362233,23.810889077781813],[91.260228858447633,23.810899555589685],[91.260202170398856,23.810898252130389],[91.260160182244164,23.810881545495718],[91.260105729066566,23.810859879794801],[91.260018708366673,23.810836051793252],[91.259895323864114,23.810827861199233],[91.259798236643135,23.810840930316605],[91.259735379726067,23.810854922374229],[91.259271350474492,23.8109582169978],[91.259083398662568,23.811053592170705],[91.258971106557098,23.811132125065559],[91.258797207989431,23.811265924936098],[91.258597694859787,23.811443692820443],[91.258472642185708,23.811658349135374],[91.25826414410659,23.812722355834104],[91.258222568278583,23.813037103580022],[91.258219903875457,23.813054195380122],[91.258199023434997,23.813120981339324],[91.258192158509601,23.81313143924293],[91.258163053094378,23.813140514812336],[91.25814081260458,23.813139132478998],[91.258109322162298,23.813135948674272],[91.258053033726611,23.813114666326644],[91.257902070046484,23.813045393477271],[91.257738549715299,23.81296705651582],[91.25749818300315,23.812800056838075],[91.257073674234178,23.812468974382043],[91.256616572790051,23.812146536073591],[91.256561286874231,23.812105554747053],[91.255954010470802,23.811641486447297],[91.255410700403814,23.811199431423567],[91.255061447997747,23.810963103735098],[91.2551960856959,23.810761966594015],[91.255334658913313,23.810571118770817],[91.255544392175977,23.810356878161635],[91.255664200485398,23.810269366007535],[91.255797434116772,23.810180723739968],[91.256003246233206,23.810056546715835],[91.256219170684801,23.809965580085208],[91.257087817310023,23.809650843796078],[91.257716139443914,23.809436870417493],[91.258126946209856,23.809264451761671],[91.258531085679763,23.80912665803287],[91.259740321358478,23.808686931016052],[91.260055768363742,23.808572739903767],[91.260174344184605,23.8085343759215],[91.260341426335884,23.808493114841436],[91.260549776192974,23.808465674292751],[91.261016111419906,23.808482820937954],[91.261626254347405,23.808552660023118],[91.262126794725404,23.80864875609705],[91.262262724200937,23.808689491132604],[91.262367652815996,23.808721716544099],[91.262496543991318,23.808776206318882],[91.262890117476843,23.808987991336817],[91.263240300537532,23.80920876884527],[91.263431772847056,23.80931028051317],[91.264686840571542,23.810059443767436],[91.265651667119286,23.810634287380029],[91.266953044793311,23.8114071648776],[91.267936921913304,23.812013338701991]]]},"properties":{"objectid":2042,"id":"1994","name":"Ward No 39","code":"39","town":"Agartala","district":"West Tripura","state":"Tripura","st_area(shape)":989008.57253406418,"st_perimeter(shape)":6240.5808969702903}},{"type":"Feature","id":2037,"geometry":{"type":"Polygon","coordinates":[[[91.263855456064292,23.784210863305859],[91.264051887972528,23.784197613952635],[91.2641884363873,23.784196583958831],[91.264866219760748,23.784212040441552],[91.265471897162982,23.784206470419594],[91.265531814792411,23.785555760986842],[91.265574833314744,23.786122975449295],[91.265548886376081,23.786365699988355],[91.265514323695527,23.78649481855259],[91.265468898586533,23.786608690404435],[91.265391160178467,23.78672656779284],[91.265036834087709,23.787141747671882],[91.264825624893049,23.7873767878772],[91.264725874167283,23.787501010419383],[91.264703072230432,23.787539600909433],[91.26464239462625,23.7876738369031],[91.264580253666466,23.787909040546026],[91.264573008753672,23.788009322709037],[91.264585679490779,23.788131137838569],[91.264654077216505,23.788328523907737],[91.264722009614914,23.788465168354641],[91.264797550743793,23.78858115265021],[91.264902751548405,23.788699511582188],[91.26501022149742,23.788805596406512],[91.26547947984227,23.789152001084496],[91.266258312007096,23.789629427303481],[91.267258492651166,23.790149175760988],[91.267394139157375,23.790236440901378],[91.267605793018106,23.790421346074289],[91.267720598609728,23.790545759694457],[91.267826922308458,23.790684582526431],[91.267894589703843,23.790801888229925],[91.267976863705769,23.790989466496903],[91.268148269448517,23.791440935351812],[91.268617869153147,23.792638302032909],[91.268431223491618,23.792886279927099],[91.268258074118961,23.79307702715251],[91.267913078829039,23.793356321052464],[91.267712458974927,23.793566051645744],[91.267485522076285,23.793742316550439],[91.267400080614649,23.793791125457371],[91.267052977877071,23.794015053888728],[91.266957804067701,23.794093934911285],[91.26690842996473,23.794143268918155],[91.266796192656471,23.794275778554105],[91.266748071703361,23.794350732925082],[91.26653503713203,23.794787463953508],[91.26619568865199,23.795372941345057],[91.266075233555526,23.795630554671362],[91.265997625403202,23.795754901658142],[91.26568570338712,23.796075579776158],[91.265021438760357,23.796598468579635],[91.264360935379742,23.79710666391405],[91.264105382647699,23.797016147678448],[91.263991991004346,23.79697598516271],[91.263835800925904,23.796925424250475],[91.262389293231209,23.796479993550022],[91.261037318847144,23.79591176808534],[91.260249064253316,23.795557760302231],[91.259502652287111,23.795183964688221],[91.259198822295076,23.795053607852804],[91.259052544227487,23.794990847574585],[91.258980657445193,23.794968847153484],[91.258855101714545,23.794941922400771],[91.258678474065078,23.794925717571676],[91.258191755166052,23.794901360595958],[91.257908590018815,23.794898270046978],[91.257831164224484,23.794886926252026],[91.257793827546337,23.794873058233261],[91.257692909010672,23.794821906338978],[91.257656722176094,23.794792357874869],[91.257454771917054,23.794596225243055],[91.257355122700901,23.794484723516284],[91.257318800220716,23.794437744547146],[91.25715684655141,23.794139718053909],[91.256951081147363,23.79385786953868],[91.25693119873516,23.793821333362182],[91.256908004234546,23.793763324249472],[91.25690024368879,23.793720424416929],[91.256834461857167,23.793004957149297],[91.25680322923138,23.792749675473036],[91.256062654517891,23.79279463629948],[91.256087057252572,23.792492236446737],[91.256525739640111,23.792454900931428],[91.256532697990295,23.792036247106726],[91.256522271244791,23.791938928798441],[91.256461930508848,23.791725619167686],[91.256429867839714,23.791626739695865],[91.256391125298165,23.791551543736773],[91.256348584679557,23.791486910949544],[91.256196135185959,23.791318639179821],[91.256145533085999,23.791272912581721],[91.256007393754885,23.791148082914699],[91.255725103566704,23.790886337650942],[91.255584214492515,23.790748362496636],[91.255316604572741,23.790486286812875],[91.255184954671222,23.790397829964906],[91.254994451643867,23.790292413890917],[91.254931674676854,23.790274142836775],[91.25474276615914,23.790258331155879],[91.254677219686087,23.790255025958654],[91.25465511663856,23.79025101385519],[91.254644610841297,23.790247360136604],[91.25459537238396,23.790218289849069],[91.254589102143242,23.790211069540273],[91.254580168397752,23.790197119646042],[91.254563626820129,23.790155306943753],[91.254553304279185,23.790135080368859],[91.254548404867649,23.790128562852349],[91.254521140100437,23.790105121490615],[91.254506732919921,23.790096480785603],[91.254501913458427,23.79009420964131],[91.254487476633471,23.790091160899209],[91.254396651568385,23.790085151367204],[91.254359933829448,23.790079829014392],[91.254344701995507,23.790074913543986],[91.254332869386559,23.790065434412167],[91.25431949077705,23.790045396879901],[91.25431508543889,23.790032548428243],[91.254297623088078,23.789944172648017],[91.25428659806461,23.789829891903032],[91.254217474500109,23.789500071832297],[91.254201241044598,23.789465145528894],[91.25418587626001,23.789453614668165],[91.254170348880322,23.789447632232324],[91.25414045654091,23.789441251131532],[91.254020141581648,23.789437921253857],[91.253821498919521,23.789438318274584],[91.25375598209088,23.789430210174203],[91.253729730623334,23.789422023162352],[91.253597741158629,23.789379002708213],[91.253545663126673,23.789351278645455],[91.253474994459921,23.789303063191706],[91.253436189036265,23.789261730244032],[91.253406371257043,23.789200616081725],[91.253381884979035,23.789156660128707],[91.253367712258793,23.789137419787565],[91.253337826207613,23.789114399928508],[91.253290048410889,23.78909208779984],[91.253178091377038,23.78904894475972],[91.253087931963549,23.78902515221283],[91.252999076903848,23.789020832646493],[91.252972590976015,23.789014660310649],[91.252925382711197,23.788995341859238],[91.252890148989138,23.788968650136674],[91.252834857683396,23.788909243114787],[91.252802031446294,23.788873973881675],[91.252767073507002,23.788849165319647],[91.252688851805317,23.788807491922487],[91.252648478821499,23.788773255907333],[91.252578041920088,23.788686694233235],[91.252533778332776,23.78861426504983],[91.252519078301475,23.788576186981427],[91.252508523995175,23.788532861287255],[91.252505776048721,23.788526619058654],[91.252502274415775,23.788521628727953],[91.252496134430771,23.788516291515233],[91.2524677243116,23.788498864400271],[91.252461721768896,23.788496870240387],[91.252460111089562,23.788496505274573],[91.252454682570303,23.788496044957384],[91.252453278503523,23.788496122224903],[91.252449723869958,23.788496843936535],[91.25244838268523,23.788497511396482],[91.252382861365035,23.788549123631171],[91.252315408666973,23.788595272048706],[91.252235344520642,23.788642291763598],[91.252167205509707,23.788664422308852],[91.252146727514514,23.788668106485705],[91.252135369216049,23.788668926835641],[91.252107987667884,23.788667910851146],[91.252101191912729,23.788667111873039],[91.252093856270136,23.788663675938313],[91.252091096645586,23.788661256810038],[91.252042161818807,23.78860543518703],[91.251915199326433,23.788458053985849],[91.25189997288237,23.788443295060056],[91.251891051713287,23.788435855179873],[91.251881940999667,23.788428836982938],[91.251815379430383,23.788395960448838],[91.251795009233021,23.788389591626313],[91.251776218273889,23.788387048371611],[91.251737723667333,23.788381838562689],[91.251716097625177,23.78838115712821],[91.251661980417509,23.788382324362189],[91.251645182820013,23.788381472774574],[91.251631551783888,23.788378511945854],[91.251609467600943,23.788368783625614],[91.251600180817562,23.788362375345994],[91.25159647886025,23.788358427299752],[91.251589421695385,23.788341268134374],[91.251582957418606,23.788317283110825],[91.251572041989576,23.788279405522513],[91.251551659215806,23.788170890445414],[91.251527241209729,23.787988702885059],[91.251507932821013,23.7879067742955],[91.25149167780593,23.78787527694357],[91.251485068900422,23.787865972737155],[91.251460822472566,23.787847610922018],[91.251384740557896,23.787808542119787],[91.251200354159295,23.787729690162248],[91.251155300054549,23.787705938473859],[91.251088090799939,23.787642095360621],[91.251015849183133,23.787572432450059],[91.251002635863586,23.787545070504432],[91.250982403108466,23.787440306430046],[91.250974782699913,23.787345936490695],[91.250960925288311,23.787294522702886],[91.250933731488061,23.787223444116773],[91.250930466111967,23.787182999093393],[91.250940325122215,23.787093466460203],[91.250950862360511,23.787053850798539],[91.250987670829261,23.786967858450677],[91.251001760904515,23.78689939201821],[91.251016029744477,23.786872888926428],[91.251048293636231,23.786836460934982],[91.251058855129031,23.78681498521706],[91.251067695449734,23.786769016186728],[91.251083030589953,23.78673472949227],[91.251140387122518,23.786651373108743],[91.251184357859046,23.786562527307431],[91.251205590439113,23.786546759563393],[91.251281040838123,23.786512406227704],[91.251298406170889,23.786497114420023],[91.251334354951936,23.786446131028676],[91.251345362907429,23.786422660232525],[91.251394932843141,23.78624853988676],[91.251543547428781,23.785689450746656],[91.251550293776546,23.785639279187503],[91.251549174475727,23.785619584574412],[91.251532787408308,23.785547103539123],[91.251346660972999,23.785005634607963],[91.251154514028684,23.784463534575771],[91.251217652118413,23.784447027580573],[91.251074705003887,23.784057119595683],[91.251063629674761,23.784020275693418],[91.251057095329386,23.783992716536471],[91.251055031899185,23.783978553070789],[91.251106226887202,23.783978553070789],[91.25127185915764,23.783956507218274],[91.251332089400776,23.78393721760802],[91.251392319643941,23.783909660077519],[91.251431495173492,23.783889744077886],[91.25143575498457,23.783888300603472],[91.251442261482183,23.783886760130198],[91.251463757268624,23.783885836175042],[91.251467126849235,23.783886257051403],[91.251484749100172,23.783890625287786],[91.251491687687405,23.783893357696027],[91.251496973374557,23.783896773206234],[91.251512802588181,23.783909677340031],[91.251528567123117,23.783920127731037],[91.251587600810296,23.783952222008519],[91.251644247673809,23.783973030716201],[91.251762733663156,23.784011622253569],[91.251973537717646,23.784055713936183],[91.252042999048626,23.784067557644498],[91.252011632573883,23.783813719152061],[91.252352986093641,23.783948240125373],[91.252657335311881,23.784048480132704],[91.253087471127813,23.784210336389702],[91.253239199274248,23.784284209030929],[91.25335889798923,23.78435487492548],[91.25345065281067,23.784419528521653],[91.253483368554981,23.784449326772279],[91.253621955247127,23.784625461009686],[91.253758413830354,23.784758941289464],[91.25386663926254,23.78486658623185],[91.253882997583844,23.784882342671423],[91.253954842145347,23.784936423216166],[91.25396870674345,23.784944958223932],[91.254063080153912,23.784988207844375],[91.254332480416053,23.785077570948097],[91.254690095239098,23.785163687026863],[91.25502418318483,23.785228273637504],[91.255400620408011,23.785318696153684],[91.256007624621887,23.785452175721652],[91.256680505888852,23.785559820090011],[91.257003125043326,23.785592222217694],[91.257109113670467,23.785599108223664],[91.257311965838028,23.785601650710884],[91.257438087507296,23.78559639064752],[91.257521129568772,23.785587634560901],[91.258195664634144,23.785495232822093],[91.25842967486733,23.785468833017781],[91.258586306916911,23.785434562420686],[91.258627335670909,23.785422437707957],[91.258770183072428,23.785385448696029],[91.258896779052151,23.785361753298318],[91.259106394635481,23.785334833131419],[91.259285070443838,23.785334284025385],[91.2593025489643,23.785335299213923],[91.259433561960279,23.785329722663981],[91.259453747104715,23.785326743681431],[91.259535991462258,23.785308001736588],[91.259561496429811,23.785300532084392],[91.259823755085421,23.785185216448642],[91.260090168449224,23.785061192265506],[91.260190205737587,23.785018949640172],[91.260261933518066,23.784980498966775],[91.260334329645133,23.784927784633616],[91.260395148284829,23.784873099080095],[91.260528692733274,23.78470692722664],[91.260638785762922,23.78459315399531],[91.26071448499529,23.784517071939383],[91.260734747394821,23.784501002265809],[91.260768215927385,23.784482376106808],[91.260783095621733,23.784476782257855],[91.260870594225352,23.784450424991782],[91.260935807423394,23.784438753120682],[91.261056208620943,23.784428170426015],[91.261194638107895,23.784427733110991],[91.262058558696424,23.784409759626072],[91.262813992443029,23.784402781490769],[91.263076946394662,23.784396516869283],[91.263179328285929,23.784383704028169],[91.263287069526143,23.784357710076616],[91.263447556246618,23.784300080624085],[91.26364668669396,23.784245766360414],[91.263717710195266,23.78422943525031],[91.263772316984756,23.78422020147682],[91.263855456064292,23.784210863305859]]]},"properties":{"objectid":2037,"id":"1989","name":"Ward No 48","code":"48","town":"Agartala","district":"West Tripura","state":"Tripura","st_area(shape)":1830072.6327023518,"st_perimeter(shape)":6429.1536111854166}},{"type":"Feature","id":2038,"geometry":{"type":"Polygon","coordinates":[[[91.269120822406023,23.793786141082567],[91.269630333360439,23.794849237984184],[91.269878661840949,23.795455538405772],[91.270220372890208,23.796007982830577],[91.270605692654897,23.796560901634003],[91.271067456355368,23.797104675639819],[91.271764902053746,23.797970267413771],[91.271896043508818,23.798111496334787],[91.272246493369096,23.798517271465744],[91.272373374114807,23.798703347613387],[91.272428265670243,23.798799679471163],[91.272461560827935,23.798877896757769],[91.272608781228243,23.79926197391373],[91.272617829958108,23.799287683785341],[91.272767490182787,23.800357006922013],[91.272744432226048,23.801174010088342],[91.272685703067708,23.802348164356772],[91.272588873663238,23.803589994743831],[91.272438964605286,23.804621251013838],[91.272281681277107,23.805266506930575],[91.271933454747142,23.806284235675676],[91.271636471714189,23.807177663249277],[91.271533761937874,23.807443272201702],[91.271384826653644,23.807924028004674],[91.271338601145771,23.80813917586385],[91.27127332506565,23.808388165477908],[91.271220158275526,23.808659986916279],[91.271133539122602,23.809118718821559],[91.270835347855595,23.811056304283269],[91.270496027223345,23.812663918764084],[91.270273458831909,23.814347765348586],[91.269858512629156,23.813987300534134],[91.269767678580877,23.8138953233358],[91.269287593740216,23.813261516591023],[91.268996038328225,23.812903772340249],[91.268693301585898,23.812558490349989],[91.268663175684523,23.81251957526684],[91.268659484507026,23.812515220320588],[91.268589920768065,23.812442208585285],[91.268514667100078,23.812381263121608],[91.268395079776184,23.812298557656394],[91.268157215770401,23.812149065713676],[91.267936921913304,23.812013338701991],[91.266953044793311,23.8114071648776],[91.265651667119286,23.810634287380029],[91.264686840571542,23.810059443767436],[91.263431772847056,23.80931028051317],[91.263444386990301,23.809290705370731],[91.263580144887584,23.80910676397928],[91.26367919941903,23.808972554238522],[91.263873372962635,23.808688432567546],[91.263951131133624,23.808558264341809],[91.263965778164334,23.808526347090339],[91.263981150135507,23.808480636411257],[91.263994741645746,23.808414026410738],[91.264004659944803,23.808344359021724],[91.264006743137941,23.808297309452758],[91.26400383079978,23.808250169461068],[91.263999645548864,23.808216894404204],[91.263955364893576,23.808032729586394],[91.263935369293648,23.807944514809154],[91.263930164454905,23.807857693045911],[91.263930747461515,23.807836815016337],[91.263947156088506,23.807746004630353],[91.263951661139643,23.807726098037147],[91.264027441220392,23.80734299106615],[91.264111713973833,23.806990488062223],[91.264131015176034,23.806796938932052],[91.264137900762677,23.80675367191391],[91.264160255338524,23.806674944872949],[91.264163428188112,23.806642764978793],[91.264149764812615,23.80653349842326],[91.264100224521357,23.80628984502356],[91.263909572373635,23.805710036890126],[91.263829643872924,23.805465048021798],[91.263818811088925,23.805400653106648],[91.263809486576264,23.805254879667348],[91.263811692838601,23.805136230894821],[91.263815097453531,23.805068770988193],[91.263825810761617,23.805008294650847],[91.263872924703307,23.804863887576722],[91.26400903923178,23.804579800476922],[91.264041963385282,23.804504532290906],[91.264053019849783,23.804456385746011],[91.264053286649414,23.804431407561374],[91.264044333140987,23.804373604550314],[91.264032612821481,23.804345529450334],[91.26398732695138,23.804265679884441],[91.263899115085422,23.804146437621196],[91.263854437374789,23.804098544909539],[91.263765811385483,23.804013018350286],[91.263677382127199,23.803920877104247],[91.263624670782988,23.803851503188096],[91.263582511050075,23.803777167434646],[91.263552466895391,23.803717611022464],[91.263508789907945,23.803614997747264],[91.2634139242207,23.803426644573531],[91.263413123821792,23.803388473039668],[91.263420438803152,23.803366414863738],[91.263431811474632,23.803352413780271],[91.263472436885039,23.803323331630526],[91.263501689623951,23.803308250564069],[91.263658797780607,23.80323127701682],[91.263797295539561,23.8031677111154],[91.263836165641891,23.803157193232384],[91.263970394606574,23.803132892867385],[91.264056268157844,23.803105573649621],[91.264184138846986,23.803056135376703],[91.264210193583466,23.80304153262675],[91.264305815652207,23.802977037059705],[91.264369423560851,23.802913311584554],[91.264409568372557,23.802869306846549],[91.264494810408209,23.802775869467357],[91.264535835568921,23.802737667331762],[91.264621642644869,23.802664588456082],[91.264672061488483,23.802642002493894],[91.264845489338924,23.802588880262437],[91.26493367156047,23.802548344680368],[91.265151649560792,23.802440826985489],[91.265288001244528,23.802372364595872],[91.26549406578755,23.802256782194561],[91.265541560614921,23.802237908720386],[91.265620075167405,23.802215861033872],[91.265904585092585,23.802173136593069],[91.265921127568575,23.802162537260539],[91.265930797932597,23.802151185058882],[91.265933703982526,23.802120438274805],[91.265908863768303,23.801848599861504],[91.265810768637579,23.801260342349131],[91.265585347196804,23.800458797563945],[91.265313084003878,23.79957465097764],[91.265071910604604,23.798891234204724],[91.264880370921418,23.798306559257071],[91.264762076273215,23.797873482876323],[91.264360935379742,23.79710666391405],[91.265021438760357,23.796598468579635],[91.26568570338712,23.796075579776158],[91.265997625403202,23.795754901658142],[91.266075233555526,23.795630554671362],[91.26619568865199,23.795372941345057],[91.26653503713203,23.794787463953508],[91.266748071703361,23.794350732925082],[91.266796192656471,23.794275778554105],[91.26690842996473,23.794143268918155],[91.266957804067701,23.794093934911285],[91.267052977877071,23.794015053888728],[91.267400080614649,23.793791125457371],[91.267485522076285,23.793742316550439],[91.267712458974927,23.793566051645744],[91.267913078829039,23.793356321052464],[91.268258074118961,23.79307702715251],[91.268431223491618,23.792886279927099],[91.268617869153147,23.792638302032909],[91.269120822406023,23.793786141082567]]]},"properties":{"objectid":2038,"id":"1990","name":"Ward No 46","code":"46","town":"Agartala","district":"West Tripura","state":"Tripura","st_area(shape)":1680746.0118199431,"st_perimeter(shape)":6253.5418216855569}},{"type":"Feature","id":2039,"geometry":{"type":"Polygon","coordinates":[[[91.253276512596187,23.81025987930877],[91.252927971655865,23.809837459571131],[91.246691767240506,23.805000056841493],[91.246881910941724,23.803347358266862],[91.246311479838013,23.801520666998066],[91.244885401629517,23.800041897208246],[91.243839610823542,23.798650099659703],[91.243079035120246,23.797693229784727],[91.243079035120246,23.796475384907001],[91.245289930968269,23.783488056423725],[91.246947630789606,23.783474121426508],[91.246961661576051,23.78350054383057],[91.2469715457391,23.783513677349099],[91.247005724839028,23.783542999854099],[91.247018448576725,23.783550643054824],[91.24702430110078,23.783552390682718],[91.247051106828863,23.783554468765139],[91.247129717501068,23.783547091079139],[91.247178743057688,23.783535622167452],[91.247201403959039,23.783527435606402],[91.247220506633596,23.783517166851652],[91.247313359196269,23.783454690356038],[91.247344294479731,23.78343821282574],[91.247469509748868,23.783380922462943],[91.247497852494391,23.783372435030095],[91.247542115183407,23.783363798809702],[91.247596146152787,23.783358523037247],[91.247636135555993,23.783359568656227],[91.247667411300895,23.783360386573609],[91.247867915272309,23.783311521961807],[91.24791560862738,23.783292533118086],[91.248009938020417,23.783242468319557],[91.248025062056556,23.783239318307285],[91.248042550458493,23.783237456413246],[91.248052181296671,23.783237401337374],[91.248092353057856,23.783239599440964],[91.248210075479193,23.783257314148781],[91.248255846439577,23.783264815977464],[91.24835673173753,23.783281350249684],[91.248510081343071,23.783258716528795],[91.248554368286577,23.783246706697106],[91.248562194409331,23.783243913445197],[91.248608947228306,23.783227226270952],[91.248619011054416,23.78322311941729],[91.248638711108597,23.783219305205634],[91.24864834643833,23.783219598669778],[91.248665922875176,23.783222585920893],[91.248695686755497,23.78322937751911],[91.248727538320523,23.783237703021737],[91.248820932567355,23.783262247961659],[91.248835996416346,23.783276314506043],[91.248842593643801,23.783295691349331],[91.248823513427141,23.783537634488052],[91.249224042567931,23.783551413293456],[91.249298620702817,23.783550195050495],[91.249362004930958,23.783555279283039],[91.249364890319669,23.78355580209174],[91.249371299799222,23.783557545609437],[91.249373574333504,23.783558516422445],[91.249377437987562,23.783560433387624],[91.249381822664461,23.783562609291046],[91.249382578147632,23.78356324471731],[91.249383471971299,23.78356426485184],[91.249384486169248,23.783565769981827],[91.249386853230035,23.783570930662197],[91.24938757817047,23.783574561551731],[91.249388564520643,23.783579501106747],[91.249389022661461,23.783584943741509],[91.249389007390079,23.783591866844958],[91.249388528588057,23.783605034057331],[91.249388768438209,23.783617282243412],[91.249387993192116,23.783629185177524],[91.249386840653614,23.783642017821659],[91.249375911749894,23.78366798314541],[91.24932837470169,23.783742803889734],[91.249324658371322,23.783748652598049],[91.249320889040405,23.783756847365439],[91.249312648794302,23.783785777709777],[91.249305681460982,23.783819301521209],[91.249305358965799,23.783826763038245],[91.249304699602362,23.783837155894215],[91.249304068985026,23.783842921573822],[91.249304073476608,23.783846650276669],[91.249304817281669,23.783853228937943],[91.249305992278053,23.783859564279698],[91.249308242557831,23.783871074264052],[91.249314489442327,23.783900188716352],[91.24931614054583,23.783904995913094],[91.249319588279889,23.783910628421818],[91.24932393432924,23.78391474594007],[91.249332129659564,23.783920532988855],[91.249351704847911,23.783929489761565],[91.249433221570058,23.783966785802576],[91.249436905561041,23.783968024592212],[91.249445760254801,23.783968738930774],[91.249470336364325,23.783968828531364],[91.24951305574767,23.783966715108527],[91.249533703524477,23.783965694155132],[91.249540050121979,23.783965380142096],[91.249582449705045,23.783956763689666],[91.249633052703345,23.78394332031294],[91.249670128870051,23.783928027381034],[91.249726634698035,23.783900450119997],[91.249742831322635,23.783889395539664],[91.249809229398522,23.783826385728993],[91.249825581431665,23.783805470134585],[91.249848602557449,23.783768603966326],[91.249865094727724,23.783748056629911],[91.249889410325849,23.783721355609565],[91.249901000389642,23.783711582551415],[91.249908606425166,23.78370855832036],[91.249940555906534,23.78369995911347],[91.249948772796458,23.783698643872889],[91.249950998821731,23.783698939802015],[91.249961263870489,23.783701659061869],[91.24998658827667,23.783710929041316],[91.249991863183993,23.783713981221151],[91.24999949796559,23.783720356026912],[91.250034134308009,23.783769116909902],[91.250088902794246,23.78382675152989],[91.2500988435512,23.783831911377899],[91.25011164274737,23.783833873550424],[91.250155222716728,23.783837341671738],[91.250160476064508,23.783836955320243],[91.250211167996,23.783828271453288],[91.250365398848828,23.783796674470175],[91.250567241310023,23.783782822530576],[91.250632088893724,23.783783163670865],[91.250723767358366,23.783793919043241],[91.250985767299184,23.784507654053787],[91.251154514028684,23.784463534575771],[91.251346660972999,23.785005634607963],[91.251532787408308,23.785547103539123],[91.251549174475727,23.785619584574412],[91.251550293776546,23.785639279187503],[91.251543547428781,23.785689450746656],[91.251394932843141,23.78624853988676],[91.251345362907429,23.786422660232525],[91.251334354951936,23.786446131028676],[91.251298406170889,23.786497114420023],[91.251281040838123,23.786512406227704],[91.251205590439113,23.786546759563393],[91.251184357859046,23.786562527307431],[91.251140387122518,23.786651373108743],[91.251083030589953,23.78673472949227],[91.251067695449734,23.786769016186728],[91.251058855129031,23.78681498521706],[91.251048293636231,23.786836460934982],[91.251016029744477,23.786872888926428],[91.251001760904515,23.78689939201821],[91.250987670829261,23.786967858450677],[91.250950862360511,23.787053850798539],[91.250940325122215,23.787093466460203],[91.250930466111967,23.787182999093393],[91.250933731488061,23.787223444116773],[91.250960925288311,23.787294522702886],[91.250974782699913,23.787345936490695],[91.250982403108466,23.787440306430046],[91.251002635863586,23.787545070504432],[91.251015849183133,23.787572432450059],[91.251088090799939,23.787642095360621],[91.251155300054549,23.787705938473859],[91.251200354159295,23.787729690162248],[91.251384740557896,23.787808542119787],[91.251460822472566,23.787847610922018],[91.251485068900422,23.787865972737155],[91.25149167780593,23.78787527694357],[91.251507932821013,23.7879067742955],[91.251527241209729,23.787988702885059],[91.251551659215806,23.788170890445414],[91.251572041989576,23.788279405522513],[91.251582957418606,23.788317283110825],[91.251589421695385,23.788341268134374],[91.25159647886025,23.788358427299752],[91.251600180817562,23.788362375345994],[91.251609467600943,23.788368783625614],[91.251631551783888,23.788378511945854],[91.251645182820013,23.788381472774574],[91.251661980417509,23.788382324362189],[91.251716097625177,23.78838115712821],[91.251737723667333,23.788381838562689],[91.251776218273889,23.788387048371611],[91.251795009233021,23.788389591626313],[91.251815379430383,23.788395960448838],[91.251881940999667,23.788428836982938],[91.251891051713287,23.788435855179873],[91.25189997288237,23.788443295060056],[91.251915199326433,23.788458053985849],[91.252042161818807,23.78860543518703],[91.252091096645586,23.788661256810038],[91.252093856270136,23.788663675938313],[91.252101191912729,23.788667111873039],[91.252107987667884,23.788667910851146],[91.252135369216049,23.788668926835641],[91.252146727514514,23.788668106485705],[91.252167205509707,23.788664422308852],[91.252235344520642,23.788642291763598],[91.252315408666973,23.788595272048706],[91.252382861365035,23.788549123631171],[91.25244838268523,23.788497511396482],[91.252449723869958,23.788496843936535],[91.252453278503523,23.788496122224903],[91.252454682570303,23.788496044957384],[91.252460111089562,23.788496505274573],[91.252461721768896,23.788496870240387],[91.2524677243116,23.788498864400271],[91.252496134430771,23.788516291515233],[91.252502274415775,23.788521628727953],[91.252505776048721,23.788526619058654],[91.252508523995175,23.788532861287255],[91.252519078301475,23.788576186981427],[91.252533778332776,23.78861426504983],[91.252578041920088,23.788686694233235],[91.252648478821499,23.788773255907333],[91.252688851805317,23.788807491922487],[91.252767073507002,23.788849165319647],[91.252802031446294,23.788873973881675],[91.252834857683396,23.788909243114787],[91.252890148989138,23.788968650136674],[91.252925382711197,23.788995341859238],[91.252972590976015,23.789014660310649],[91.252999076903848,23.789020832646493],[91.253087931963549,23.78902515221283],[91.253178091377038,23.78904894475972],[91.253290048410889,23.78909208779984],[91.253337826207613,23.789114399928508],[91.253367712258793,23.789137419787565],[91.253381884979035,23.789156660128707],[91.253406371257043,23.789200616081725],[91.253436189036265,23.789261730244032],[91.253474994459921,23.789303063191706],[91.253545663126673,23.789351278645455],[91.253597741158629,23.789379002708213],[91.253729730623334,23.789422023162352],[91.25375598209088,23.789430210174203],[91.253821498919521,23.789438318274584],[91.254020141581648,23.789437921253857],[91.25414045654091,23.789441251131532],[91.254170348880322,23.789447632232324],[91.25418587626001,23.789453614668165],[91.254201241044598,23.789465145528894],[91.254217474500109,23.789500071832297],[91.25428659806461,23.789829891903032],[91.254297623088078,23.789944172648017],[91.25431508543889,23.790032548428243],[91.25431949077705,23.790045396879901],[91.254332869386559,23.790065434412167],[91.254344701995507,23.790074913543986],[91.254359933829448,23.790079829014392],[91.254396651568385,23.790085151367204],[91.254487476633471,23.790091160899209],[91.254501913458427,23.79009420964131],[91.254506732919921,23.790096480785603],[91.254521140100437,23.790105121490615],[91.254548404867649,23.790128562852349],[91.254553304279185,23.790135080368859],[91.254563626820129,23.790155306943753],[91.254580168397752,23.790197119646042],[91.254589102143242,23.790211069540273],[91.25459537238396,23.790218289849069],[91.254644610841297,23.790247360136604],[91.25465511663856,23.79025101385519],[91.254677219686087,23.790255025958654],[91.25474276615914,23.790258331155879],[91.254931674676854,23.790274142836775],[91.254994451643867,23.790292413890917],[91.255184954671222,23.790397829964906],[91.255316604572741,23.790486286812875],[91.255584214492515,23.790748362496636],[91.255725103566704,23.790886337650942],[91.256007393754885,23.791148082914699],[91.256145533085999,23.791272912581721],[91.256196135185959,23.791318639179821],[91.256348584679557,23.791486910949544],[91.256391125298165,23.791551543736773],[91.256429867839714,23.791626739695865],[91.256461930508848,23.791725619167686],[91.256522271244791,23.791938928798441],[91.256532697990295,23.792036247106726],[91.256525739640111,23.792454900931428],[91.256087057252572,23.792492236446737],[91.256062654517891,23.79279463629948],[91.25680322923138,23.792749675473036],[91.256834461857167,23.793004957149297],[91.25690024368879,23.793720424416929],[91.256908004234546,23.793763324249472],[91.25693119873516,23.793821333362182],[91.256951081147363,23.79385786953868],[91.25715684655141,23.794139718053909],[91.257318800220716,23.794437744547146],[91.257355122700901,23.794484723516284],[91.257454771917054,23.794596225243055],[91.257656722176094,23.794792357874869],[91.257692909010672,23.794821906338978],[91.257793827546337,23.794873058233261],[91.257831164224484,23.794886926252026],[91.257908590018815,23.794898270046978],[91.258191755166052,23.794901360595958],[91.258678474065078,23.794925717571676],[91.258855101714545,23.794941922400771],[91.258980657445193,23.794968847153484],[91.259052544227487,23.794990847574585],[91.259198822295076,23.795053607852804],[91.259502652287111,23.795183964688221],[91.260249064253316,23.795557760302231],[91.261037318847144,23.79591176808534],[91.262389293231209,23.796479993550022],[91.263835800925904,23.796925424250475],[91.263991991004346,23.79697598516271],[91.264105382647699,23.797016147678448],[91.264360935379742,23.79710666391405],[91.264762076273215,23.797873482876323],[91.264880370921418,23.798306559257071],[91.265071910604604,23.798891234204724],[91.265313084003878,23.79957465097764],[91.265585347196804,23.800458797563945],[91.265810768637579,23.801260342349131],[91.265908863768303,23.801848599861504],[91.265933703982526,23.802120438274805],[91.265930797932597,23.802151185058882],[91.265921127568575,23.802162537260539],[91.265904585092585,23.802173136593069],[91.265620075167405,23.802215861033872],[91.265541560614921,23.802237908720386],[91.26549406578755,23.802256782194561],[91.265288001244528,23.802372364595872],[91.265151649560792,23.802440826985489],[91.26493367156047,23.802548344680368],[91.264845489338924,23.802588880262437],[91.264672061488483,23.802642002493894],[91.264621642644869,23.802664588456082],[91.264535835568921,23.802737667331762],[91.264494810408209,23.802775869467357],[91.264409568372557,23.802869306846549],[91.264369423560851,23.802913311584554],[91.264305815652207,23.802977037059705],[91.264210193583466,23.80304153262675],[91.264184138846986,23.803056135376703],[91.264056268157844,23.803105573649621],[91.263970394606574,23.803132892867385],[91.263836165641891,23.803157193232384],[91.263797295539561,23.8031677111154],[91.263658797780607,23.80323127701682],[91.263501689623951,23.803308250564069],[91.263472436885039,23.803323331630526],[91.263431811474632,23.803352413780271],[91.263420438803152,23.803366414863738],[91.263413123821792,23.803388473039668],[91.2634139242207,23.803426644573531],[91.263508789907945,23.803614997747264],[91.263552466895391,23.803717611022464],[91.263582511050075,23.803777167434646],[91.263624670782988,23.803851503188096],[91.263677382127199,23.803920877104247],[91.263765811385483,23.804013018350286],[91.263854437374789,23.804098544909539],[91.263899115085422,23.804146437621196],[91.26398732695138,23.804265679884441],[91.264032612821481,23.804345529450334],[91.264044333140987,23.804373604550314],[91.264053286649414,23.804431407561374],[91.264053019849783,23.804456385746011],[91.264041963385282,23.804504532290906],[91.26400903923178,23.804579800476922],[91.263872924703307,23.804863887576722],[91.263825810761617,23.805008294650847],[91.263815097453531,23.805068770988193],[91.263811692838601,23.805136230894821],[91.263809486576264,23.805254879667348],[91.263818811088925,23.805400653106648],[91.263829643872924,23.805465048021798],[91.263909572373635,23.805710036890126],[91.264100224521357,23.80628984502356],[91.264149764812615,23.80653349842326],[91.264163428188112,23.806642764978793],[91.264160255338524,23.806674944872949],[91.264137900762677,23.80675367191391],[91.264131015176034,23.806796938932052],[91.264111713973833,23.806990488062223],[91.264027441220392,23.80734299106615],[91.263951661139643,23.807726098037147],[91.263947156088506,23.807746004630353],[91.263930747461515,23.807836815016337],[91.263930164454905,23.807857693045911],[91.263935369293648,23.807944514809154],[91.263955364893576,23.808032729586394],[91.263999645548864,23.808216894404204],[91.26400383079978,23.808250169461068],[91.264006743137941,23.808297309452758],[91.264004659944803,23.808344359021724],[91.263994741645746,23.808414026410738],[91.263981150135507,23.808480636411257],[91.263965778164334,23.808526347090339],[91.263951131133624,23.808558264341809],[91.263873372962635,23.808688432567546],[91.26367919941903,23.808972554238522],[91.263580144887584,23.80910676397928],[91.263444386990301,23.809290705370731],[91.263431772847056,23.80931028051317],[91.263240300537532,23.80920876884527],[91.262890117476843,23.808987991336817],[91.262496543991318,23.808776206318882],[91.262367652815996,23.808721716544099],[91.262262724200937,23.808689491132604],[91.262126794725404,23.80864875609705],[91.261626254347405,23.808552660023118],[91.261016111419906,23.808482820937954],[91.260549776192974,23.808465674292751],[91.260341426335884,23.808493114841436],[91.260174344184605,23.8085343759215],[91.260055768363742,23.808572739903767],[91.259740321358478,23.808686931016052],[91.258531085679763,23.80912665803287],[91.258126946209856,23.809264451761671],[91.257716139443914,23.809436870417493],[91.257087817310023,23.809650843796078],[91.256219170684801,23.809965580085208],[91.256003246233206,23.810056546715835],[91.255797434116772,23.810180723739968],[91.255664200485398,23.810269366007535],[91.255544392175977,23.810356878161635],[91.255334658913313,23.810571118770817],[91.2551960856959,23.810761966594015],[91.255061447997747,23.810963103735098],[91.25496412092663,23.810902593159376],[91.254577901948309,23.810629877306251],[91.254433534597311,23.810551745173083],[91.254399204580395,23.810537133403702],[91.254236841279337,23.810468029303276],[91.254116295453031,23.810430419523144],[91.254107249418126,23.810428971412435],[91.254096620551678,23.810428971412435],[91.254088704597379,23.810430005307584],[91.254073306575094,23.810436315519713],[91.254056817099752,23.810446764599153],[91.254049806647274,23.810453799687579],[91.254041438840403,23.810464765713039],[91.254035106615973,23.810474697020922],[91.254025155977573,23.810492698130908],[91.254014667248299,23.810515607360767],[91.253871810863629,23.810876418774143],[91.253844770675258,23.810942740684819],[91.253630838686959,23.810680618623064],[91.253453675641595,23.81047024913634],[91.253276512596187,23.81025987930877]]]},"properties":{"objectid":2039,"id":"1991","name":"Ward No 47","code":"47","town":"Agartala","district":"West Tripura","state":"Tripura","st_area(shape)":4946224.7176353531,"st_perimeter(shape)":10298.762725585253}},{"type":"Feature","id":2055,"geometry":{"type":"Polygon","coordinates":[[[91.275769855695046,23.853061596235886],[91.275751453706434,23.8530690866369],[91.275527310568322,23.853170994497574],[91.275480574817337,23.853185903808544],[91.275431559142163,23.853189828521892],[91.275412796030835,23.853191006675285],[91.275396372132505,23.85318780988662],[91.275366132145109,23.853175882931115],[91.275353107471787,23.853166005830406],[91.275199383268784,23.85295585887291],[91.275177915330119,23.85293209118473],[91.275154617523228,23.852918826661927],[91.275140584940175,23.852915598646234],[91.275116722092974,23.852906340180802],[91.275093582389587,23.852899065026243],[91.275075504692779,23.85289046711581],[91.275059595529115,23.852881208648569],[91.275041517832335,23.852869965225562],[91.275025087645787,23.852851243712223],[91.275003916151164,23.852721161695825],[91.274999577288355,23.852698014263922],[91.274993792137906,23.852678835100871],[91.274980053303963,23.852660978692857],[91.274959806175787,23.852654364903501],[91.274936666472399,23.852655687661386],[91.274899064791214,23.852677512343231],[91.274868693649779,23.852693384612699],[91.274802167114771,23.852731081553063],[91.27477902741137,23.852745631880627],[91.274756610851767,23.852754228979087],[91.274736363723591,23.852757535871266],[91.274716116595414,23.852758197249688],[91.274691530604372,23.85275621311439],[91.274666944613386,23.852747615194478],[91.274643804909985,23.85273703395999],[91.274627896644617,23.852723807210257],[91.274616326343747,23.852707272744226],[91.274606203228814,23.852688754961353],[91.274592167950786,23.852653668196204],[91.274591740352747,23.852483735593839],[91.274583786669211,23.852459266181189],[91.274572939512154,23.852440086982835],[91.274549799808767,23.852422891100446],[91.274520875853213,23.852420246401472],[91.27448616584897,23.852424213860722],[91.274440609585966,23.852435457322404],[91.274403731048579,23.852440086982835],[91.274380591345192,23.852440748362874],[91.274354559066566,23.852435457322404],[91.274337465025042,23.852428049865399],[91.274308110776516,23.852411682144474],[91.274285741827626,23.852389609297575],[91.27425878967415,23.852350591961642],[91.274216443989957,23.852301202027999],[91.274196920005579,23.852287313852965],[91.274173780302178,23.852274087057356],[91.274152810030174,23.852265489105424],[91.274119547211853,23.852254907831572],[91.274060251216582,23.852246971259436],[91.274021203247798,23.852239034686775],[91.273996617256785,23.852230437554141],[91.273972754409584,23.852213242465531],[91.273939491591221,23.852186788036246],[91.273906227874576,23.852172238467539],[91.273884534458801,23.852169592941845],[91.273857779934687,23.852172899848949],[91.273816561636195,23.852190094942902],[91.273763774833455,23.85221390384676],[91.273717495426652,23.85222448512393],[91.273694355723251,23.852226469267372],[91.273677724314084,23.852227130648505],[91.273648076316448,23.852220516836997],[91.273612644066702,23.852212581084324],[91.273559133221823,23.852190094942902],[91.273481037284299,23.852151075082119],[91.273426803295635,23.852128588930011],[91.273383416464057,23.852114700736479],[91.273332075050618,23.85210940968269],[91.273277841960279,23.852110732446175],[91.273225054259242,23.852127927548374],[91.273190345153296,23.85214710679292],[91.273040207923231,23.852269705511539],[91.272999533105491,23.852283139348572],[91.272985974832906,23.852285205650208],[91.272962247631298,23.852286239211832],[91.272931740844271,23.852283139348572],[91.272913663147477,23.852276938800291],[91.272895585450698,23.852263504962593],[91.27287411751206,23.852245937697493],[91.27284361162333,23.852234570980652],[91.272822143684664,23.852231471116198],[91.27279502713948,23.852243871395235],[91.272701412805418,23.8523100850696],[91.272677778130287,23.852332735508398],[91.272669464222346,23.852338665750654],[91.272646055024353,23.852350744777496],[91.272633478610345,23.852351150643308],[91.272602307070002,23.852345181786845],[91.272583711045314,23.852338807064275],[91.272560807598822,23.852327185662393],[91.272549635251622,23.852319585946962],[91.272542234930327,23.852304003653291],[91.272537980509142,23.852282268462002],[91.272533955158352,23.852201714713871],[91.272532229494701,23.852148173219305],[91.272529799551847,23.852072780631694],[91.272524697121042,23.852049342240168],[91.272495923184181,23.851990986147975],[91.272480420957336,23.851976690429538],[91.272453337649807,23.851965037774633],[91.272390755617224,23.851956929471779],[91.272359726909002,23.851954269153012],[91.272303488778945,23.85195293899362],[91.272242402441321,23.85195293899362],[91.272193921263735,23.851949391354101],[91.272172103880436,23.851947174695535],[91.272149318113264,23.851943627055849],[91.272133319118041,23.851939636577281],[91.272126531447753,23.851937419096974],[91.272113926287716,23.851928994478911],[91.272102775500073,23.851920569860301],[91.272093564175179,23.85191037142085],[91.272087261595132,23.851898399160113],[91.27208532213244,23.851883323739102],[91.272072141152265,23.851820276270193],[91.272067596575241,23.85180226281939],[91.27206608111733,23.851789791840961],[91.272068353855033,23.851773857019612],[91.272096958010309,23.851637231559216],[91.27209986675517,23.851618165619335],[91.272100039231717,23.851597396509277],[91.272093564175179,23.851584466239249],[91.27208532213244,23.851575154275004],[91.272071747690163,23.851569833621728],[91.272058173247927,23.851568503458392],[91.271998540384402,23.851573381271642],[91.271973330064256,23.851573381271642],[91.27196072490419,23.851571163785088],[91.271943756626811,23.851566286793325],[91.271919122126775,23.85155353809283],[91.271857005421481,23.851496726378034],[91.271825947068862,23.851464856661327],[91.271804736048367,23.851456542928062],[91.271777701249889,23.851462055017919],[91.271703985497666,23.851482177553436],[91.271659291617354,23.851494647739866],[91.271632021460263,23.851498805016149],[91.271593387614857,23.85150296229229],[91.27156232926221,23.85150296229229],[91.271533542748926,23.851490491285059],[91.271494909801817,23.851469706544229],[91.271447943183844,23.851453770861916],[91.271409006606149,23.851442574967642],[91.271390098866036,23.851440358300412],[91.271349858832892,23.85143636780635],[91.271225779932593,23.851464924032232],[91.271152539389178,23.85147671804663],[91.271111330073836,23.851473170394058],[91.271089998679102,23.851466519572231],[91.271066242731379,23.851458094101972],[91.271041517501502,23.851451886941415],[91.270987703026123,23.851445235296907],[91.270950856828108,23.851445678958992],[91.270925646507962,23.851454103608443],[91.270858590865259,23.851506426141242],[91.270835865285221,23.851522360995467],[91.270810866967494,23.85153691063714],[91.270792685964437,23.851546610397332],[91.270766930366918,23.851552152882391],[91.270751780279681,23.85155353809283],[91.270722236486606,23.851554231519614],[91.270677542606279,23.851548688213057],[91.27066011978134,23.851543839154733],[91.270636636921481,23.851532060756757],[91.27031708371706,23.851343459999409],[91.270227146187423,23.851283107929135],[91.270192730830587,23.851266084428712],[91.270155718444244,23.851259539582369],[91.270108117615649,23.851271017300402],[91.270065207789486,23.851295380129727],[91.269946263659349,23.851411299252003],[91.269918789584679,23.851428505127757],[91.26988070101666,23.851440091281574],[91.269821682600792,23.8514518951574],[91.269724351038079,23.851452908185717],[91.269606042915157,23.851450276612496],[91.269508060073861,23.851437740694088],[91.269449924701945,23.851416974019877],[91.269433424446788,23.85140153457554],[91.269390535281858,23.851344122206644],[91.269352484443075,23.851319323939929],[91.269270454782898,23.85129923506457],[91.269109959079302,23.851300906193593],[91.269059250978145,23.851297869569748],[91.268965465065847,23.85128746568196],[91.268894535887625,23.851259792634423],[91.268817577217249,23.851212239377972],[91.268637381459442,23.851111011082104],[91.268582411750586,23.851091853867363],[91.268525021082027,23.851083096446871],[91.268483704867151,23.851084715817944],[91.268438354318363,23.851103667634078],[91.268394455447066,23.851127733076272],[91.268339103954204,23.851155608265184],[91.268274453101498,23.851178049398218],[91.268147049536353,23.851195338286349],[91.268080781716137,23.851212009330553],[91.268058937383401,23.851222651487802],[91.268037086762419,23.851233296930587],[91.268024127666138,23.851254931241286],[91.268015334956146,23.851287038451296],[91.268008261621588,23.851323104930323],[91.268014547133617,23.85136418807031],[91.268017509777451,23.851372770471684],[91.268034488834616,23.851406379531205],[91.268124558416602,23.851523677192148],[91.26813426471324,23.851546326946796],[91.26813590952851,23.851560537266767],[91.268134346459902,23.851586679617593],[91.268127841758954,23.851605796501019],[91.268113639394315,23.851626850703312],[91.268097459837719,23.851649783890231],[91.2680807439869,23.851668345366111],[91.268072851388837,23.851674398878028],[91.268046838873147,23.851691882417938],[91.267998382848404,23.851717355142632],[91.267940611294179,23.851755629947796],[91.26761732379309,23.851907687274917],[91.267552454649774,23.851935517930031],[91.267454099007651,23.851986234875753],[91.267382752112852,23.852034996411021],[91.267327915354628,23.852096909156501],[91.267281673677076,23.852190782615136],[91.267265031488108,23.852214655603021],[91.267256517255859,23.852222026922199],[91.267227088447143,23.852240455218322],[91.267157158195516,23.852261243943495],[91.267003418721174,23.852270251048086],[91.266985447025604,23.852272752793279],[91.266931662194594,23.852284602602346],[91.266896453625364,23.852301416463273],[91.266882494704163,23.852317641241303],[91.266839251603017,23.852392682867364],[91.266808754697422,23.852431653359961],[91.266700676588968,23.852509848181214],[91.266650829073853,23.852528509767819],[91.266540197953347,23.852539309562147],[91.266492655515236,23.852541876207702],[91.266427763015741,23.852549910530918],[91.266381431506673,23.852563071571247],[91.266363943104722,23.852572321845312],[91.266283874466794,23.852626489215371],[91.266200269161629,23.852692382274736],[91.266163230724146,23.852707403376794],[91.266142964731358,23.852707322861104],[91.266092024864847,23.852697405466824],[91.266058289532651,23.852686199820944],[91.266026738903264,23.852669235659228],[91.266009278349088,23.852653467728555],[91.265993487762998,23.852634160391084],[91.265977017152281,23.852598953659179],[91.265972614509081,23.852557734526791],[91.265979818997621,23.852505663824914],[91.266000455096346,23.852426808442615],[91.266008348592749,23.852399623663057],[91.266008128505533,23.852364093982299],[91.266001392937525,23.852351384796648],[91.265988365569243,23.852337449796341],[91.265941268695556,23.85229883420272],[91.265910187885012,23.852279168598642],[91.265887209878358,23.852269311969369],[91.265861940269446,23.85226186013692],[91.265843732316938,23.85226274745547],[91.265754454150738,23.852293810995146],[91.265623409713726,23.852339484055047],[91.26555846421364,23.852346166052541],[91.26552687854992,23.852343882030326],[91.265486157918104,23.852333635150313],[91.265462588819986,23.85232595491933],[91.26542792462979,23.852311476023068],[91.265384615951632,23.852288744243033],[91.265316515568273,23.852237408757414],[91.265227122417713,23.8521342735256],[91.265184352728724,23.852061049112571],[91.265165959723291,23.852015948604716],[91.265144166594467,23.851958862680533],[91.265076412960838,23.851802241457921],[91.265064382722528,23.851769703038563],[91.265048090876533,23.851615265387775],[91.265032921924643,23.851404239271865],[91.265022099022119,23.851336783701402],[91.265007499602092,23.851297066869133],[91.264975080301809,23.85124937559797],[91.264941221900443,23.851220412633658],[91.264903229452131,23.851200571043979],[91.264869580358223,23.851190790741263],[91.264836535830497,23.851185131573843],[91.264781284948938,23.851180627573093],[91.264748129928435,23.851182352107539],[91.264724040705786,23.851192024781533],[91.26462564104618,23.8512625983902],[91.264555100838493,23.851334431468842],[91.264518118994886,23.8513631446422],[91.264459026018869,23.851391769898317],[91.264434176821482,23.851399762391427],[91.264409599813632,23.851403395492042],[91.264400211520567,23.851403064388567],[91.264378204592745,23.851399341733885],[91.264362681704625,23.851393267669213],[91.264334110787047,23.851380988905099],[91.264314349647407,23.851369001806692],[91.26431016439652,23.851366078564865],[91.264298354245483,23.851354662475014],[91.264278721564907,23.851329741792338],[91.264269964787545,23.851317762083607],[91.264263362170212,23.851298259006917],[91.264234465164151,23.851168449845396],[91.264216145820527,23.851030535479413],[91.264193704108109,23.85098510022198],[91.264173384216406,23.850970272817761],[91.264150993707943,23.850958666903555],[91.264072471968959,23.850907320210222],[91.264018329608476,23.850855525724455],[91.263989391279907,23.850822568872747],[91.263977395177591,23.850801236017261],[91.263960898515734,23.85074409697549],[91.263956397057839,23.85070829078288],[91.263952342062652,23.850599540329238],[91.263969374120421,23.85057508617124],[91.264026602193908,23.850545521643507],[91.264176951426379,23.850518022617209],[91.264216050599146,23.850511744753828],[91.264789778519969,23.850372306436608],[91.264854319778166,23.850359799991637],[91.264964667031066,23.85032192982473],[91.265020922229098,23.850277177893265],[91.265093013827254,23.85020261239433],[91.265126245204584,23.850142988556083],[91.265133131689524,23.850129199563973],[91.26516591121424,23.850047725922789],[91.265220865651742,23.849850238974053],[91.265231400195077,23.849749529691653],[91.265234771572352,23.84947135702912],[91.265206896849094,23.848822586693288],[91.26519759299768,23.848605363522182],[91.26518919105483,23.848460571151627],[91.265187989108981,23.848363996804228],[91.265212658643335,23.848224896325643],[91.265264251585037,23.848127772140554],[91.265361589435969,23.847993951127812],[91.265446329313349,23.847908554557662],[91.265655555926159,23.847749422499717],[91.265749705656148,23.847657027205692],[91.266087588983979,23.847369131904252],[91.266305612798348,23.847183362976299],[91.266497783997195,23.847010209005926],[91.266641054505257,23.846892220381328],[91.266686907212289,23.846871319875483],[91.26678414624854,23.846854807668283],[91.266857957222172,23.846864166804352],[91.267060455453517,23.846927522328773],[91.267475205823558,23.847021846495448],[91.267992129675719,23.84708322347203],[91.268156460287244,23.847079069340626],[91.268432223316566,23.847056473032477],[91.26857935658029,23.847020468631211],[91.268617046296384,23.847007712910571],[91.268686044096711,23.846963316419892],[91.268788229256913,23.846860044709306],[91.26888603513008,23.846752016522561],[91.269279045371974,23.846328258019433],[91.269344425656641,23.846259578865936],[91.269596712114307,23.845894705925744],[91.269632557589105,23.845842406598067],[91.269763317260157,23.845705048561506],[91.269846282066538,23.845637422411674],[91.269950964543213,23.845576987985897],[91.270042254935646,23.845526584039529],[91.27017758523489,23.845414712777888],[91.270235952372175,23.845341588916114],[91.270269094816243,23.845289317300864],[91.270375126562513,23.845120070968679],[91.270405304566168,23.845046812192216],[91.270453762387532,23.844867604824799],[91.27046069827982,23.844827402065146],[91.270488401424885,23.844663915643956],[91.270516258181843,23.844512791418182],[91.270531640034477,23.844401726133182],[91.270589539149455,23.844216886338121],[91.270597748852836,23.844190676769387],[91.270598252807702,23.844190734284375],[91.270598682202419,23.844190783582896],[91.270611755384749,23.844192278150462],[91.270613450505707,23.844192472058069],[91.270616645813178,23.844192837688922],[91.270713369216423,23.844201458360729],[91.270779513069144,23.844212843858198],[91.270951323053737,23.844201522448817],[91.271031640524953,23.844186769038025],[91.271253464213018,23.844111318412494],[91.271483390704944,23.844024408282081],[91.271690058915837,23.843936743824209],[91.271895864744067,23.84379884969924],[91.271934345875891,23.8437628419282],[91.271980485145505,23.843716467447333],[91.272024853835717,23.843666946868403],[91.272077459178746,23.843584107697378],[91.272119763540417,23.843507705254151],[91.272165665654796,23.843442343239253],[91.272215244573644,23.843394350819878],[91.272295785725404,23.843331793031993],[91.272400520304359,23.843262072905848],[91.272480508992217,23.843229378694218],[91.272534815744407,23.843213778874738],[91.272740290094276,23.8431799885714],[91.272888930731085,23.843167363114993],[91.27302381007604,23.843161210607892],[91.273123322748276,23.843169167455965],[91.27330300736466,23.84321211092805],[91.273424598829962,23.843250407964412],[91.273735683616209,23.843361111889177],[91.273876061549046,23.843411538861986],[91.273966107774797,23.843455248028867],[91.274032724141321,23.84349581356031],[91.274077570735244,23.843532085975689],[91.274110221800882,23.843564402153646],[91.274154108994082,23.843616292398981],[91.274164332720346,23.84363161034549],[91.274404584448135,23.843911977006016],[91.274593139029633,23.844084602690238],[91.274655863894353,23.844128457882618],[91.274830061600966,23.844223079877249],[91.274950404408031,23.844267307226566],[91.27503219691296,23.84428155696175],[91.275045991442454,23.844282878983464],[91.275124025396252,23.844274417715614],[91.275157659218806,23.844261702806833],[91.275184585321099,23.844349786082091],[91.275265570240606,23.844593635875853],[91.275318370518065,23.844752621448151],[91.275382871352093,23.844958574922728],[91.275390303114435,23.844969640736746],[91.275402956783523,23.844974375011816],[91.275432575136762,23.844974375011816],[91.275454005346177,23.844971014514591],[91.275466568285424,23.844966190680928],[91.275479884012896,23.844958440174153],[91.275488777334189,23.844951945950818],[91.275503504314969,23.844937304368127],[91.275515875913072,23.844929244102232],[91.275519783584542,23.844927854712797],[91.275525993638112,23.844927056902574],[91.275533296043051,23.844927764332652],[91.275557078041871,23.844934505870171],[91.275560832101448,23.844935874718569],[91.275572331435413,23.844941348468758],[91.275579491906555,23.844947557584387],[91.275586231966102,23.844956116583152],[91.275592557902343,23.84496694165761],[91.27559839066349,23.844980353245713],[91.275606598570235,23.845017244760179],[91.275615187362675,23.845102123960821],[91.2756264980504,23.845157784901257],[91.275633763624427,23.845164552719165],[91.275648643318789,23.845172308143432],[91.275656256540827,23.845173295750126],[91.2756777011233,23.8451768517915],[91.275691826232816,23.845182870276272],[91.275707264679298,23.845196672940798],[91.275714943478334,23.845210814939527],[91.275714895867623,23.84522916864206],[91.275708610355593,23.845250192658057],[91.275704354137773,23.845260151703961],[91.275587575845762,23.845401395722693],[91.275545408028023,23.845489294999123],[91.275512066157958,23.845556565458811],[91.275465976295663,23.845692001853379],[91.275452247343168,23.845726085646447],[91.275443421395508,23.845738642658116],[91.275428711482732,23.845762859455203],[91.275420965310033,23.845774045980541],[91.275347432814129,23.845853777162066],[91.275344621087314,23.845862226823982],[91.275341809360469,23.845873615462121],[91.275341809360469,23.845882800483128],[91.275341809360469,23.845889412974767],[91.275373763333405,23.846023711062912],[91.275381162756432,23.846044992942073],[91.275382847097603,23.846048074878631],[91.275385585162581,23.846049904650059],[91.275388638536214,23.846050386125619],[91.275396114316024,23.846050289994832],[91.275437206850356,23.846045650246584],[91.275449704212605,23.84604450325017],[91.275467084816711,23.846040311290473],[91.275600640943281,23.846000606802853],[91.275623772561843,23.845996243120837],[91.275648566962005,23.84599426874161],[91.275684142942183,23.84599732356558],[91.275706183107701,23.846004128313048],[91.275733796421221,23.846023678197707],[91.275765375796709,23.846059590031587],[91.275779551211883,23.846082811774266],[91.275791880589182,23.846115289999133],[91.275801150304588,23.846144409392359],[91.275811089264877,23.846156631960117],[91.275821629198106,23.846163685653085],[91.275829855969462,23.846168153676455],[91.27583782492438,23.846171210139595],[91.275851706590458,23.846173561644214],[91.275869701642222,23.846175912327183],[91.275890780610382,23.846177793859468],[91.275920601084522,23.846182731032986],[91.275992796887294,23.846199885840203],[91.276024314279056,23.846206976504142],[91.276094079240636,23.84623133371236],[91.276142194803867,23.846249506511953],[91.276155305715449,23.84625938167493],[91.276167130239529,23.84627584055205],[91.276173814603567,23.846288772173356],[91.276178698743749,23.84630687676966],[91.27618024115111,23.846322394875688],[91.276178996086131,23.846340030317286],[91.276176899418275,23.846363071251421],[91.276173299868901,23.846393167505227],[91.276169251161917,23.846416238830173],[91.276161619973564,23.846441587704259],[91.276149971519303,23.846464365699408],[91.276133101158251,23.846489715385704],[91.276108197163651,23.8465264528262],[91.276039110430077,23.846633699012131],[91.276034997044405,23.846644514908576],[91.276034997044405,23.846649452064309],[91.27603756802273,23.846654625026723],[91.276042965999281,23.846659092211532],[91.27605427668702,23.846664735144039],[91.276168467831013,23.846712711563381],[91.276211773814225,23.84673521097957],[91.276255231612708,23.846754211086054],[91.276320333419662,23.846767624954129],[91.276334647175403,23.846775750835821],[91.276341721408272,23.846786435260274],[91.276344189978673,23.846798021829066],[91.276342379873384,23.846807652927382],[91.276322987941342,23.846888175519954],[91.276276214461106,23.84712943735347],[91.275722183001207,23.847150078184605],[91.275520954987684,23.847150631958957],[91.275506896353491,23.84715430543827],[91.275500469805948,23.84716091868669],[91.275497255633866,23.847168632910332],[91.275425742550738,23.847983771276592],[91.275426513305248,23.847991059852962],[91.275427798794396,23.847995997778998],[91.275433711505613,23.848002581406227],[91.275447079335351,23.848007048544577],[91.275487872730722,23.848013468669258],[91.275792984618633,23.848075968327798],[91.275838405236044,23.84808926703262],[91.275852877993586,23.848094635482585],[91.275904355950956,23.848118012968019],[91.275915825640496,23.848124665604924],[91.275986304762739,23.848162412349655],[91.275990604099675,23.848194463634176],[91.27599313555217,23.848253538707283],[91.276019988890923,23.848604788392098],[91.276035846850661,23.848683519571445],[91.276073650652734,23.848771265445283],[91.276088869011971,23.848864335310719],[91.27608660525749,23.848899636721033],[91.276067627448768,23.848958422265202],[91.276051098447553,23.848995580492971],[91.27604279531937,23.849007258063182],[91.276024974540775,23.849044231414311],[91.276011362369275,23.849196894163388],[91.276002441200191,23.849498336199137],[91.275943173950992,23.849827345727395],[91.275952775144773,23.84991996788073],[91.276000292430041,23.850004468397152],[91.276184694998278,23.850226627885977],[91.276314432386556,23.850468672243665],[91.276331951331244,23.850518714406363],[91.276332531642907,23.850565298426915],[91.276321201192246,23.850586782496023],[91.276287101144064,23.850605315368082],[91.276248822133155,23.850613754039426],[91.276032957868694,23.850663153653784],[91.275716618836356,23.850687525635028],[91.275703869047504,23.85068742704286],[91.275625493733912,23.850687266830636],[91.275498240187417,23.850694491991685],[91.275442605725246,23.850705791472336],[91.275398597259468,23.850722359057777],[91.275366831034376,23.850752478125738],[91.275342053702204,23.850805714561563],[91.275329188929049,23.850860990187023],[91.275321702369467,23.850904490620348],[91.275319094560189,23.850966023505375],[91.275364571771448,23.851134069243269],[91.275379005901442,23.851163314035066],[91.275542638521998,23.851371312137211],[91.275642824930685,23.851512164167872],[91.275703402821875,23.851606074200287],[91.275708227673263,23.851614631937782],[91.275721431111336,23.851649533303728],[91.275725103424193,23.85169558534594],[91.275725059406739,23.851713505971365],[91.275729262623969,23.851742340656727],[91.275740375682361,23.851770900101524],[91.275753961802693,23.85179264688092],[91.275779273632466,23.851817479564023],[91.275805093908673,23.851839768587563],[91.275825778516406,23.851863818282769],[91.275853984718012,23.851913176340979],[91.275868135878682,23.851949901563504],[91.275878045194588,23.851978252277934],[91.275895724039373,23.852017552353882],[91.275914242808966,23.852053240696993],[91.275925477139907,23.852071469370141],[91.275949057916108,23.852098707622023],[91.275961405259693,23.852107716381131],[91.276003216446298,23.852132921185056],[91.276030115599141,23.852149402320908],[91.276049729415078,23.852162656241777],[91.276092064319442,23.852193545627998],[91.276118058868818,23.852232576978267],[91.276141992682966,23.852307064079657],[91.276194179411064,23.852517272065342],[91.276268641663279,23.85269034144881],[91.276307221609784,23.852791091990024],[91.275769855695046,23.853061596235886]]]},"properties":{"objectid":2055,"id":"2008","name":"Ward No 13","code":"13","town":"Agartala","district":"West Tripura","state":"Tripura","st_area(shape)":978380.81523569638,"st_perimeter(shape)":5260.0655990340438}},{"type":"Feature","id":2040,"geometry":{"type":"Polygon","coordinates":[[[91.258526992955325,23.8230491845109],[91.258308292709543,23.823077590851067],[91.25827381177568,23.823087254938518],[91.258253631122813,23.823102169352381],[91.258184087146759,23.823188502646953],[91.258100383026914,23.823287276734085],[91.258066923477514,23.823318522253551],[91.257995494836024,23.823377147643779],[91.257800318772553,23.823485274192944],[91.257561131548385,23.823619456603016],[91.257499203489317,23.823648230150638],[91.257289866383701,23.823718745613224],[91.257194353909455,23.82374473990614],[91.256948023282135,23.823766764214326],[91.256894186348816,23.823766313883368],[91.256697835288989,23.823725909000558],[91.256419068293368,23.823647165133405],[91.256309712780578,23.823605531663098],[91.256063472883113,23.823491081666802],[91.25596207195214,23.823421256370708],[91.255601560960656,23.82314200576057],[91.255548289067647,23.823090115541167],[91.255464239994723,23.822994136988321],[91.255378431122182,23.822872378385885],[91.255300174386193,23.822750921261825],[91.255148998703675,23.822481602885599],[91.255127922430461,23.822454314035937],[91.255094867122949,23.822438810331253],[91.25488761231216,23.822407135630552],[91.254821817005819,23.822406961413122],[91.25472237889376,23.822433138404023],[91.254665834438228,23.822458523193681],[91.254606539341239,23.822505677748776],[91.254530361306848,23.822580266570586],[91.254492291603412,23.822624549785505],[91.254384392259681,23.822810567556637],[91.25429123876134,23.822950116046385],[91.254246928461654,23.823012021313492],[91.254180404621593,23.823080969994674],[91.254042015558795,23.823165114914879],[91.253796105343071,23.823260953639497],[91.253737951106515,23.823274472659559],[91.253709140338728,23.823276555858985],[91.253525716035782,23.823289818483644],[91.253378958267845,23.823277994786846],[91.253338411010859,23.823273061671994],[91.25321544871646,23.823243969192379],[91.253130548040616,23.823211038193772],[91.252595326404474,23.822958028936721],[91.252489538101656,23.822905348093979],[91.252265357234293,23.822433661878069],[91.249740009714316,23.820123449380823],[91.246620463464822,23.817541399237872],[91.24618069770905,23.817105559137975],[91.244605315008783,23.815544225616573],[91.243055267494455,23.814007983622005],[91.240827019788398,23.812377144039946],[91.23978717133798,23.811154001115092],[91.240529919974477,23.809523125683846],[91.244695257928285,23.807000664555467],[91.246409710614316,23.805282694031995],[91.246691767240506,23.805000056841493],[91.252927971655865,23.809837459571131],[91.253276512596187,23.81025987930877],[91.253453675641595,23.81047024913634],[91.253630838686959,23.810680618623064],[91.253844770675258,23.810942740684819],[91.253871810863629,23.810876418774143],[91.254014667248299,23.810515607360767],[91.254025155977573,23.810492698130908],[91.254035106615973,23.810474697020922],[91.254041438840403,23.810464765713039],[91.254049806647274,23.810453799687579],[91.254056817099752,23.810446764599153],[91.254073306575094,23.810436315519713],[91.254088704597379,23.810430005307584],[91.254096620551678,23.810428971412435],[91.254107249418126,23.810428971412435],[91.254116295453031,23.810430419523144],[91.254236841279337,23.810468029303276],[91.254399204580395,23.810537133403702],[91.254433534597311,23.810551745173083],[91.254577901948309,23.810629877306251],[91.25496412092663,23.810902593159376],[91.255061447997747,23.810963103735098],[91.255410700403814,23.811199431423567],[91.255954010470802,23.811641486447297],[91.256561286874231,23.812105554747053],[91.256616572790051,23.812146536073591],[91.256606998545749,23.812177683188082],[91.25658004369734,23.81223735242234],[91.256567486148001,23.812256546606434],[91.256545766681072,23.81229104024527],[91.256515480879557,23.812340949206607],[91.25649292418278,23.812384391881288],[91.256475893023307,23.81249409073402],[91.256480135766395,23.812521232924183],[91.256513131785084,23.812640302307067],[91.256560616731022,23.812783668500746],[91.256564466012023,23.812799224312901],[91.256567809541522,23.812816959645925],[91.256570760507202,23.812831090381724],[91.256573024261741,23.812864101267014],[91.256571150376047,23.812869674991479],[91.256566435119126,23.81287693431111],[91.256559835196711,23.81288085366965],[91.256544182052878,23.812888221471656],[91.256517071795926,23.812895914722098],[91.256476096042547,23.812906157321606],[91.256450603651416,23.812919415253113],[91.25643810449256,23.812931686152901],[91.256428864421565,23.81294465643769],[91.256402524919096,23.813013694294565],[91.256398600179637,23.813027810215829],[91.256397349724764,23.81306247048316],[91.256400024009338,23.813083015649369],[91.256425477772936,23.813141340760644],[91.256674206902062,23.813521938814958],[91.256701040477935,23.813565049072569],[91.256718923240285,23.813599630300203],[91.25672564353691,23.813629227905221],[91.25672574145328,23.813656076462671],[91.256722415890096,23.81366784926038],[91.256683328395468,23.813714756349427],[91.25662848714569,23.813747938773592],[91.256543616114243,23.813775649411504],[91.256491923459535,23.813801550363042],[91.256418205910691,23.813862583918095],[91.256402996534646,23.813889517076223],[91.256382867984073,23.81393070165452],[91.256367908339641,23.813974040246162],[91.25634776721266,23.814014169563347],[91.256335619295072,23.814031142890801],[91.256274921029643,23.814087967730728],[91.256238518599389,23.814110846740231],[91.25617236935679,23.81414412850491],[91.256057923091262,23.814187771925173],[91.255972638834834,23.81420839334368],[91.255908698549533,23.814215374809166],[91.255864416995948,23.814220319773948],[91.255839900175204,23.814228038422264],[91.255809148148089,23.814239796375144],[91.25580291384,23.814243834858178],[91.255766920143202,23.814266559335785],[91.255722369993322,23.814287874367853],[91.255650956623185,23.814312435631578],[91.255608580396284,23.81432646922848],[91.255565039952756,23.81433740862823],[91.255504802523063,23.814352221318618],[91.255359271853791,23.814365512797512],[91.255199476836111,23.814388139455929],[91.255075695278151,23.814413987688077],[91.255068252736038,23.814421868225573],[91.255064224690315,23.814430413623864],[91.255060860499555,23.814440488448781],[91.255055926952025,23.814453954146781],[91.255054992704103,23.814476665438306],[91.255058083807029,23.81449406112618],[91.25506228612592,23.814508873798694],[91.255066601632535,23.814529773766669],[91.25506888335336,23.814541880970047],[91.255070366471898,23.81455523160129],[91.255068954320265,23.814565685280204],[91.255061240486924,23.814579111517393],[91.25504773701158,23.814586744674056],[91.255010710252193,23.814591586074112],[91.254869010897593,23.814591258164],[91.254805683263328,23.814591111878293],[91.25467968556157,23.814588568314683],[91.254519044330877,23.814575730508775],[91.254458014587115,23.814575118245433],[91.254330263373916,23.814581611524158],[91.254262945423164,23.814588856776961],[91.25423079651577,23.814593237952231],[91.254205716451381,23.81459978547085],[91.254197062980239,23.814603496854424],[91.254175372259382,23.81461793886924],[91.25413546909445,23.814656952764743],[91.254101372639553,23.814684442136532],[91.254094529273701,23.814689032875037],[91.254089179806172,23.814693594849324],[91.254068767387977,23.814706417028823],[91.254061849461991,23.81470963777733],[91.254049118537765,23.814712990018442],[91.254032161040143,23.814710653558155],[91.254024200170107,23.814709059209601],[91.25401016040054,23.814694606521147],[91.253976469984124,23.814623339934151],[91.253973672630323,23.814617421938305],[91.253955074808985,23.814598825573583],[91.253945699092384,23.814596734838393],[91.253926172413045,23.814593138510816],[91.253905062003852,23.814598108116094],[91.2538941016591,23.814604582491601],[91.253843885834726,23.814634246435723],[91.253790960691418,23.814665512118633],[91.25377887296095,23.814680176842288],[91.253776344203445,23.814712008754437],[91.253777369181179,23.814736718688955],[91.253782007182991,23.814764160377781],[91.253779218812326,23.814781132785338],[91.253770037131829,23.814795981585533],[91.253748383241899,23.814818885946927],[91.253475157054979,23.814995359519266],[91.253343022961531,23.815088750302085],[91.253231349795271,23.81519079813425],[91.25318174931688,23.815248972726245],[91.253154197088804,23.815338614160218],[91.253147407621881,23.815413068212592],[91.253151282055683,23.815525648286567],[91.253173530630335,23.815605183566383],[91.253190389313261,23.815677452238464],[91.253188252221193,23.815722585107878],[91.253182595529879,23.815752631765832],[91.253164866379436,23.81577486699501],[91.253128624747603,23.815804187149986],[91.253089586660309,23.815819130342746],[91.252970375730513,23.81586476200874],[91.252799691334957,23.815955405639436],[91.252703492547809,23.816028714541659],[91.252693723369106,23.816051574307238],[91.252694053949142,23.816065736741937],[91.25270016249307,23.816081191076904],[91.252805888812119,23.816126272853115],[91.252871182858527,23.816162511009349],[91.252924307427804,23.816197108803259],[91.253083082857643,23.816377061725603],[91.253238185076299,23.816584401462524],[91.253405074089756,23.816831552915367],[91.253446258252296,23.816881214408316],[91.253560203257862,23.817041728007847],[91.253618594649666,23.817123982562695],[91.25363878248902,23.817166316653882],[91.253642240104554,23.817185082766194],[91.253639586481199,23.817206410468064],[91.253629927795274,23.817239758005954],[91.253572323327688,23.817338598256576],[91.253535876879965,23.817426249462589],[91.253531762595983,23.817458423396818],[91.253540020808373,23.817487297749643],[91.25355300775243,23.817501488791141],[91.253606169152647,23.817528686639317],[91.253747219025286,23.817584010143218],[91.253786368503697,23.817599365680092],[91.253816335403272,23.81760965392991],[91.25393155691485,23.817634908173297],[91.254005535873446,23.817651123317987],[91.254033464495635,23.817659094879939],[91.254053081904829,23.817669166167061],[91.254058878733318,23.817675292763607],[91.254065222635859,23.817690826622542],[91.254065497520344,23.817692887722735],[91.254068641623846,23.817716473675372],[91.254060961028159,23.817769308659194],[91.254056926694233,23.817847678060549],[91.254060703211692,23.817883910805335],[91.254077028295342,23.81793092649329],[91.254122817221997,23.818015954087457],[91.254159976033733,23.818079989368648],[91.254182606392376,23.818117410382381],[91.254218040438758,23.818156487327098],[91.254257353410523,23.818183124565543],[91.254272259156025,23.818188603553843],[91.254282296032699,23.818190783808134],[91.254311139139844,23.818191738747998],[91.254361687340889,23.818186277017812],[91.254369186476879,23.81818546671596],[91.254384300631514,23.818186482469606],[91.254391916548514,23.818188307703277],[91.254429210107546,23.818210732352615],[91.254447569875325,23.818225958791693],[91.254450212718879,23.818228660892736],[91.254467878987242,23.818253942957117],[91.254475582939136,23.818272770547708],[91.254501378960825,23.818321061538143],[91.254524773785775,23.818351700938631],[91.254570624696186,23.818409885619293],[91.254582106962147,23.818418800567581],[91.254605724569274,23.818431935487016],[91.254638390906251,23.818440653200458],[91.254642250068727,23.81844149883835],[91.254669474411727,23.8184448255071],[91.25470165476014,23.818445596360647],[91.254763229781304,23.818445577459144],[91.255040867594587,23.818432509107318],[91.255093262731847,23.818428062317192],[91.255145559952737,23.818417134767461],[91.2551774528403,23.818403856030507],[91.255251882753143,23.818347416041536],[91.255268414449333,23.818330462180008],[91.255441973453813,23.818131132102884],[91.255478861872618,23.818108475690011],[91.255588397946795,23.818065609374596],[91.255647495414379,23.818066671150426],[91.255705566107608,23.818100763846886],[91.255723508158766,23.818126369728351],[91.255751920074601,23.818201899570763],[91.255781875296051,23.818266805053447],[91.255801887065616,23.81830527628188],[91.255853133257645,23.818356302230907],[91.255944388615788,23.818392982717896],[91.255992114310203,23.818424321457982],[91.256056600771188,23.818477467617885],[91.256119421755628,23.818541487878882],[91.256200540524091,23.818638464107941],[91.256273607692677,23.81875906547431],[91.256373790508107,23.818937019508596],[91.256594502081825,23.819210976087476],[91.256667564758871,23.819300688747298],[91.256746314669911,23.819436395812691],[91.256847358969694,23.81970762132616],[91.256941824906662,23.819904552624273],[91.25706075556208,23.820053121799365],[91.25712452516747,23.820158297588122],[91.257164395993058,23.820228093411764],[91.257300385655682,23.820424712460575],[91.257399128471747,23.820500194945126],[91.25744829236892,23.82055045658625],[91.257556320171702,23.820584264290254],[91.257657592643582,23.820642341137162],[91.25772525914067,23.820709614623386],[91.257549022258345,23.820856439037986],[91.257624052245816,23.820906009415854],[91.258014104335459,23.821398275440576],[91.259173026273402,23.820835453800729],[91.259285230343963,23.821164415248528],[91.259260296704923,23.82133592892573],[91.259276924520819,23.821602586272782],[91.259353800546236,23.822343904542446],[91.258575817289341,23.822498140384262],[91.258526992955325,23.8230491845109]]]},"properties":{"objectid":2040,"id":"1992","name":"Ward No 38","code":"38","town":"Agartala","district":"West Tripura","state":"Tripura","st_area(shape)":2218823.3709143912,"st_perimeter(shape)":7824.2020016221913}},{"type":"Feature","id":2041,"geometry":{"type":"Polygon","coordinates":[[[91.265884956903633,23.826565928766215],[91.265623785209513,23.826602536261916],[91.265360506966061,23.8266487771646],[91.265097228722567,23.826725846120922],[91.264899243627212,23.826810621426926],[91.264749701980193,23.826891542660633],[91.264558035634522,23.827024485634386],[91.264381113337649,23.827176696050625],[91.264275802040245,23.827290371173216],[91.264210508892148,23.827380926292381],[91.26418628761715,23.827423313738294],[91.264148375118879,23.827504235411574],[91.264044049273366,23.82784844881574],[91.263997809392436,23.828047754105945],[91.26394091189897,23.828332714310317],[91.263833528188215,23.829018075654762],[91.263759904064173,23.82920868270206],[91.263725468046061,23.829284481375982],[91.263707288839669,23.829318173404751],[91.263677878895564,23.829360129627826],[91.26365125283057,23.829393039344122],[91.263622866965875,23.829419932301171],[91.263587082576535,23.829441332770188],[91.263551739260009,23.829452743393961],[91.263512478390524,23.829460056842361],[91.263364889680901,23.82946409649524],[91.263273707086313,23.829457742834457],[91.263148290594543,23.829435439280388],[91.263085167776168,23.829419738371456],[91.26303060859739,23.829403102324932],[91.26296254055336,23.82938022929822],[91.262891694918466,23.829352273827755],[91.262851409969571,23.829329400792101],[91.26280140165602,23.82929509164191],[91.262325361030761,23.828822999706532],[91.261789851035374,23.828195203781846],[91.26159233396227,23.827954956909348],[91.26140132787836,23.827663086625499],[91.261028271015618,23.827150589043672],[91.260976978111188,23.827100294623687],[91.260906474734412,23.827050852340012],[91.260713392643879,23.826964667887069],[91.260573069508311,23.826918254529048],[91.260335960087374,23.826863824140258],[91.260375792285416,23.826359972376974],[91.260399737777604,23.826232042256954],[91.260466019072538,23.825954778954404],[91.26052673171101,23.825668486385144],[91.260538074738079,23.825547765710429],[91.260537187202587,23.825407958694164],[91.260534114964315,23.825364024856107],[91.260532406368668,23.825339582373925],[91.260523437588844,23.82521131103811],[91.260512355971514,23.825161263217026],[91.260508196771767,23.825133048803853],[91.26049442110687,23.825087191124474],[91.260482563345121,23.825065436578871],[91.260393287873868,23.824958890777371],[91.260350320555503,23.824895153082132],[91.260343795193293,23.824870616008699],[91.260349544411113,23.824792341242446],[91.260351015851526,23.824772308246022],[91.260350513693282,23.824671613178452],[91.26034134728414,23.824639777134838],[91.260332271604824,23.824626297701816],[91.260311552861111,23.824599885306338],[91.260265206080661,23.82456642461225],[91.260089013215776,23.824498904951728],[91.259998251032741,23.824472119447911],[91.259817854052329,23.824464405517656],[91.259704686089449,23.824471919758466],[91.259601962838389,23.824488006674997],[91.259588526736707,23.824492947961339],[91.259570259495405,23.824504406682838],[91.259544949462281,23.824527936339198],[91.259538194131338,23.824533969752309],[91.25952955593155,23.824537085892555],[91.25952359560965,23.824536904282056],[91.2595162527805,23.824535641226298],[91.25946177894167,23.824497652578565],[91.259313434748933,23.824379143835593],[91.25928409217849,23.824363766091359],[91.259263824389052,23.824360695965943],[91.259252386140545,23.824360461762058],[91.25919277034501,23.824382301889692],[91.259177498985181,23.824388076452689],[91.259160781337755,23.82439458567589],[91.259147043402109,23.824397286826724],[91.259135139826284,23.824396405069855],[91.259109788470653,23.824367956286469],[91.259041047588454,23.824269077835556],[91.258973768265278,23.824151143300611],[91.258942214940902,23.824087688719164],[91.258938293794699,23.824078147971679],[91.258921490807296,23.824014157560327],[91.258918193990212,23.823922616431719],[91.258927819438483,23.823795329821078],[91.258941425321794,23.823718219679041],[91.258964488668369,23.82365675768424],[91.259015561485555,23.823551527206671],[91.259035858919404,23.823490469445495],[91.259068085081893,23.823356486593244],[91.259078170467575,23.823224316438861],[91.259073616009104,23.823154006151547],[91.25905736907886,23.823044065665893],[91.259048841371879,23.823019082017776],[91.259041317981357,23.823010328453705],[91.259020717815289,23.822995941609946],[91.258986925889246,23.822981383835039],[91.258961011289912,23.822975405408769],[91.258932380185186,23.822973581886011],[91.2589147848837,23.822973968121108],[91.258842949305375,23.822993425329685],[91.258830120464822,23.822996899801559],[91.258720799986321,23.823024011033386],[91.258526992955325,23.8230491845109],[91.258575817289341,23.822498140384262],[91.259353800546236,23.822343904542446],[91.259276924520819,23.821602586272782],[91.259260296704923,23.82133592892573],[91.259285230343963,23.821164415248528],[91.259173026273402,23.820835453800729],[91.258014104335459,23.821398275440576],[91.257624052245816,23.820906009415854],[91.257549022258345,23.820856439037986],[91.25772525914067,23.820709614623386],[91.257657592643582,23.820642341137162],[91.257556320171702,23.820584264290254],[91.25744829236892,23.82055045658625],[91.257399128471747,23.820500194945126],[91.257300385655682,23.820424712460575],[91.257164395993058,23.820228093411764],[91.25712452516747,23.820158297588122],[91.25706075556208,23.820053121799365],[91.256941824906662,23.819904552624273],[91.256847358969694,23.81970762132616],[91.256746314669911,23.819436395812691],[91.256667564758871,23.819300688747298],[91.256594502081825,23.819210976087476],[91.256373790508107,23.818937019508596],[91.256273607692677,23.81875906547431],[91.256200540524091,23.818638464107941],[91.256119421755628,23.818541487878882],[91.256056600771188,23.818477467617885],[91.255992114310203,23.818424321457982],[91.255944388615788,23.818392982717896],[91.255853133257645,23.818356302230907],[91.255801887065616,23.81830527628188],[91.255781875296051,23.818266805053447],[91.255751920074601,23.818201899570763],[91.255723508158766,23.818126369728351],[91.255705566107608,23.818100763846886],[91.255647495414379,23.818066671150426],[91.255588397946795,23.818065609374596],[91.255478861872618,23.818108475690011],[91.255441973453813,23.818131132102884],[91.255268414449333,23.818330462180008],[91.255251882753143,23.818347416041536],[91.2551774528403,23.818403856030507],[91.255145559952737,23.818417134767461],[91.255093262731847,23.818428062317192],[91.255040867594587,23.818432509107318],[91.254763229781304,23.818445577459144],[91.25470165476014,23.818445596360647],[91.254669474411727,23.8184448255071],[91.254642250068727,23.81844149883835],[91.254638390906251,23.818440653200458],[91.254605724569274,23.818431935487016],[91.254582106962147,23.818418800567581],[91.254570624696186,23.818409885619293],[91.254524773785775,23.818351700938631],[91.254501378960825,23.818321061538143],[91.254475582939136,23.818272770547708],[91.254467878987242,23.818253942957117],[91.254450212718879,23.818228660892736],[91.254447569875325,23.818225958791693],[91.254429210107546,23.818210732352615],[91.254391916548514,23.818188307703277],[91.254384300631514,23.818186482469606],[91.254369186476879,23.81818546671596],[91.254361687340889,23.818186277017812],[91.254311139139844,23.818191738747998],[91.254282296032699,23.818190783808134],[91.254272259156025,23.818188603553843],[91.254257353410523,23.818183124565543],[91.254218040438758,23.818156487327098],[91.254182606392376,23.818117410382381],[91.254159976033733,23.818079989368648],[91.254122817221997,23.818015954087457],[91.254077028295342,23.81793092649329],[91.254060703211692,23.817883910805335],[91.254056926694233,23.817847678060549],[91.254060961028159,23.817769308659194],[91.254068641623846,23.817716473675372],[91.254065497520344,23.817692887722735],[91.254065222635859,23.817690826622542],[91.254058878733318,23.817675292763607],[91.254053081904829,23.817669166167061],[91.254033464495635,23.817659094879939],[91.254005535873446,23.817651123317987],[91.25393155691485,23.817634908173297],[91.253816335403272,23.81760965392991],[91.253786368503697,23.817599365680092],[91.253747219025286,23.817584010143218],[91.253606169152647,23.817528686639317],[91.25355300775243,23.817501488791141],[91.253540020808373,23.817487297749643],[91.253531762595983,23.817458423396818],[91.253535876879965,23.817426249462589],[91.253572323327688,23.817338598256576],[91.253629927795274,23.817239758005954],[91.253639586481199,23.817206410468064],[91.253642240104554,23.817185082766194],[91.25363878248902,23.817166316653882],[91.253618594649666,23.817123982562695],[91.253560203257862,23.817041728007847],[91.253446258252296,23.816881214408316],[91.253405074089756,23.816831552915367],[91.253238185076299,23.816584401462524],[91.253083082857643,23.816377061725603],[91.252924307427804,23.816197108803259],[91.252871182858527,23.816162511009349],[91.252805888812119,23.816126272853115],[91.25270016249307,23.816081191076904],[91.252694053949142,23.816065736741937],[91.252693723369106,23.816051574307238],[91.252703492547809,23.816028714541659],[91.252799691334957,23.815955405639436],[91.252970375730513,23.81586476200874],[91.253089586660309,23.815819130342746],[91.253128624747603,23.815804187149986],[91.253164866379436,23.81577486699501],[91.253182595529879,23.815752631765832],[91.253188252221193,23.815722585107878],[91.253190389313261,23.815677452238464],[91.253173530630335,23.815605183566383],[91.253151282055683,23.815525648286567],[91.253147407621881,23.815413068212592],[91.253154197088804,23.815338614160218],[91.25318174931688,23.815248972726245],[91.253231349795271,23.81519079813425],[91.253343022961531,23.815088750302085],[91.253475157054979,23.814995359519266],[91.253748383241899,23.814818885946927],[91.253770037131829,23.814795981585533],[91.253779218812326,23.814781132785338],[91.253782007182991,23.814764160377781],[91.253777369181179,23.814736718688955],[91.253776344203445,23.814712008754437],[91.25377887296095,23.814680176842288],[91.253790960691418,23.814665512118633],[91.253843885834726,23.814634246435723],[91.2538941016591,23.814604582491601],[91.253905062003852,23.814598108116094],[91.253926172413045,23.814593138510816],[91.253945699092384,23.814596734838393],[91.253955074808985,23.814598825573583],[91.253973672630323,23.814617421938305],[91.253976469984124,23.814623339934151],[91.25401016040054,23.814694606521147],[91.254024200170107,23.814709059209601],[91.254032161040143,23.814710653558155],[91.254049118537765,23.814712990018442],[91.254061849461991,23.81470963777733],[91.254068767387977,23.814706417028823],[91.254089179806172,23.814693594849324],[91.254094529273701,23.814689032875037],[91.254101372639553,23.814684442136532],[91.25413546909445,23.814656952764743],[91.254175372259382,23.81461793886924],[91.254197062980239,23.814603496854424],[91.254205716451381,23.81459978547085],[91.25423079651577,23.814593237952231],[91.254262945423164,23.814588856776961],[91.254330263373916,23.814581611524158],[91.254458014587115,23.814575118245433],[91.254519044330877,23.814575730508775],[91.25467968556157,23.814588568314683],[91.254805683263328,23.814591111878293],[91.254869010897593,23.814591258164],[91.255010710252193,23.814591586074112],[91.25504773701158,23.814586744674056],[91.255061240486924,23.814579111517393],[91.255068954320265,23.814565685280204],[91.255070366471898,23.81455523160129],[91.25506888335336,23.814541880970047],[91.255066601632535,23.814529773766669],[91.25506228612592,23.814508873798694],[91.255058083807029,23.81449406112618],[91.255054992704103,23.814476665438306],[91.255055926952025,23.814453954146781],[91.255060860499555,23.814440488448781],[91.255064224690315,23.814430413623864],[91.255068252736038,23.814421868225573],[91.255075695278151,23.814413987688077],[91.255199476836111,23.814388139455929],[91.255359271853791,23.814365512797512],[91.255504802523063,23.814352221318618],[91.255565039952756,23.81433740862823],[91.255608580396284,23.81432646922848],[91.255650956623185,23.814312435631578],[91.255722369993322,23.814287874367853],[91.255766920143202,23.814266559335785],[91.25580291384,23.814243834858178],[91.255809148148089,23.814239796375144],[91.255839900175204,23.814228038422264],[91.255864416995948,23.814220319773948],[91.255908698549533,23.814215374809166],[91.255972638834834,23.81420839334368],[91.256057923091262,23.814187771925173],[91.25617236935679,23.81414412850491],[91.256238518599389,23.814110846740231],[91.256274921029643,23.814087967730728],[91.256335619295072,23.814031142890801],[91.25634776721266,23.814014169563347],[91.256367908339641,23.813974040246162],[91.256382867984073,23.81393070165452],[91.256402996534646,23.813889517076223],[91.256418205910691,23.813862583918095],[91.256491923459535,23.813801550363042],[91.256543616114243,23.813775649411504],[91.25662848714569,23.813747938773592],[91.256683328395468,23.813714756349427],[91.256722415890096,23.81366784926038],[91.25672574145328,23.813656076462671],[91.25672564353691,23.813629227905221],[91.256718923240285,23.813599630300203],[91.256701040477935,23.813565049072569],[91.256674206902062,23.813521938814958],[91.256425477772936,23.813141340760644],[91.256400024009338,23.813083015649369],[91.256397349724764,23.81306247048316],[91.256398600179637,23.813027810215829],[91.256402524919096,23.813013694294565],[91.256428864421565,23.81294465643769],[91.25643810449256,23.812931686152901],[91.256450603651416,23.812919415253113],[91.256476096042547,23.812906157321606],[91.256517071795926,23.812895914722098],[91.256544182052878,23.812888221471656],[91.256559835196711,23.81288085366965],[91.256566435119126,23.81287693431111],[91.256571150376047,23.812869674991479],[91.256573024261741,23.812864101267014],[91.256570760507202,23.812831090381724],[91.256567809541522,23.812816959645925],[91.256564466012023,23.812799224312901],[91.256560616731022,23.812783668500746],[91.256513131785084,23.812640302307067],[91.256480135766395,23.812521232924183],[91.256475893023307,23.81249409073402],[91.25649292418278,23.812384391881288],[91.256515480879557,23.812340949206607],[91.256545766681072,23.81229104024527],[91.256567486148001,23.812256546606434],[91.25658004369734,23.81223735242234],[91.256606998545749,23.812177683188082],[91.256616572790051,23.812146536073591],[91.257073674234178,23.812468974382043],[91.25749818300315,23.812800056838075],[91.257738549715299,23.81296705651582],[91.257902070046484,23.813045393477271],[91.258053033726611,23.813114666326644],[91.258109322162298,23.813135948674272],[91.25814081260458,23.813139132478998],[91.258163053094378,23.813140514812336],[91.258192158509601,23.81313143924293],[91.258199023434997,23.813120981339324],[91.258219903875457,23.813054195380122],[91.258222568278583,23.813037103580022],[91.25826414410659,23.812722355834104],[91.258472642185708,23.811658349135374],[91.258597694859787,23.811443692820443],[91.258797207989431,23.811265924936098],[91.258971106557098,23.811132125065559],[91.259083398662568,23.811053592170705],[91.259271350474492,23.8109582169978],[91.259735379726067,23.810854922374229],[91.259798236643135,23.810840930316605],[91.259895323864114,23.810827861199233],[91.260018708366673,23.810836051793252],[91.260105729066566,23.810859879794801],[91.260160182244164,23.810881545495718],[91.260202170398856,23.810898252130389],[91.260228858447633,23.810899555589685],[91.260251192362233,23.810889077781813],[91.260291504260607,23.810856340071606],[91.260346023913527,23.810811129078022],[91.260480278031039,23.810746651341066],[91.260700869230504,23.810685165123004],[91.260815294834799,23.810651750974809],[91.26089155281926,23.810650613527695],[91.260942634619582,23.810656828393959],[91.261076179966324,23.810683269104338],[91.261101963411605,23.810684707349967],[91.261166822673431,23.810666088231812],[91.261240100946097,23.810628475221634],[91.261456898560141,23.810498359895732],[91.261482157389338,23.810495718451126],[91.261498077332789,23.810498681241384],[91.261541058125843,23.810510438710118],[91.261554156461017,23.810517506669296],[91.261579727005568,23.810550381714837],[91.261585070184907,23.81056143567066],[91.26159683901345,23.810598087129712],[91.261612556835956,23.810799487517887],[91.261623279127178,23.810853448790752],[91.261632346721655,23.810883477673006],[91.261651290394369,23.810921630566845],[91.261683927086949,23.810948473109406],[91.261723839235032,23.810965319450428],[91.261794076710487,23.810981240383096],[91.261939781652927,23.811043542560363],[91.262000391883461,23.811076272004854],[91.262075800959977,23.81113781556736],[91.262169329055808,23.811213771907511],[91.262208778571505,23.811250182380029],[91.262252289370593,23.811295323363421],[91.262285271914592,23.81134282057641],[91.26229497821123,23.811363854193825],[91.26230152153974,23.81139866448212],[91.262282937193163,23.811526513067257],[91.261957054459231,23.81280685264317],[91.261793809910841,23.813374010594213],[91.261611136599484,23.814025768099917],[91.261497019117371,23.814418445299509],[91.261448389717756,23.8145710312847],[91.261408203583542,23.81466548992924],[91.26139506751916,23.814689059173556],[91.261379590445131,23.814711287188437],[91.261320723844534,23.814752499448193],[91.261307541067765,23.814759519510385],[91.261285762311999,23.814766554365082],[91.261094731973571,23.814766886383936],[91.260772679656014,23.814767444405675],[91.26056945917918,23.814767796970212],[91.260527276988384,23.814778588403616],[91.260474845020184,23.814819980622453],[91.260464595242809,23.814850580579737],[91.260499039345746,23.81531258695426],[91.260489070741031,23.815384864007473],[91.260450359640501,23.815437113979431],[91.260332930069936,23.81551524563805],[91.260174384608803,23.815635235182437],[91.260082478870402,23.815735983283414],[91.260072514757255,23.815758377949017],[91.259899872034381,23.816076045658807],[91.259830160073392,23.816204320271307],[91.259815301938602,23.816236431228326],[91.259707923617725,23.816468503805673],[91.259615673824598,23.816698701404533],[91.259596948442493,23.816756552347012],[91.259591751688546,23.816782490507311],[91.259576295275792,23.816815023734616],[91.259566035616942,23.816821617984683],[91.259517887714324,23.816824004537715],[91.259345033887357,23.81683863778855],[91.259321252786833,23.816845882093546],[91.259314663644219,23.816858340817959],[91.259313423070822,23.816876970553484],[91.259310196322318,23.816906998042459],[91.259310970670086,23.81701591645875],[91.259318756368657,23.81709241586616],[91.259339820065435,23.817405830721025],[91.259356104724915,23.817480125799861],[91.259388700993327,23.817586191229491],[91.25947357741461,23.817751500039879],[91.259531142356366,23.817845363845567],[91.259624384787884,23.817970100467548],[91.259715722791029,23.818049137877569],[91.259838254792413,23.818136970223222],[91.260104423814496,23.818276095577154],[91.260322405408061,23.818393322123704],[91.260686529423637,23.818651460942057],[91.260796323314281,23.818749324636808],[91.261014372281522,23.81900999636251],[91.261088114084885,23.819135359721329],[91.261099926032557,23.819186688588491],[91.261113791528956,23.819807329158561],[91.261115132713684,23.819867377842964],[91.26112397842428,23.819914627024318],[91.261131595239561,23.819936693072325],[91.261143125116234,23.819951547857162],[91.261149995431538,23.819957283171096],[91.261165845306436,23.819973218615083],[91.261180723204163,23.819983474626671],[91.261185770837741,23.819986198879629],[91.261203332901545,23.819991284973408],[91.261215847331769,23.8199936476361],[91.261241065736712,23.819998409120306],[91.262000549986951,23.820070683564321],[91.262150276686938,23.820101916709532],[91.262299287429627,23.820189155152192],[91.262317867284665,23.820204941822926],[91.262364284133682,23.820224045253354],[91.262392121127718,23.820227361193076],[91.26252866864418,23.820214036620857],[91.2630019864758,23.820097237408632],[91.263058966614267,23.820099042070549],[91.263088612815281,23.820107591204032],[91.263145707039797,23.820143322023146],[91.263174348025984,23.820171469312289],[91.263234169535693,23.820277298331305],[91.263313232958808,23.820417168400844],[91.263383230584068,23.82054099940153],[91.263520039510254,23.820748599568869],[91.263550875979021,23.820773291918417],[91.263575782668582,23.820793236778783],[91.263645530562187,23.820815124348883],[91.263691457829395,23.820852964508834],[91.263771356685737,23.820944088690123],[91.263914885010252,23.82116920956134],[91.26399605767763,23.821271756368862],[91.264066458646454,23.821343551001835],[91.264080714011698,23.821347535025915],[91.264103259928675,23.821347093726217],[91.26415459774887,23.821323531443369],[91.264227787986613,23.821275502898516],[91.264288278741233,23.821235807264859],[91.264298711774956,23.821233747042726],[91.264322746200364,23.821234107807573],[91.264338097510262,23.821237740931611],[91.264362352022928,23.821249844222155],[91.264384074184818,23.821260684423908],[91.264463060352796,23.821301649711547],[91.26448493343166,23.82130622706741],[91.264524214962407,23.821304679641724],[91.264565038002161,23.821299443212308],[91.264600579846388,23.821304392837938],[91.264643654962583,23.821320138283657],[91.264671762349494,23.821336269145633],[91.264686782181073,23.821347616382834],[91.264698066817658,23.821359870050145],[91.26471952846812,23.821377078269894],[91.264737764268375,23.821385956855728],[91.26476764223473,23.821393966812284],[91.2648195504851,23.821390095374422],[91.264863365813071,23.821386827949837],[91.264874319869634,23.821386011093676],[91.264896223491235,23.821373871657183],[91.26490169872288,23.821368210366693],[91.264907168564633,23.821349521285367],[91.264907158683172,23.821321963473217],[91.264914620988264,23.821287094211929],[91.264919887810777,23.821281477294146],[91.264938713804185,23.821265819775014],[91.26494916749914,23.821260609641218],[91.264978110319277,23.821253958091564],[91.265417409849391,23.821271756368862],[91.265590890700437,23.821285326546949],[91.265620620444778,23.821302592301699],[91.265627135925513,23.821317146156026],[91.265635142609653,23.821333802140416],[91.265644276679467,23.821351281553365],[91.265655628689728,23.821373418852591],[91.265671481259531,23.821390395326645],[91.265688678607333,23.821401593815665],[91.265706493996035,23.821404459386187],[91.2659059945493,23.821412878591378],[91.265924339944021,23.821418137204475],[91.265940065851368,23.821427600077772],[91.2659604324555,23.821447870265068],[91.265982013581876,23.821464864808675],[91.266004133697436,23.82147491279045],[91.266026397543428,23.821476609779204],[91.266166427828239,23.821469147959277],[91.266290143809172,23.82146292950171],[91.266349489211791,23.821466061329669],[91.26636306275573,23.821468436292268],[91.266377862500036,23.821471025741104],[91.266391620198618,23.821475466674443],[91.266404617922461,23.821482601423082],[91.266408854377346,23.821489060663041],[91.266413152815986,23.821510686787793],[91.266413704381563,23.821518087793187],[91.266415530656531,23.821542594272682],[91.266418372926083,23.821580731706941],[91.266434061104221,23.821909903285746],[91.266436560217315,23.821939832639906],[91.266445542471871,23.82209854685421],[91.266465688988745,23.822325817145298],[91.265803996238674,23.822443309577864],[91.265455324144298,23.822493383100628],[91.2653315991802,23.822517578763229],[91.26518509833042,23.822557234559437],[91.265130926325526,23.822579130871571],[91.265051329303134,23.822606550357857],[91.265006329097304,23.822617190753956],[91.264939432456387,23.822627295349271],[91.264851728138567,23.822629171470783],[91.264748256590892,23.822626497401828],[91.264543992271697,23.822611211489178],[91.264288944392845,23.822592124023938],[91.264115363828836,23.82261877514404],[91.263976837323796,23.822628791808889],[91.263693707210891,23.82263255966561],[91.263468759182246,23.822649973161312],[91.263250595230673,23.82269116646486],[91.263138255514505,23.82271237821293],[91.262700045640798,23.822798111047135],[91.262773004113242,23.823199184905867],[91.262819164942414,23.823489871194358],[91.262830901431627,23.823597000839072],[91.262836339832361,23.823851429692816],[91.262755555237149,23.824733065653156],[91.262735814758798,23.8249981620637],[91.262736413935102,23.825163814791054],[91.26274846752959,23.825186479833341],[91.262755332454972,23.82519385515446],[91.262786194076554,23.82520590301791],[91.263003492052206,23.825231585564929],[91.26318988798208,23.825247754563524],[91.263284936027375,23.825255999305735],[91.263557520817173,23.825279644694277],[91.264119046023168,23.825325029792516],[91.264362318785274,23.825346983160941],[91.264417992773318,23.825369360554664],[91.264447585075402,23.825421364909214],[91.264457862700553,23.825465606066501],[91.264476943815538,23.825636067958289],[91.264499638852882,23.825766329174886],[91.264521076248812,23.825807828826918],[91.264589647349382,23.825909632386367],[91.264606764747114,23.825949928117133],[91.264638121340425,23.826273901689174],[91.264660840632274,23.826431908001865],[91.264673717981879,23.826466141486033],[91.264693551885017,23.826483095928218],[91.264734300364623,23.826486413351532],[91.264796647936947,23.826479628945478],[91.265159280749145,23.826408642474146],[91.265269883123537,23.826396051542215],[91.265381029877005,23.826389328763099],[91.265502551273727,23.826370480984437],[91.26558103438515,23.826350685719003],[91.26568951134557,23.826315231897208],[91.265814361898734,23.826274685644314],[91.265861575553416,23.826264467930717],[91.266234284768188,23.826218831703663],[91.266471462461084,23.826194005622273],[91.266659133998672,23.826177379023207],[91.266677385070281,23.826184253838267],[91.266692414783293,23.826198002645533],[91.266702077062504,23.826233357888643],[91.266734900604646,23.826438196070452],[91.26675850563538,23.826569200990907],[91.266196677697138,23.826552441315751],[91.265884956903633,23.826565928766215]]]},"properties":{"objectid":2041,"id":"1993","name":"Ward No 37","code":"37","town":"Agartala","district":"West Tripura","state":"Tripura","st_area(shape)":1181916.5358123982,"st_perimeter(shape)":8491.6729371210804}},{"type":"Feature","id":2057,"geometry":{"type":"Polygon","coordinates":[[[91.290613424312042,23.83583185711689],[91.290421903493453,23.835852515358916],[91.289312512863646,23.835999888784059],[91.289169368119758,23.836018485368569],[91.288730550086626,23.836071521609991],[91.288198192279594,23.836145993347102],[91.288109151268628,23.836168363947838],[91.287866302511318,23.836251581726991],[91.28744742528086,23.836404195448772],[91.287388318830139,23.836413363885093],[91.28734447475604,23.836396713945092],[91.287334522321032,23.836348350799767],[91.287262478333545,23.83581881270198],[91.28715434452954,23.835144244983805],[91.287016920257372,23.834370192478794],[91.286954366970889,23.833906367314924],[91.286949020198335,23.833866720739657],[91.286571654117139,23.831534003513244],[91.286298795341168,23.830134834903863],[91.286063247192189,23.828748009355429],[91.285844553234568,23.827372039077524],[91.285663331600745,23.82618566561592],[91.28554614008371,23.825391507029551],[91.285522604223289,23.825302380387892],[91.28550995684239,23.825261874906609],[91.285479565938019,23.825187114234271],[91.285457947082406,23.825133933842746],[91.285425000471022,23.825067854207312],[91.285379779279637,23.824998424206417],[91.285347789374029,23.824964108158557],[91.285294359377573,23.824919874226168],[91.285264352053829,23.824897591257855],[91.285244228893148,23.824885964931077],[91.285217045872642,23.824871754974733],[91.285183155131918,23.824856576155987],[91.285158089440543,23.824849794951788],[91.285124551737738,23.824843981786376],[91.285097721755164,23.824842689971788],[91.285062417964468,23.824845273600936],[91.285021497008344,23.824855354191563],[91.284974112673723,23.824876804719377],[91.284935323419759,23.824898569157803],[91.28486617021089,23.82494758001361],[91.284527803589427,23.825226751135844],[91.283891846673939,23.825686418003759],[91.283804189966816,23.825734966733243],[91.283683661208528,23.825782200630059],[91.283148564438179,23.825927531101332],[91.282643807368231,23.826047501158232],[91.282516831401153,23.826055281556727],[91.282480996706155,23.826042058659063],[91.282495035577412,23.825498082059191],[91.282482656792794,23.824844936677284],[91.282461505061107,23.822910688824315],[91.282460605847518,23.822828386164865],[91.282459862940783,23.822760457176241],[91.282458101344503,23.822692497746225],[91.28245533722837,23.822585843164994],[91.282449643706101,23.822366136998905],[91.282446795148331,23.822256195023936],[91.282442395200079,23.82208643213788],[91.282888376399271,23.822113656965861],[91.282939896577474,23.822080614739772],[91.282987158741207,23.822043639453209],[91.283049115546348,23.822059571353858],[91.283164441262528,23.822097268160825],[91.283422654804411,23.822219754767243],[91.283755494990231,23.822389542132353],[91.284517434336138,23.822731501818698],[91.284820375894327,23.822891371305499],[91.284739788030194,23.823161090679584],[91.284650602390457,23.823438600731539],[91.284643529954238,23.823561865112797],[91.284671071402542,23.82361287173784],[91.284798377051345,23.823660651242324],[91.284938623830115,23.823688795303266],[91.285075397722025,23.823741387076549],[91.285215401057371,23.82381539830449],[91.285468698119701,23.823957187503904],[91.28572509526812,23.824144859230046],[91.285787778810317,23.824301091472108],[91.285807299201451,23.824402089237772],[91.285997339596435,23.824355704546715],[91.286151874978117,23.82435095472713],[91.286293113496995,23.824364234499125],[91.286507961766858,23.824389414290803],[91.286675939538469,23.824440038468637],[91.287226455890675,23.82462061847432],[91.287529501653438,23.824758772124955],[91.287677152346802,23.824823556815975],[91.287786047023843,23.824852542111991],[91.287848337103981,23.824857093867877],[91.287976114368306,23.824850535361978],[91.28812419625298,23.824834091844366],[91.28844837757778,23.824805603712189],[91.288561221248841,23.824794932268457],[91.288618001961311,23.824804305323116],[91.288638870723688,23.824817166770266],[91.288655717728517,23.824836394430019],[91.288680439365137,23.824874810296258],[91.288705896721993,23.824962480243627],[91.288739591629948,23.825188819392089],[91.288790761465179,23.825456961961706],[91.288796554700454,23.825539641785578],[91.288783600994037,23.825632214725733],[91.288705053203913,23.825755847636515],[91.288536296592952,23.825852003289981],[91.28840212152717,23.825889884712591],[91.288272740770054,23.825904986165195],[91.288201044430608,23.825911793610523],[91.288141605603187,23.825957131647407],[91.288012248202307,23.825967958307817],[91.288044274040487,23.826097782016443],[91.288046769560367,23.826214648964129],[91.287998795930903,23.826448147521806],[91.287978975502469,23.826660394294169],[91.288395808167351,23.826786225235452],[91.288629062917408,23.826865639390839],[91.289072189270655,23.82702721384825],[91.289378365662202,23.827162528254402],[91.289932353104646,23.827422924229435],[91.290265888586489,23.827539833536129],[91.290349922388074,23.827772798038918],[91.290395475956117,23.828047935711496],[91.290438097423063,23.828267389020919],[91.290471724957413,23.828482815423634],[91.29066353413522,23.829711475690917],[91.29094577581435,23.831258842008729],[91.291433184619507,23.833989317025633],[91.291577370510794,23.834952772368705],[91.291608762138395,23.835183163142815],[91.291619346089107,23.835304559325973],[91.291621015158867,23.835387222191461],[91.29161791058128,23.835418856746667],[91.291603612096878,23.83548010774463],[91.291579122225599,23.835546189471547],[91.291563390030035,23.835588639985083],[91.29153998712026,23.835638178439876],[91.291515889812786,23.835688264125501],[91.291504241358481,23.835701858268269],[91.291490182724274,23.83571471781331],[91.291480944449887,23.835722800837853],[91.291457575676105,23.835735098340738],[91.291407075984068,23.83574944926054],[91.291317389084426,23.835762266072688],[91.29099367668023,23.835793646632464],[91.290796421915189,23.83581212245732],[91.290613424312042,23.83583185711689]]]},"properties":{"objectid":2057,"id":"2010","name":"Ward No 21","code":"21","town":"Agartala","district":"West Tripura","state":"Tripura","st_area(shape)":745117.16351002362,"st_perimeter(shape)":5187.4093265084321}},{"type":"Feature","id":2043,"geometry":{"type":"Polygon","coordinates":[[[91.266391620198618,23.821475466674443],[91.266377862500036,23.821471025741104],[91.26636306275573,23.821468436292268],[91.266349489211791,23.821466061329669],[91.266290143809172,23.82146292950171],[91.266166427828239,23.821469147959277],[91.266026397543428,23.821476609779204],[91.266004133697436,23.82147491279045],[91.265982013581876,23.821464864808675],[91.2659604324555,23.821447870265068],[91.265940065851368,23.821427600077772],[91.265924339944021,23.821418137204475],[91.2659059945493,23.821412878591378],[91.265706493996035,23.821404459386187],[91.265688678607333,23.821401593815665],[91.265671481259531,23.821390395326645],[91.265655628689728,23.821373418852591],[91.265644276679467,23.821351281553365],[91.265635142609653,23.821333802140416],[91.265627135925513,23.821317146156026],[91.265620620444778,23.821302592301699],[91.265590890700437,23.821285326546949],[91.265417409849391,23.821271756368862],[91.264978110319277,23.821253958091564],[91.26494916749914,23.821260609641218],[91.264938713804185,23.821265819775014],[91.264919887810777,23.821281477294146],[91.264914620988264,23.821287094211929],[91.264907158683172,23.821321963473217],[91.264907168564633,23.821349521285367],[91.26490169872288,23.821368210366693],[91.264896223491235,23.821373871657183],[91.264874319869634,23.821386011093676],[91.264863365813071,23.821386827949837],[91.2648195504851,23.821390095374422],[91.26476764223473,23.821393966812284],[91.264737764268375,23.821385956855728],[91.26471952846812,23.821377078269894],[91.264698066817658,23.821359870050145],[91.264686782181073,23.821347616382834],[91.264671762349494,23.821336269145633],[91.264643654962583,23.821320138283657],[91.264600579846388,23.821304392837938],[91.264565038002161,23.821299443212308],[91.264524214962407,23.821304679641724],[91.26448493343166,23.82130622706741],[91.264463060352796,23.821301649711547],[91.264384074184818,23.821260684423908],[91.264362352022928,23.821249844222155],[91.264338097510262,23.821237740931611],[91.264322746200364,23.821234107807573],[91.264298711774956,23.821233747042726],[91.264288278741233,23.821235807264859],[91.264227787986613,23.821275502898516],[91.26415459774887,23.821323531443369],[91.264103259928675,23.821347093726217],[91.264080714011698,23.821347535025915],[91.264066458646454,23.821343551001835],[91.26399605767763,23.821271756368862],[91.263914885010252,23.82116920956134],[91.263771356685737,23.820944088690123],[91.263691457829395,23.820852964508834],[91.263645530562187,23.820815124348883],[91.263575782668582,23.820793236778783],[91.263550875979021,23.820773291918417],[91.263720822857735,23.820663485833233],[91.263810099227271,23.820614183266859],[91.263892774776153,23.820575231152681],[91.264015135199315,23.82053006463353],[91.264325156380281,23.820442777934286],[91.264375400052444,23.820429210955222],[91.264824260352128,23.820364007421158],[91.265516927911506,23.820278221205861],[91.266065687159013,23.820194251921379],[91.266597280499752,23.820110437901832],[91.266656333051586,23.820095368646669],[91.266937107781871,23.820007617340519],[91.266987503269291,23.819994463679233],[91.267039123160487,23.819994056068545],[91.267076495771221,23.819997366261603],[91.267211368828001,23.820028656128372],[91.267242528690247,23.820037566856485],[91.267331136713253,23.820074512308171],[91.267373570432312,23.820085001701571],[91.267475934357265,23.8200954343903],[91.267723718458711,23.820083529866508],[91.267666308925556,23.819210176475416],[91.267626467744378,23.818875007106882],[91.267608138519307,23.818801688306941],[91.267601312221458,23.818784701632623],[91.267562249879646,23.818724790510338],[91.267444251675499,23.818567666471303],[91.267292978076625,23.818295113823638],[91.267171957041512,23.81805732226335],[91.267017904055137,23.817684853705273],[91.266865067387641,23.817248218571969],[91.266721304602854,23.816940111440015],[91.266686302646107,23.816865095319866],[91.266658628247129,23.81682464308857],[91.266603938812636,23.816768923967469],[91.266497778607317,23.816676721918604],[91.266486307121141,23.816667869308741],[91.266462746107877,23.816657119123228],[91.266194617860194,23.81661502976748],[91.26586817278087,23.816572839314553],[91.265794269280761,23.816554632771425],[91.265730878764415,23.816522826787473],[91.265534946319491,23.8163912997321],[91.265194612387575,23.816147054218586],[91.264554920277121,23.815677771927618],[91.26449663578488,23.815617842934817],[91.264488039805926,23.815606048124693],[91.264468394548956,23.815568483389658],[91.264465958317899,23.815559464695799],[91.264464759965335,23.815541391145999],[91.264470362757734,23.815520924442165],[91.264509721543604,23.815436502541964],[91.264561380062347,23.815335922682724],[91.264602794193578,23.815227847693802],[91.264630822528744,23.815126569120348],[91.26469552458542,23.814972107555963],[91.264931480569516,23.814632925755479],[91.265023936975183,23.814520689254245],[91.265135940721422,23.814401606803006],[91.265276598030312,23.81430842838029],[91.265450183984228,23.81420763643613],[91.265492326649166,23.814181297528879],[91.265565159357436,23.814121248679431],[91.265624862289528,23.814055672151579],[91.265661172193305,23.814015789397303],[91.265787489695327,23.813843515712144],[91.265906351180433,23.813638811334439],[91.265961406229252,23.813530855742609],[91.266013717823199,23.813383977018564],[91.266070312584432,23.813255042148523],[91.266093834071839,23.813227535215454],[91.266101510175929,23.81322148237447],[91.266140586890771,23.813214555918712],[91.266233773626766,23.81321196630519],[91.266699950750223,23.813199010840219],[91.266861454363578,23.813173535481031],[91.266949735399805,23.813141265973272],[91.267009271245257,23.81311353054479],[91.267157687303254,23.813020536933369],[91.267365422712714,23.812821615375899],[91.267670218393647,23.8123990593282],[91.267936921913304,23.812013338701991],[91.268157215770401,23.812149065713676],[91.268395079776184,23.812298557656394],[91.268514667100078,23.812381263121608],[91.268589920768065,23.812442208585285],[91.268659484507026,23.812515220320588],[91.268663175684523,23.81251957526684],[91.268693301585898,23.812558490349989],[91.268996038328225,23.812903772340249],[91.269287593740216,23.813261516591023],[91.269767678580877,23.8138953233358],[91.269858512629156,23.813987300534134],[91.270273458831909,23.814347765348586],[91.271203155862167,23.816345435676485],[91.271490261020233,23.817028257647408],[91.272431909237014,23.816983447383333],[91.272674054613447,23.816960456291493],[91.272917082135478,23.816936844725188],[91.273117533106259,23.816928802442785],[91.273530019721804,23.816936875954163],[91.273564715353032,23.817296528023501],[91.273561875778412,23.817401171868202],[91.273553212425796,23.817543425002548],[91.273551478677305,23.817714897443565],[91.273556252324752,23.817779511427318],[91.273623593631683,23.818202121458686],[91.272807504738793,23.818327215223562],[91.272487427816515,23.818384302804329],[91.27257905777212,23.818592411831272],[91.273033713103757,23.819383932960868],[91.273078018013564,23.8194425354746],[91.273147192781991,23.81950049367159],[91.27325019001924,23.819571005635336],[91.273305986178144,23.819601969351027],[91.27342225692199,23.819678090029093],[91.273489188597196,23.819739373112846],[91.27356325199743,23.81983063285071],[91.273676040871223,23.819940632762613],[91.273755843607816,23.820007770194493],[91.273795124240252,23.820050945685317],[91.27380448558381,23.820065168496509],[91.273812618032096,23.820121145889768],[91.273809617659026,23.82022319223093],[91.273796364813649,23.820312227033064],[91.273771636888824,23.820434837771415],[91.273896330236781,23.820438317242552],[91.27388866221753,23.820678161384325],[91.274010158461394,23.820681626056682],[91.273993114725499,23.820880473113156],[91.27399583123092,23.820971170766388],[91.274421074821788,23.820981834306661],[91.27445691760164,23.821458822213227],[91.274046079394637,23.821505558842453],[91.273695908012058,23.82154519275969],[91.273603586353673,23.821587844261582],[91.273287907583068,23.821683796735634],[91.273246769234618,23.821722930953289],[91.273039475796296,23.821834342729861],[91.272938859094566,23.821897551056342],[91.272891303181765,23.821989077177847],[91.272876123450075,23.822150019183081],[91.272871017425999,23.82234096092353],[91.272807396940934,23.822374377815297],[91.272700858544866,23.822396371128395],[91.27217112022521,23.822423673138694],[91.271941274581664,23.823072559115435],[91.271586748166584,23.823678038303353],[91.271225550862198,23.824069232590404],[91.270856964016289,23.82438183348199],[91.270691619206758,23.824645343779505],[91.270302607366261,23.825158414164765],[91.270167419899138,23.825324553170596],[91.269370050998447,23.824934881288765],[91.269319385118123,23.824841048085318],[91.269414290331241,23.824431934196831],[91.269438954475675,23.82400202987451],[91.269429426045463,23.823875351452411],[91.269430415988907,23.823683094668667],[91.269470123321113,23.823551676769419],[91.269512530989005,23.823393899511398],[91.269518334105769,23.823124079542751],[91.268897388038667,23.823090470548408],[91.268624611009372,23.823120112008731],[91.268326770983663,23.823105934730016],[91.267978329756318,23.823094103620463],[91.267587785389921,23.82307180143777],[91.267449991910155,23.823086615596711],[91.267188278531904,23.823149730452563],[91.267125779144351,23.822745796652608],[91.267073963420444,23.822447323152268],[91.2670022554029,23.822189898616234],[91.266465688988745,23.822325817145298],[91.266445542471871,23.82209854685421],[91.266436560217315,23.821939832639906],[91.266434061104221,23.821909903285746],[91.266418372926083,23.821580731706941],[91.266415530656531,23.821542594272682],[91.266413704381563,23.821518087793187],[91.266413152815986,23.821510686787793],[91.266408854377346,23.821489060663041],[91.266404617922461,23.821482601423082],[91.266391620198618,23.821475466674443]]]},"properties":{"objectid":2043,"id":"1995","name":"Ward No 40","code":"40","town":"Agartala","district":"West Tripura","state":"Tripura","st_area(shape)":889620.21154436399,"st_perimeter(shape)":5562.2574372298577}},{"type":"Feature","id":2044,"geometry":{"type":"Polygon","coordinates":[[[91.277110949684356,23.834136750909114],[91.276058995537227,23.834227578985505],[91.275760640776852,23.834239897172811],[91.275698762125117,23.834239622723192],[91.275639987152715,23.834234287389428],[91.275628804025743,23.83422916405549],[91.275597289328942,23.834165900930596],[91.275588528059998,23.834120378413552],[91.275563642031656,23.83342046605901],[91.275522493801745,23.832021448451741],[91.275522624955798,23.832001878378041],[91.275522363546031,23.831993402339592],[91.275336716811111,23.828897911949053],[91.273138668668267,23.829006033075739],[91.271252502117363,23.829134151925331],[91.271016860543597,23.829144448299747],[91.270509304323241,23.829166625356276],[91.270147611148801,23.829173689834303],[91.270035557995229,23.829165304823928],[91.269943051283903,23.829146375274767],[91.269905270837995,23.829131540442528],[91.269824788975043,23.829088114877766],[91.269787339109186,23.829058275920175],[91.269735697658433,23.829004582707057],[91.269683076145739,23.828914901408254],[91.269661548019926,23.828861934553519],[91.269647863084913,23.828803348619775],[91.26963994084241,23.828726699985197],[91.269637876513869,23.82864599683575],[91.26970257767222,23.827187291697452],[91.269709731855144,23.827109571366979],[91.269952276981854,23.827124496001264],[91.270108684452623,23.827130540798116],[91.270346599662361,23.827118450382354],[91.271419679490023,23.826891513077541],[91.271683283821957,23.826793865069941],[91.272254176659757,23.826531247452248],[91.272420568904877,23.826434911516095],[91.272563791802227,23.826321235643988],[91.272669103099574,23.82622104633684],[91.27293659354342,23.825887722666323],[91.27334941343392,23.825436868257572],[91.273684566781583,23.825145630818934],[91.273834112021888,23.825059599592009],[91.27400049977544,23.824984566799177],[91.274520473407989,23.824776840282354],[91.2750042467312,23.824572123564529],[91.275346508447711,23.82437342843949],[91.276133557502419,23.82383666246216],[91.276806772044324,23.823341213914972],[91.277799374500688,23.822700556107069],[91.278198825663125,23.822334682517734],[91.278275260615686,23.822260557039421],[91.278465126737515,23.822063547138132],[91.278610759814754,23.821860804173554],[91.279027792803944,23.821303962221332],[91.279251051999807,23.821063112544664],[91.279430080846041,23.820891627269571],[91.279569287375722,23.820764986078842],[91.27968057696134,23.820682907229411],[91.27983647239239,23.820600866130484],[91.279990723008126,23.820536721972847],[91.280337169975553,23.82041962227478],[91.28076187996713,23.82034356613152],[91.280912130384934,23.820326315863277],[91.280985104128746,23.820320152411149],[91.281254480136354,23.820311350179214],[91.281711121643042,23.820321293882518],[91.282397415655495,23.820350543158071],[91.282438582750018,23.821939314916403],[91.282442395200079,23.82208643213788],[91.282446795148331,23.822256195023936],[91.282449643706101,23.822366136998905],[91.28245533722837,23.822585843164994],[91.282458101344503,23.822692497746225],[91.282459862940783,23.822760457176241],[91.282460605847518,23.822828386164865],[91.281760491254431,23.822808795803535],[91.281690797259742,23.822824995509812],[91.281606624219279,23.822849054695503],[91.281197465861879,23.822842709750329],[91.280856043171852,23.822820063199529],[91.280676169010945,23.822825302032935],[91.280263654547653,23.822829507891502],[91.280256045817168,23.823078051867494],[91.280217200867682,23.823596728832236],[91.280198016446477,23.823811259041371],[91.280199418716606,23.824032954731532],[91.280221958345422,23.824643877748535],[91.280271366584373,23.825049739249909],[91.280165505518028,23.825079928378926],[91.280010437435351,23.825152349553694],[91.27980616143806,23.825267002703541],[91.279676697137631,23.825372554742209],[91.279479542085596,23.825602799823315],[91.279311133122647,23.825760063261217],[91.279145752380515,23.825832438037899],[91.278714436178333,23.825979100522279],[91.278288275407533,23.826125785028349],[91.278325632746927,23.826373578180188],[91.278390148852338,23.827075160554379],[91.278592359622778,23.829582232456303],[91.278694922973727,23.830750776239515],[91.278773023402834,23.8319744723814],[91.279280491588324,23.831991463902785],[91.279393828434451,23.832647854415942],[91.279564760765012,23.834065787527091],[91.278744373433469,23.834082610324678],[91.277879353307043,23.834078770490297],[91.277110949684356,23.834136750909114]]]},"properties":{"objectid":2044,"id":"1996","name":"Ward No 32","code":"32","town":"Agartala","district":"West Tripura","state":"Tripura","st_area(shape)":897818.75488017802,"st_perimeter(shape)":5771.2894671777804}},{"type":"Feature","id":2045,"geometry":{"type":"Polygon","coordinates":[[[91.280985104128746,23.820320152411149],[91.280912130384934,23.820326315863277],[91.28076187996713,23.82034356613152],[91.280337169975553,23.82041962227478],[91.279990723008126,23.820536721972847],[91.27983647239239,23.820600866130484],[91.27968057696134,23.820682907229411],[91.279569287375722,23.820764986078842],[91.279430080846041,23.820891627269571],[91.279251051999807,23.821063112544664],[91.279027792803944,23.821303962221332],[91.278610759814754,23.821860804173554],[91.278465126737515,23.822063547138132],[91.278275260615686,23.822260557039421],[91.278198825663125,23.822334682517734],[91.277799374500688,23.822700556107069],[91.277680261487248,23.822529157638996],[91.277621573651444,23.822423701901009],[91.277590125429967,23.82231980499585],[91.277562999003337,23.822006097125858],[91.27748942698156,23.821686967182092],[91.277360253735296,23.821179125258091],[91.27729344872256,23.820205631308415],[91.277279433207468,23.819810384599343],[91.277233716146057,23.819378394031695],[91.277237096506468,23.81929237130829],[91.277245506534157,23.81924301069504],[91.277263700113608,23.819167425575984],[91.277306158087185,23.819036525769771],[91.27731899231766,23.818983497356495],[91.277322129234619,23.818935555878511],[91.277316579442825,23.818881843684096],[91.277302566622694,23.818820185453191],[91.277235889170726,23.81865950229594],[91.277076528039316,23.818304418316021],[91.277028375645131,23.818224259295032],[91.276931149185316,23.818109196415303],[91.276832089263991,23.818013574130816],[91.276611539387005,23.817839207671874],[91.276360790845132,23.81763873205815],[91.275988905385489,23.817371396789902],[91.275693544709981,23.817067819790424],[91.275494001935883,23.817175350028727],[91.275421381230032,23.817207142703758],[91.275331659296057,23.817238711837845],[91.275292837702764,23.817245815590493],[91.275260917865765,23.817245815590493],[91.275225546701449,23.817241869243915],[91.275193625966125,23.817231608906607],[91.275161706129168,23.817220559627749],[91.274950342424262,23.817125850545612],[91.274720802207938,23.817007736938212],[91.274216884164446,23.816781538844332],[91.274143812504306,23.816756454550884],[91.27410350689415,23.816750898251417],[91.274076452332736,23.816749888239244],[91.274034490229184,23.816749382822277],[91.274002466187625,23.816753929109655],[91.273965473564203,23.816767061732133],[91.273933449522659,23.816781710603891],[91.273775658646343,23.816857538725998],[91.273707852910405,23.81688525363101],[91.273530019721804,23.816936875954163],[91.273117533106259,23.816928802442785],[91.272917082135478,23.816936844725188],[91.272674054613447,23.816960456291493],[91.272431909237014,23.816983447383333],[91.271490261020233,23.817028257647408],[91.271203155862167,23.816345435676485],[91.270273458831909,23.814347765348586],[91.270496027223345,23.812663918764084],[91.270835347855595,23.811056304283269],[91.272537514283513,23.810859234639768],[91.276833646044381,23.810315895448344],[91.277200653652017,23.810273609256537],[91.277241440759155,23.810258470645298],[91.277302207296586,23.810217330104287],[91.277336917300829,23.810182361702591],[91.277607281455261,23.809835315338386],[91.277761664123361,23.809667763451134],[91.277833745840056,23.809564291100674],[91.277859447538646,23.809507344288942],[91.277915912942476,23.809330973386615],[91.278051319598532,23.809027179515788],[91.278140957989137,23.808865183222949],[91.278230679923098,23.808715298584051],[91.278426846828324,23.808396101446402],[91.278556734235238,23.808131878473244],[91.278701561523675,23.807799265292704],[91.278814441127338,23.807576111814818],[91.278880807762206,23.807402174328175],[91.278922454557105,23.807277104555002],[91.279181858366755,23.806673234540597],[91.280022809931737,23.805226148068407],[91.285794120916222,23.805556166566671],[91.284720364657105,23.80736216789251],[91.284328206018145,23.808019833601257],[91.284374627358787,23.808032220848009],[91.284455835958767,23.808056161138545],[91.284498244525039,23.808071021392209],[91.284527118174879,23.808087531961306],[91.284582159748965,23.808120553093207],[91.284606522059477,23.808145318525682],[91.284624568315195,23.808170084775291],[91.28467204607459,23.80830012271289],[91.284678746608307,23.808329424831079],[91.284694803994029,23.808383956685812],[91.284714061178775,23.808521469301898],[91.284730176954966,23.808733774155225],[91.284740238984455,23.808809900384311],[91.284764374021208,23.808877229314614],[91.284788986063361,23.808914002063329],[91.284816617343168,23.808935745344296],[91.284831631784826,23.808940499837313],[91.284860506333033,23.808947896628215],[91.284876098391408,23.808952651942679],[91.284893422401638,23.808956244317145],[91.284912640958837,23.80896030186744],[91.284923358758505,23.808965374421536],[91.284932229621916,23.80897146033557],[91.284946643090649,23.808984647988396],[91.284956622475178,23.808998849821695],[91.284961426665276,23.809012375258362],[91.284961796771185,23.809018799778659],[91.284952324934821,23.80910234563498],[91.284932132603856,23.809218432321597],[91.284859189402823,23.809412952571787],[91.284665250319478,23.809834969335309],[91.284592203812181,23.810092162775828],[91.28457879106665,23.810197497035265],[91.284580041521551,23.810335241138162],[91.284592043013731,23.810502758468015],[91.28459331412985,23.810542803385161],[91.284601232779067,23.810721123723827],[91.284589378610605,23.810777082956513],[91.284575843694213,23.810815056717455],[91.284558699346988,23.810842298702916],[91.284537946467324,23.810862110305244],[91.284510876634542,23.81088605089592],[91.284491928470231,23.810895956694129],[91.284474784123077,23.810900084041339],[91.283860307722634,23.810929803074171],[91.283771881159325,23.810936406663551],[91.283738495271791,23.81095044062539],[91.28372315563999,23.810965299725964],[91.283714132961279,23.810983461029227],[91.283711425439023,23.811028038314529],[91.283750565035959,23.811300261864602],[91.28379452229774,23.811631272512717],[91.283891616705233,23.812226213137318],[91.283911888986239,23.812360694832741],[91.283899838086711,23.812688487731599],[91.283880247626982,23.813053780351094],[91.283894660197404,23.813176235221732],[91.283990883239071,23.813507324092512],[91.284008591728252,23.81357108463898],[91.283905351047594,23.813561246435473],[91.283871857362243,23.813560189553819],[91.283852222885059,23.813564416258533],[91.283833166024635,23.813573397286493],[91.283817573966246,23.813583435195298],[91.283804291476457,23.813595586866114],[91.28379562992049,23.813607210095121],[91.283785234616005,23.813623059204073],[91.283738748596704,23.813759925240134],[91.283725698770581,23.813816994283702],[91.283718939846381,23.813867956250231],[91.283717332760347,23.813936825961985],[91.283719829178494,23.813972796811615],[91.283717479185725,23.814159894543231],[91.28370909161589,23.814255797445782],[91.283681648982309,23.814322615660107],[91.283631119645861,23.814395258157525],[91.283614878105553,23.814413418980998],[91.283588711079616,23.81442497639032],[91.283549911045895,23.814434056800273],[91.283493967563246,23.8144513916784],[91.283453363712411,23.814467901436139],[91.283398322138325,23.814511652407354],[91.283388396652725,23.814535591503212],[91.283379373974014,23.814569436934445],[91.283373057020953,23.814638778004248],[91.283378471167154,23.814718024543641],[91.283390201368135,23.814774983862776],[91.283399224046846,23.814808003293908],[91.283417271200904,23.814845149938453],[91.283432393440407,23.814867768294981],[91.283445675930182,23.814876750054587],[91.283480673395331,23.814885028328792],[91.283595243628383,23.814880975894635],[91.283638337609176,23.814880646341564],[91.28367894235835,23.814887249729985],[91.283710523530459,23.814897156044751],[91.283736690556395,23.814908712589165],[91.283785415177391,23.814941731986277],[91.283817899156389,23.814973100323563],[91.284132637390911,23.815497430134869],[91.284154308348832,23.815536973020684],[91.284172509114782,23.815612026068585],[91.284173411023332,23.815631011832473],[91.284173411023332,23.815671460326602],[91.284171606307936,23.815687144818948],[91.284158071391531,23.815707781613913],[91.284139123227263,23.815729244337412],[91.284125588310857,23.815735848504509],[91.283876453143236,23.815933492595182],[91.283844581815288,23.815963798899801],[91.283812162514963,23.816009770748817],[91.283790147502302,23.816060251089525],[91.283781967443332,23.816110143809066],[91.283783721853098,23.816195074799392],[91.283797939489091,23.816314278878284],[91.283805446709906,23.816332769804465],[91.283814109164211,23.816348090151173],[91.28383663082667,23.816371336115278],[91.283867860757525,23.816398298338385],[91.283888604654081,23.816413072168142],[91.283922675956177,23.816432090687556],[91.283953282456224,23.816443713662629],[91.283987353758306,23.81645797796001],[91.284030087514694,23.816472242255816],[91.284065314050252,23.816481751511546],[91.284127103768753,23.816493374482128],[91.284213148898246,23.816493374482128],[91.284254149804426,23.816491789195471],[91.284307855583705,23.816488091014957],[91.284338462982078,23.816483865227248],[91.284378886271526,23.816476997294654],[91.284406027969524,23.816468015645768],[91.284433169667537,23.816457449530965],[91.28446608573617,23.816443713662629],[91.284475903423896,23.816435261262345],[91.284600061375954,23.816338052456128],[91.284632978342898,23.81631744863412],[91.28465896480742,23.816311109122339],[91.284698811378519,23.816311637551969],[91.284750206690845,23.816320618389863],[91.28478370127452,23.816333298234021],[91.284809110122353,23.816348618580665],[91.284832209401557,23.816367637931339],[91.284846646226484,23.816387713316058],[91.284854153447327,23.816400392331822],[91.284868391744595,23.816450326833344],[91.284872356009942,23.816485956753876],[91.284873834636898,23.816504553670093],[91.284873834636898,23.81651909244788],[91.284873834636898,23.816535660291709],[91.284872356009942,23.816548508587431],[91.284869029548418,23.816565076427533],[91.284859420269839,23.8165819820324],[91.284841680339596,23.816602268590991],[91.284826896764955,23.816613426402334],[91.284701265575848,23.816685148826821],[91.284632689085399,23.816720644726807],[91.284618252260444,23.816749536501906],[91.284611936205678,23.816775951316934],[91.284611936205678,23.816797413863824],[91.284614642829638,23.816824654593983],[91.284619155067318,23.816841989152859],[91.284636468297776,23.816884127743915],[91.284761687160184,23.817263454985724],[91.284803227055548,23.817390103702092],[91.284816761971939,23.817400834925227],[91.284830296888344,23.817406613086117],[91.284850147859473,23.817412391246751],[91.284873607363124,23.817414042267139],[91.284896165856537,23.817412391246751],[91.284918723451625,23.817406613086117],[91.284941281046741,23.817393405743442],[91.284972862218851,23.817368641253225],[91.285030610416896,23.817341400637236],[91.285074823698551,23.817327368188067],[91.285128060557227,23.817330670231009],[91.285177687985112,23.817352131864364],[91.28521829183596,23.817380198399402],[91.28525258053034,23.817409915127019],[91.285546734768445,23.817706826445971],[91.285574931986886,23.817740361228001],[91.285600310291983,23.817773896001366],[91.285621457532088,23.817810010426175],[91.285660491127828,23.817892014664256],[91.285674988139888,23.817958494065365],[91.285670523512906,23.818003877615006],[91.285668575067049,23.818013518247835],[91.28566110377885,23.818049046656895],[91.285612019831703,23.818184272630191],[91.285605935542307,23.81820216912346],[91.285607607307028,23.818232589129565],[91.285611042464694,23.81825369888054],[91.285619879192154,23.818268883402425],[91.285655248559834,23.818302946460758],[91.285704328015356,23.8183471842922],[91.285755500545505,23.818386020378654],[91.285790724386132,23.818424593475662],[91.285830566465606,23.818506043428759],[91.285844310689455,23.818542644980173],[91.285858867888663,23.818597804512777],[91.285867209644366,23.818652338628958],[91.285926609844196,23.818917217356574],[91.285934730614372,23.818938679549419],[91.285951874063272,23.818971697921398],[91.285980748611451,23.81900966928535],[91.286006013728823,23.819030305552058],[91.286033985470127,23.819045163727839],[91.286248469023974,23.819153392502447],[91.28636793687194,23.819228574125596],[91.286405326550693,23.819269535945669],[91.286424378021223,23.819300692034489],[91.28644182420237,23.819329223286935],[91.286461197269801,23.81937482331238],[91.286463425091711,23.819397259261951],[91.286473643428053,23.819500155090463],[91.28679947226307,23.819352167938415],[91.287023806742354,23.819674672172411],[91.28726599703451,23.820099641980907],[91.287497351847747,23.820544958796471],[91.287253756590459,23.820721274195996],[91.287154368784059,23.820770402502017],[91.286988352933037,23.820815703711194],[91.286828333336516,23.820824085152196],[91.286715241730462,23.82080494400773],[91.286332303399561,23.820639268458343],[91.286129238331299,23.820555255852483],[91.285761678259746,23.820454847605451],[91.285343933804867,23.820385208866291],[91.28517723433589,23.820382048249488],[91.284922746107455,23.820391264660405],[91.284544439490176,23.820444602314407],[91.284332588000126,23.820472712557557],[91.284046744076704,23.820481126892428],[91.283850362474098,23.820479027212272],[91.282397415655495,23.820350543158071],[91.281711121643042,23.820321293882518],[91.281254480136354,23.820311350179214],[91.280985104128746,23.820320152411149]]]},"properties":{"objectid":2045,"id":"1999","name":"Ward No 41","code":"41","town":"Agartala","district":"West Tripura","state":"Tripura","st_area(shape)":2060873.0196020512,"st_perimeter(shape)":7725.173532754774}},{"type":"Feature","id":2068,"geometry":{"type":"Polygon","coordinates":[[[91.336893795011591,23.855282627811711],[91.334932937138063,23.854902221297472],[91.333940855704569,23.854731027239005],[91.331783680907193,23.854358782304136],[91.327926872930959,23.853725667033729],[91.327940577628951,23.853217618643967],[91.328056376757246,23.852495178696675],[91.328031029893225,23.852362251154592],[91.328023413077929,23.852330902539304],[91.328009448766821,23.852294910283966],[91.327987867640445,23.852250790015951],[91.327971363792045,23.852218279643282],[91.327951051985124,23.852188092723885],[91.327918045186649,23.852150938697871],[91.327882499749194,23.852112622929823],[91.327834259320099,23.852068502599749],[91.327718884196599,23.852000885521267],[91.327537199930404,23.851930336140867],[91.327494036779285,23.851919887116175],[91.327444527030735,23.85191408173695],[91.327202939508084,23.851881425036158],[91.327109730314234,23.851859948576021],[91.326988278986121,23.851801350849851],[91.326866826759712,23.851742753097191],[91.326777692323972,23.851714485312289],[91.326751330363621,23.851708310206206],[91.326690734506144,23.851704309861276],[91.326643867601149,23.851710551516678],[91.32652304419544,23.851749451557303],[91.326434991331269,23.851752640987119],[91.326255241137872,23.851738682096141],[91.326223930358637,23.851741842770409],[91.326201966549945,23.851753104366406],[91.326188655314084,23.851762539557004],[91.326173679499973,23.851776540346716],[91.326166691505378,23.851788410741019],[91.326157705657579,23.851803933120316],[91.326062412372252,23.852154873301679],[91.326039319381238,23.852229439320517],[91.326001604512356,23.852278091492654],[91.325977219743947,23.852289580622774],[91.325926971580245,23.852301069751849],[91.325893719541682,23.852301069751849],[91.325870812501933,23.852292959826823],[91.325850860919473,23.852277416144755],[91.325827215464571,23.852251058676298],[91.325753320947584,23.852102376853132],[91.325734847992123,23.852074667829537],[91.325717113451745,23.852052365700903],[91.325670560058811,23.852019925935444],[91.325646914603865,23.852005057569979],[91.325615878709144,23.851994244585647],[91.325580409628458,23.851987486161892],[91.325558980317354,23.851987486161892],[91.325520555779377,23.851988837682331],[91.325482869656568,23.851997623797381],[91.325438533305729,23.852010464472595],[91.325315941117239,23.852106746080725],[91.325260374927026,23.85214491067757],[91.325173865368541,23.852167704923787],[91.324420924446827,23.852138670686223],[91.324408041707358,23.852054883882136],[91.324326412695811,23.851368554857999],[91.324309285416589,23.851267159899919],[91.324279712877427,23.85123059387389],[91.324232325847888,23.851202408137059],[91.324149284684694,23.851188932286487],[91.324000467079799,23.851165632585221],[91.323953044117644,23.851152187129962],[91.323915583471972,23.851127861245615],[91.323879534079623,23.851110823757651],[91.32382823129376,23.851095109041253],[91.32376293814562,23.851100770677423],[91.323629152948655,23.851149280315166],[91.323602558324694,23.851172091168522],[91.323502442882912,23.851226394687504],[91.323438044456807,23.851250547196237],[91.323397473843642,23.851265762362463],[91.323341082101678,23.851280977526894],[91.323293013250819,23.851285361570909],[91.323281574103987,23.851282409571283],[91.323229967687567,23.851239694712266],[91.323222455076845,23.851222191393024],[91.323214094456489,23.851175329908397],[91.323215816526897,23.851150029612832],[91.323225114988389,23.851103790052278],[91.323235763617774,23.85107555417035],[91.323262554074475,23.851028135588557],[91.3232952805986,23.850958145187843],[91.323311593105856,23.850919053476993],[91.323332968518031,23.850836888544912],[91.323336282403119,23.850808694506448],[91.323335996738834,23.850768641477654],[91.323327076468104,23.850729963796514],[91.323307962115464,23.850704903321514],[91.323233542084083,23.850627713873134],[91.323212852086428,23.850611493813126],[91.323185510962446,23.85059594910776],[91.32315595369468,23.850584459827495],[91.323123440071271,23.850574998259845],[91.323076148263141,23.85056756440521],[91.322988214874925,23.850563508977721],[91.322922449212982,23.850562157442408],[91.322878112862114,23.85055675130096],[91.322844860823551,23.850548641266752],[91.322824170825939,23.850539178874865],[91.322806436285603,23.850524311161099],[91.322787962431789,23.850503360301641],[91.322743917135071,23.850448157646237],[91.322740094803564,23.85044154620876],[91.322707747368483,23.850361989564444],[91.322635547074157,23.850319721354388],[91.322592944471822,23.850316067683305],[91.322568488736508,23.850330662648592],[91.322530875377268,23.85036792811291],[91.322444629923467,23.850456913466449],[91.32241682706541,23.85047256746163],[91.32237107407137,23.850484922720867],[91.322283510789035,23.85046883327778],[91.322121831105903,23.850435691467123],[91.321942265965419,23.850415981213768],[91.321834682828708,23.85041780024271],[91.32179662570168,23.850421805556987],[91.321738607110731,23.850433640746456],[91.321700267912746,23.850446157865125],[91.321668125293527,23.850463551194455],[91.321661197486094,23.850471222498179],[91.321644642433725,23.850497696996165],[91.321636796548034,23.850516537981825],[91.321624659410219,23.850621140238459],[91.321619833660506,23.850658519821877],[91.32160958837467,23.850696426040855],[91.32159810880367,23.850725267525316],[91.321573423997989,23.850758148814489],[91.321558064603252,23.850769059672427],[91.321519764931111,23.850783197776771],[91.321454382849794,23.850797039281773],[91.321380503604203,23.850799856549962],[91.321335738756943,23.850802371469165],[91.321302610685919,23.850804573358495],[91.321250761724343,23.850804122299799],[91.32121903951672,23.85079962896663],[91.321151620954652,23.850781934155005],[91.321047253786602,23.850743073260798],[91.321007051482695,23.850718284738299],[91.320973614391207,23.85069020487661],[91.320946441252175,23.850653135046088],[91.320937793170941,23.85062806551862],[91.320931172587279,23.850584895276487],[91.320935226684171,23.85052076923369],[91.320934059772611,23.850491751880799],[91.320931413335799,23.850476268781264],[91.320920782672701,23.850444156440791],[91.320911445583647,23.850426147728314],[91.320892322247872,23.850402911974925],[91.32087158913113,23.85038336357243],[91.320860033203289,23.850373031912266],[91.320828386454139,23.850349803543768],[91.320814859622629,23.850342773905119],[91.32070023549069,23.850311190644319],[91.32055893229311,23.850301073416958],[91.320500766378458,23.850287475053712],[91.320429469789318,23.850255037311271],[91.320380008549776,23.850214261921259],[91.320353664555753,23.850168263578542],[91.320336699871604,23.850119806977858],[91.320296263107394,23.849982289974704],[91.320280006295718,23.849951201232781],[91.320263011068846,23.849928898738714],[91.320243059486401,23.849911327049107],[91.32021424063376,23.849898485344294],[91.320171382011566,23.849889023726554],[91.320123351788254,23.849883617557044],[91.320104138620977,23.849878210565663],[91.320093055206982,23.849872803574108],[91.320077536810459,23.849863341954485],[91.320056449757487,23.849835696537458],[91.320033850839877,23.849779486307533],[91.320014047479432,23.849734880434845],[91.319985908651475,23.849665321501359],[91.319969651839784,23.849651804410584],[91.319953395926404,23.849649776682526],[91.319931966615314,23.849649776682526],[91.319899889573122,23.849662207608116],[91.319737063639664,23.849710035028572],[91.319712472258786,23.849712629664804],[91.319694973975359,23.849712629664804],[91.319682205321911,23.849712197499315],[91.319672746960265,23.849707871736175],[91.319662815186504,23.849701816489194],[91.319657613042679,23.849697058560196],[91.319650519945185,23.849689273007193],[91.319642480023404,23.849679757148085],[91.319625739918095,23.849642599938093],[91.319613691713485,23.84956815320723],[91.319593455365094,23.849394616266402],[91.319547698777782,23.849246391267855],[91.319522218963073,23.849195650244816],[91.319489030704872,23.849128913256155],[91.319460258564646,23.849094689040733],[91.319427048746917,23.849068566727475],[91.319408731199971,23.849054158947485],[91.319363972640915,23.849036331618063],[91.319337507374343,23.849032405957292],[91.319285985399546,23.849031568734947],[91.31925042918229,23.849036141825753],[91.319209276460796,23.849044644684962],[91.319185340850055,23.849055194178099],[91.319173634005267,23.849064098804089],[91.319157848809098,23.849079278897726],[91.319146249762142,23.849097134977637],[91.319139198885495,23.849116913625281],[91.319132070753724,23.849147399504872],[91.319122882784967,23.849203446508412],[91.31911581304368,23.849421689937454],[91.319104626323465,23.849527574787164],[91.319083480879982,23.849603228483645],[91.319069625265058,23.849616956732742],[91.319043070166913,23.849631740746613],[91.318999195550148,23.849643356638921],[91.318941466216714,23.84965286017659],[91.318851407414542,23.849656028296206],[91.318757885606956,23.849656028296206],[91.318441527709979,23.849646524758768],[91.317975073007091,23.849664476067026],[91.317893097245857,23.849680316662855],[91.317861923010568,23.849694044082199],[91.317826131434671,23.849715164323648],[91.317794096613355,23.849751178657254],[91.317785425175899,23.849759418555276],[91.31777986640094,23.849767476056023],[91.31777226934858,23.849787255422982],[91.31776780112834,23.849819701498575],[91.317740698057918,23.84998395290463],[91.317729464625288,23.85001900177712],[91.317716075235978,23.850029958707211],[91.317696343740764,23.850038982398996],[91.317659698765368,23.850046072031315],[91.317607550664789,23.850046072031315],[91.317545536367476,23.850046072031315],[91.31749761663697,23.850044782932592],[91.317479293700103,23.850036404201408],[91.317464494854121,23.850020935836366],[91.317452514921499,23.849996443775368],[91.317446877094781,23.849966150351253],[91.317425736142894,23.849696092349745],[91.317411641576072,23.849665799677059],[91.317366711438808,23.849639477828216],[91.317246662380867,23.849608470343256],[91.316935445542271,23.849554199010647],[91.316819613176278,23.849533998944533],[91.316711060757356,23.849521622232821],[91.316661712705539,23.849521508850842],[91.316597475976181,23.849515712401839],[91.316553887921984,23.849507418262178],[91.316538452170462,23.849494703866689],[91.31653158095682,23.849481153072158],[91.316515528062695,23.849436566815417],[91.316506722776282,23.849391418562472],[91.31648935744353,23.849337374724879],[91.316472184350246,23.84930122635383],[91.316432943243697,23.849262673119526],[91.316394443247233,23.849241219230514],[91.316339545403608,23.849225476352661],[91.316250731666415,23.849211816255735],[91.315449438026249,23.849230339465105],[91.315375972005697,23.84921871367645],[91.315355564977352,23.849205514502394],[91.31533674886542,23.849178610859621],[91.315339661203581,23.848932836437378],[91.315329714158409,23.848861762019432],[91.315319265853375,23.848833029394797],[91.315293636019987,23.848807755755193],[91.31527610000731,23.848804737148452],[91.315155125684669,23.84882183163089],[91.315112517692398,23.848844822827118],[91.31509566529769,23.848864174274606],[91.315087495120181,23.848879922126031],[91.315064656352376,23.848903787507673],[91.315049986863812,23.848911904217701],[91.314810765503623,23.848890913660149],[91.314741131696081,23.848888076631734],[91.31459802018982,23.848876461493333],[91.314580900097141,23.848873539016871],[91.314547721720444,23.84886183103491],[91.31454092147375,23.848857639987919],[91.314537398281203,23.848854040502065],[91.314530731883465,23.848842280756742],[91.314529905433417,23.848832609550563],[91.314526644548948,23.848794428367633],[91.314519383466518,23.848766461471765],[91.314511449545918,23.848754395256641],[91.314505929398479,23.848748664502466],[91.31448604968125,23.848735341216869],[91.314479633913479,23.848732490217635],[91.314465902266051,23.848728418300432],[91.314440274229327,23.848723673481505],[91.314414135949505,23.848721685997987],[91.314399036167899,23.848725523755515],[91.314383114427784,23.848735632068085],[91.314370803915153,23.848754946559296],[91.314357628324856,23.848766698096419],[91.314335654634689,23.848778841542043],[91.31431772875321,23.848779640971813],[91.314190008082747,23.848771938346648],[91.314173600354067,23.848765935639197],[91.314158423317352,23.84875693157748],[91.314146527826338,23.848743050417145],[91.314138734042956,23.848728793777862],[91.314132170951495,23.848713036870357],[91.314126428021879,23.848694653261408],[91.314125197329929,23.848675144860305],[91.314097773560945,23.848077946783416],[91.314100778425569,23.848062375482382],[91.31411580005377,23.848050468595641],[91.314186797503922,23.848030255970876],[91.314210380975055,23.848023726571853],[91.314155394198195,23.847703225271736],[91.314140544148245,23.847571935234921],[91.314144449124797,23.847387749041889],[91.314137375790253,23.847341706150043],[91.314138969401554,23.8472723792731],[91.314144317970758,23.847243059657252],[91.31415841972408,23.847214522220128],[91.314175769785493,23.847191598929456],[91.314185586574908,23.847184611843943],[91.314224988479893,23.847170211249143],[91.314270899577451,23.847159725689242],[91.314308027846451,23.847146937938952],[91.314319089700845,23.847139402006388],[91.314328580401849,23.847127642927099],[91.314338872400057,23.847096641414229],[91.314343048667794,23.847073139679296],[91.314344116764687,23.847040682235054],[91.314342234794154,23.847011873617273],[91.314338883179829,23.846991271380475],[91.314336755969222,23.846978200153032],[91.31433126995779,23.846944487242066],[91.314316450450548,23.846891976358613],[91.314306835782077,23.846871458730178],[91.314296581513105,23.846853286017783],[91.314279916866255,23.846835699943572],[91.314241461785571,23.846824561985798],[91.313992941963932,23.846812922013715],[91.313896489851871,23.846809154037771],[91.31376329844133,23.846784566882842],[91.313695058819093,23.846763064107709],[91.313670309334682,23.846740427484757],[91.313655460183043,23.846717791679513],[91.313645559850286,23.846681573561241],[91.313640610133078,23.84661064580169],[91.313632360903796,23.846443136473287],[91.313615861546978,23.846206208280432],[91.313603179131817,23.845934770320326],[91.313598516875487,23.845907020539808],[91.313594346895925,23.845894919549977],[91.313581269222013,23.845874889812944],[91.313552672253294,23.845844264307893],[91.313496518564861,23.845801343070178],[91.313368687401621,23.845706284297275],[91.31331176206038,23.845658786517532],[91.313275059592812,23.845640782069967],[91.313220128511503,23.845632808119301],[91.313152455726225,23.845633512258992],[91.313089668877723,23.845645733231667],[91.312997845784352,23.845679835934469],[91.312957818651924,23.84569870966418],[91.312890724381674,23.845749452877847],[91.312836687124062,23.845804452126412],[91.312811173173372,23.845847088256814],[91.312740678779747,23.846030035155007],[91.312722195044472,23.846050966196835],[91.312706937159376,23.846060305671799],[91.312691741258035,23.846065199303357],[91.312665265211649,23.846070866910633],[91.312639352408979,23.846071897235266],[91.312609496900521,23.846069836585986],[91.31257907814836,23.846061592345247],[91.312537881409412,23.846048913763514],[91.312412759565063,23.846004032182233],[91.312361999361627,23.845982035477338],[91.312325616694281,23.845973114206974],[91.312271346773045,23.845965143563259],[91.312150959050228,23.845962411639604],[91.312072862214393,23.845955646328242],[91.312000715818982,23.845937145656563],[91.311952682002413,23.845904134148181],[91.311942589430188,23.845892741404555],[91.311924049101066,23.84585515421707],[91.311922223724395,23.845846900924737],[91.311911880522217,23.845742696593319],[91.311908273786344,23.845668948475438],[91.311895068551664,23.845554434962462],[91.311864500679178,23.845454364038712],[91.311828183588872,23.845392222992125],[91.311778165393861,23.84532772382272],[91.311739456988263,23.845293116543136],[91.311662070719805,23.84524984017634],[91.311551893248492,23.845225145912977],[91.311479235711701,23.845224066283446],[91.311383502251886,23.845251807993805],[91.311246466950237,23.84531422599883],[91.311172288565643,23.845330928199999],[91.311081540755666,23.845335455409803],[91.310936346056266,23.845320364435956],[91.310843948939407,23.845299236905287],[91.31083043558256,23.845294742559645],[91.31077456127025,23.845261998740881],[91.310764750768996,23.845249435931553],[91.310742824689541,23.845205872799216],[91.310736351429625,23.845145831736048],[91.310755295102325,23.844857031163354],[91.310747217451294,23.844748744955957],[91.310733600788225,23.844706138864964],[91.310689557288157,23.844644128100398],[91.310604230810895,23.844589713367089],[91.310531526561675,23.844543898718996],[91.310501469830598,23.844516821564181],[91.310483800867289,23.844489828211014],[91.310454594840749,23.844462010746625],[91.310388939671583,23.844426902856615],[91.310364291696828,23.844423409239376],[91.3103496311914,23.844416613447013],[91.310321444752702,23.84439197160993],[91.31031077636041,23.844363929816478],[91.31028853137903,23.844267897987105],[91.310211726320546,23.843808551681814],[91.310206484650848,23.843761729420692],[91.310201611290438,23.843580669929381],[91.310227333650289,23.843386327432146],[91.310243196101567,23.843266478583971],[91.310246665395198,23.843148026428345],[91.310241099433711,23.843093016192938],[91.310169015920351,23.842573596355734],[91.310146461020196,23.842518813474442],[91.310079604803519,23.842419476409056],[91.310034992669856,23.842349917658158],[91.309935454844805,23.842260924274086],[91.309384960950482,23.841966556303394],[91.309277782953956,23.841886095564647],[91.309235624119339,23.841830565506299],[91.309224283787202,23.84179817248199],[91.309178676320201,23.841648597028595],[91.309160727980824,23.84160555361791],[91.309130708978998,23.841570128615619],[91.309108069637205,23.841552402142639],[91.30907691785977,23.841550827843744],[91.309051396722566,23.841527380976252],[91.309045649301368,23.841504933242387],[91.309050002537234,23.841412008456807],[91.30908827705656,23.841296017124133],[91.309119557293059,23.841245101261816],[91.309184062618669,23.841157193356072],[91.309201916634947,23.84114094170948],[91.309243705363627,23.841111983881433],[91.309281976289697,23.84109166993202],[91.309355705516637,23.841059879823209],[91.309444400676227,23.841030622891946],[91.309541233673954,23.841006580224992],[91.3096371692547,23.840973150878018],[91.309743662735016,23.840924254536848],[91.30982429731155,23.8408712851916],[91.309854902014948,23.840841285433825],[91.309886189438004,23.840789267541524],[91.309909635466894,23.840732635983255],[91.309928953737085,23.840678231111522],[91.309937290102923,23.840599692269755],[91.309937294594505,23.840549020990274],[91.309937880296076,23.840548405562842],[91.309940830363473,23.840543298911673],[91.309946109762393,23.840531809562059],[91.309952927077092,23.840513889855664],[91.309971403625852,23.840446168971269],[91.309988244342478,23.840336996609505],[91.309988244342478,23.840316063823447],[91.310016603257679,23.840242963379144],[91.310065585695185,23.840146281844508],[91.310100543634462,23.840103647947604],[91.310119852921503,23.840067374573024],[91.310154591671861,23.839978117509773],[91.310174783104486,23.839891440427852],[91.310190825218811,23.839782469729894],[91.310185423649031,23.83972005234827],[91.310128760615854,23.839557888951493],[91.310056584576031,23.839413786540561],[91.308253387323063,23.837674079332771],[91.311640324303397,23.83848934313227],[91.315868201170645,23.838850279721527],[91.316096818817186,23.838869796996253],[91.320553313331018,23.84033725379123],[91.321146619135135,23.840604420131058],[91.324415609115306,23.842076440490306],[91.325095371477317,23.842159959311974],[91.328396744825156,23.842565582777063],[91.330577165327156,23.843091561873536],[91.333670881418982,23.843837850711751],[91.333803958743502,23.843869952364276],[91.33517275228462,23.844621131229236],[91.336774955086057,23.845500396098085],[91.337272172595789,23.846742273678942],[91.338319873220101,23.84935903153557],[91.338201033294524,23.851695895087197],[91.338121886328111,23.852015605178917],[91.337862132175502,23.853064865327248],[91.337633850498861,23.853986988168991],[91.337564556254463,23.854266895349848],[91.337487994639446,23.854576157682011],[91.336893795011591,23.855282627811711]]]},"properties":{"objectid":2068,"id":"2019","name":"Ward No 9","code":"9","town":"Agartala","district":"West Tripura","state":"Tripura","st_area(shape)":3678131.9350806358,"st_perimeter(shape)":10037.439721860217}},{"type":"Feature","id":2069,"geometry":{"type":"Polygon","coordinates":[[[91.313538467193695,23.865108765170387],[91.313377835844463,23.86495124468189],[91.313138914521616,23.864772611147391],[91.312981447038837,23.864680776762732],[91.312818310288279,23.864616494215589],[91.312697687206892,23.864574601158356],[91.312598001159813,23.864521159251218],[91.312546772035773,23.864484546032067],[91.312517154580888,23.864446615915661],[91.312449970479094,23.864293798616487],[91.312434773679428,23.864230494302063],[91.312427581767267,23.864182334598691],[91.312410149959149,23.864114866786338],[91.312386966238321,23.864053698327304],[91.312339716650996,23.86397855665836],[91.312313426555903,23.863921306772589],[91.312263030170158,23.863791711530279],[91.312256976423441,23.86367221262589],[91.312258586204436,23.863605107659328],[91.312252340218251,23.863531980096624],[91.312234520337967,23.863468215358541],[91.312197835836727,23.863396636284985],[91.312086070144019,23.863233117427505],[91.31198169578947,23.863096631387208],[91.311829185210414,23.862837223061753],[91.311777420690504,23.862780169837361],[91.311735749641073,23.862740285635855],[91.311680366707179,23.862698877493049],[91.311607905003115,23.862621450375549],[91.311473277186423,23.862456858447199],[91.311456021448151,23.862431357437476],[91.311424407038317,23.862384636380536],[91.31132556720425,23.862280905403438],[91.311230513769118,23.86220029543572],[91.311191458613806,23.862151876195995],[91.311176336374288,23.86212375198507],[91.311168388979013,23.86209697425388],[91.311138182229243,23.862046943135226],[91.311108468654595,23.862015901650658],[91.31100579481091,23.861949615712742],[91.310932834541816,23.861914371257217],[91.310820815524224,23.861862572956241],[91.310755273542767,23.861804168706009],[91.310652943753809,23.861647855957749],[91.310572602028046,23.861472738135394],[91.310420187568752,23.861303869484978],[91.310363961116792,23.861133999163233],[91.310307802936819,23.860969626337976],[91.310209494905351,23.860800193457173],[91.308784586303375,23.860804030035418],[91.308484275910658,23.860829150993943],[91.308493777391419,23.861109479627569],[91.308525888569562,23.861274102843264],[91.308358109325638,23.861319837638671],[91.307565454783557,23.861399570756721],[91.307503490791873,23.861251754649153],[91.307229171355246,23.861320259085499],[91.306920733904121,23.861361439282696],[91.306488951476283,23.861377786156229],[91.306206607389214,23.861397221171465],[91.306171973741769,23.861513051567258],[91.305390727803783,23.861543178806777],[91.305259076105628,23.861110162323275],[91.305186935998421,23.861110913206399],[91.305102342546448,23.860595436672718],[91.305035937284018,23.860422041839058],[91.305026144749093,23.860403459435624],[91.304995475366979,23.860391185633059],[91.304948413527583,23.860386318831782],[91.304932021070272,23.860393725833791],[91.304788031909993,23.860441379234523],[91.304724680021209,23.860452595711248],[91.304659447958556,23.860467351377967],[91.304497303846389,23.860523133878907],[91.304262467163142,23.860603924807247],[91.303991167862506,23.860672113294147],[91.303758531153377,23.860712992193047],[91.303612194695262,23.860728110128189],[91.303552835817939,23.860737429650019],[91.303419863596304,23.860527699991856],[91.303404118824318,23.860502266790071],[91.303369137528847,23.860454873839746],[91.303318876788708,23.860397498343971],[91.303219626424536,23.860273983083093],[91.303194172660938,23.860234710157698],[91.303177907764422,23.860195710793541],[91.303165572098948,23.860140912358048],[91.303149503035144,23.859829014653684],[91.30311860907419,23.859588226670603],[91.303066477143304,23.859334940876714],[91.302980399674468,23.858851376941239],[91.302975054698535,23.858794512560834],[91.302964478832706,23.858629169801599],[91.30297035830624,23.858568858916176],[91.302984307345966,23.858510555874858],[91.303017752522308,23.858415190126699],[91.303041087160139,23.858368778989622],[91.303069871876772,23.858329567103091],[91.30330997897579,23.858088384451559],[91.303568367689181,23.857854689832266],[91.303668126499815,23.857741302760566],[91.30378166995844,23.857577264112095],[91.303884026696878,23.857411663473027],[91.304025240961209,23.857123720009621],[91.304045635413104,23.857061922219842],[91.304070769376438,23.856955061760559],[91.30408508582714,23.856818947845603],[91.30408742773507,23.856705945180515],[91.30408630394264,23.856678692287431],[91.304095554793449,23.856589828690076],[91.304106506155065,23.856542205092044],[91.304161196487883,23.856298809923068],[91.30418283600477,23.856182449884098],[91.304256927252766,23.855702683799251],[91.304287549922492,23.855582753502453],[91.304342398358813,23.855450870879842],[91.304399047917229,23.855343242565347],[91.30448386145649,23.855198327914511],[91.304495270958896,23.855158124251517],[91.304495718319913,23.855146741358642],[91.30449343120921,23.855137359816684],[91.304488641392112,23.855130148048531],[91.30448355333435,23.855125755918845],[91.304466141289183,23.855118791443552],[91.304219013856212,23.85506999409791],[91.303956596198759,23.855009379216455],[91.303658982548527,23.854903380539071],[91.303601460725943,23.854879100545524],[91.303452449983212,23.854823373946175],[91.303294737260373,23.854778422283307],[91.30320313964414,23.854760317227274],[91.302882966602141,23.854696784785251],[91.302292768968897,23.854579754544226],[91.301949247814349,23.854495349027829],[91.30153660399364,23.854422221252026],[91.301204756446211,23.85434825213904],[91.300853628357842,23.854270964628274],[91.300495067608807,23.854214869700019],[91.300155919453118,23.854172649576693],[91.299808915530207,23.85411753475022],[91.299536825712096,23.854477793567398],[91.299029963889438,23.855080905414383],[91.299003332434538,23.855106706923724],[91.298981665069874,23.855124206431991],[91.298971506022326,23.85512786325382],[91.298952600977188,23.855128601848005],[91.298927879340567,23.855126018822251],[91.298907211800838,23.855120049272017],[91.298701621568256,23.855003380905789],[91.298185563692059,23.854601838520104],[91.297603304470968,23.854183599582946],[91.297399903432762,23.854066342943959],[91.297015093911128,23.853818086756586],[91.29681797209679,23.853691140046866],[91.296463581327302,23.853500043175153],[91.296432929013164,23.853476000356295],[91.296404608725538,23.853443795920175],[91.2963890543964,23.853413739918125],[91.296375691956541,23.853387919996816],[91.296358206249536,23.853334118550094],[91.296347165056375,23.85325650097888],[91.296338767605064,23.853223140517912],[91.296307515216355,23.853142945566006],[91.296296904316208,23.853128599036349],[91.296286293416088,23.85311889446503],[91.296259535298717,23.85310117285773],[91.29624392437573,23.853093729288997],[91.29619356212595,23.853079231582068],[91.296162651096992,23.85307374585177],[91.296082375846609,23.853066556151568],[91.296059077141379,23.853059840506205],[91.296038676401267,23.853051434036043],[91.296030704751459,23.853045762626071],[91.29602302774903,23.853038201567291],[91.296020665179825,23.85303388084472],[91.296017713315806,23.853028209433983],[91.296013846966829,23.852993915591856],[91.296011958708092,23.85296137500692],[91.296008627755015,23.852891586117654],[91.296033331425349,23.852699878448188],[91.296161903698703,23.85224701151742],[91.296197724020629,23.852148407373036],[91.296212000945474,23.852122459031236],[91.296230770344991,23.852099472524447],[91.296247800606167,23.852090686416318],[91.296264569457577,23.852086115076471],[91.296326069918535,23.852077418520995],[91.296337590812072,23.852073773115372],[91.296359031801273,23.852062779386415],[91.296374852930043,23.85204545117757],[91.296398306145505,23.852005784679651],[91.296419949255636,23.851961354572609],[91.296444477754463,23.851898258667621],[91.296549739644504,23.851649401026915],[91.296712038266904,23.851339649432099],[91.29676987449983,23.851249915387626],[91.296833806700292,23.851184926995909],[91.296880542451248,23.851137598829958],[91.296950502347272,23.851044349845239],[91.296977255074765,23.850996997801552],[91.297029507379889,23.850932229471717],[91.297071260175997,23.850886042415848],[91.297119232907079,23.850812077857125],[91.297125292043674,23.850793757809161],[91.297126858705539,23.850779372404219],[91.297125252517802,23.850763319969722],[91.297124956972084,23.850755758777755],[91.29712259530119,23.850745226676693],[91.297118165708525,23.850737125691914],[91.297069519240935,23.850673674259127],[91.296957122032609,23.85054519135943],[91.296909400829776,23.850480910835717],[91.296752289978144,23.850197159406406],[91.296467493490354,23.849758085086915],[91.296421256304384,23.849662661135572],[91.296403169624455,23.849611941637313],[91.296387866823565,23.84958176397009],[91.296377425705032,23.849557759861479],[91.296371781590096,23.849540209483372],[91.296367407692969,23.849502380979061],[91.296366525547384,23.849472537681155],[91.296366525547384,23.849447937885724],[91.296372663735724,23.849411195521995],[91.296400477373524,23.849328162013951],[91.296450193734614,23.849139675539686],[91.296477323754516,23.848930312444203],[91.296474555146801,23.848851881303464],[91.296473629882058,23.84875823465643],[91.296459420330905,23.848639591974891],[91.296451734345339,23.848602019551404],[91.296414894435543,23.848465434292773],[91.296346908138204,23.848297811513515],[91.296176041384626,23.847865437636536],[91.296163694939352,23.847842852968121],[91.296155317251021,23.847835190546643],[91.296145616344262,23.847832770877723],[91.29612533328347,23.847829544378595],[91.295988642934901,23.847831964869165],[91.295974974169525,23.847829947793699],[91.295963509869878,23.847825511870766],[91.295956454501635,23.847821075947678],[91.295948517886103,23.847810993033974],[91.295943226809072,23.847801717771461],[91.295885932260262,23.847503181972883],[91.295835638282441,23.847196377491038],[91.295819765051391,23.847085068839728],[91.295795513233642,23.846979809715908],[91.295776993565767,23.84690157129841],[91.29574429129616,23.846783574358668],[91.295846259064064,23.846743972801988],[91.295856348043017,23.84676596609108],[91.295873707985862,23.84679219732304],[91.295880162381167,23.846800044672008],[91.295890964622473,23.846810688834776],[91.295921989737451,23.846833592473779],[91.295958747002231,23.846847811526711],[91.295980506893386,23.84685335421273],[91.296011857198451,23.84685857235641],[91.296050429060131,23.846860881945695],[91.296073711595668,23.846861029838269],[91.296156160769101,23.846848438427017],[91.296523757671551,23.846792744525885],[91.29693126043388,23.846757965917568],[91.29695970468903,23.846749749655885],[91.296980663282952,23.846734688425265],[91.296995633707141,23.846714149409635],[91.297040545878104,23.84646494576878],[91.297070486726511,23.846421129161754],[91.29710940982946,23.846377313361586],[91.297145339745867,23.846349928478954],[91.297236659782698,23.846321173935134],[91.297308517818919,23.846311588811925],[91.29738337083829,23.846311588811925],[91.297503135130285,23.846326650913333],[91.297585472912573,23.846344451501736],[91.297652840270715,23.846371836385522],[91.297715716950677,23.846381420682661],[91.29777110796941,23.846391005800729],[91.297847457582037,23.846388267313024],[91.297916322431746,23.846360882432709],[91.297964227789222,23.846336235213833],[91.298089980250865,23.846234910265448],[91.298522741842376,23.845924852407808],[91.298577271376743,23.845899442631929],[91.298635536106076,23.845882409386437],[91.298775054351154,23.845863841330498],[91.298893243896472,23.8458711431722],[91.299068696549568,23.845898256195913],[91.299709675047509,23.846126313811265],[91.299734477532496,23.846133875273274],[91.299756524884529,23.846136396034392],[91.299788216549416,23.846136396034392],[91.299806129854517,23.846133245083003],[91.29982955432385,23.84612316285962],[91.300147855276791,23.845884966304244],[91.300198149254584,23.845863541434888],[91.300242243060325,23.845850938423911],[91.30028426984255,23.845844636507152],[91.300320784562246,23.845846527082202],[91.300478557472232,23.845893788163242],[91.300612905014546,23.845928447045228],[91.300684557336567,23.84595869375844],[91.300743119408239,23.845999023520037],[91.300759653799361,23.846022969130317],[91.300767232885391,23.846053216643071],[91.300792422544305,23.846232257223917],[91.300804264136374,23.846587700220304],[91.30078721231564,23.846903285208629],[91.300780898057496,23.847056681725018],[91.300797805249474,23.847235568097904],[91.300807493579796,23.847246398733361],[91.30083117676395,23.847263136836961],[91.300854859948089,23.84727199804006],[91.300882849655721,23.847278890634257],[91.300924833318831,23.847286767532193],[91.300972198788827,23.84729168987425],[91.301021718418852,23.847294643608016],[91.30109707359648,23.847294643608016],[91.301172428774095,23.847298582467392],[91.301221948404134,23.847304489934583],[91.301281155466199,23.847323197459996],[91.301324216209323,23.847338951249988],[91.301358663905518,23.847357657948777],[91.301381270907982,23.847373411734569],[91.301573098950357,23.84758999035477],[91.301585885570148,23.847596039949067],[91.30160616863094,23.847605718642082],[91.301631301695934,23.847614187908682],[91.301666135667702,23.84762225375902],[91.301689064267038,23.847625882857443],[91.301718607161774,23.847629109361634],[91.301738449149767,23.847630319608811],[91.301758732210587,23.847629916193092],[91.301782588769584,23.847626255873188],[91.301988019102012,23.847538368726973],[91.302048663468526,23.847521702961576],[91.302219867090315,23.847515194077449],[91.302233861944131,23.847516671352604],[91.302300604973112,23.84752996272022],[91.302380784103775,23.847562668171545],[91.302660093681837,23.847712451244099],[91.302682683616268,23.847726678416812],[91.302694794702944,23.847736173057207],[91.302709350105474,23.847751816699937],[91.302723475215004,23.847774718529408],[91.302732612878089,23.847795042112644],[91.302740571053178,23.847817398379167],[91.302743387271605,23.847835197941215],[91.302743912786042,23.847852035384712],[91.302741975119972,23.847877498183074],[91.30272690049118,23.84800847651708],[91.302731207014659,23.84803309137483],[91.302739819163307,23.848047859958609],[91.302747354231883,23.84805967482442],[91.302762425267417,23.848072474808905],[91.302819652442579,23.848106226864129],[91.302834120708567,23.848113158029992],[91.302859612201374,23.848119459836475],[91.302884414686361,23.8481245004598],[91.302927819484253,23.8481245004598],[91.302976735446435,23.8481245004598],[91.303002227837567,23.848121979737343],[91.303101197927347,23.848095523651299],[91.303215598378785,23.848065899401426],[91.303288147219462,23.848072828926188],[91.303317772759215,23.848078500553775],[91.303341197228562,23.848087322263517],[91.303394936245482,23.848125130640401],[91.303436274019916,23.848153487121252],[91.303458320473624,23.848164199367112],[91.303483811966416,23.848169870990706],[91.303512059490544,23.848174911612109],[91.303541685030297,23.848173651251376],[91.303590608178979,23.84816966312156],[91.303661564306651,23.848138993791327],[91.303691878854238,23.848125130640401],[91.303713237198423,23.848118199475209],[91.303742861839865,23.848116308933253],[91.303801539794208,23.848123221201369],[91.303844139701624,23.848148445677424],[91.303861363998877,23.848171760710247],[91.303979176251772,23.848356391926668],[91.303995022533385,23.848373405128275],[91.304017068987079,23.848385377714639],[91.304041872370405,23.848395460583674],[91.304079076097892,23.848395460583674],[91.304103878582879,23.848394200225094],[91.304127992060046,23.848384747535309],[91.304139704294741,23.848376556025215],[91.304152795443372,23.848359542002413],[91.304207223468097,23.848199487000649],[91.304231336945278,23.848188774757716],[91.304271296704073,23.848179322874561],[91.304333991924381,23.848173651251376],[91.304382908784845,23.848176802153173],[91.304404266230733,23.848184363495555],[91.304430446731374,23.848197596459915],[91.304513009990814,23.848262016147704],[91.304627903617344,23.848346157877241],[91.304694484949579,23.848396166351595],[91.304727114455659,23.84841350737263],[91.304748850092253,23.848419300584439],[91.304803440712064,23.848429560919762],[91.304825337147122,23.848434752708311],[91.304836343305993,23.848437075415337],[91.30485101728614,23.848437333402618],[91.304866538377624,23.84843655944082],[91.304883469824077,23.848434752708311],[91.304929082680971,23.848420848508241],[91.304996067356768,23.848400682773352],[91.305017250529446,23.848398182596643],[91.305050320210043,23.848398586009981],[91.305067516659506,23.848401811673348],[91.305085595254596,23.84840987747463],[91.305123074764907,23.848423589417852],[91.305147326582599,23.848431655217784],[91.305182707628376,23.848438391643363],[91.305222270331825,23.84843881724019],[91.30526753643899,23.848429487796],[91.305295094955284,23.848423186004602],[91.305339877768816,23.848423186004602],[91.305359857199065,23.848427597258596],[91.305377081496303,23.848445241451529],[91.305383971574543,23.84846414517834],[91.305389482738804,23.848535350451098],[91.305394305793556,23.84856055594981],[91.305410152075197,23.848575679411002],[91.305436332575837,23.848581351016591],[91.305463891092117,23.848580090659816],[91.305484559530157,23.848571268983648],[91.305542845819076,23.848528848190817],[91.305591789628991,23.84850263374263],[91.305624419135071,23.84849456794711],[91.305678212949218,23.848489728633865],[91.305741267495648,23.848492955116598],[91.30579991131404,23.848513119193896],[91.305838272969922,23.848530461020886],[91.305852382808098,23.848541753295674],[91.305932633803991,23.848616361652503],[91.305956003476126,23.848632492406278],[91.305971876707162,23.848638945364513],[91.306011120508671,23.848643784672159],[91.30604419018924,23.848643784672159],[91.306090047387841,23.848641768430905],[91.306141636736328,23.848637735126754],[91.306180880537809,23.848630879577481],[91.30624007861671,23.848610415629217],[91.306382278332947,23.848554885164905],[91.306429816279447,23.848535980629688],[91.306462886858327,23.848532830558245],[91.306497334554535,23.848532830558245],[91.306527447879489,23.848538074104365],[91.306567608860888,23.848553624807863],[91.306595856384988,23.848571268983648],[91.306619969862183,23.848587021800338],[91.306643395229827,23.84859395376208],[91.306693689207648,23.848590802870397],[91.306722625739582,23.848581981194954],[91.306752251279335,23.848569378448307],[91.306779809795614,23.848552364450821],[91.30681908054656,23.848512035483665],[91.306911401306635,23.84841877557206],[91.306947916026317,23.848377186204619],[91.3069727194096,23.848366473976327],[91.307000966035403,23.848358912644557],[91.307073307365229,23.848368364514595],[91.307131869436944,23.848384118177581],[91.30717114018789,23.848392939866486],[91.30721109994667,23.848397980479174],[91.307240036478618,23.848396720942244],[91.307267594994897,23.848396720942244],[91.307286197307789,23.848393570045765],[91.307326670004585,23.848379958336526],[91.307360269691188,23.848342610960611],[91.307435013116091,23.848199487000649],[91.307453614530658,23.848177432333532],[91.307463949647996,23.848169240810332],[91.307482551062577,23.848161678645432],[91.307755557162281,23.848143893095738],[91.308088159294542,23.848102374299181],[91.308340999114392,23.848089212805856],[91.308377513834074,23.848089212805856],[91.308414028553756,23.848092993890482],[91.308446410124802,23.848099294876292],[91.308485680875734,23.848118829655824],[91.308504972196474,23.848132062626874],[91.308524951626723,23.848147815496912],[91.30854837609607,23.848171131351474],[91.308577312628003,23.848200747361126],[91.308593158909616,23.848222171844156],[91.308604182136449,23.848240446245082],[91.308614517253801,23.84826943288061],[91.308621406433701,23.848296528970373],[91.308630362637089,23.848336227003351],[91.308638630730982,23.848371515411685],[91.308643452887438,23.848384118177581],[91.308653788004776,23.848401131375553],[91.308668945278569,23.84842066610959],[91.308685479669677,23.848440830198122],[91.308704081982569,23.848461624462487],[91.308718550248557,23.848476747935226],[91.308746108764836,23.848503213802868],[91.308934867263901,23.848621260938849],[91.308975699286819,23.848657972305197],[91.30901782937535,23.848712637566077],[91.309077869175653,23.848812549046219],[91.309091837080018,23.848848835584491],[91.309108410996998,23.848916054182283],[91.309120738577647,23.849119674238874],[91.309146902010312,23.849222043663936],[91.309156590340635,23.849238658270846],[91.309168701427296,23.849256381227939],[91.309180206151154,23.849271888299914],[91.309209877504998,23.849290164196056],[91.309227437772151,23.849296256434734],[91.309275880322161,23.849299026082182],[91.309436476637089,23.849292521395395],[91.309931332475969,23.849217751570492],[91.310027839385228,23.849203905788762],[91.310085554345633,23.849202174655151],[91.310117723914274,23.849203040632776],[91.310420299858166,23.849261468638865],[91.310546328102618,23.849286979635313],[91.310594581108106,23.8492930373665],[91.310823582335274,23.849288815933889],[91.31091573780536,23.849293088306329],[91.310933952944367,23.849296278618212],[91.310949067099003,23.849302304306189],[91.310961080269308,23.84930974809269],[91.310971543845739,23.849317191057182],[91.311008248109943,23.849357956048497],[91.311065198603998,23.84947054281464],[91.311138170551146,23.84963693495181],[91.311207055163777,23.849760454601856],[91.311293575502049,23.849875180481369],[91.311372732349923,23.849959309661166],[91.311444264297691,23.850027877580704],[91.311757566126076,23.850267886375189],[91.31193937525812,23.85039882449977],[91.312055549882231,23.850458651977728],[91.312126312872095,23.850485773901063],[91.31240285563905,23.850604946468902],[91.312445243544062,23.850638175326036],[91.312466436598257,23.850667527859493],[91.312481575007411,23.850693004071921],[91.312489446944241,23.850712941866647],[91.312493686094072,23.850732325077661],[91.312493686094072,23.850750601589468],[91.312490052408748,23.850763339688143],[91.31244342625223,23.850914533035002],[91.312444031716751,23.850937793344642],[91.312450692724553,23.850956069827468],[91.312460987417737,23.850975453002121],[91.312468253890046,23.85098652980485],[91.312516696440056,23.851061849080509],[91.31253244031376,23.851074033391019],[91.312555450659744,23.851092309033007],[91.3125923875876,23.851115570132375],[91.313220931605372,23.851494382364322],[91.313246969273877,23.851507120389893],[91.313260896754045,23.851519858414207],[91.313271796911721,23.851533703948526],[91.313279668848551,23.851544779881934],[91.313285118029043,23.851563610034628],[91.313294806359409,23.851635052688707],[91.313309969023081,23.85173416414754],[91.313319072550172,23.851750963291177],[91.313338750146457,23.851765502226453],[91.313380122955181,23.851787624475332],[91.313395133803581,23.851800805311328],[91.313405464429366,23.851817334141863],[91.313410940559336,23.851830001478604],[91.313415592934163,23.851851100010514],[91.313416271162211,23.851862447042738],[91.313417875553327,23.851889304940737],[91.313414527532231,23.851914798988034],[91.313403233014199,23.851944074002585],[91.313366260153728,23.852077552440566],[91.31336928747622,23.852096382515843],[91.313376553948572,23.852122411378907],[91.313387453207923,23.852137918929518],[91.313396536073739,23.852148441058294],[91.313413491774725,23.852163394031294],[91.313435895757934,23.852173916979584],[91.313464961647242,23.852187761622417],[91.313503110402422,23.852210468772391],[91.31351703788259,23.852224867985594],[91.313526120748435,23.852245358475614],[91.313535203614265,23.852266403536458],[91.313573078383286,23.852423457997716],[91.313698139142161,23.852844832043093],[91.31378247208275,23.853018418588583],[91.314088698779926,23.853708012879181],[91.314101945337114,23.853720127106396],[91.314122760200576,23.853726184630379],[91.314171960030365,23.853727914881983],[91.314227782240422,23.853733107279837],[91.314259004984763,23.853740029928954],[91.314293066405398,23.853759931926842],[91.314314828093146,23.853791083838438],[91.314331858354322,23.853827427315],[91.314334697030617,23.853934728256327],[91.314327127826019,23.853995300918321],[91.314328073752023,23.854030779213861],[91.314338481632888,23.854058469744409],[91.314346996763476,23.854074045254453],[91.314361189246654,23.854083564077229],[91.314380112258107,23.854091351830945],[91.314406604474144,23.854099139584243],[91.314692340599734,23.854147597983264],[91.315637010749143,23.85430885993161],[91.315689691550659,23.854311628650336],[91.315733895849164,23.8543182743967],[91.31578112747016,23.854331012144673],[91.315816854367355,23.854340426608147],[91.315934038697819,23.854382154551693],[91.315962127220132,23.854388915315308],[91.315999086605871,23.854390266810711],[91.316059698633026,23.854386210681245],[91.316096658018779,23.854384859185817],[91.316148400080834,23.854376746926455],[91.316183880839588,23.854364577714879],[91.316211969361902,23.854355113136922],[91.316226752936529,23.85434024093151],[91.316425415361635,23.854153239768138],[91.316461141360463,23.854131087524696],[91.316512612131291,23.854126103002386],[91.31654773266564,23.85413274875825],[91.316574376696991,23.854151578534875],[91.316667302023234,23.854273989680319],[91.316682085597861,23.854288861893323],[91.316707217764559,23.854299678794099],[91.316732349931257,23.854301031112023],[91.316770787045627,23.854296974158206],[91.31683731268231,23.854272637362104],[91.317202435624495,23.854147901146014],[91.317218712199136,23.854144710953602],[91.317250103826751,23.854144002752214],[91.317290020466373,23.854147901146014],[91.317346207392447,23.854163112685743],[91.317400127869064,23.854194448534084],[91.317527851234473,23.854286870387291],[91.317576278513144,23.854313620156024],[91.317608796628093,23.854324842092744],[91.317643933332135,23.85433085358008],[91.317690764304515,23.85433135474274],[91.317717162197454,23.854327059532213],[91.317737444359921,23.854323759252711],[91.317766409637983,23.85431036259827],[91.318059910800841,23.854127966344532],[91.31808947795011,23.854110389473242],[91.318116088743793,23.854110389473242],[91.318173744415333,23.854125261705065],[91.318215137885318,23.854161767760591],[91.318293490741027,23.854260468962348],[91.318349668683936,23.854319959453591],[91.318386627171392,23.854345649379827],[91.318438369233448,23.854364577714879],[91.318490112193786,23.854379450739092],[91.318589161335353,23.854383506868761],[91.318688211375175,23.854384859185817],[91.3187473456737,23.854387562998301],[91.318785782788083,23.854392971444646],[91.318833089867582,23.85442271666329],[91.318878919218434,23.854447054252763],[91.318952836193276,23.85452276998188],[91.318992751934601,23.85456197973426],[91.31906075619824,23.854610654034762],[91.319122846852352,23.854636343081804],[91.319176067541363,23.854645807639216],[91.319242594076385,23.854653919881724],[91.319511653877015,23.854674201307358],[91.319511699691091,23.854771412602698],[91.319464855243965,23.855218448226704],[91.319404990615112,23.855468160841028],[91.31938336187801,23.855501441853178],[91.31935669628713,23.855512248793858],[91.319336684517552,23.85551984174953],[91.319309035271431,23.855533070678554],[91.319294799669095,23.85554357938652],[91.319276010506641,23.855578099307209],[91.319266359905512,23.855629000502017],[91.31926316549638,23.855725558754994],[91.319244317943401,23.85626269964283],[91.319239083460246,23.856317222851196],[91.319268162824301,23.856563220700281],[91.31926089275872,23.857015324925168],[91.319233283038471,23.85710073274694],[91.318295356541867,23.857347671436528],[91.315383779263783,23.858977945611901],[91.314154024267381,23.862298424480805],[91.31355952819554,23.865137606732532],[91.313538467193695,23.865108765170387]]]},"properties":{"objectid":2069,"id":"2021","name":"Ward No 8","code":"8","town":"Agartala","district":"West Tripura","state":"Tripura","st_area(shape)":2832299.9751668032,"st_perimeter(shape)":9489.3698138243781}},{"type":"Feature","id":2046,"geometry":{"type":"Polygon","coordinates":[[[91.2964119955721,23.792752210422712],[91.296293719788537,23.792773060463979],[91.295939142169473,23.792820118121845],[91.295797157150616,23.792868119381254],[91.295694859701001,23.79294871901077],[91.295605269819418,23.793138796242552],[91.295319149214905,23.793640054593595],[91.295082607529224,23.793979426022606],[91.294850119940449,23.794222361928227],[91.294154499618699,23.794971437952707],[91.293569935320619,23.795625037743527],[91.293216524613115,23.79598657931567],[91.29214118372586,23.797247497598939],[91.291187745120951,23.798472633994844],[91.290090883294411,23.799849656088188],[91.289069744954745,23.801145952378899],[91.288567711576775,23.801729629075741],[91.288345447714235,23.802021875751567],[91.288000654545229,23.802496438010269],[91.287843432302523,23.802712832649959],[91.287486469656386,23.803209687298324],[91.286911195734973,23.80394870983633],[91.28671703297114,23.805608940748275],[91.285794120916222,23.805556166566671],[91.280022809931737,23.805226148068407],[91.27862948429852,23.805146474106433],[91.27883564226633,23.803622553468056],[91.278885237354856,23.803382214264818],[91.279003353238309,23.802971840164293],[91.279040966597577,23.802880271046739],[91.279069650702908,23.802827277951742],[91.279142647802914,23.802706628910219],[91.279179697020169,23.802654421485968],[91.279204243485324,23.802622878394455],[91.279284778348824,23.802536575805949],[91.279354281900694,23.802464909674711],[91.279462397738399,23.80237860698125],[91.279928452690953,23.802001974034329],[91.279993627261447,23.801951229326516],[91.280176126299622,23.801828652912633],[91.280231994323742,23.801787702028264],[91.280288434574743,23.80173692107266],[91.280334114805257,23.801684874353363],[91.280360833396756,23.801639924822442],[91.280378933551418,23.801591820777073],[91.280537832948752,23.801071470419945],[91.280616700539127,23.800812620212032],[91.280754414068824,23.800431879702412],[91.280822942050278,23.800115838111264],[91.28083916382765,23.80002098586732],[91.280857744581013,23.799915482257177],[91.280974580365182,23.799252068872001],[91.281016775132372,23.798985043424103],[91.281067694337651,23.798747086635334],[91.28110699652963,23.798612894956946],[91.281156045442458,23.798493416541703],[91.281193236593538,23.798423296700211],[91.28120133400752,23.798414900662195],[91.28123633865917,23.798385956313655],[91.281316255481784,23.798334275655719],[91.28145126418417,23.798249449698034],[91.281466090877927,23.798243959183278],[91.281487979228146,23.798239436905828],[91.281566704884696,23.798235883687742],[91.28164218313151,23.798228312858811],[91.281722038868708,23.798203258680584],[91.281739336827798,23.798195184004435],[91.281756635685213,23.798184847366166],[91.281774287580546,23.798169342407174],[91.281800764525229,23.798143501626733],[91.281827242368252,23.798110231378065],[91.281842775137818,23.798081482582003],[91.281861583164911,23.798030085370442],[91.281922207768503,23.797890904624428],[91.281936681424369,23.797862479622534],[91.281959644159642,23.797823897951424],[91.281987224235493,23.797790776391334],[91.282027732864947,23.797749768342396],[91.282071690126742,23.797726898779487],[91.282300809931542,23.79761215801841],[91.282898826500983,23.797406892151294],[91.282968380358511,23.797359485186579],[91.283035025471108,23.797307384931294],[91.283082607435063,23.79724848885818],[91.283137649907488,23.797157924226891],[91.283183566394925,23.797050079869756],[91.283257888509951,23.796798312547388],[91.283308014502794,23.796630732334602],[91.283370588450538,23.796346144747108],[91.283404456733408,23.796134002939674],[91.283451665896507,23.795838303163716],[91.283502417116821,23.795609397679279],[91.283713385562947,23.794830125066888],[91.283883415086677,23.794324554382328],[91.284019270002034,23.793961813877186],[91.284153927463123,23.793511216019482],[91.284227011699713,23.793293477758002],[91.284363503520595,23.793061434455616],[91.284566331433666,23.792770123572357],[91.284899459080364,23.792362396396445],[91.285061416342941,23.792156843587559],[91.285070699533065,23.792128337599966],[91.285079426666073,23.79205076560849],[91.285079541650433,23.792010797187576],[91.285071241217196,23.791937908729643],[91.28502086998428,23.791815072166425],[91.284996794236335,23.791736359909304],[91.284975399061224,23.791644944801842],[91.284966428484779,23.791536111142104],[91.284962863071428,23.79145036999655],[91.284917892510009,23.790948524525824],[91.284893316400456,23.790678295192233],[91.284890566657367,23.790350454966319],[91.284920704236825,23.790014401457348],[91.285002939611203,23.789453946751699],[91.285100608042171,23.789146483059657],[91.285192980904498,23.788886096628449],[91.285319604731995,23.7886925040854],[91.285489837274952,23.788554256165909],[91.286779588952584,23.789250986009922],[91.287683332755961,23.789807704839181],[91.287783149957065,23.789874843875765],[91.289871857858472,23.791279734994472],[91.290446882048258,23.79167328403452],[91.29185633423748,23.792539375581267],[91.292353057673807,23.792813417441224],[91.292436639622778,23.792815007126766],[91.292454245704064,23.79279998895392],[91.292490690355137,23.792764659129052],[91.292540882823289,23.792713559010789],[91.292631886653155,23.792595202090425],[91.292674199099665,23.792540171247694],[91.292986477746965,23.792163155509364],[91.293086392864424,23.792042526155488],[91.293102975764583,23.792030984015842],[91.293151376093761,23.792011817255798],[91.293229064196183,23.79199319957084],[91.293340303476114,23.791966541342831],[91.293378638182546,23.791947277580451],[91.293399717150677,23.791932149162928],[91.293475862845739,23.791855507528656],[91.293500366191736,23.791835596034407],[91.293532953477012,23.791814666933227],[91.293712310208335,23.791732610061455],[91.293744382758888,23.791722294280412],[91.293778974185557,23.791716175501186],[91.29391112714363,23.791716175501186],[91.293943301203839,23.79172002727438],[91.293974910223739,23.791729239965726],[91.294077135808138,23.791779905646656],[91.294147749677677,23.791803329444857],[91.29428323538545,23.791834930235538],[91.294413784850761,23.791865380255302],[91.294450842152841,23.791880104269612],[91.29453961277089,23.791931404455106],[91.294580114213801,23.791962947676527],[91.29463077560257,23.792009303662976],[91.294655659834262,23.792037981468958],[91.294669686129112,23.79207008278377],[91.294717526807872,23.792230589238855],[91.294800907534224,23.792439127326453],[91.294810833019781,23.792459893577014],[91.29481841390249,23.792472826451636],[91.294828917903075,23.792483840025461],[91.294947937491727,23.792572943987331],[91.294956140008594,23.792576863958576],[91.29498071162655,23.792583624655194],[91.295026567028529,23.792591582138463],[91.295244806438618,23.792629455182155],[91.295321766905644,23.792639240721297],[91.295388590782991,23.792634875244811],[91.295600431493284,23.792599272481329],[91.29571607880635,23.792569690633062],[91.296099856163693,23.792447954462922],[91.296129638908624,23.792448090909929],[91.296153796403274,23.792455584810455],[91.296202017069405,23.792473168391098],[91.296248440206639,23.792493296787676],[91.296289831879989,23.792511192711665],[91.296308125172445,23.792523706376688],[91.296321179490135,23.792539699437238],[91.2963508634204,23.792598307489655],[91.296396785297716,23.792708822007111],[91.2964119955721,23.792752210422712]]]},"properties":{"objectid":2046,"id":"2000","name":"Ward No 44","code":"44","town":"Agartala","district":"West Tripura","state":"Tripura","st_area(shape)":1856511.7407610868,"st_perimeter(shape)":6648.1051089699322}},{"type":"Feature","id":2047,"geometry":{"type":"Polygon","coordinates":[[[91.303372929317646,23.797690310265001],[91.303402228768945,23.797711581167455],[91.303413221453113,23.798003266459773],[91.304126261006502,23.799308084005951],[91.305195819438282,23.800939087714653],[91.305766251440318,23.802504832140645],[91.305195819438282,23.804266271649006],[91.304340172333539,23.807201952173081],[91.304340172333539,23.808749143888811],[91.304199043409128,23.808735391589416],[91.303516776544114,23.808685361249509],[91.30308745190689,23.808683454517411],[91.302669136123498,23.808681597919136],[91.302507707070276,23.808691819482554],[91.302495266301918,23.808353334657653],[91.302491944332004,23.808229549561823],[91.302484759606358,23.808167551770207],[91.3024722029553,23.808116645097186],[91.302459531319897,23.808086069030793],[91.302436396108092,23.808047757504522],[91.302407658103846,23.808008887094225],[91.302331781903334,23.807938791292536],[91.302304156911731,23.807905447118667],[91.30216519202888,23.807690969521101],[91.30210851552097,23.807601753468962],[91.30205970106843,23.80752555091912],[91.301989564204277,23.807393847086217],[91.301966614045398,23.807339261393768],[91.301921947114565,23.807271288958855],[91.301894519752281,23.807239273587768],[91.30186706454225,23.807212574106863],[91.301829427826803,23.807188487366705],[91.301765667204592,23.807160296990588],[91.301715049833263,23.807118876851646],[91.301654624655683,23.807009638640533],[91.301602675082805,23.806945620911538],[91.301550584474398,23.806908181061939],[91.301517311774603,23.806882784190673],[91.301468076012199,23.806854658676638],[91.301433407330421,23.806818624214078],[91.301397399260594,23.806761321968235],[91.301352845517457,23.806672088017962],[91.301272389705645,23.806505618575997],[91.301164357411267,23.806335039509911],[91.301014571422485,23.806095171334139],[91.300964348411554,23.805979333352127],[91.300901265119066,23.805805490709307],[91.300838038096117,23.80569165622758],[91.300571507052965,23.805746276309865],[91.300537340529459,23.805701024908455],[91.300450806716469,23.805585025485051],[91.300361912130896,23.805469181294828],[91.299873152259522,23.805622743513826],[91.299780787482035,23.805493594643181],[91.299635564036564,23.80548879728579],[91.299435972753457,23.80546507021273],[91.299225067189397,23.805435063912224],[91.299032262678253,23.805415520239279],[91.298875791427122,23.805391984652761],[91.298295801350463,23.805388034658328],[91.29796942274649,23.805400104907299],[91.297908289696466,23.805393468982746],[91.297880313463551,23.80538683305786],[91.297849229059793,23.805372612747995],[91.297833686408751,23.805360288532956],[91.297818143757695,23.805346069042095],[91.297806746831682,23.805330901090315],[91.297793276594007,23.805295824527253],[91.29769768147473,23.805075095433001],[91.297686647468097,23.805060340038473],[91.29767391474725,23.805050243938442],[91.297658636200921,23.805045195888106],[91.297623834568498,23.805038206532579],[91.297558475843346,23.805037041913923],[91.297513913117072,23.805044419201767],[91.297449273044151,23.805069252615837],[91.29732475935927,23.805144232813223],[91.297269229101659,23.80519107723029],[91.297233925310991,23.805207031746463],[91.29717752009428,23.805221007151456],[91.297104159176612,23.805230462986554],[91.297105337766283,23.805436034561779],[91.296536067285885,23.805364984802839],[91.29651480506142,23.80528880888475],[91.296298799761473,23.805272641509383],[91.296304636115863,23.805216904280442],[91.295935616281994,23.804799573730808],[91.295751537107236,23.805031949481005],[91.295557908841019,23.804975326150487],[91.295325658407435,23.804888115291416],[91.295242655871817,23.804867469379698],[91.294677581422135,23.804673648326606],[91.29447633903554,23.804677916415244],[91.294437379999977,23.804674882809429],[91.294354487058854,23.804666540598522],[91.294212542464152,23.804641361090525],[91.29416957155253,23.804634080763137],[91.294156838831711,23.804634080763137],[91.294130351107256,23.804632053153266],[91.294086280657723,23.804641361090525],[91.294059755203989,23.804651069288933],[91.294041187925387,23.804665630763271],[91.29402208884413,23.804683589118202],[91.293657281210628,23.806130838615541],[91.290512147348565,23.805894329106476],[91.28671703297114,23.805608940748275],[91.286911195734973,23.80394870983633],[91.287486469656386,23.803209687298324],[91.287843432302523,23.802712832649959],[91.288000654545229,23.802496438010269],[91.288345447714235,23.802021875751567],[91.288567711576775,23.801729629075741],[91.289069744954745,23.801145952378899],[91.290090883294411,23.799849656088188],[91.291187745120951,23.798472633994844],[91.29214118372586,23.797247497598939],[91.293216524613115,23.79598657931567],[91.293569935320619,23.795625037743527],[91.294154499618699,23.794971437952707],[91.294850119940449,23.794222361928227],[91.295082607529224,23.793979426022606],[91.295319149214905,23.793640054593595],[91.295605269819418,23.793138796242552],[91.295694859701001,23.79294871901077],[91.295797157150616,23.792868119381254],[91.295939142169473,23.792820118121845],[91.296293719788537,23.792773060463979],[91.2964119955721,23.792752210422712],[91.296422425910876,23.792781968130566],[91.296435284395855,23.792809317466173],[91.296457708141972,23.792833811280648],[91.296528614862297,23.792873577244499],[91.296610122601265,23.792919287661995],[91.296624480374476,23.792923815878382],[91.296650369820952,23.792927876395396],[91.296679675560469,23.79292668618718],[91.29681244476285,23.79290342287506],[91.29692675268781,23.792883394822006],[91.296961197689043,23.792869486313009],[91.297128299603244,23.792776820145406],[91.297140911949825,23.792775324985719],[91.297157231643595,23.79277648807037],[91.297167292774787,23.792779788271666],[91.297178032133985,23.792784440610063],[91.297191253538386,23.792790832232281],[91.297216944457162,23.792804256610676],[91.297236074081155,23.792818147865354],[91.297247980351926,23.792830494641379],[91.297255155196098,23.792841935608017],[91.297262277937989,23.792867572772984],[91.297266019421144,23.792887975645517],[91.297271378770105,23.792987680234173],[91.297275550546303,23.793026831320088],[91.297294414268961,23.793140755808636],[91.297298021903131,23.793157412119442],[91.297307813539732,23.793194337272205],[91.297313109108345,23.793207872574239],[91.297483609349285,23.793514510448365],[91.297494494235579,23.79354107547697],[91.297511436461832,23.793596300701005],[91.297552281959454,23.793729446271293],[91.297575144981778,23.793803970249613],[91.297583385227853,23.793843891267272],[91.297583536144828,23.793857444584784],[91.297576512217631,23.793901980074175],[91.297552498453456,23.793959110449215],[91.297536480593621,23.793997216531029],[91.297527819037668,23.794039344451832],[91.297524383880003,23.794158795728496],[91.297522864828878,23.794211590979621],[91.297528384077978,23.794228732108799],[91.297534824998564,23.794231589237445],[91.297546011718779,23.794233926066131],[91.29757989886626,23.794234976529374],[91.29765931353063,23.794226815300959],[91.297694304707562,23.7942257952501],[91.29769648491876,23.79422586758248],[91.297784720140925,23.794228770740862],[91.297974358988995,23.794235011051651],[91.298319700130293,23.794251078699833],[91.298344789177847,23.794255920036012],[91.298362297342749,23.7942629362744],[91.298425254871134,23.794295229377806],[91.298486736467467,23.794332734509677],[91.298493931972885,23.794338596714752],[91.29850143380385,23.794347856894046],[91.298504206004793,23.79435160091273],[91.298508887125735,23.794361099458882],[91.298510702620931,23.794371319683354],[91.298510702620931,23.794377855070142],[91.298510702620931,23.794433598593741],[91.298510702620931,23.794482241205682],[91.298510702620931,23.794489257431803],[91.29850488962272,23.794534751928314],[91.298501900029478,23.794558147283411],[91.298497638421736,23.794579824745153],[91.298494999171439,23.794588802154205],[91.298485424927136,23.794608368826914],[91.298400849441478,23.79474941564035],[91.298338749804202,23.79484120255341],[91.298331021597804,23.794859455704376],[91.298328274549675,23.794866582052105],[91.298327360963029,23.794872450808715],[91.298327182198278,23.794875545468088],[91.298328337431755,23.794884909997375],[91.298330054112256,23.794891754413268],[91.2983324139865,23.794900211503535],[91.298344133407696,23.794950761696537],[91.298377103375245,23.795044005791134],[91.298383735636975,23.795058373539401],[91.298394911577432,23.795077884248556],[91.298401855554602,23.795085853086444],[91.298405236813309,23.795089732706192],[91.298522607993391,23.795192245039694],[91.298547843466352,23.795204019511139],[91.298714019217499,23.795253067057139],[91.298755690266916,23.795273105430383],[91.298940299447693,23.795384107556067],[91.298975895190821,23.795393788499958],[91.299011648139128,23.795399108991244],[91.299094850999055,23.795406984106972],[91.299119413633861,23.79540930940723],[91.299137717706088,23.795404399892032],[91.299168637718182,23.795388312659671],[91.299289948010781,23.795318139359381],[91.299318458741254,23.795299878053321],[91.299339470335767,23.795295936793469],[91.299358495755172,23.795295140321954],[91.299413038764257,23.795292503499862],[91.299587744019036,23.795304199876806],[91.29963797152152,23.795315940638087],[91.299869562591667,23.795386575876289],[91.299887766052564,23.795394544695231],[91.299911681002072,23.795413398614858],[91.300003417857184,23.795512149446921],[91.300144845022245,23.795713446648122],[91.300244344219777,23.79584028570369],[91.300266560455043,23.795862710924574],[91.300289966059793,23.795874726988089],[91.300363789609833,23.795890037419152],[91.300471346695431,23.795897067542416],[91.300548060125763,23.795910312415216],[91.300591114580683,23.79592225778681],[91.300677060895509,23.795966707085942],[91.300728166950321,23.796008502301412],[91.300808709000378,23.796096233660801],[91.300851105888526,23.796124931113489],[91.300906874199697,23.796150009528969],[91.301056544305794,23.796199169324527],[91.301137010897364,23.79620821319935],[91.301401864785873,23.796199238368022],[91.301506747586842,23.796182617790826],[91.301917387266158,23.796090683052938],[91.30199690613513,23.796072880501917],[91.302021153461254,23.796067452363157],[91.302079733499269,23.796070690012879],[91.302210346744943,23.796103658307384],[91.302247306130667,23.796124640966294],[91.302309727364801,23.79619569988915],[91.302339064545379,23.796246295607098],[91.302401669934156,23.796433857795737],[91.302412023916105,23.796515317433066],[91.302407270031637,23.79664145951968],[91.302383396404636,23.796890484325797],[91.302392181928127,23.79695176008201],[91.302395436524392,23.796980428577783],[91.3024353280112,23.797056372649266],[91.302594740346606,23.797262071410369],[91.302671335199278,23.79733503003439],[91.302888970941481,23.797488905164883],[91.302971723745458,23.797525062218664],[91.303156858440673,23.797587471127418],[91.303304146214671,23.79764736652243],[91.303372929317646,23.797690310265001]]]},"properties":{"objectid":2047,"id":"2001","name":"Ward No 51","code":"51","town":"Agartala","district":"West Tripura","state":"Tripura","st_area(shape)":2210969.1745209568,"st_perimeter(shape)":7109.5978494010151}},{"type":"Feature","id":2048,"geometry":{"type":"Polygon","coordinates":[[[91.294488327053003,23.816561419339987],[91.294403698566754,23.816604685555305],[91.294278438381852,23.816698126132927],[91.29419372096234,23.816758177077595],[91.294087057700452,23.81680470172741],[91.293976832618455,23.816831068865913],[91.293870383155607,23.816837310556224],[91.293801036808901,23.816847931701748],[91.293708430384598,23.816878627333395],[91.29368554310777,23.816895486053962],[91.293667813059031,23.816918829716041],[91.293650556422421,23.816970941827492],[91.293632048432627,23.81724500199552],[91.293609794468097,23.817268984143393],[91.293570033236975,23.817275037617485],[91.293468578407115,23.817261922304475],[91.29345437424584,23.817260086374223],[91.293378162973752,23.817250233657653],[91.293374788901559,23.817250440754535],[91.293332795356974,23.817253013851261],[91.293316307678253,23.817259677933166],[91.293300261970629,23.817282959071949],[91.293293009871363,23.817302961173802],[91.293237233475338,23.817553486436896],[91.293211880323099,23.817667362293172],[91.293208192738845,23.817683924237798],[91.293194116138366,23.817707750982443],[91.293169866117239,23.817725141306465],[91.29308231720799,23.817746557675036],[91.29307609188308,23.817747415644622],[91.293047482337883,23.817758903725082],[91.29304015388179,23.817767460408973],[91.293030487111039,23.817792986640647],[91.292834375003054,23.818365147329342],[91.292804345221413,23.818421146822747],[91.292769119584165,23.81847027846489],[91.292740822652732,23.818497221350466],[91.292694046477564,23.81852522107172],[91.292664595210965,23.818536315438756],[91.292620706221129,23.818548466645897],[91.292595297373339,23.818555334468904],[91.292544661137384,23.818575009296389],[91.29252967274688,23.818584225013829],[91.29247894757772,23.818640914728299],[91.292437364563227,23.818677267235067],[91.292415009089069,23.81869622707465],[91.292399612863406,23.81870140854825],[91.292377660732811,23.81869907955603],[91.292347038961424,23.818692075321195],[91.292281002008224,23.818656468194948],[91.29226867712255,23.818651983609527],[91.292250152963064,23.81865013372828],[91.292245223008791,23.818652230150796],[91.292242411281947,23.818653425875876],[91.292214129621854,23.818665935378647],[91.292201259458778,23.818677006723174],[91.292164167122394,23.818743726510668],[91.292136454994164,23.818780648498386],[91.292118600977929,23.818801283979727],[91.292101166474893,23.818811391337572],[91.292085906793176,23.818815542265405],[91.292079035579533,23.818815915364034],[91.292066571454981,23.818816593351642],[91.29205047903497,23.818813671841408],[91.291921949880759,23.818747779646063],[91.29163256569683,23.818671527755512],[91.291424791659793,23.818633598204688],[91.291293961021822,23.81863000034534],[91.291124356401227,23.818649483681131],[91.291084097503486,23.81866497962049],[91.291039698270538,23.818691311865329],[91.291001492921524,23.818750338742419],[91.290846028681798,23.819213177691392],[91.290767220380232,23.819388962374109],[91.290716958741768,23.819501070574365],[91.290683817196012,23.819547216213646],[91.290642274605688,23.819560275413462],[91.290573433112215,23.819543324997557],[91.290458136142121,23.819482538187785],[91.290417409222087,23.81947026872902],[91.290379573080628,23.819475997489864],[91.29027479358588,23.81955310850898],[91.290124724627816,23.81940365286172],[91.289867156076269,23.819184451646663],[91.289738212798696,23.819095138301972],[91.289614795058441,23.819019306556257],[91.289433169182729,23.818925814232475],[91.289398980201327,23.818908558023143],[91.289362434040612,23.818891301811547],[91.289291698898538,23.818858947435825],[91.289191491828575,23.818817964119301],[91.289126651431388,23.818794237016647],[91.289073600523963,23.818776980789835],[91.289028801540752,23.818764039029126],[91.289002865381846,23.818759724560746],[91.288998260617689,23.818722463983928],[91.288805662719099,23.818021316386027],[91.288751668580659,23.817815295483165],[91.288723518074576,23.817337112419555],[91.288646079703838,23.816693423698428],[91.288588420438998,23.816220117288559],[91.288535946250008,23.815832842444323],[91.288566386561726,23.815765890228441],[91.288717546074579,23.815627225692332],[91.288778124864066,23.815550086042521],[91.288799108610803,23.815493413058238],[91.288810728318992,23.815429816999039],[91.288826016746839,23.81538343978492],[91.288854539155409,23.815323359440388],[91.288898159548964,23.815253025148952],[91.288926673872723,23.815194665647869],[91.288951435933527,23.815134567957593],[91.288972401713949,23.815081334959018],[91.28899163374588,23.815000570726358],[91.28899757520314,23.814943830934183],[91.288994407743445,23.814832003972263],[91.288983746537653,23.814714982132241],[91.288980405703114,23.814635838319727],[91.288971461177852,23.814549788620205],[91.288986868183272,23.814481048261015],[91.289026983350581,23.814362532015227],[91.289103315895247,23.814151285024206],[91.289116961304387,23.814060174154317],[91.289130670493975,23.81395702253225],[91.289178424934462,23.813816176558056],[91.289239231896062,23.813696031649016],[91.289447438022691,23.813437202494846],[91.289551444966307,23.813325850079252],[91.289581711903182,23.813291580255349],[91.289617719074698,23.813238413069946],[91.289642500000113,23.813174875078403],[91.289657788427959,23.813128496236892],[91.289690209524863,23.813042628808521],[91.289726262510484,23.812980860964775],[91.289777412582779,23.812908838165548],[91.289894710100981,23.812773461230737],[91.290013986607775,23.81261917027534],[91.290112635999037,23.812454465558847],[91.290233922037118,23.812276099933779],[91.290272500186973,23.812233922042047],[91.290279237551601,23.812207597527596],[91.290277552312148,23.812190480138877],[91.290266335049182,23.812164825419487],[91.290174749111003,23.812088086416708],[91.290095875232453,23.812034889973852],[91.290044780855723,23.811987689700572],[91.289995950233489,23.811917011713657],[91.289947151052331,23.81184046241113],[91.289906722372962,23.811799180191752],[91.289838533954693,23.811747988939391],[91.289769506509955,23.811702415821259],[91.289604592891777,23.811585825096493],[91.28959024949161,23.811573309980325],[91.289578527375497,23.811550214377316],[91.289553486836937,23.811452441411625],[91.289546566216003,23.811417090360447],[91.289507603587182,23.81121805950561],[91.289431492028072,23.811047439784215],[91.289378382730177,23.810976742382859],[91.28922089368784,23.810821418687681],[91.28912684906075,23.810719774238891],[91.289107801183448,23.810684053975528],[91.289106759137724,23.810638165713488],[91.28912092197649,23.810612004424684],[91.289193072863469,23.81055617250847],[91.289215433727549,23.810523692776986],[91.289226140747417,23.810487876302531],[91.289230203827429,23.810438254278537],[91.28922520919447,23.810400202330985],[91.289223180798558,23.810384746497913],[91.289210687927891,23.810346765214383],[91.289102700549279,23.810114318432376],[91.289096717769468,23.810064576274264],[91.289105198764062,23.810014507819091],[91.289138230715409,23.809982085482254],[91.289184935025332,23.809953481495508],[91.289267370724005,23.809899983377449],[91.2893073556356,23.809847548724115],[91.289329487429271,23.809805056914715],[91.289359915164596,23.809747569424374],[91.289373819288528,23.809707545630321],[91.289416794691746,23.809607523486012],[91.289484488138271,23.809493832053636],[91.289550799077617,23.809382638984879],[91.28961547508311,23.809321544971564],[91.289658271721564,23.80925534386866],[91.28968045741415,23.809202830877883],[91.289697252316671,23.809134007966875],[91.289713961879286,23.809081470271103],[91.289740128905208,23.809052774858984],[91.289796742531053,23.808962834035185],[91.289823095508197,23.808899065472588],[91.289915684864539,23.808622190048474],[91.290087964668061,23.807928531863759],[91.290188452910698,23.807391210509678],[91.290512147348565,23.805894329106476],[91.293657281210628,23.806130838615541],[91.29402208884413,23.804683589118202],[91.294041187925387,23.804665630763271],[91.294059755203989,23.804651069288933],[91.294086280657723,23.804641361090525],[91.294130351107256,23.804632053153266],[91.294156838831711,23.804634080763137],[91.29416957155253,23.804634080763137],[91.294212542464152,23.804641361090525],[91.294354487058854,23.804666540598522],[91.294437379999977,23.804674882809429],[91.29447633903554,23.804677916415244],[91.294677581422135,23.804673648326606],[91.295242655871817,23.804867469379698],[91.295325658407435,23.804888115291416],[91.295557908841019,23.804975326150487],[91.295751537107236,23.805031949481005],[91.295935616281994,23.804799573730808],[91.296304636115863,23.805216904280442],[91.296298799761473,23.805272641509383],[91.29651480506142,23.80528880888475],[91.296536067285885,23.805364984802839],[91.297105337766283,23.805436034561779],[91.297104159176612,23.805230462986554],[91.29717752009428,23.805221007151456],[91.297233925310991,23.805207031746463],[91.297269229101659,23.80519107723029],[91.29732475935927,23.805144232813223],[91.297449273044151,23.805069252615837],[91.297513913117072,23.805044419201767],[91.297558475843346,23.805037041913923],[91.297623834568498,23.805038206532579],[91.297658636200921,23.805045195888106],[91.29767391474725,23.805050243938442],[91.297686647468097,23.805060340038473],[91.29769768147473,23.805075095433001],[91.297793276594007,23.805295824527253],[91.297806746831682,23.805330901090315],[91.297818143757695,23.805346069042095],[91.297833686408751,23.805360288532956],[91.297849229059793,23.805372612747995],[91.297880313463551,23.80538683305786],[91.297908289696466,23.805393468982746],[91.29796942274649,23.805400104907299],[91.298295801350463,23.805388034658328],[91.298875791427122,23.805391984652761],[91.299032262678253,23.805415520239279],[91.299225067189397,23.805435063912224],[91.299435972753457,23.80546507021273],[91.299635564036564,23.80548879728579],[91.299780787482035,23.805493594643181],[91.299873152259522,23.805622743513826],[91.300361912130896,23.805469181294828],[91.300450806716469,23.805585025485051],[91.300537340529459,23.805701024908455],[91.300571507052965,23.805746276309865],[91.300838038096117,23.80569165622758],[91.300901265119066,23.805805490709307],[91.300964348411554,23.805979333352127],[91.301014571422485,23.806095171334139],[91.301164357411267,23.806335039509911],[91.301272389705645,23.806505618575997],[91.301352845517457,23.806672088017962],[91.301397399260594,23.806761321968235],[91.301433407330421,23.806818624214078],[91.301468076012199,23.806854658676638],[91.301517311774603,23.806882784190673],[91.301550584474398,23.806908181061939],[91.301602675082805,23.806945620911538],[91.301654624655683,23.807009638640533],[91.301715049833263,23.807118876851646],[91.301765667204592,23.807160296990588],[91.301829427826803,23.807188487366705],[91.30186706454225,23.807212574106863],[91.301894519752281,23.807239273587768],[91.301921947114565,23.807271288958855],[91.301966614045398,23.807339261393768],[91.301989564204277,23.807393847086217],[91.30205970106843,23.80752555091912],[91.30210851552097,23.807601753468962],[91.30216519202888,23.807690969521101],[91.302304156911731,23.807905447118667],[91.302331781903334,23.807938791292536],[91.302407658103846,23.808008887094225],[91.302436396108092,23.808047757504522],[91.302459531319897,23.808086069030793],[91.3024722029553,23.808116645097186],[91.302484759606358,23.808167551770207],[91.302491944332004,23.808229549561823],[91.302495266301918,23.808353334657653],[91.302507707070276,23.808691819482554],[91.301876251612669,23.808731793455777],[91.301534851380509,23.808757134900329],[91.301333317939779,23.808813044845536],[91.301119324866079,23.80886581112869],[91.300860665759799,23.808926972749429],[91.300738467033369,23.808941470460695],[91.300599852493448,23.808951598310955],[91.300477732818806,23.808951055879657],[91.300090308301378,23.808936443930154],[91.300033934525729,23.808938342439898],[91.300001016660445,23.80894571704054],[91.299942231806554,23.80895942164944],[91.299895160085683,23.808978550568899],[91.299818718844904,23.809031992357887],[91.299727992594441,23.809114557721298],[91.299652953623848,23.809202893339563],[91.299544717411862,23.809330754770997],[91.299494687538754,23.809388156972172],[91.299448851001387,23.809442947268966],[91.299437301361777,23.809450343209338],[91.299424019770328,23.809458796886222],[91.299384326811165,23.809471358230493],[91.299364538722074,23.809475703416517],[91.299347503071019,23.809477552606655],[91.299319495397114,23.809480987169074],[91.299297289941592,23.809480738144785],[91.299242711898216,23.809471830801343],[91.298474878705719,23.80927657589335],[91.298490150065547,23.809445683249173],[91.298534112717235,23.80993243614359],[91.298564093989853,23.810296187316663],[91.298597758355115,23.810956636574659],[91.298596649834067,23.810985715371309],[91.298594431893633,23.811007017792374],[91.298591844745587,23.811016147752557],[91.298583344886381,23.811025953274822],[91.298569299726935,23.811036772962233],[91.298448655984245,23.811132680637396],[91.298372096165863,23.811204197339624],[91.298338618650163,23.811249127123283],[91.298295162648287,23.811318806103394],[91.298278546510488,23.811352035163573],[91.298242909444824,23.811429226618866],[91.298235729210774,23.811454395770369],[91.298217624564529,23.811498265281607],[91.298119140463314,23.811639323341815],[91.297687593394087,23.812111952815211],[91.297636893377771,23.812163180907085],[91.297598021478791,23.812189114232293],[91.297588412200213,23.812192495303034],[91.297575846566005,23.812194185838404],[91.297559954470302,23.812193848060048],[91.297545910209166,23.812190466989346],[91.297536670138157,23.812187085096699],[91.2973969659418,23.81210627304015],[91.29736296380996,23.812094100683797],[91.297344853773851,23.812092071546715],[91.297306047451897,23.812094100683797],[91.297293480919379,23.812101201430604],[91.297280545179305,23.812111683249856],[91.296955909306959,23.812413890320276],[91.296833435696087,23.812521513172651],[91.29670735984088,23.812691447184434],[91.296702058882417,23.812696388098058],[91.296689426772886,23.812704642677865],[91.296670477710293,23.812712072128015],[91.296645213491217,23.812712072128015],[91.296632580483376,23.812707944838408],[91.296591073825681,23.812694737017658],[91.296578138085579,23.812688707985252],[91.29652791237973,23.812660891097714],[91.296512572747957,23.8126493343532],[91.296483698199765,23.812630347331432],[91.296462945320087,23.812622917876613],[91.296428657524004,23.812622092746889],[91.296410611268243,23.812634475445332],[91.296277424349285,23.812796683179716],[91.296272118899225,23.812808816843646],[91.296270792985851,23.812823983921955],[91.296270792985851,23.812841577894936],[91.296536298152901,23.813588679332572],[91.296756319820531,23.81423788561543],[91.29686321125449,23.814599860257346],[91.296980378516992,23.815069762815241],[91.297030888090461,23.81529776779886],[91.297107010429329,23.815604999477927],[91.297107010429329,23.815618346712554],[91.297106347472649,23.815628053268423],[91.297101042920886,23.815643826522937],[91.297073853612218,23.815665059968396],[91.297017487023069,23.815695394277647],[91.296876802764729,23.815759507954969],[91.296105427515087,23.816088541439051],[91.29592147410446,23.81617836473723],[91.295678792433847,23.816271284588343],[91.295483884966657,23.816350988705995],[91.295273055759367,23.816397802781847],[91.295132107396327,23.816410661774828],[91.29470482373145,23.816497928174833],[91.294529124939956,23.816543791354817],[91.294488327053003,23.816561419339987]]]},"properties":{"objectid":2048,"id":"2002","name":"Ward No 42","code":"42","town":"Agartala","district":"West Tripura","state":"Tripura","st_area(shape)":1519816.3260314264,"st_perimeter(shape)":6232.269304121558}},{"type":"Feature","id":2050,"geometry":{"type":"Polygon","coordinates":[[[91.287488122556496,23.819368073050114],[91.287458515881369,23.819504790035779],[91.287451465903047,23.819602813337752],[91.287451465903047,23.819654404173566],[91.287454285714702,23.819675040337785],[91.287483418079375,23.819770962997762],[91.287510970307451,23.819838136676491],[91.287562335975366,23.819929964205997],[91.287629729384633,23.820067565673231],[91.287662032802245,23.820163396002101],[91.28767624774332,23.820278755371902],[91.287672915891918,23.820330852163828],[91.287637516879826,23.820411767576978],[91.287595251145717,23.820455681725129],[91.287536822024691,23.820516390008837],[91.287497351847747,23.820544958796471],[91.28726599703451,23.820099641980907],[91.287023806742354,23.819674672172411],[91.28679947226307,23.819352167938415],[91.286473643428053,23.819500155090463],[91.286463425091711,23.819397259261951],[91.286461197269801,23.81937482331238],[91.28644182420237,23.819329223286935],[91.286424378021223,23.819300692034489],[91.286405326550693,23.819269535945669],[91.28636793687194,23.819228574125596],[91.286248469023974,23.819153392502447],[91.286033985470127,23.819045163727839],[91.286006013728823,23.819030305552058],[91.285980748611451,23.81900966928535],[91.285951874063272,23.818971697921398],[91.285934730614372,23.818938679549419],[91.285926609844196,23.818917217356574],[91.285867209644366,23.818652338628958],[91.285858867888663,23.818597804512777],[91.285844310689455,23.818542644980173],[91.285830566465606,23.818506043428759],[91.285790724386132,23.818424593475662],[91.285755500545505,23.818386020378654],[91.285704328015356,23.8183471842922],[91.285655248559834,23.818302946460758],[91.285619879192154,23.818268883402425],[91.285611042464694,23.81825369888054],[91.285607607307028,23.818232589129565],[91.285605935542307,23.81820216912346],[91.285612019831703,23.818184272630191],[91.28566110377885,23.818049046656895],[91.285668575067049,23.818013518247835],[91.285670523512906,23.818003877615006],[91.285674988139888,23.817958494065365],[91.285660491127828,23.817892014664256],[91.285621457532088,23.817810010426175],[91.285600310291983,23.817773896001366],[91.285574931986886,23.817740361228001],[91.285546734768445,23.817706826445971],[91.28525258053034,23.817409915127019],[91.28521829183596,23.817380198399402],[91.285177687985112,23.817352131864364],[91.285128060557227,23.817330670231009],[91.285074823698551,23.817327368188067],[91.285030610416896,23.817341400637236],[91.284972862218851,23.817368641253225],[91.284941281046741,23.817393405743442],[91.284918723451625,23.817406613086117],[91.284896165856537,23.817412391246751],[91.284873607363124,23.817414042267139],[91.284850147859473,23.817412391246751],[91.284830296888344,23.817406613086117],[91.284816761971939,23.817400834925227],[91.284803227055548,23.817390103702092],[91.284761687160184,23.817263454985724],[91.284636468297776,23.816884127743915],[91.284619155067318,23.816841989152859],[91.284614642829638,23.816824654593983],[91.284611936205678,23.816797413863824],[91.284611936205678,23.816775951316934],[91.284618252260444,23.816749536501906],[91.284632689085399,23.816720644726807],[91.284701265575848,23.816685148826821],[91.284826896764955,23.816613426402334],[91.284841680339596,23.816602268590991],[91.284859420269839,23.8165819820324],[91.284869029548418,23.816565076427533],[91.284872356009942,23.816548508587431],[91.284873834636898,23.816535660291709],[91.284873834636898,23.81651909244788],[91.284873834636898,23.816504553670093],[91.284872356009942,23.816485956753876],[91.284868391744595,23.816450326833344],[91.284854153447327,23.816400392331822],[91.284846646226484,23.816387713316058],[91.284832209401557,23.816367637931339],[91.284809110122353,23.816348618580665],[91.28478370127452,23.816333298234021],[91.284750206690845,23.816320618389863],[91.284698811378519,23.816311637551969],[91.28465896480742,23.816311109122339],[91.284632978342898,23.81631744863412],[91.284600061375954,23.816338052456128],[91.284475903423896,23.816435261262345],[91.28446608573617,23.816443713662629],[91.284433169667537,23.816457449530965],[91.284406027969524,23.816468015645768],[91.284378886271526,23.816476997294654],[91.284338462982078,23.816483865227248],[91.284307855583705,23.816488091014957],[91.284254149804426,23.816491789195471],[91.284213148898246,23.816493374482128],[91.284127103768753,23.816493374482128],[91.284065314050252,23.816481751511546],[91.284030087514694,23.816472242255816],[91.283987353758306,23.81645797796001],[91.283953282456224,23.816443713662629],[91.283922675956177,23.816432090687556],[91.283888604654081,23.816413072168142],[91.283867860757525,23.816398298338385],[91.28383663082667,23.816371336115278],[91.283814109164211,23.816348090151173],[91.283805446709906,23.816332769804465],[91.283797939489091,23.816314278878284],[91.283783721853098,23.816195074799392],[91.283781967443332,23.816110143809066],[91.283790147502302,23.816060251089525],[91.283812162514963,23.816009770748817],[91.283844581815288,23.815963798899801],[91.283876453143236,23.815933492595182],[91.284125588310857,23.815735848504509],[91.284139123227263,23.815729244337412],[91.284158071391531,23.815707781613913],[91.284171606307936,23.815687144818948],[91.284173411023332,23.815671460326602],[91.284173411023332,23.815631011832473],[91.284172509114782,23.815612026068585],[91.284154308348832,23.815536973020684],[91.284132637390911,23.815497430134869],[91.283817899156389,23.814973100323563],[91.283785415177391,23.814941731986277],[91.283736690556395,23.814908712589165],[91.283710523530459,23.814897156044751],[91.28367894235835,23.814887249729985],[91.283638337609176,23.814880646341564],[91.283595243628383,23.814880975894635],[91.283480673395331,23.814885028328792],[91.283445675930182,23.814876750054587],[91.283432393440407,23.814867768294981],[91.283417271200904,23.814845149938453],[91.283399224046846,23.814808003293908],[91.283390201368135,23.814774983862776],[91.283378471167154,23.814718024543641],[91.283373057020953,23.814638778004248],[91.283379373974014,23.814569436934445],[91.283388396652725,23.814535591503212],[91.283398322138325,23.814511652407354],[91.283453363712411,23.814467901436139],[91.283493967563246,23.8144513916784],[91.283549911045895,23.814434056800273],[91.283588711079616,23.81442497639032],[91.283614878105553,23.814413418980998],[91.283631119645861,23.814395258157525],[91.283681648982309,23.814322615660107],[91.28370909161589,23.814255797445782],[91.283717479185725,23.814159894543231],[91.283719829178494,23.813972796811615],[91.283717332760347,23.813936825961985],[91.283718939846381,23.813867956250231],[91.283725698770581,23.813816994283702],[91.283738748596704,23.813759925240134],[91.283785234616005,23.813623059204073],[91.28379562992049,23.813607210095121],[91.283804291476457,23.813595586866114],[91.283817573966246,23.813583435195298],[91.283833166024635,23.813573397286493],[91.283852222885059,23.813564416258533],[91.283871857362243,23.813560189553819],[91.283905351047594,23.813561246435473],[91.284008591728252,23.81357108463898],[91.283990883239071,23.813507324092512],[91.283894660197404,23.813176235221732],[91.283880247626982,23.813053780351094],[91.283899838086711,23.812688487731599],[91.283911888986239,23.812360694832741],[91.283891616705233,23.812226213137318],[91.28379452229774,23.811631272512717],[91.283750565035959,23.811300261864602],[91.283711425439023,23.811028038314529],[91.283714132961279,23.810983461029227],[91.28372315563999,23.810965299725964],[91.283738495271791,23.81095044062539],[91.283771881159325,23.810936406663551],[91.283860307722634,23.810929803074171],[91.284474784123077,23.810900084041339],[91.284491928470231,23.810895956694129],[91.284510876634542,23.81088605089592],[91.284537946467324,23.810862110305244],[91.284558699346988,23.810842298702916],[91.284575843694213,23.810815056717455],[91.284589378610605,23.810777082956513],[91.284601232779067,23.810721123723827],[91.28459331412985,23.810542803385161],[91.284592043013731,23.810502758468015],[91.284580041521551,23.810335241138162],[91.28457879106665,23.810197497035265],[91.284592203812181,23.810092162775828],[91.284665250319478,23.809834969335309],[91.284859189402823,23.809412952571787],[91.284932132603856,23.809218432321597],[91.284952324934821,23.80910234563498],[91.284961796771185,23.809018799778659],[91.284961426665276,23.809012375258362],[91.284956622475178,23.808998849821695],[91.284946643090649,23.808984647988396],[91.284932229621916,23.80897146033557],[91.284923358758505,23.808965374421536],[91.284912640958837,23.80896030186744],[91.284893422401638,23.808956244317145],[91.284876098391408,23.808952651942679],[91.284860506333033,23.808947896628215],[91.284831631784826,23.808940499837313],[91.284816617343168,23.808935745344296],[91.284788986063361,23.808914002063329],[91.284764374021208,23.808877229314614],[91.284740238984455,23.808809900384311],[91.284730176954966,23.808733774155225],[91.284714061178775,23.808521469301898],[91.284694803994029,23.808383956685812],[91.284678746608307,23.808329424831079],[91.28467204607459,23.80830012271289],[91.284624568315195,23.808170084775291],[91.284606522059477,23.808145318525682],[91.284582159748965,23.808120553093207],[91.284527118174879,23.808087531961306],[91.284498244525039,23.808071021392209],[91.284455835958767,23.808056161138545],[91.284374627358787,23.808032220848009],[91.284328206018145,23.808019833601257],[91.284720364657105,23.80736216789251],[91.285794120916222,23.805556166566671],[91.28671703297114,23.805608940748275],[91.290512147348565,23.805894329106476],[91.290188452910698,23.807391210509678],[91.290087964668061,23.807928531863759],[91.289915684864539,23.808622190048474],[91.289823095508197,23.808899065472588],[91.289796742531053,23.808962834035185],[91.289740128905208,23.809052774858984],[91.289713961879286,23.809081470271103],[91.289697252316671,23.809134007966875],[91.28968045741415,23.809202830877883],[91.289658271721564,23.80925534386866],[91.28961547508311,23.809321544971564],[91.289550799077617,23.809382638984879],[91.289484488138271,23.809493832053636],[91.289416794691746,23.809607523486012],[91.289373819288528,23.809707545630321],[91.289359915164596,23.809747569424374],[91.289329487429271,23.809805056914715],[91.2893073556356,23.809847548724115],[91.289267370724005,23.809899983377449],[91.289184935025332,23.809953481495508],[91.289138230715409,23.809982085482254],[91.289105198764062,23.810014507819091],[91.289096717769468,23.810064576274264],[91.289102700549279,23.810114318432376],[91.289210687927891,23.810346765214383],[91.289223180798558,23.810384746497913],[91.28922520919447,23.810400202330985],[91.289230203827429,23.810438254278537],[91.289226140747417,23.810487876302531],[91.289215433727549,23.810523692776986],[91.289193072863469,23.81055617250847],[91.28912092197649,23.810612004424684],[91.289106759137724,23.810638165713488],[91.289107801183448,23.810684053975528],[91.28912684906075,23.810719774238891],[91.28922089368784,23.810821418687681],[91.289378382730177,23.810976742382859],[91.289431492028072,23.811047439784215],[91.289507603587182,23.81121805950561],[91.289546566216003,23.811417090360447],[91.289553486836937,23.811452441411625],[91.289578527375497,23.811550214377316],[91.28959024949161,23.811573309980325],[91.289604592891777,23.811585825096493],[91.289769506509955,23.811702415821259],[91.289838533954693,23.811747988939391],[91.289906722372962,23.811799180191752],[91.289947151052331,23.81184046241113],[91.289995950233489,23.811917011713657],[91.290044780855723,23.811987689700572],[91.290095875232453,23.812034889973852],[91.290174749111003,23.812088086416708],[91.290266335049182,23.812164825419487],[91.290277552312148,23.812190480138877],[91.290279237551601,23.812207597527596],[91.290272500186973,23.812233922042047],[91.290233922037118,23.812276099933779],[91.290112635999037,23.812454465558847],[91.290013986607775,23.81261917027534],[91.289894710100981,23.812773461230737],[91.289777412582779,23.812908838165548],[91.289726262510484,23.812980860964775],[91.289690209524863,23.813042628808521],[91.289657788427959,23.813128496236892],[91.289642500000113,23.813174875078403],[91.289617719074698,23.813238413069946],[91.289581711903182,23.813291580255349],[91.289551444966307,23.813325850079252],[91.289447438022691,23.813437202494846],[91.289239231896062,23.813696031649016],[91.289178424934462,23.813816176558056],[91.289130670493975,23.81395702253225],[91.289116961304387,23.814060174154317],[91.289103315895247,23.814151285024206],[91.289026983350581,23.814362532015227],[91.288986868183272,23.814481048261015],[91.288971461177852,23.814549788620205],[91.288980405703114,23.814635838319727],[91.288983746537653,23.814714982132241],[91.288994407743445,23.814832003972263],[91.28899757520314,23.814943830934183],[91.28899163374588,23.815000570726358],[91.288972401713949,23.815081334959018],[91.288951435933527,23.815134567957593],[91.288926673872723,23.815194665647869],[91.288898159548964,23.815253025148952],[91.288854539155409,23.815323359440388],[91.288826016746839,23.81538343978492],[91.288810728318992,23.815429816999039],[91.288799108610803,23.815493413058238],[91.288778124864066,23.815550086042521],[91.288717546074579,23.815627225692332],[91.288566386561726,23.815765890228441],[91.288535946250008,23.815832842444323],[91.288588420438998,23.816220117288559],[91.288646079703838,23.816693423698428],[91.288723518074576,23.817337112419555],[91.288751668580659,23.817815295483165],[91.288805662719099,23.818021316386027],[91.288998260617689,23.818722463983928],[91.289002865381846,23.818759724560746],[91.288933236964198,23.818752846886941],[91.288800709408633,23.81875671675984],[91.288671001664767,23.818763165452008],[91.288507457079064,23.818781222117149],[91.288401717285282,23.818794120320572],[91.288229713264585,23.818830234461558],[91.288179293522617,23.818839029397711],[91.288031458674624,23.818876010528108],[91.287968512824378,23.818897669960368],[91.287944835928414,23.818906651441154],[91.287920004697355,23.818918801791835],[91.287900370220186,23.818931481382133],[91.2876262897354,23.819144941100436],[91.287583993458568,23.819193953307487],[91.287540287725051,23.819249413342217],[91.287510680151613,23.819308743209735],[91.287488122556496,23.819368073050114]]]},"properties":{"objectid":2050,"id":"2003","name":"Ward No 43","code":"43","town":"Agartala","district":"West Tripura","state":"Tripura","st_area(shape)":895954.233779,"st_perimeter(shape)":5024.9285401856514}},{"type":"Feature","id":2071,"geometry":{"type":"Polygon","coordinates":[[[91.327926872930959,23.853725667033729],[91.327148926505018,23.85359796273416],[91.326300875554324,23.853985768122222],[91.325452824603587,23.854373572349651],[91.324177929264167,23.854956565153582],[91.322217071390639,23.856315153327596],[91.319233283038471,23.85710073274694],[91.31926089275872,23.857015324925168],[91.319268162824301,23.856563220700281],[91.319239083460246,23.856317222851196],[91.319244317943401,23.85626269964283],[91.31926316549638,23.855725558754994],[91.319266359905512,23.855629000502017],[91.319276010506641,23.855578099307209],[91.319294799669095,23.85554357938652],[91.319309035271431,23.855533070678554],[91.319336684517552,23.85551984174953],[91.31935669628713,23.855512248793858],[91.31938336187801,23.855501441853178],[91.319404990615112,23.855468160841028],[91.319464855243965,23.855218448226704],[91.319511699691091,23.854771412602698],[91.319511653877015,23.854674201307358],[91.319242594076385,23.854653919881724],[91.319176067541363,23.854645807639216],[91.319122846852352,23.854636343081804],[91.31906075619824,23.854610654034762],[91.318992751934601,23.85456197973426],[91.318952836193276,23.85452276998188],[91.318878919218434,23.854447054252763],[91.318833089867582,23.85442271666329],[91.318785782788083,23.854392971444646],[91.3187473456737,23.854387562998301],[91.318688211375175,23.854384859185817],[91.318589161335353,23.854383506868761],[91.318490112193786,23.854379450739092],[91.318438369233448,23.854364577714879],[91.318386627171392,23.854345649379827],[91.318349668683936,23.854319959453591],[91.318293490741027,23.854260468962348],[91.318215137885318,23.854161767760591],[91.318173744415333,23.854125261705065],[91.318116088743793,23.854110389473242],[91.31808947795011,23.854110389473242],[91.318059910800841,23.854127966344532],[91.317766409637983,23.85431036259827],[91.317737444359921,23.854323759252711],[91.317717162197454,23.854327059532213],[91.317690764304515,23.85433135474274],[91.317643933332135,23.85433085358008],[91.317608796628093,23.854324842092744],[91.317576278513144,23.854313620156024],[91.317527851234473,23.854286870387291],[91.317400127869064,23.854194448534084],[91.317346207392447,23.854163112685743],[91.317290020466373,23.854147901146014],[91.317250103826751,23.854144002752214],[91.317218712199136,23.854144710953602],[91.317202435624495,23.854147901146014],[91.31683731268231,23.854272637362104],[91.316770787045627,23.854296974158206],[91.316732349931257,23.854301031112023],[91.316707217764559,23.854299678794099],[91.316682085597861,23.854288861893323],[91.316667302023234,23.854273989680319],[91.316574376696991,23.854151578534875],[91.31654773266564,23.85413274875825],[91.316512612131291,23.854126103002386],[91.316461141360463,23.854131087524696],[91.316425415361635,23.854153239768138],[91.316226752936529,23.85434024093151],[91.316211969361902,23.854355113136922],[91.316183880839588,23.854364577714879],[91.316148400080834,23.854376746926455],[91.316096658018779,23.854384859185817],[91.316059698633026,23.854386210681245],[91.315999086605871,23.854390266810711],[91.315962127220132,23.854388915315308],[91.315934038697819,23.854382154551693],[91.315816854367355,23.854340426608147],[91.31578112747016,23.854331012144673],[91.315733895849164,23.8543182743967],[91.315689691550659,23.854311628650336],[91.315637010749143,23.85430885993161],[91.314692340599734,23.854147597983264],[91.314406604474144,23.854099139584243],[91.314380112258107,23.854091351830945],[91.314361189246654,23.854083564077229],[91.314346996763476,23.854074045254453],[91.314338481632888,23.854058469744409],[91.314328073752023,23.854030779213861],[91.314327127826019,23.853995300918321],[91.314334697030617,23.853934728256327],[91.314331858354322,23.853827427315],[91.314314828093146,23.853791083838438],[91.314293066405398,23.853759931926842],[91.314259004984763,23.853740029928954],[91.314227782240422,23.853733107279837],[91.314171960030365,23.853727914881983],[91.314122760200576,23.853726184630379],[91.314101945337114,23.853720127106396],[91.314088698779926,23.853708012879181],[91.31378247208275,23.853018418588583],[91.313698139142161,23.852844832043093],[91.313573078383286,23.852423457997716],[91.313535203614265,23.852266403536458],[91.313526120748435,23.852245358475614],[91.31351703788259,23.852224867985594],[91.313503110402422,23.852210468772391],[91.313464961647242,23.852187761622417],[91.313435895757934,23.852173916979584],[91.313413491774725,23.852163394031294],[91.313396536073739,23.852148441058294],[91.313387453207923,23.852137918929518],[91.313376553948572,23.852122411378907],[91.31336928747622,23.852096382515843],[91.313366260153728,23.852077552440566],[91.313403233014199,23.851944074002585],[91.313414527532231,23.851914798988034],[91.313417875553327,23.851889304940737],[91.313416271162211,23.851862447042738],[91.313415592934163,23.851851100010514],[91.313410940559336,23.851830001478604],[91.313405464429366,23.851817334141863],[91.313395133803581,23.851800805311328],[91.313380122955181,23.851787624475332],[91.313338750146457,23.851765502226453],[91.313319072550172,23.851750963291177],[91.313309969023081,23.85173416414754],[91.313294806359409,23.851635052688707],[91.313285118029043,23.851563610034628],[91.313279668848551,23.851544779881934],[91.313271796911721,23.851533703948526],[91.313260896754045,23.851519858414207],[91.313246969273877,23.851507120389893],[91.313220931605372,23.851494382364322],[91.3125923875876,23.851115570132375],[91.312555450659744,23.851092309033007],[91.31253244031376,23.851074033391019],[91.312516696440056,23.851061849080509],[91.312468253890046,23.85098652980485],[91.312460987417737,23.850975453002121],[91.312450692724553,23.850956069827468],[91.312444031716751,23.850937793344642],[91.31244342625223,23.850914533035002],[91.312490052408748,23.850763339688143],[91.312493686094072,23.850750601589468],[91.312493686094072,23.850732325077661],[91.312489446944241,23.850712941866647],[91.312481575007411,23.850693004071921],[91.312466436598257,23.850667527859493],[91.312445243544062,23.850638175326036],[91.31240285563905,23.850604946468902],[91.312126312872095,23.850485773901063],[91.312055549882231,23.850458651977728],[91.31193937525812,23.85039882449977],[91.311757566126076,23.850267886375189],[91.311444264297691,23.850027877580704],[91.311372732349923,23.849959309661166],[91.311293575502049,23.849875180481369],[91.311207055163777,23.849760454601856],[91.311138170551146,23.84963693495181],[91.311065198603998,23.84947054281464],[91.311008248109943,23.849357956048497],[91.310971543845739,23.849317191057182],[91.310961080269308,23.84930974809269],[91.310949067099003,23.849302304306189],[91.310933952944367,23.849296278618212],[91.31091573780536,23.849293088306329],[91.310823582335274,23.849288815933889],[91.310594581108106,23.8492930373665],[91.310546328102618,23.849286979635313],[91.310420299858166,23.849261468638865],[91.310117723914274,23.849203040632776],[91.310085554345633,23.849202174655151],[91.310027839385228,23.849203905788762],[91.309931332475969,23.849217751570492],[91.309436476637089,23.849292521395395],[91.309275880322161,23.849299026082182],[91.309227437772151,23.849296256434734],[91.309209877504998,23.849290164196056],[91.309180206151154,23.849271888299914],[91.309168701427296,23.849256381227939],[91.309156590340635,23.849238658270846],[91.309146902010312,23.849222043663936],[91.309120738577647,23.849119674238874],[91.309108410996998,23.848916054182283],[91.309091837080018,23.848848835584491],[91.309077869175653,23.848812549046219],[91.30901782937535,23.848712637566077],[91.308975699286819,23.848657972305197],[91.308934867263901,23.848621260938849],[91.308746108764836,23.848503213802868],[91.308718550248557,23.848476747935226],[91.308704081982569,23.848461624462487],[91.308685479669677,23.848440830198122],[91.308668945278569,23.84842066610959],[91.308653788004776,23.848401131375553],[91.308643452887438,23.848384118177581],[91.308638630730982,23.848371515411685],[91.308630362637089,23.848336227003351],[91.308621406433701,23.848296528970373],[91.308614517253801,23.84826943288061],[91.308604182136449,23.848240446245082],[91.308593158909616,23.848222171844156],[91.308577312628003,23.848200747361126],[91.30854837609607,23.848171131351474],[91.308524951626723,23.848147815496912],[91.308504972196474,23.848132062626874],[91.308485680875734,23.848118829655824],[91.308446410124802,23.848099294876292],[91.308414028553756,23.848092993890482],[91.308377513834074,23.848089212805856],[91.308340999114392,23.848089212805856],[91.308088159294542,23.848102374299181],[91.307755557162281,23.848143893095738],[91.307482551062577,23.848161678645432],[91.307463949647996,23.848169240810332],[91.307453614530658,23.848177432333532],[91.307435013116091,23.848199487000649],[91.307360269691188,23.848342610960611],[91.307326670004585,23.848379958336526],[91.307286197307789,23.848393570045765],[91.307267594994897,23.848396720942244],[91.307240036478618,23.848396720942244],[91.30721109994667,23.848397980479174],[91.30717114018789,23.848392939866486],[91.307131869436944,23.848384118177581],[91.307073307365229,23.848368364514595],[91.307000966035403,23.848358912644557],[91.3069727194096,23.848366473976327],[91.306947916026317,23.848377186204619],[91.306911401306635,23.84841877557206],[91.30681908054656,23.848512035483665],[91.306779809795614,23.848552364450821],[91.306752251279335,23.848569378448307],[91.306722625739582,23.848581981194954],[91.306693689207648,23.848590802870397],[91.306643395229827,23.84859395376208],[91.306619969862183,23.848587021800338],[91.306595856384988,23.848571268983648],[91.306567608860888,23.848553624807863],[91.306527447879489,23.848538074104365],[91.306497334554535,23.848532830558245],[91.306462886858327,23.848532830558245],[91.306429816279447,23.848535980629688],[91.306382278332947,23.848554885164905],[91.30624007861671,23.848610415629217],[91.306180880537809,23.848630879577481],[91.306141636736328,23.848637735126754],[91.306090047387841,23.848641768430905],[91.30604419018924,23.848643784672159],[91.306011120508671,23.848643784672159],[91.305971876707162,23.848638945364513],[91.305956003476126,23.848632492406278],[91.305932633803991,23.848616361652503],[91.305852382808098,23.848541753295674],[91.305838272969922,23.848530461020886],[91.30579991131404,23.848513119193896],[91.305741267495648,23.848492955116598],[91.305678212949218,23.848489728633865],[91.305624419135071,23.84849456794711],[91.305591789628991,23.84850263374263],[91.305542845819076,23.848528848190817],[91.305484559530157,23.848571268983648],[91.305463891092117,23.848580090659816],[91.305436332575837,23.848581351016591],[91.305410152075197,23.848575679411002],[91.305394305793556,23.84856055594981],[91.305389482738804,23.848535350451098],[91.305383971574543,23.84846414517834],[91.305377081496303,23.848445241451529],[91.305359857199065,23.848427597258596],[91.305339877768816,23.848423186004602],[91.305295094955284,23.848423186004602],[91.30526753643899,23.848429487796],[91.305222270331825,23.84843881724019],[91.305182707628376,23.848438391643363],[91.305147326582599,23.848431655217784],[91.305123074764907,23.848423589417852],[91.305085595254596,23.84840987747463],[91.305067516659506,23.848401811673348],[91.305050320210043,23.848398586009981],[91.305017250529446,23.848398182596643],[91.304996067356768,23.848400682773352],[91.304929082680971,23.848420848508241],[91.304883469824077,23.848434752708311],[91.304866538377624,23.84843655944082],[91.30485101728614,23.848437333402618],[91.304836343305993,23.848437075415337],[91.304825337147122,23.848434752708311],[91.304803440712064,23.848429560919762],[91.304748850092253,23.848419300584439],[91.304727114455659,23.84841350737263],[91.304694484949579,23.848396166351595],[91.304627903617344,23.848346157877241],[91.304513009990814,23.848262016147704],[91.304430446731374,23.848197596459915],[91.304404266230733,23.848184363495555],[91.304382908784845,23.848176802153173],[91.304333991924381,23.848173651251376],[91.304271296704073,23.848179322874561],[91.304231336945278,23.848188774757716],[91.304207223468097,23.848199487000649],[91.304152795443372,23.848359542002413],[91.304139704294741,23.848376556025215],[91.304127992060046,23.848384747535309],[91.304103878582879,23.848394200225094],[91.304079076097892,23.848395460583674],[91.304041872370405,23.848395460583674],[91.304017068987079,23.848385377714639],[91.303995022533385,23.848373405128275],[91.303979176251772,23.848356391926668],[91.303861363998877,23.848171760710247],[91.303844139701624,23.848148445677424],[91.303801539794208,23.848123221201369],[91.303742861839865,23.848116308933253],[91.303713237198423,23.848118199475209],[91.303691878854238,23.848125130640401],[91.303661564306651,23.848138993791327],[91.303590608178979,23.84816966312156],[91.303541685030297,23.848173651251376],[91.303512059490544,23.848174911612109],[91.303483811966416,23.848169870990706],[91.303458320473624,23.848164199367112],[91.303436274019916,23.848153487121252],[91.303394936245482,23.848125130640401],[91.303341197228562,23.848087322263517],[91.303317772759215,23.848078500553775],[91.303288147219462,23.848072828926188],[91.303215598378785,23.848065899401426],[91.303101197927347,23.848095523651299],[91.303002227837567,23.848121979737343],[91.302976735446435,23.8481245004598],[91.302927819484253,23.8481245004598],[91.302884414686361,23.8481245004598],[91.302859612201374,23.848119459836475],[91.302834120708567,23.848113158029992],[91.302819652442579,23.848106226864129],[91.302762425267417,23.848072474808905],[91.302747354231883,23.84805967482442],[91.302739819163307,23.848047859958609],[91.302731207014659,23.84803309137483],[91.30272690049118,23.84800847651708],[91.302741975119972,23.847877498183074],[91.302743912786042,23.847852035384712],[91.302743387271605,23.847835197941215],[91.302740571053178,23.847817398379167],[91.302732612878089,23.847795042112644],[91.302723475215004,23.847774718529408],[91.302709350105474,23.847751816699937],[91.302694794702944,23.847736173057207],[91.302682683616268,23.847726678416812],[91.302660093681837,23.847712451244099],[91.302380784103775,23.847562668171545],[91.302300604973112,23.84752996272022],[91.302233861944131,23.847516671352604],[91.302219867090315,23.847515194077449],[91.302048663468526,23.847521702961576],[91.301988019102012,23.847538368726973],[91.301782588769584,23.847626255873188],[91.301758732210587,23.847629916193092],[91.301738449149767,23.847630319608811],[91.301718607161774,23.847629109361634],[91.301689064267038,23.847625882857443],[91.301666135667702,23.84762225375902],[91.301631301695934,23.847614187908682],[91.30160616863094,23.847605718642082],[91.301585885570148,23.847596039949067],[91.301573098950357,23.84758999035477],[91.301381270907982,23.847373411734569],[91.301358663905518,23.847357657948777],[91.301324216209323,23.847338951249988],[91.301281155466199,23.847323197459996],[91.301221948404134,23.847304489934583],[91.301172428774095,23.847298582467392],[91.30109707359648,23.847294643608016],[91.301021718418852,23.847294643608016],[91.300972198788827,23.84729168987425],[91.300924833318831,23.847286767532193],[91.300882849655721,23.847278890634257],[91.300854859948089,23.84727199804006],[91.30083117676395,23.847263136836961],[91.300807493579796,23.847246398733361],[91.300797805249474,23.847235568097904],[91.300780898057496,23.847056681725018],[91.30078721231564,23.846903285208629],[91.300804264136374,23.846587700220304],[91.300792422544305,23.846232257223917],[91.300767232885391,23.846053216643071],[91.300759653799361,23.846022969130317],[91.300743119408239,23.845999023520037],[91.300684557336567,23.84595869375844],[91.300612905014546,23.845928447045228],[91.300478557472232,23.845893788163242],[91.300320784562246,23.845846527082202],[91.30028426984255,23.845844636507152],[91.300242243060325,23.845850938423911],[91.300198149254584,23.845863541434888],[91.300147855276791,23.845884966304244],[91.29982955432385,23.84612316285962],[91.299806129854517,23.846133245083003],[91.299788216549416,23.846136396034392],[91.299756524884529,23.846136396034392],[91.299734477532496,23.846133875273274],[91.299709675047509,23.846126313811265],[91.299068696549568,23.845898256195913],[91.298893243896472,23.8458711431722],[91.298775054351154,23.845863841330498],[91.298635536106076,23.845882409386437],[91.298577271376743,23.845899442631929],[91.298522741842376,23.845924852407808],[91.298089980250865,23.846234910265448],[91.297964227789222,23.846336235213833],[91.297916322431746,23.846360882432709],[91.297847457582037,23.846388267313024],[91.29777110796941,23.846391005800729],[91.297715716950677,23.846381420682661],[91.297652840270715,23.846371836385522],[91.297585472912573,23.846344451501736],[91.297503135130285,23.846326650913333],[91.29738337083829,23.846311588811925],[91.297308517818919,23.846311588811925],[91.297236659782698,23.846321173935134],[91.297145339745867,23.846349928478954],[91.29710940982946,23.846377313361586],[91.297070486726511,23.846421129161754],[91.297040545878104,23.84646494576878],[91.296995633707141,23.846714149409635],[91.296980663282952,23.846734688425265],[91.29695970468903,23.846749749655885],[91.29693126043388,23.846757965917568],[91.296523757671551,23.846792744525885],[91.296156160769101,23.846848438427017],[91.296073711595668,23.846861029838269],[91.296050429060131,23.846860881945695],[91.296011857198451,23.84685857235641],[91.295980506893386,23.84685335421273],[91.295958747002231,23.846847811526711],[91.295921989737451,23.846833592473779],[91.295890964622473,23.846810688834776],[91.295880162381167,23.846800044672008],[91.295873707985862,23.84679219732304],[91.295856348043017,23.84676596609108],[91.295846259064064,23.846743972801988],[91.29574429129616,23.846783574358668],[91.295675799247334,23.846665090086805],[91.295666842145593,23.846642404970776],[91.295659952965693,23.846625390720348],[91.295649618746694,23.846603965973383],[91.295633772465052,23.846573088400962],[91.29561723717562,23.846552924021854],[91.295590367667174,23.846526457755999],[91.295558675103933,23.846509443490316],[91.29545602012486,23.846446428737227],[91.295437417811925,23.846431935216408],[91.295417438381719,23.846414921759973],[91.295171478758604,23.846248562459802],[91.295119116858999,23.846218945182482],[91.295095003381832,23.846206972395972],[91.295063999826453,23.846198150558294],[91.295042642380551,23.846191219290056],[91.295002682621771,23.846183026819698],[91.294877291282816,23.846166643520711],[91.294854555821303,23.846162232189773],[91.294839398547524,23.846159711429163],[91.294818040203324,23.846151519778434],[91.294794615733977,23.846140807366258],[91.294460469397748,23.845963105096299],[91.29441982063112,23.845941050048673],[91.294383305013142,23.845923405514846],[91.29430338549561,23.845893157971776],[91.294269625908882,23.845881185155203],[91.294215197884142,23.84586417162647],[91.293827312530965,23.845782251622857],[91.293824556499686,23.845847157273894],[91.293830068562272,23.845915213849196],[91.293861262560512,23.846079076642319],[91.293860012105654,23.846180828138365],[91.293853902663386,23.846257058928845],[91.293823849525566,23.84643282586141],[91.29371253568543,23.846909592825313],[91.293646201389933,23.847161999121727],[91.293625474561367,23.84728868848627],[91.2936218444693,23.847380107955672],[91.293624227699766,23.847522375869392],[91.293690664403229,23.84812537794728],[91.293692782630657,23.84821554139592],[91.29368613869083,23.84828130195292],[91.293655275272613,23.848431939496766],[91.293609495329093,23.848576185525605],[91.293537523206837,23.848754264620126],[91.293429889764454,23.848952527197596],[91.293404020979196,23.849001600443621],[91.293392523441881,23.849038405365974],[91.293392523441881,23.849075210277867],[91.293405998171139,23.849173801149909],[91.293408782050221,23.849218400642837],[91.293407836124203,23.849221213015706],[91.293404524934076,23.849225972605385],[91.293396246060439,23.849231164362038],[91.293260947202214,23.849264480662086],[91.293244625711836,23.849269889322276],[91.293230434126983,23.849271619633384],[91.293220026246075,23.849270970561317],[91.29293492343281,23.849238158731733],[91.292866523012123,23.84922837910252],[91.292531599633151,23.8491786634427],[91.292509178581994,23.849176848504449],[91.292486783581964,23.849177081841926],[91.292457745540375,23.84918352984338],[91.292388727977126,23.849217025266785],[91.292359690833877,23.849223473266228],[91.292310446986619,23.849226034226174],[91.29225685080182,23.849238884213712],[91.292196791238553,23.849272285959245],[91.292129988022467,23.849303710080928],[91.291996227978331,23.849354267021095],[91.291979996319469,23.849202079348331],[91.291910013965563,23.848545979682303],[91.291906245532971,23.848423104664654],[91.291893590965557,23.84824975598411],[91.291863695032887,23.84811948202012],[91.291796599864313,23.847884898505601],[91.291781845934082,23.847809574918763],[91.291746039086888,23.847496625433791],[91.291699623136154,23.847187855613242],[91.291677064642741,23.847067364483067],[91.291667139157155,23.84699061325912],[91.29166984667944,23.846926240593668],[91.291675260825642,23.846885801844401],[91.291676162734191,23.846861043805891],[91.291679772164997,23.846783466725643],[91.291677064642741,23.846763659786607],[91.291670748587947,23.846745503491661],[91.29165631176302,23.846695986534719],[91.291565177677469,23.846465732066754],[91.291545185670813,23.846416828759288],[91.291510176527581,23.8463391922559],[91.291480860906574,23.846295700971503],[91.291441754547321,23.846248827024471],[91.291380185814361,23.84619778739798],[91.291345488386526,23.846162914142603],[91.291321132364232,23.846128825534606],[91.291304406631937,23.846098883685933],[91.291283993315417,23.84604512440297],[91.291277216424916,23.84600555466432],[91.291255922759433,23.845800919107976],[91.291243080444133,23.845681758555624],[91.291214667629987,23.84560223596317],[91.291199408846595,23.845567147279549],[91.291149156191295,23.845494090877747],[91.291084125351219,23.845433778808708],[91.290671705211025,23.845078418098375],[91.290666507558782,23.845073135795374],[91.29066188842161,23.84506310032285],[91.29066188842161,23.845049367483231],[91.29066188842161,23.845039332008859],[91.290674791822354,23.844974031567354],[91.290695450378948,23.844817097076184],[91.290702583002286,23.844721253737855],[91.290706392757414,23.844570310339758],[91.290695483616588,23.844470791620438],[91.290682723946318,23.844413173236148],[91.290671535429439,23.844380419335],[91.290637260209792,23.844315906515899],[91.290565166814972,23.844210350995528],[91.29046254866681,23.844058348726048],[91.290410214614994,23.843977469425514],[91.290381340066787,23.84390484266941],[91.290321751220759,23.843713570325544],[91.290294060652101,23.84361423828382],[91.290684593340416,23.843534417808677],[91.290662646599699,23.843191151491769],[91.290683657295915,23.843189301960432],[91.291076269584067,23.843143947762528],[91.291652882893615,23.843090705714868],[91.291762613902193,23.843080573955909],[91.292208612169404,23.8430055860971],[91.292598428002094,23.842914685290673],[91.293092382830736,23.842829364252818],[91.293551777673784,23.842740340796738],[91.293886727103867,23.842647650245858],[91.294001931547498,23.842609541189816],[91.294450693930827,23.842500806947491],[91.294758415424653,23.842455932354305],[91.295160329767597,23.842432882509161],[91.295978978859054,23.842334747457979],[91.29652475480151,23.842270110372688],[91.296746274859004,23.842253655095231],[91.297990818819926,23.842057759322351],[91.298310464550852,23.842013755531426],[91.298645748154229,23.841946830794054],[91.299074569734898,23.841831247481931],[91.299440696095232,23.841776793771736],[91.299723941192539,23.841735862886249],[91.29995159045518,23.841676521090584],[91.300096278504753,23.841624372068004],[91.300268331932799,23.841546617662203],[91.300495271526401,23.841430310110923],[91.301737302899468,23.840575450679879],[91.303069058003132,23.839700660917192],[91.304305271886435,23.838934476038798],[91.304812778699471,23.838562028796101],[91.305290843229017,23.838259263075081],[91.305327925683969,23.838225028594877],[91.30535918436091,23.83819042845785],[91.305385270538451,23.838145008420213],[91.305397321437979,23.838115123888667],[91.305417852433806,23.838052885652665],[91.305427458119141,23.838017738229794],[91.305451794378499,23.837921670475893],[91.305459479465725,23.837843175157001],[91.305455636472956,23.837690872081701],[91.305473457251566,23.837706873547248],[91.30719090761572,23.838836774649849],[91.308455607974977,23.839664357849703],[91.309359929395086,23.84020884609949],[91.309937294594505,23.840549020990274],[91.309937290102923,23.840599692269755],[91.309928953737085,23.840678231111522],[91.309909635466894,23.840732635983255],[91.309886189438004,23.840789267541524],[91.309854902014948,23.840841285433825],[91.30982429731155,23.8408712851916],[91.309743662735016,23.840924254536848],[91.3096371692547,23.840973150878018],[91.309541233673954,23.841006580224992],[91.309444400676227,23.841030622891946],[91.309355705516637,23.841059879823209],[91.309281976289697,23.84109166993202],[91.309243705363627,23.841111983881433],[91.309201916634947,23.84114094170948],[91.309184062618669,23.841157193356072],[91.309119557293059,23.841245101261816],[91.30908827705656,23.841296017124133],[91.309050002537234,23.841412008456807],[91.309045649301368,23.841504933242387],[91.309051396722566,23.841527380976252],[91.30907691785977,23.841550827843744],[91.309108069637205,23.841552402142639],[91.309130708978998,23.841570128615619],[91.309160727980824,23.84160555361791],[91.309178676320201,23.841648597028595],[91.309224283787202,23.84179817248199],[91.309235624119339,23.841830565506299],[91.309277782953956,23.841886095564647],[91.309384960950482,23.841966556303394],[91.309935454844805,23.842260924274086],[91.310034992669856,23.842349917658158],[91.310079604803519,23.842419476409056],[91.310146461020196,23.842518813474442],[91.310169015920351,23.842573596355734],[91.310241099433711,23.843093016192938],[91.310246665395198,23.843148026428345],[91.310243196101567,23.843266478583971],[91.310227333650289,23.843386327432146],[91.310201611290438,23.843580669929381],[91.310206484650848,23.843761729420692],[91.310211726320546,23.843808551681814],[91.31028853137903,23.844267897987105],[91.31031077636041,23.844363929816478],[91.310321444752702,23.84439197160993],[91.3103496311914,23.844416613447013],[91.310364291696828,23.844423409239376],[91.310388939671583,23.844426902856615],[91.310454594840749,23.844462010746625],[91.310483800867289,23.844489828211014],[91.310501469830598,23.844516821564181],[91.310531526561675,23.844543898718996],[91.310604230810895,23.844589713367089],[91.310689557288157,23.844644128100398],[91.310733600788225,23.844706138864964],[91.310747217451294,23.844748744955957],[91.310755295102325,23.844857031163354],[91.310736351429625,23.845145831736048],[91.310742824689541,23.845205872799216],[91.310764750768996,23.845249435931553],[91.31077456127025,23.845261998740881],[91.31083043558256,23.845294742559645],[91.310843948939407,23.845299236905287],[91.310936346056266,23.845320364435956],[91.311081540755666,23.845335455409803],[91.311172288565643,23.845330928199999],[91.311246466950237,23.84531422599883],[91.311383502251886,23.845251807993805],[91.311479235711701,23.845224066283446],[91.311551893248492,23.845225145912977],[91.311662070719805,23.84524984017634],[91.311739456988263,23.845293116543136],[91.311778165393861,23.84532772382272],[91.311828183588872,23.845392222992125],[91.311864500679178,23.845454364038712],[91.311895068551664,23.845554434962462],[91.311908273786344,23.845668948475438],[91.311911880522217,23.845742696593319],[91.311922223724395,23.845846900924737],[91.311924049101066,23.84585515421707],[91.311942589430188,23.845892741404555],[91.311952682002413,23.845904134148181],[91.312000715818982,23.845937145656563],[91.312072862214393,23.845955646328242],[91.312150959050228,23.845962411639604],[91.312271346773045,23.845965143563259],[91.312325616694281,23.845973114206974],[91.312361999361627,23.845982035477338],[91.312412759565063,23.846004032182233],[91.312537881409412,23.846048913763514],[91.31257907814836,23.846061592345247],[91.312609496900521,23.846069836585986],[91.312639352408979,23.846071897235266],[91.312665265211649,23.846070866910633],[91.312691741258035,23.846065199303357],[91.312706937159376,23.846060305671799],[91.312722195044472,23.846050966196835],[91.312740678779747,23.846030035155007],[91.312811173173372,23.845847088256814],[91.312836687124062,23.845804452126412],[91.312890724381674,23.845749452877847],[91.312957818651924,23.84569870966418],[91.312997845784352,23.845679835934469],[91.313089668877723,23.845645733231667],[91.313152455726225,23.845633512258992],[91.313220128511503,23.845632808119301],[91.313275059592812,23.845640782069967],[91.31331176206038,23.845658786517532],[91.313368687401621,23.845706284297275],[91.313496518564861,23.845801343070178],[91.313552672253294,23.845844264307893],[91.313581269222013,23.845874889812944],[91.313594346895925,23.845894919549977],[91.313598516875487,23.845907020539808],[91.313603179131817,23.845934770320326],[91.313615861546978,23.846206208280432],[91.313632360903796,23.846443136473287],[91.313640610133078,23.84661064580169],[91.313645559850286,23.846681573561241],[91.313655460183043,23.846717791679513],[91.313670309334682,23.846740427484757],[91.313695058819093,23.846763064107709],[91.31376329844133,23.846784566882842],[91.313896489851871,23.846809154037771],[91.313992941963932,23.846812922013715],[91.314241461785571,23.846824561985798],[91.314279916866255,23.846835699943572],[91.314296581513105,23.846853286017783],[91.314306835782077,23.846871458730178],[91.314316450450548,23.846891976358613],[91.31433126995779,23.846944487242066],[91.314336755969222,23.846978200153032],[91.314338883179829,23.846991271380475],[91.314342234794154,23.847011873617273],[91.314344116764687,23.847040682235054],[91.314343048667794,23.847073139679296],[91.314338872400057,23.847096641414229],[91.314328580401849,23.847127642927099],[91.314319089700845,23.847139402006388],[91.314308027846451,23.847146937938952],[91.314270899577451,23.847159725689242],[91.314224988479893,23.847170211249143],[91.314185586574908,23.847184611843943],[91.314175769785493,23.847191598929456],[91.31415841972408,23.847214522220128],[91.314144317970758,23.847243059657252],[91.314138969401554,23.8472723792731],[91.314137375790253,23.847341706150043],[91.314144449124797,23.847387749041889],[91.314140544148245,23.847571935234921],[91.314155394198195,23.847703225271736],[91.314210380975055,23.848023726571853],[91.314186797503922,23.848030255970876],[91.31411580005377,23.848050468595641],[91.314100778425569,23.848062375482382],[91.314097773560945,23.848077946783416],[91.314125197329929,23.848675144860305],[91.314126428021879,23.848694653261408],[91.314132170951495,23.848713036870357],[91.314138734042956,23.848728793777862],[91.314146527826338,23.848743050417145],[91.314158423317352,23.84875693157748],[91.314173600354067,23.848765935639197],[91.314190008082747,23.848771938346648],[91.31431772875321,23.848779640971813],[91.314335654634689,23.848778841542043],[91.314357628324856,23.848766698096419],[91.314370803915153,23.848754946559296],[91.314383114427784,23.848735632068085],[91.314399036167899,23.848725523755515],[91.314414135949505,23.848721685997987],[91.314440274229327,23.848723673481505],[91.314465902266051,23.848728418300432],[91.314479633913479,23.848732490217635],[91.31448604968125,23.848735341216869],[91.314505929398479,23.848748664502466],[91.314511449545918,23.848754395256641],[91.314519383466518,23.848766461471765],[91.314526644548948,23.848794428367633],[91.314529905433417,23.848832609550563],[91.314530731883465,23.848842280756742],[91.314537398281203,23.848854040502065],[91.31454092147375,23.848857639987919],[91.314547721720444,23.84886183103491],[91.314580900097141,23.848873539016871],[91.31459802018982,23.848876461493333],[91.314741131696081,23.848888076631734],[91.314810765503623,23.848890913660149],[91.315049986863812,23.848911904217701],[91.315064656352376,23.848903787507673],[91.315087495120181,23.848879922126031],[91.31509566529769,23.848864174274606],[91.315112517692398,23.848844822827118],[91.315155125684669,23.84882183163089],[91.31527610000731,23.848804737148452],[91.315293636019987,23.848807755755193],[91.315319265853375,23.848833029394797],[91.315329714158409,23.848861762019432],[91.315339661203581,23.848932836437378],[91.31533674886542,23.849178610859621],[91.315355564977352,23.849205514502394],[91.315375972005697,23.84921871367645],[91.315449438026249,23.849230339465105],[91.316250731666415,23.849211816255735],[91.316339545403608,23.849225476352661],[91.316394443247233,23.849241219230514],[91.316432943243697,23.849262673119526],[91.316472184350246,23.84930122635383],[91.31648935744353,23.849337374724879],[91.316506722776282,23.849391418562472],[91.316515528062695,23.849436566815417],[91.31653158095682,23.849481153072158],[91.316538452170462,23.849494703866689],[91.316553887921984,23.849507418262178],[91.316597475976181,23.849515712401839],[91.316661712705539,23.849521508850842],[91.316711060757356,23.849521622232821],[91.316819613176278,23.849533998944533],[91.316935445542271,23.849554199010647],[91.317246662380867,23.849608470343256],[91.317366711438808,23.849639477828216],[91.317411641576072,23.849665799677059],[91.317425736142894,23.849696092349745],[91.317446877094781,23.849966150351253],[91.317452514921499,23.849996443775368],[91.317464494854121,23.850020935836366],[91.317479293700103,23.850036404201408],[91.31749761663697,23.850044782932592],[91.317545536367476,23.850046072031315],[91.317607550664789,23.850046072031315],[91.317659698765368,23.850046072031315],[91.317696343740764,23.850038982398996],[91.317716075235978,23.850029958707211],[91.317729464625288,23.85001900177712],[91.317740698057918,23.84998395290463],[91.31776780112834,23.849819701498575],[91.31777226934858,23.849787255422982],[91.31777986640094,23.849767476056023],[91.317785425175899,23.849759418555276],[91.317794096613355,23.849751178657254],[91.317826131434671,23.849715164323648],[91.317861923010568,23.849694044082199],[91.317893097245857,23.849680316662855],[91.317975073007091,23.849664476067026],[91.318441527709979,23.849646524758768],[91.318757885606956,23.849656028296206],[91.318851407414542,23.849656028296206],[91.318941466216714,23.84965286017659],[91.318999195550148,23.849643356638921],[91.319043070166913,23.849631740746613],[91.319069625265058,23.849616956732742],[91.319083480879982,23.849603228483645],[91.319104626323465,23.849527574787164],[91.31911581304368,23.849421689937454],[91.319122882784967,23.849203446508412],[91.319132070753724,23.849147399504872],[91.319139198885495,23.849116913625281],[91.319146249762142,23.849097134977637],[91.319157848809098,23.849079278897726],[91.319173634005267,23.849064098804089],[91.319185340850055,23.849055194178099],[91.319209276460796,23.849044644684962],[91.31925042918229,23.849036141825753],[91.319285985399546,23.849031568734947],[91.319337507374343,23.849032405957292],[91.319363972640915,23.849036331618063],[91.319408731199971,23.849054158947485],[91.319427048746917,23.849068566727475],[91.319460258564646,23.849094689040733],[91.319489030704872,23.849128913256155],[91.319522218963073,23.849195650244816],[91.319547698777782,23.849246391267855],[91.319593455365094,23.849394616266402],[91.319613691713485,23.84956815320723],[91.319625739918095,23.849642599938093],[91.319642480023404,23.849679757148085],[91.319650519945185,23.849689273007193],[91.319657613042679,23.849697058560196],[91.319662815186504,23.849701816489194],[91.319672746960265,23.849707871736175],[91.319682205321911,23.849712197499315],[91.319694973975359,23.849712629664804],[91.319712472258786,23.849712629664804],[91.319737063639664,23.849710035028572],[91.319899889573122,23.849662207608116],[91.319931966615314,23.849649776682526],[91.319953395926404,23.849649776682526],[91.319969651839784,23.849651804410584],[91.319985908651475,23.849665321501359],[91.320014047479432,23.849734880434845],[91.320033850839877,23.849779486307533],[91.320056449757487,23.849835696537458],[91.320077536810459,23.849863341954485],[91.320093055206982,23.849872803574108],[91.320104138620977,23.849878210565663],[91.320123351788254,23.849883617557044],[91.320171382011566,23.849889023726554],[91.32021424063376,23.849898485344294],[91.320243059486401,23.849911327049107],[91.320263011068846,23.849928898738714],[91.320280006295718,23.849951201232781],[91.320296263107394,23.849982289974704],[91.320336699871604,23.850119806977858],[91.320353664555753,23.850168263578542],[91.320380008549776,23.850214261921259],[91.320429469789318,23.850255037311271],[91.320500766378458,23.850287475053712],[91.32055893229311,23.850301073416958],[91.32070023549069,23.850311190644319],[91.320814859622629,23.850342773905119],[91.320828386454139,23.850349803543768],[91.320860033203289,23.850373031912266],[91.32087158913113,23.85038336357243],[91.320892322247872,23.850402911974925],[91.320911445583647,23.850426147728314],[91.320920782672701,23.850444156440791],[91.320931413335799,23.850476268781264],[91.320934059772611,23.850491751880799],[91.320935226684171,23.85052076923369],[91.320931172587279,23.850584895276487],[91.320937793170941,23.85062806551862],[91.320946441252175,23.850653135046088],[91.320973614391207,23.85069020487661],[91.321007051482695,23.850718284738299],[91.321047253786602,23.850743073260798],[91.321151620954652,23.850781934155005],[91.32121903951672,23.85079962896663],[91.321250761724343,23.850804122299799],[91.321302610685919,23.850804573358495],[91.321335738756943,23.850802371469165],[91.321380503604203,23.850799856549962],[91.321454382849794,23.850797039281773],[91.321519764931111,23.850783197776771],[91.321558064603252,23.850769059672427],[91.321573423997989,23.850758148814489],[91.32159810880367,23.850725267525316],[91.32160958837467,23.850696426040855],[91.321619833660506,23.850658519821877],[91.321624659410219,23.850621140238459],[91.321636796548034,23.850516537981825],[91.321644642433725,23.850497696996165],[91.321661197486094,23.850471222498179],[91.321668125293527,23.850463551194455],[91.321700267912746,23.850446157865125],[91.321738607110731,23.850433640746456],[91.32179662570168,23.850421805556987],[91.321834682828708,23.85041780024271],[91.321942265965419,23.850415981213768],[91.322121831105903,23.850435691467123],[91.322283510789035,23.85046883327778],[91.32237107407137,23.850484922720867],[91.32241682706541,23.85047256746163],[91.322444629923467,23.850456913466449],[91.322530875377268,23.85036792811291],[91.322568488736508,23.850330662648592],[91.322592944471822,23.850316067683305],[91.322635547074157,23.850319721354388],[91.322707747368483,23.850361989564444],[91.322740094803564,23.85044154620876],[91.322743917135071,23.850448157646237],[91.322787962431789,23.850503360301641],[91.322806436285603,23.850524311161099],[91.322824170825939,23.850539178874865],[91.322844860823551,23.850548641266752],[91.322878112862114,23.85055675130096],[91.322922449212982,23.850562157442408],[91.322988214874925,23.850563508977721],[91.323076148263141,23.85056756440521],[91.323123440071271,23.850574998259845],[91.32315595369468,23.850584459827495],[91.323185510962446,23.85059594910776],[91.323212852086428,23.850611493813126],[91.323233542084083,23.850627713873134],[91.323307962115464,23.850704903321514],[91.323327076468104,23.850729963796514],[91.323335996738834,23.850768641477654],[91.323336282403119,23.850808694506448],[91.323332968518031,23.850836888544912],[91.323311593105856,23.850919053476993],[91.3232952805986,23.850958145187843],[91.323262554074475,23.851028135588557],[91.323235763617774,23.85107555417035],[91.323225114988389,23.851103790052278],[91.323215816526897,23.851150029612832],[91.323214094456489,23.851175329908397],[91.323222455076845,23.851222191393024],[91.323229967687567,23.851239694712266],[91.323281574103987,23.851282409571283],[91.323293013250819,23.851285361570909],[91.323341082101678,23.851280977526894],[91.323397473843642,23.851265762362463],[91.323438044456807,23.851250547196237],[91.323502442882912,23.851226394687504],[91.323602558324694,23.851172091168522],[91.323629152948655,23.851149280315166],[91.32376293814562,23.851100770677423],[91.32382823129376,23.851095109041253],[91.323879534079623,23.851110823757651],[91.323915583471972,23.851127861245615],[91.323953044117644,23.851152187129962],[91.324000467079799,23.851165632585221],[91.324149284684694,23.851188932286487],[91.324232325847888,23.851202408137059],[91.324279712877427,23.85123059387389],[91.324309285416589,23.851267159899919],[91.324326412695811,23.851368554857999],[91.324408041707358,23.852054883882136],[91.324420924446827,23.852138670686223],[91.325173865368541,23.852167704923787],[91.325260374927026,23.85214491067757],[91.325315941117239,23.852106746080725],[91.325438533305729,23.852010464472595],[91.325482869656568,23.851997623797381],[91.325520555779377,23.851988837682331],[91.325558980317354,23.851987486161892],[91.325580409628458,23.851987486161892],[91.325615878709144,23.851994244585647],[91.325646914603865,23.852005057569979],[91.325670560058811,23.852019925935444],[91.325717113451745,23.852052365700903],[91.325734847992123,23.852074667829537],[91.325753320947584,23.852102376853132],[91.325827215464571,23.852251058676298],[91.325850860919473,23.852277416144755],[91.325870812501933,23.852292959826823],[91.325893719541682,23.852301069751849],[91.325926971580245,23.852301069751849],[91.325977219743947,23.852289580622774],[91.326001604512356,23.852278091492654],[91.326039319381238,23.852229439320517],[91.326062412372252,23.852154873301679],[91.326157705657579,23.851803933120316],[91.326166691505378,23.851788410741019],[91.326173679499973,23.851776540346716],[91.326188655314084,23.851762539557004],[91.326201966549945,23.851753104366406],[91.326223930358637,23.851741842770409],[91.326255241137872,23.851738682096141],[91.326434991331269,23.851752640987119],[91.32652304419544,23.851749451557303],[91.326643867601149,23.851710551516678],[91.326690734506144,23.851704309861276],[91.326751330363621,23.851708310206206],[91.326777692323972,23.851714485312289],[91.326866826759712,23.851742753097191],[91.326988278986121,23.851801350849851],[91.327109730314234,23.851859948576021],[91.327202939508084,23.851881425036158],[91.327444527030735,23.85191408173695],[91.327494036779285,23.851919887116175],[91.327537199930404,23.851930336140867],[91.327718884196599,23.852000885521267],[91.327834259320099,23.852068502599749],[91.327882499749194,23.852112622929823],[91.327918045186649,23.852150938697871],[91.327951051985124,23.852188092723885],[91.327971363792045,23.852218279643282],[91.327987867640445,23.852250790015951],[91.328009448766821,23.852294910283966],[91.328023413077929,23.852330902539304],[91.328031029893225,23.852362251154592],[91.328056376757246,23.852495178696675],[91.327940577628951,23.853217618643967],[91.327926872930959,23.853725667033729]]]},"properties":{"objectid":2071,"id":"2020","name":"Ward No 10","code":"10","town":"Agartala","district":"West Tripura","state":"Tripura","st_area(shape)":2823030.3959557144,"st_perimeter(shape)":13092.94569057538}},{"type":"Feature","id":2051,"geometry":{"type":"Polygon","coordinates":[[[91.294488327053003,23.816561419339987],[91.294529124939956,23.816543791354817],[91.29470482373145,23.816497928174833],[91.295132107396327,23.816410661774828],[91.295273055759367,23.816397802781847],[91.295483884966657,23.816350988705995],[91.295678792433847,23.816271284588343],[91.29592147410446,23.81617836473723],[91.296105427515087,23.816088541439051],[91.296876802764729,23.815759507954969],[91.297017487023069,23.815695394277647],[91.297073853612218,23.815665059968396],[91.297101042920886,23.815643826522937],[91.297106347472649,23.815628053268423],[91.297107010429329,23.815618346712554],[91.297107010429329,23.815604999477927],[91.297030888090461,23.81529776779886],[91.296980378516992,23.815069762815241],[91.29686321125449,23.814599860257346],[91.296756319820531,23.81423788561543],[91.296536298152901,23.813588679332572],[91.296270792985851,23.812841577894936],[91.296270792985851,23.812823983921955],[91.296272118899225,23.812808816843646],[91.296277424349285,23.812796683179716],[91.296410611268243,23.812634475445332],[91.296428657524004,23.812622092746889],[91.296462945320087,23.812622917876613],[91.296483698199765,23.812630347331432],[91.296512572747957,23.8126493343532],[91.29652791237973,23.812660891097714],[91.296578138085579,23.812688707985252],[91.296591073825681,23.812694737017658],[91.296632580483376,23.812707944838408],[91.296645213491217,23.812712072128015],[91.296670477710293,23.812712072128015],[91.296689426772886,23.812704642677865],[91.296702058882417,23.812696388098058],[91.29670735984088,23.812691447184434],[91.296833435696087,23.812521513172651],[91.296955909306959,23.812413890320276],[91.297280545179305,23.812111683249856],[91.297293480919379,23.812101201430604],[91.297306047451897,23.812094100683797],[91.297344853773851,23.812092071546715],[91.29736296380996,23.812094100683797],[91.2973969659418,23.81210627304015],[91.297536670138157,23.812187085096699],[91.297545910209166,23.812190466989346],[91.297559954470302,23.812193848060048],[91.297575846566005,23.812194185838404],[91.297588412200213,23.812192495303034],[91.297598021478791,23.812189114232293],[91.297636893377771,23.812163180907085],[91.297687593394087,23.812111952815211],[91.298119140463314,23.811639323341815],[91.298217624564529,23.811498265281607],[91.298235729210774,23.811454395770369],[91.298242909444824,23.811429226618866],[91.298278546510488,23.811352035163573],[91.298295162648287,23.811318806103394],[91.298338618650163,23.811249127123283],[91.298372096165863,23.811204197339624],[91.298448655984245,23.811132680637396],[91.298569299726935,23.811036772962233],[91.298583344886381,23.811025953274822],[91.298591844745587,23.811016147752557],[91.298594431893633,23.811007017792374],[91.298596649834067,23.810985715371309],[91.298597758355115,23.810956636574659],[91.298564093989853,23.810296187316663],[91.298534112717235,23.80993243614359],[91.298490150065547,23.809445683249173],[91.298989163307581,23.809670874195263],[91.299908862987039,23.810120433057595],[91.300216533276895,23.810210032830483],[91.300620609864751,23.810306517238082],[91.302256268622259,23.810591393119044],[91.302589972987363,23.810650980074957],[91.302658038336446,23.810679259275467],[91.302674195435145,23.810737435889074],[91.302668304283515,23.810961221692004],[91.302664513393012,23.811232361360481],[91.302687964811824,23.811683519886159],[91.302683433709518,23.8119280137768],[91.302683992461652,23.812101470995984],[91.302685604937565,23.812134154150439],[91.302687677350946,23.812186887853862],[91.302695101028448,23.812256567974394],[91.302712884077792,23.812312892266032],[91.302745118325134,23.812444308395438],[91.302775149005114,23.812547738180474],[91.302765443606773,23.812603647315314],[91.302741693048972,23.812646582003619],[91.302663716587375,23.812712948211356],[91.302592705662462,23.812796561547216],[91.302491135848257,23.812947267424377],[91.302432037482347,23.813020001093768],[91.302359325148274,23.813105069709295],[91.302251988149933,23.81318998458524],[91.302198838427827,23.81327651678329],[91.302169863268347,23.813346629427528],[91.302146792735229,23.813438805077396],[91.302117561555875,23.813557120816537],[91.302093058209849,23.813635516594129],[91.302071486066623,23.813729076009615],[91.302048605078028,23.81378544239784],[91.302018233936593,23.813834889735443],[91.30198336133725,23.813881561719477],[91.301862059129505,23.814044919284274],[91.301787542080035,23.814186447131227],[91.301762849189529,23.814300650564839],[91.301747247249679,23.81440387670051],[91.301709268276085,23.814468439735236],[91.301570149781284,23.814584889803875],[91.301527684621206,23.814643923479313],[91.301544112112794,23.814668787108907],[91.301685080238727,23.814771330833974],[91.301863719216144,23.814867154389344],[91.302016796632131,23.814957356573363],[91.302172949879647,23.815035176226424],[91.302238917662564,23.815086427819633],[91.302294391326299,23.815129369083277],[91.302608758556602,23.815464061603741],[91.302702578604851,23.815586020284861],[91.302989856239478,23.815972496233471],[91.303153574200024,23.816149683220953],[91.303223694894442,23.816233920569744],[91.30327497522245,23.816322378726081],[91.303338357653928,23.816417603674559],[91.30344024277683,23.816508954504322],[91.303503038608469,23.816590490306698],[91.303544679115149,23.816687082561383],[91.303577278976817,23.816785011838892],[91.303676563476955,23.817082936240489],[91.303740434591987,23.817245734231001],[91.303764082741807,23.817328473525993],[91.303769738534854,23.81739736030352],[91.303771938508987,23.817550242748254],[91.303800080930188,23.817637133636463],[91.303870258218495,23.817746247030897],[91.304006117625462,23.817960320945847],[91.30403328896783,23.818007723677791],[91.304083683556968,23.818095633301379],[91.3041104156232,23.818164613357794],[91.304107236485407,23.818196275945009],[91.304081483582848,23.818226460093904],[91.304034626559314,23.818262059941844],[91.303989281400391,23.818296289828655],[91.303984098121219,23.818333279331775],[91.304070490898695,23.81845417025723],[91.304262000937513,23.818713249919927],[91.304280613131866,23.818752066995351],[91.304271055955553,23.818779999273719],[91.304212057302649,23.818816319691184],[91.303964314523697,23.81896223897801],[91.303744220990879,23.819140937285525],[91.303563698246322,23.819264962626981],[91.303404189791223,23.819324776527544],[91.303031221861687,23.819481991691468],[91.302705913151215,23.819618613228585],[91.302436583855979,23.819725222584147],[91.302262513710119,23.81980199323127],[91.302090301280259,23.819918490288231],[91.301968125910051,23.819955773531973],[91.301841976393021,23.819962779342188],[91.301672502926451,23.819952570171328],[91.301442975286534,23.819961007550223],[91.301129312335405,23.819986770027672],[91.300959586442247,23.820014874617396],[91.300822853872845,23.8200452810499],[91.300670082782361,23.820104819289512],[91.300627943710722,23.820125922983397],[91.300454444893376,23.820213836924832],[91.300200121954958,23.820374841944346],[91.29994033186972,23.820513279524601],[91.299877057236074,23.820554106165272],[91.299749701281598,23.82065780971946],[91.299623475407799,23.820773755408375],[91.299494048836578,23.82089852701835],[91.299326034234056,23.821058763637545],[91.299228445753172,23.821163567984815],[91.299106093414835,23.8212919657682],[91.298761142142382,23.821661023427659],[91.298693468458765,23.821723756846954],[91.298626697582009,23.821774109232294],[91.298557219182968,23.821815381705157],[91.298494959645566,23.821846748381287],[91.298422774622608,23.821870686124303],[91.298337054683245,23.821890496865297],[91.298196293169823,23.821911958566453],[91.297991875238694,23.821936010525363],[91.29763324801435,23.82200275657808],[91.297471733621208,23.822036600062201],[91.297423910908734,23.822050632823995],[91.297365260802138,23.822076221490505],[91.297323754144458,23.822098508230457],[91.297258893085996,23.822144839490715],[91.297209160555255,23.82219095789296],[91.29705078757064,23.822349535384493],[91.296483122379684,23.822017979285157],[91.296337895340969,23.821959869360747],[91.296269351189835,23.82192824713729],[91.295879522780709,23.821725769397776],[91.295713202400805,23.821612915294523],[91.294959804236612,23.821127240006334],[91.294761651156293,23.82103032069675],[91.294482862601157,23.82090157010661],[91.294327727144847,23.820834484909881],[91.294086246521729,23.820761285554752],[91.293978871794138,23.820743951519322],[91.293867886737402,23.820737347607064],[91.293789384761354,23.820736522528904],[91.293691540260625,23.820737811918978],[91.29358720992353,23.820748130326269],[91.293513896616545,23.820755869131162],[91.29344481347627,23.820768766316561],[91.293374319980984,23.820790692514933],[91.293332023704139,23.820799720706781],[91.292390503946407,23.821189265302294],[91.292021453569816,23.821327217159265],[91.291887218316916,23.821378704586252],[91.29178577875841,23.821411005739424],[91.291586375223233,23.821423422936306],[91.291500609469779,23.821416482947871],[91.291325888045321,23.821378493387016],[91.291035396238627,23.821246729646543],[91.290857869375571,23.821104593977946],[91.290790088792448,23.82102708038213],[91.290754899087815,23.820980855555444],[91.290740461364564,23.820951139645423],[91.290719708484886,23.820893357959331],[91.2906574633205,23.8205616329594],[91.290554396913024,23.820137308128984],[91.290509188298032,23.819994854032181],[91.290440476161947,23.819826926547364],[91.290382140465738,23.819716555086625],[91.29027479358588,23.81955310850898],[91.290379573080628,23.819475997489864],[91.290417409222087,23.81947026872902],[91.290458136142121,23.819482538187785],[91.290573433112215,23.819543324997557],[91.290642274605688,23.819560275413462],[91.290683817196012,23.819547216213646],[91.290716958741768,23.819501070574365],[91.290767220380232,23.819388962374109],[91.290846028681798,23.819213177691392],[91.291001492921524,23.818750338742419],[91.291039698270538,23.818691311865329],[91.291084097503486,23.81866497962049],[91.291124356401227,23.818649483681131],[91.291293961021822,23.81863000034534],[91.291424791659793,23.818633598204688],[91.29163256569683,23.818671527755512],[91.291921949880759,23.818747779646063],[91.29205047903497,23.818813671841408],[91.292066571454981,23.818816593351642],[91.292079035579533,23.818815915364034],[91.292085906793176,23.818815542265405],[91.292101166474893,23.818811391337572],[91.292118600977929,23.818801283979727],[91.292136454994164,23.818780648498386],[91.292164167122394,23.818743726510668],[91.292201259458778,23.818677006723174],[91.292214129621854,23.818665935378647],[91.292242411281947,23.818653425875876],[91.292245223008791,23.818652230150796],[91.292250152963064,23.81865013372828],[91.29226867712255,23.818651983609527],[91.292281002008224,23.818656468194948],[91.292347038961424,23.818692075321195],[91.292377660732811,23.81869907955603],[91.292399612863406,23.81870140854825],[91.292415009089069,23.81869622707465],[91.292437364563227,23.818677267235067],[91.29247894757772,23.818640914728299],[91.29252967274688,23.818584225013829],[91.292544661137384,23.818575009296389],[91.292595297373339,23.818555334468904],[91.292620706221129,23.818548466645897],[91.292664595210965,23.818536315438756],[91.292694046477564,23.81852522107172],[91.292740822652732,23.818497221350466],[91.292769119584165,23.81847027846489],[91.292804345221413,23.818421146822747],[91.292834375003054,23.818365147329342],[91.293030487111039,23.817792986640647],[91.29304015388179,23.817767460408973],[91.293047482337883,23.817758903725082],[91.29307609188308,23.817747415644622],[91.29308231720799,23.817746557675036],[91.293169866117239,23.817725141306465],[91.293194116138366,23.817707750982443],[91.293208192738845,23.817683924237798],[91.293211880323099,23.817667362293172],[91.293237233475338,23.817553486436896],[91.293293009871363,23.817302961173802],[91.293300261970629,23.817282959071949],[91.293316307678253,23.817259677933166],[91.293332795356974,23.817253013851261],[91.293374788901559,23.817250440754535],[91.293378162973752,23.817250233657653],[91.29345437424584,23.817260086374223],[91.293468578407115,23.817261922304475],[91.293570033236975,23.817275037617485],[91.293609794468097,23.817268984143393],[91.293632048432627,23.81724500199552],[91.293650556422421,23.816970941827492],[91.293667813059031,23.816918829716041],[91.29368554310777,23.816895486053962],[91.293708430384598,23.816878627333395],[91.293801036808901,23.816847931701748],[91.293870383155607,23.816837310556224],[91.293976832618455,23.816831068865913],[91.294087057700452,23.81680470172741],[91.29419372096234,23.816758177077595],[91.294278438381852,23.816698126132927],[91.294403698566754,23.816604685555305],[91.294488327053003,23.816561419339987]]]},"properties":{"objectid":2051,"id":"2004","name":"Ward No 30","code":"30","town":"Agartala","district":"West Tripura","state":"Tripura","st_area(shape)":1166672.8849928547,"st_perimeter(shape)":5535.1253069117156}},{"type":"Feature","id":2056,"geometry":{"type":"Polygon","coordinates":[[[91.28106090936231,23.839666108830816],[91.28085336170075,23.839678295855823],[91.280675290458575,23.839682667145549],[91.280641675500661,23.839682667145549],[91.28060493260891,23.839676231818224],[91.280573662253886,23.839666221399728],[91.280538483329025,23.83964977483021],[91.280507995406595,23.839625462398999],[91.280493923297669,23.839608301791785],[91.280474379550341,23.839576839166256],[91.280466562410766,23.839555386960928],[91.280456461753715,23.839412288631223],[91.280442181235614,23.839188288135265],[91.280430524696513,23.838784915358655],[91.280403780952184,23.838480598007216],[91.280389676503901,23.83822349780462],[91.280388568881136,23.838189300290601],[91.280368770910613,23.838033575318718],[91.280350738129613,23.837962245955488],[91.280317380988151,23.837869390938987],[91.280279264572314,23.837815848454543],[91.280237275519312,23.83776696653473],[91.280189560604683,23.837728559416494],[91.280151389391634,23.83770237318662],[91.280075046067225,23.837660474714824],[91.279970644763196,23.837633718222548],[91.279875699125881,23.837601166386417],[91.279807118143836,23.837579779588964],[91.279564760765012,23.834065787527091],[91.279393828434451,23.832647854415942],[91.279280491588324,23.831991463902785],[91.278773023402834,23.8319744723814],[91.278694922973727,23.830750776239515],[91.278592359622778,23.829582232456303],[91.278390148852338,23.827075160554379],[91.278325632746927,23.826373578180188],[91.278288275407533,23.826125785028349],[91.278714436178333,23.825979100522279],[91.279145752380515,23.825832438037899],[91.279311133122647,23.825760063261217],[91.279479542085596,23.825602799823315],[91.279676697137631,23.825372554742209],[91.27980616143806,23.825267002703541],[91.280010437435351,23.825152349553694],[91.280165505518028,23.825079928378926],[91.280271366584373,23.825049739249909],[91.280221958345422,23.824643877748535],[91.280199418716606,23.824032954731532],[91.280198016446477,23.823811259041371],[91.280217200867682,23.823596728832236],[91.280256045817168,23.823078051867494],[91.280263654547653,23.822829507891502],[91.280676169010945,23.822825302032935],[91.280856043171852,23.822820063199529],[91.281197465861879,23.822842709750329],[91.281606624219279,23.822849054695503],[91.281690797259742,23.822824995509812],[91.281760491254431,23.822808795803535],[91.282460605847518,23.822828386164865],[91.282461505061107,23.822910688824315],[91.282482656792794,23.824844936677284],[91.282495035577412,23.825498082059191],[91.282480996706155,23.826042058659063],[91.282516831401153,23.826055281556727],[91.282643807368231,23.826047501158232],[91.283148564438179,23.825927531101332],[91.283683661208528,23.825782200630059],[91.283804189966816,23.825734966733243],[91.283891846673939,23.825686418003759],[91.284527803589427,23.825226751135844],[91.28486617021089,23.82494758001361],[91.284935323419759,23.824898569157803],[91.284974112673723,23.824876804719377],[91.285021497008344,23.824855354191563],[91.285062417964468,23.824845273600936],[91.285097721755164,23.824842689971788],[91.285124551737738,23.824843981786376],[91.285158089440543,23.824849794951788],[91.285183155131918,23.824856576155987],[91.285217045872642,23.824871754974733],[91.285244228893148,23.824885964931077],[91.285264352053829,23.824897591257855],[91.285294359377573,23.824919874226168],[91.285347789374029,23.824964108158557],[91.285379779279637,23.824998424206417],[91.285425000471022,23.825067854207312],[91.285457947082406,23.825133933842746],[91.285479565938019,23.825187114234271],[91.28550995684239,23.825261874906609],[91.285522604223289,23.825302380387892],[91.28554614008371,23.825391507029551],[91.285663331600745,23.82618566561592],[91.285844553234568,23.827372039077524],[91.286063247192189,23.828748009355429],[91.286298795341168,23.830134834903863],[91.286571654117139,23.831534003513244],[91.286949020198335,23.833866720739657],[91.286954366970889,23.833906367314924],[91.286840039282978,23.833910714148004],[91.286491260289097,23.83392015228063],[91.286088802465386,23.833926816328258],[91.285391946960161,23.833938354743818],[91.28537196303833,23.833938685891901],[91.284757421060917,23.833932903536954],[91.28433901634429,23.833942480536543],[91.284310599038577,23.833943860183176],[91.284265441627582,23.833953387879497],[91.284233761640735,23.833968808859222],[91.284226763764693,23.833979758107066],[91.284219531428349,23.834004424930729],[91.284218664554089,23.834055102876043],[91.284228815516784,23.834194559565507],[91.284287702778613,23.834844481176411],[91.284333668673398,23.836282121576943],[91.284339636181812,23.836417279246007],[91.284328979467617,23.836509505886859],[91.284318322753364,23.836557493459388],[91.284301928499445,23.836591235365486],[91.284276516956695,23.836630974780597],[91.28424536697591,23.836664716667563],[91.284208479455387,23.83668346188264],[91.284146999655675,23.836701456892165],[91.283965018945409,23.836730699188145],[91.2839437064153,23.836745695845771],[91.283931410275699,23.836765190429961],[91.283928951586731,23.836780936464336],[91.283915405890568,23.836929684340827],[91.283908420590947,23.837022982098251],[91.283909004495854,23.837069879101403],[91.283912533976633,23.837135906608626],[91.283919024304552,23.837187538130326],[91.283921049107207,23.837259645234976],[91.283914127587934,23.837313232320135],[91.283892400934477,23.837358408608473],[91.283872240044559,23.837384857847152],[91.283797313363351,23.837425143439788],[91.283578876323901,23.837530029881208],[91.283519871382794,23.837572956322258],[91.283489278357479,23.837604451479685],[91.283468833599898,23.837645179891719],[91.28345740343623,23.837708638523402],[91.283453377187143,23.837778781515844],[91.283456042488595,23.837992922623371],[91.283451425148016,23.838075609247323],[91.283441701783403,23.838105561987494],[91.283426619968083,23.838126257664634],[91.283403897082977,23.838139010972419],[91.283373469347666,23.838158686116877],[91.283329318049752,23.838173556892269],[91.283275574541264,23.838180175528919],[91.283070590671528,23.838193253395183],[91.282988537655157,23.838196914803081],[91.282884470524422,23.838224372894075],[91.282834437956353,23.838264645079018],[91.282808420949124,23.838299425965808],[91.282800416061619,23.838343359531205],[91.282811319812524,23.838668390872265],[91.28287286518929,23.839617177486545],[91.282763402776979,23.839594592202836],[91.282560616186402,23.839599396516238],[91.282370370077246,23.839606245969787],[91.282016027816795,23.839605273110767],[91.28106090936231,23.839666108830816]]]},"properties":{"objectid":2056,"id":"2009","name":"Ward No 20","code":"20","town":"Agartala","district":"West Tripura","state":"Tripura","st_area(shape)":1230955.8391528151,"st_perimeter(shape)":5747.6432914914612}},{"type":"Feature","id":2052,"geometry":{"type":"Polygon","coordinates":[[[91.321703489271343,23.812045536989512],[91.321732145528912,23.812069811853231],[91.323030668356921,23.81316979447038],[91.322849484452348,23.813995286292236],[91.322840341399385,23.814032447962319],[91.322791374233248,23.814203701502819],[91.322774250547297,23.81426078267878],[91.32239689075432,23.814897888293473],[91.322385557608669,23.814943803813872],[91.322375843227206,23.815111172199593],[91.322362891317439,23.815441465540367],[91.322359653789178,23.815481456337448],[91.322338606262036,23.815524409797796],[91.322322416823994,23.81555403244052],[91.32210547188626,23.815771758862574],[91.322079568066727,23.815780645228262],[91.322056901775454,23.815782126973996],[91.32204071233744,23.815779164304345],[91.322008332562987,23.815771758862574],[91.321420378023035,23.81555005974413],[91.321385806359302,23.81553405308027],[91.321122189450975,23.81540098245792],[91.320848983027005,23.815263473018902],[91.320614433804622,23.8150865650647],[91.320528186554199,23.815037818400548],[91.320473906751474,23.815024606707674],[91.320417793487252,23.815010947939498],[91.320333969891465,23.815003904879759],[91.320287847689826,23.814992128094065],[91.320268589606783,23.81498269105002],[91.320212080185499,23.814946216699891],[91.320181248208314,23.814921834714578],[91.320125006485014,23.814884134179884],[91.320102082377289,23.814872618724671],[91.320047008463831,23.814851569239142],[91.320006302205044,23.814839195792267],[91.319910186062913,23.814817536504574],[91.319769579958034,23.814801457429468],[91.319704788968139,23.814802193787877],[91.319464223728332,23.814822255443605],[91.319419777783011,23.814825961889849],[91.319173916974577,23.814851542118806],[91.318866091276149,23.814898539181215],[91.318606230224034,23.814963335368944],[91.318442344278552,23.815054937879321],[91.318345762809102,23.81514244269859],[91.318084642318937,23.815444653397666],[91.318034599869421,23.815510873533974],[91.317977285557646,23.815617345731653],[91.317954210532946,23.815682525351942],[91.31795157487592,23.815723448843595],[91.317958872789276,23.815808178740504],[91.317969412722519,23.815842558846043],[91.318004362576957,23.815956558654655],[91.318023918002382,23.816020345118268],[91.31810367492487,23.816277350436241],[91.318115662044008,23.816315977578114],[91.318124902115017,23.816362536902805],[91.318123629202262,23.816374185360456],[91.318115141021153,23.816391269324814],[91.318090525385728,23.816407187948425],[91.318064211934455,23.816416894445354],[91.318003520855513,23.816426213043268],[91.317774764868403,23.816447179269819],[91.317757364501361,23.816456886585559],[91.317745904693297,23.816471251965105],[91.317745056683663,23.81648251169311],[91.317784163941241,23.816715798475233],[91.31778771857482,23.816787848747744],[91.317779728958669,23.816898745373479],[91.317759970514004,23.81706116638227],[91.317750460948403,23.817191362242895],[91.317753358913507,23.817304539876062],[91.317789535866652,23.817442578043376],[91.317852210425713,23.817618325677174],[91.317918067715823,23.817820312630051],[91.317962348371111,23.818007795996927],[91.31797539190903,23.818146518803726],[91.317974876276068,23.81824376159329],[91.317940992721844,23.818322847323227],[91.31789525949074,23.818409084358706],[91.317863544469617,23.818450362832511],[91.317818127445506,23.818477173411591],[91.317788571974333,23.818482444470707],[91.317729595779326,23.818467776067568],[91.317654985305069,23.818431428432966],[91.317440979654933,23.818326030178927],[91.317264144494615,23.818264016663512],[91.317120629644819,23.818229163838552],[91.317002590118193,23.818216033829422],[91.316733783642448,23.818239299182366],[91.316594369601958,23.818247473694456],[91.316438445424836,23.818241262478811],[91.316391759081171,23.818254885569434],[91.31633630338375,23.81825924936301],[91.316225409955166,23.818264519609176],[91.316091773878554,23.818282366783038],[91.316008455135972,23.81831426766535],[91.315914998007074,23.818357649171041],[91.315709081686066,23.818463920156745],[91.315523321763422,23.818570281453937],[91.31536033053996,23.818659454631295],[91.315254054451941,23.818744270544688],[91.315194525793018,23.818803937582413],[91.315126019371135,23.818893530540393],[91.315076550945051,23.818956700030835],[91.315039754154412,23.819006095268676],[91.314942951699379,23.819205052548163],[91.314909945799187,23.819252159799198],[91.314893452730587,23.819273984350538],[91.314856750263033,23.81930551600092],[91.314836540864079,23.819315222281098],[91.314792325785803,23.819338076537083],[91.314724149943956,23.81936543425136],[91.314650946231453,23.819390465445437],[91.314587877311965,23.819405168259873],[91.314471810485685,23.819435770423443],[91.314387360764158,23.819443463285886],[91.314232398682691,23.819443928424235],[91.314115304183701,23.819430730328627],[91.313964244383854,23.81940816207517],[91.313853363531692,23.819411127127438],[91.313704584554344,23.819433517049916],[91.313569638734066,23.819460578896443],[91.313399351393855,23.81950016084307],[91.313207647318961,23.819539648270773],[91.313060159220669,23.819556281472938],[91.312886324433393,23.81955205167613],[91.312719969019199,23.819562838602788],[91.312476674697535,23.819590571831519],[91.312327889431984,23.819614113884004],[91.312185439984106,23.819630769265181],[91.312070718834121,23.819645242770786],[91.311856626047415,23.819630461912727],[91.311699393024909,23.81962767930467],[91.311662407588017,23.819632810611385],[91.311609122220332,23.819646997309299],[91.311573567799698,23.819659782018597],[91.311502002614262,23.819700434706689],[91.311467625884973,23.819719459318815],[91.311374864950423,23.819748149907877],[91.311301610033965,23.819760536857363],[91.311284945387101,23.819760462895612],[91.311057097596773,23.819780197531607],[91.310888241272806,23.819787515634189],[91.31067914491571,23.819780824562748],[91.310434834599462,23.81976245246657],[91.310263612113033,23.819740946854701],[91.310092333931081,23.819729813966159],[91.310017986663212,23.819732941726901],[91.309939806284049,23.819746424133641],[91.309855258646138,23.819772557284168],[91.309804130133401,23.819792499832957],[91.30972513857553,23.819829070615075],[91.309627507873813,23.819891581391321],[91.309613926245035,23.819899533092556],[91.309603062020003,23.819903011756264],[91.309581331773273,23.819906987606583],[91.309563404993469,23.819906987606583],[91.309553898122829,23.819906242237408],[91.309540317392347,23.819903508943014],[91.309528366205825,23.819898538719041],[91.309523476675722,23.819894066503458],[91.309394092325348,23.819798549902139],[91.309237011118157,23.819696098080904],[91.309171082861099,23.819642172533758],[91.309132293607135,23.819604825099667],[91.309090491403708,23.819557754135797],[91.309059035097405,23.81951482419873],[91.309034191289925,23.819470409256663],[91.308924276126703,23.819528699447851],[91.308873780027966,23.819548068418719],[91.308761254360505,23.819386215920055],[91.308665453527041,23.819158743248835],[91.308636667912083,23.819122887244859],[91.308610122695427,23.81910980334699],[91.308499861680829,23.819114716075095],[91.308155479940254,23.819095178570237],[91.307937126444145,23.819067197051602],[91.307834447210539,23.819050624600067],[91.307790037197847,23.819042059782745],[91.307730926255502,23.819025370632154],[91.307727796525043,23.819023462408261],[91.307726058284999,23.819021554184367],[91.307724320044912,23.819018532418905],[91.307723799022028,23.819015828690691],[91.307725189614104,23.819006446178115],[91.307779943727283,23.818851576685521],[91.307810733483663,23.818651065654223],[91.307823996210516,23.818543080536791],[91.307828249733362,23.818440026162818],[91.307822812230981,23.818351760930469],[91.307821947153371,23.818188707923337],[91.307827901187068,23.818140939553185],[91.307848590286355,23.818054659605512],[91.307869354844158,23.818005563143814],[91.307902422728077,23.817939199641852],[91.307942761575902,23.817866343813638],[91.307976422347906,23.817820612590506],[91.308021427943657,23.817768533692583],[91.308068250831198,23.817721133338701],[91.308242467402465,23.817541081196932],[91.308339450418856,23.817404903716962],[91.308368144405648,23.817327309839392],[91.308373820859941,23.817270101809008],[91.308374031065725,23.81723048384433],[91.308359251982679,23.817124517563528],[91.308347349305137,23.817062223235389],[91.308284654084844,23.816860881871641],[91.308245794762271,23.816672606260465],[91.308241986803779,23.816617330855344],[91.308247272490931,23.816535850953418],[91.308250775022216,23.816518916578893],[91.308271222474716,23.816387228443119],[91.308271635699739,23.816322576784462],[91.308257491725612,23.816206294282214],[91.308068666751197,23.815611508319805],[91.308051797288471,23.815522919009045],[91.308051021144067,23.815469646722121],[91.308069957630252,23.815373131634896],[91.308102469456998,23.815286846560166],[91.308185467501062,23.815051081045272],[91.308192631565447,23.815005211585142],[91.30817887476519,23.814989322375414],[91.308108874444983,23.814971242171588],[91.30806671740703,23.814955597862291],[91.30797666309644,23.814946670348778],[91.30795582397846,23.814938186621568],[91.307949754960404,23.814934375806402],[91.307946507550625,23.814927912131111],[91.307943260140888,23.814921448455486],[91.307941351220919,23.814880607715658],[91.307929783615009,23.814831664557158],[91.307915326128821,23.81481843394128],[91.307891695046976,23.814803050955085],[91.307880377172708,23.814800214002812],[91.307824925966841,23.814791885591667],[91.307700427553272,23.814784428318383],[91.307683299375782,23.814775173705225],[91.307674897432932,23.814766441774527],[91.307658093547232,23.814748977911371],[91.307633886645249,23.814708980314009],[91.307595951689109,23.814685843355505],[91.307562160661391,23.814678092683074],[91.307422086359125,23.814669286781196],[91.307392403327199,23.814670512128831],[91.307274013457587,23.814693172429092],[91.307189476599476,23.814722679383593],[91.307009719219522,23.814776504245977],[91.306872308422101,23.81480537919537],[91.306366609019449,23.814858636140166],[91.306117569971519,23.814892599008544],[91.306010935455731,23.814899216367461],[91.305861209654068,23.814897603940981],[91.30577116342829,23.814889742334401],[91.305763772090145,23.814887981978757],[91.305761588285705,23.814886854430725],[91.305757331169559,23.814882552982699],[91.305754981176776,23.814877283421051],[91.305753152206847,23.814870829604828],[91.305751247778446,23.814860701394441],[91.305750630635856,23.814852860331321],[91.30574074737109,23.81479540466183],[91.305733064978781,23.814765481056689],[91.305719309076835,23.814733362339318],[91.305714459072604,23.814725036389376],[91.305708262493795,23.814716769610587],[91.305694746442043,23.814706203353232],[91.305688822052744,23.814702685924299],[91.305682450302427,23.814700029772272],[91.305676966087617,23.814698744431375],[91.30567585397327,23.814698617869663],[91.305671253700709,23.814698884142341],[91.305669158829474,23.8146991808227],[91.305656311124295,23.81470300479404],[91.305644679737981,23.814709738862319],[91.305558569929801,23.814793756073637],[91.305435423480759,23.814916865943498],[91.305316418265193,23.815055451521182],[91.305189130582662,23.815163085332962],[91.305112855530226,23.815209118280649],[91.305087451173961,23.81522059836751],[91.305045048895934,23.81525132396969],[91.30502805097413,23.815270569483207],[91.305035904046349,23.815382668091353],[91.305021449255136,23.815718794039491],[91.305232640483439,23.815719731739286],[91.305269201017211,23.816222065000986],[91.305285796493749,23.816355092868861],[91.305272980229603,23.816487989931357],[91.305251648834869,23.816595524759069],[91.305177423737888,23.816889592816178],[91.305143922866009,23.817008152776413],[91.305086125260615,23.817140849469549],[91.305021885836354,23.817496308913245],[91.304999424361,23.817555974881046],[91.304965900132871,23.817613565749262],[91.304796432954547,23.817832628266093],[91.30472851403087,23.817903234822193],[91.304627432001837,23.817963563802468],[91.30453191323933,23.817810181362578],[91.304487865247694,23.817764402454674],[91.30445685091253,23.817766290151816],[91.304383611267397,23.817796354416505],[91.304314790435186,23.817828464157891],[91.304219287842358,23.817880714789851],[91.30403328896783,23.818007723677791],[91.304006117625462,23.817960320945847],[91.303870258218495,23.817746247030897],[91.303800080930188,23.817637133636463],[91.303771938508987,23.817550242748254],[91.303769738534854,23.81739736030352],[91.303764082741807,23.817328473525993],[91.303740434591987,23.817245734231001],[91.303676563476955,23.817082936240489],[91.303577278976817,23.816785011838892],[91.303544679115149,23.816687082561383],[91.303503038608469,23.816590490306698],[91.30344024277683,23.816508954504322],[91.303338357653928,23.816417603674559],[91.30327497522245,23.816322378726081],[91.303223694894442,23.816233920569744],[91.303153574200024,23.816149683220953],[91.302989856239478,23.815972496233471],[91.302702578604851,23.815586020284861],[91.302608758556602,23.815464061603741],[91.302294391326299,23.815129369083277],[91.302238917662564,23.815086427819633],[91.302172949879647,23.815035176226424],[91.302016796632131,23.814957356573363],[91.301863719216144,23.814867154389344],[91.301685080238727,23.814771330833974],[91.301544112112794,23.814668787108907],[91.301527684621206,23.814643923479313],[91.301570149781284,23.814584889803875],[91.301709268276085,23.814468439735236],[91.301747247249679,23.81440387670051],[91.301762849189529,23.814300650564839],[91.301787542080035,23.814186447131227],[91.301862059129505,23.814044919284274],[91.30198336133725,23.813881561719477],[91.302018233936593,23.813834889735443],[91.302048605078028,23.81378544239784],[91.302071486066623,23.813729076009615],[91.302093058209849,23.813635516594129],[91.302117561555875,23.813557120816537],[91.302146792735229,23.813438805077396],[91.302169863268347,23.813346629427528],[91.302198838427827,23.81327651678329],[91.302251988149933,23.81318998458524],[91.302359325148274,23.813105069709295],[91.302432037482347,23.813020001093768],[91.302491135848257,23.812947267424377],[91.302592705662462,23.812796561547216],[91.302663716587375,23.812712948211356],[91.302741693048972,23.812646582003619],[91.302765443606773,23.812603647315314],[91.302775149005114,23.812547738180474],[91.302745118325134,23.812444308395438],[91.302712884077792,23.812312892266032],[91.302695101028448,23.812256567974394],[91.302687677350946,23.812186887853862],[91.302685604937565,23.812134154150439],[91.302683992461652,23.812101470995984],[91.302683433709518,23.8119280137768],[91.302687964811824,23.811683519886159],[91.302664513393012,23.811232361360481],[91.302668304283515,23.810961221692004],[91.302674195435145,23.810737435889074],[91.302658038336446,23.810679259275467],[91.302589972987363,23.810650980074957],[91.302256268622259,23.810591393119044],[91.300620609864751,23.810306517238082],[91.300216533276895,23.810210032830483],[91.299908862987039,23.810120433057595],[91.298989163307581,23.809670874195263],[91.298490150065547,23.809445683249173],[91.298474878705719,23.80927657589335],[91.299242711898216,23.809471830801343],[91.299297289941592,23.809480738144785],[91.299319495397114,23.809480987169074],[91.299347503071019,23.809477552606655],[91.299364538722074,23.809475703416517],[91.299384326811165,23.809471358230493],[91.299424019770328,23.809458796886222],[91.299437301361777,23.809450343209338],[91.299448851001387,23.809442947268966],[91.299494687538754,23.809388156972172],[91.299544717411862,23.809330754770997],[91.299652953623848,23.809202893339563],[91.299727992594441,23.809114557721298],[91.299818718844904,23.809031992357887],[91.299895160085683,23.808978550568899],[91.299942231806554,23.80895942164944],[91.300001016660445,23.80894571704054],[91.300033934525729,23.808938342439898],[91.300090308301378,23.808936443930154],[91.300477732818806,23.808951055879657],[91.300599852493448,23.808951598310955],[91.300738467033369,23.808941470460695],[91.300860665759799,23.808926972749429],[91.301119324866079,23.80886581112869],[91.301333317939779,23.808813044845536],[91.301534851380509,23.808757134900329],[91.301876251612669,23.808731793455777],[91.302507707070276,23.808691819482554],[91.302669136123498,23.808681597919136],[91.30308745190689,23.808683454517411],[91.303516776544114,23.808685361249509],[91.304199043409128,23.808735391589416],[91.304340172333539,23.808749143888811],[91.304340172333539,23.809485212362855],[91.304767995885896,23.810855149205789],[91.305623642990639,23.811898901495482],[91.30552724028594,23.813398236721149],[91.310009646704117,23.813785102979985],[91.313907593927098,23.813611147512013],[91.314127787172893,23.81354916379571],[91.31851795637435,23.812313340992997],[91.318851332854379,23.812219495377093],[91.319710247131809,23.812167108505641],[91.320569161409267,23.812114721613046],[91.321315117031304,23.812069224233426],[91.321703489271343,23.812045536989512]]]},"properties":{"objectid":2052,"id":"2005","name":"Ward No 29","code":"29","town":"Agartala","district":"West Tripura","state":"Tripura","st_area(shape)":1377131.7853518273,"st_perimeter(shape)":8792.6290991103924}},{"type":"Feature","id":2058,"geometry":{"type":"Polygon","coordinates":[[[91.275986304762739,23.848162412349655],[91.275915825640496,23.848124665604924],[91.275904355950956,23.848118012968019],[91.275852877993586,23.848094635482585],[91.275838405236044,23.84808926703262],[91.275792984618633,23.848075968327798],[91.275487872730722,23.848013468669258],[91.275447079335351,23.848007048544577],[91.275433711505613,23.848002581406227],[91.275427798794396,23.847995997778998],[91.275426513305248,23.847991059852962],[91.275425742550738,23.847983771276592],[91.275497255633866,23.847168632910332],[91.275500469805948,23.84716091868669],[91.275506896353491,23.84715430543827],[91.275520954987684,23.847150631958957],[91.275722183001207,23.847150078184605],[91.276276214461106,23.84712943735347],[91.276322987941342,23.846888175519954],[91.276342379873384,23.846807652927382],[91.276344189978673,23.846798021829066],[91.276341721408272,23.846786435260274],[91.276334647175403,23.846775750835821],[91.276320333419662,23.846767624954129],[91.276255231612708,23.846754211086054],[91.276211773814225,23.84673521097957],[91.276168467831013,23.846712711563381],[91.27605427668702,23.846664735144039],[91.276042965999281,23.846659092211532],[91.27603756802273,23.846654625026723],[91.276034997044405,23.846649452064309],[91.276034997044405,23.846644514908576],[91.276039110430077,23.846633699012131],[91.276108197163651,23.8465264528262],[91.276133101158251,23.846489715385704],[91.276149971519303,23.846464365699408],[91.276161619973564,23.846441587704259],[91.276169251161917,23.846416238830173],[91.276173299868901,23.846393167505227],[91.276176899418275,23.846363071251421],[91.276178996086131,23.846340030317286],[91.27618024115111,23.846322394875688],[91.276178698743749,23.84630687676966],[91.276173814603567,23.846288772173356],[91.276167130239529,23.84627584055205],[91.276155305715449,23.84625938167493],[91.276142194803867,23.846249506511953],[91.276094079240636,23.84623133371236],[91.276024314279056,23.846206976504142],[91.275992796887294,23.846199885840203],[91.275920601084522,23.846182731032986],[91.275890780610382,23.846177793859468],[91.275869701642222,23.846175912327183],[91.275851706590458,23.846173561644214],[91.27583782492438,23.846171210139595],[91.275829855969462,23.846168153676455],[91.275821629198106,23.846163685653085],[91.275811089264877,23.846156631960117],[91.275801150304588,23.846144409392359],[91.275791880589182,23.846115289999133],[91.275779551211883,23.846082811774266],[91.275765375796709,23.846059590031587],[91.275733796421221,23.846023678197707],[91.275706183107701,23.846004128313048],[91.275684142942183,23.84599732356558],[91.275648566962005,23.84599426874161],[91.275623772561843,23.845996243120837],[91.275600640943281,23.846000606802853],[91.275467084816711,23.846040311290473],[91.275449704212605,23.84604450325017],[91.275437206850356,23.846045650246584],[91.275396114316024,23.846050289994832],[91.275388638536214,23.846050386125619],[91.275385585162581,23.846049904650059],[91.275382847097603,23.846048074878631],[91.275381162756432,23.846044992942073],[91.275373763333405,23.846023711062912],[91.275341809360469,23.845889412974767],[91.275341809360469,23.845882800483128],[91.275341809360469,23.845873615462121],[91.275344621087314,23.845862226823982],[91.275347432814129,23.845853777162066],[91.275420965310033,23.845774045980541],[91.275428711482732,23.845762859455203],[91.275443421395508,23.845738642658116],[91.275452247343168,23.845726085646447],[91.275465976295663,23.845692001853379],[91.275512066157958,23.845556565458811],[91.275545408028023,23.845489294999123],[91.275587575845762,23.845401395722693],[91.275704354137773,23.845260151703961],[91.275708610355593,23.845250192658057],[91.275714895867623,23.84522916864206],[91.275714943478334,23.845210814939527],[91.275707264679298,23.845196672940798],[91.275691826232816,23.845182870276272],[91.2756777011233,23.8451768517915],[91.275656256540827,23.845173295750126],[91.275648643318789,23.845172308143432],[91.275633763624427,23.845164552719165],[91.2756264980504,23.845157784901257],[91.275615187362675,23.845102123960821],[91.275606598570235,23.845017244760179],[91.27559839066349,23.844980353245713],[91.275592557902343,23.84496694165761],[91.275586231966102,23.844956116583152],[91.275579491906555,23.844947557584387],[91.275572331435413,23.844941348468758],[91.275560832101448,23.844935874718569],[91.275557078041871,23.844934505870171],[91.275533296043051,23.844927764332652],[91.275525993638112,23.844927056902574],[91.275519783584542,23.844927854712797],[91.275515875913072,23.844929244102232],[91.275503504314969,23.844937304368127],[91.275488777334189,23.844951945950818],[91.275479884012896,23.844958440174153],[91.275466568285424,23.844966190680928],[91.275454005346177,23.844971014514591],[91.275432575136762,23.844974375011816],[91.275402956783523,23.844974375011816],[91.275390303114435,23.844969640736746],[91.275382871352093,23.844958574922728],[91.275318370518065,23.844752621448151],[91.275265570240606,23.844593635875853],[91.275184585321099,23.844349786082091],[91.275157659218806,23.844261702806833],[91.275302642814083,23.844181069304298],[91.275572763525062,23.843945822168696],[91.275716699684722,23.84378112435261],[91.275786057709482,23.843706220706899],[91.275919950704264,23.843560148490237],[91.275956849902869,23.843532354654112],[91.276000260090683,23.843510516107646],[91.276045841506487,23.843488678379128],[91.276117468675693,23.843450958209395],[91.276128552987984,23.84344495032564],[91.276241525118124,23.843419383950685],[91.276326713254804,23.843424859408199],[91.2764133863067,23.843436825056802],[91.276538862087264,23.843436496397924],[91.276675285636202,23.843424584978017],[91.276949243051746,23.843383428659688],[91.277178143667626,23.843331843974163],[91.277280928004103,23.843293569967965],[91.277382851754581,23.843253072570072],[91.277523810897407,23.84320744314218],[91.277693783827232,23.84314491813004],[91.277871048382238,23.843080032488903],[91.278133263918733,23.843022666554628],[91.27841709202265,23.842985818841679],[91.278665735811813,23.842942851466812],[91.278942533700331,23.842880765088566],[91.279122828272776,23.842844914819512],[91.27927881982356,23.842816931028654],[91.279524857600123,23.842813028185752],[91.279759705063128,23.842813847371936],[91.279994649544236,23.842819438707831],[91.280129279157535,23.84281908128963],[91.28028027517702,23.842802219364486],[91.280448285287989,23.842775048177604],[91.28072033019032,23.842727912493938],[91.281251986413125,23.84261578081825],[91.281537792607281,23.842570073109044],[91.281835556276178,23.842522764803725],[91.282050006592414,23.842438201072518],[91.282362835906952,23.84230695500246],[91.282609172822475,23.842218122633255],[91.282720773225151,23.842203183302708],[91.282729035030826,23.842202309883426],[91.282852885759041,23.842189220918321],[91.282984414388011,23.842171613670025],[91.283103304619232,23.842130882571475],[91.283361086969762,23.842164365849193],[91.283506914981416,23.842181093105832],[91.283732525068416,23.842196989667066],[91.28395804352725,23.842205589108541],[91.284201195016763,23.842188460887378],[91.284605790830838,23.842160528719084],[91.284781150957443,23.842145931190537],[91.284884594657356,23.842122959347552],[91.2850017044277,23.842076125796122],[91.285110495798492,23.842002010776998],[91.285260445280656,23.841869080689914],[91.285540241745565,23.841590657764694],[91.285620655336544,23.841480345903076],[91.285692211538802,23.841381400795594],[91.285715203918514,23.841357157708568],[91.28576502897576,23.841311618817723],[91.285801536508899,23.84128641108785],[91.28582537420327,23.841275656368904],[91.285868070230421,23.841256394171253],[91.285917625793076,23.841243310862296],[91.286907298843261,23.84103519133506],[91.287727551427508,23.840870895723125],[91.287784040187532,23.840873533262762],[91.2877854325762,23.840873598174205],[91.287789213585242,23.840873774831831],[91.287795402079212,23.840874064057363],[91.287800521578035,23.840874303161428],[91.287803169811497,23.840896991751794],[91.287855666458356,23.84133415861103],[91.287898834999339,23.84169363951948],[91.287903820649177,23.84173515790372],[91.287918956363399,23.841861199354504],[91.287927510121534,23.84193242961739],[91.288034742915315,23.842825400608117],[91.288115718851671,23.843600423126112],[91.288197436796438,23.84436597406005],[91.28835254709989,23.845642471347848],[91.28837499330389,23.845995956371645],[91.288342647665473,23.845999388324174],[91.287799519058183,23.8460566272317],[91.287304679388953,23.846109678264661],[91.287067168421103,23.846123204762765],[91.286877626591121,23.846106755725799],[91.286635675250807,23.846087167237055],[91.286026403689135,23.846008765597865],[91.285905244313511,23.845984234983682],[91.285820474791706,23.845970379818581],[91.285679542598373,23.845975531445692],[91.285586991869593,23.845983864428046],[91.285345866081016,23.846030589755756],[91.285164975925525,23.846061949754557],[91.284490713948003,23.846264251471691],[91.283937013966423,23.846443189879139],[91.283341563883724,23.8466292367562],[91.283212549639245,23.846662751737099],[91.283204516005668,23.846668996921874],[91.283196081723446,23.846682222646272],[91.283195388224058,23.846688622295879],[91.283191488637399,23.846850147408194],[91.283189659667514,23.84692259257826],[91.283134220139729,23.846924532435125],[91.282843847808991,23.846927555193787],[91.282438853142892,23.84694249973127],[91.282033928545445,23.846970160554637],[91.28167897722723,23.847007904349084],[91.281465330004892,23.84703787556624],[91.281368414362163,23.847053864375471],[91.281339880275468,23.847064444430696],[91.28132162830552,23.847076436035341],[91.281312630779638,23.847083254693764],[91.281300805357247,23.847095716265578],[91.281293165185744,23.847108278074337],[91.281180496686176,23.84737399837287],[91.281168045138003,23.847400816941541],[91.281154789597707,23.847422124886467],[91.281137116142773,23.847444534622756],[91.281105786498941,23.847471720441707],[91.281096547326257,23.847478333673934],[91.281071644229954,23.847496702666195],[91.281035895773186,23.847519479654302],[91.281007778504815,23.84753454243701],[91.280979259689488,23.847547400808438],[91.280908565869879,23.847572382196731],[91.280493563073264,23.847720012613582],[91.280329807383467,23.84777472592398],[91.280045681038871,23.847881817434317],[91.279692580250156,23.848015282802166],[91.279490307495948,23.848070209608597],[91.279416195586705,23.848081545469199],[91.279343602728602,23.848082301357532],[91.279262535164108,23.848065035059445],[91.278978292936827,23.848030265008678],[91.278842987790441,23.848030164771284],[91.278701420488161,23.848057294597357],[91.278624253408623,23.848088281091368],[91.278544162312841,23.848149482558476],[91.278476838073871,23.848175839217877],[91.278409326087001,23.84818710605343],[91.2783565689287,23.848190673514754],[91.278303660853425,23.8481821697779],[91.278267214405687,23.848170475700979],[91.278224055746207,23.848149796416312],[91.278194151728698,23.848133507030315],[91.278162654998198,23.848121762008695],[91.278118015016787,23.84811468048731],[91.278035541588878,23.848117048389035],[91.277982765565923,23.84811910736256],[91.27789703035522,23.848124526751551],[91.277724022018035,23.848144438649655],[91.277335035330324,23.848178672153786],[91.276748142599004,23.848221002683378],[91.276383678121903,23.848236870568975],[91.27626305234557,23.848223034541856],[91.276095423120296,23.848205455226424],[91.276061809060678,23.84819852406552],[91.276054239856094,23.848196963814818],[91.276018453670119,23.84818157985681],[91.275986304762739,23.848162412349655]]]},"properties":{"objectid":2058,"id":"2011","name":"Ward No 12","code":"12","town":"Agartala","district":"West Tripura","state":"Tripura","st_area(shape)":805611.71386627376,"st_perimeter(shape)":4383.8788375391841}},{"type":"Feature","id":2075,"geometry":{"type":"Polygon","coordinates":[[[91.290671705211025,23.845078418098375],[91.291084125351219,23.845433778808708],[91.291149156191295,23.845494090877747],[91.291199408846595,23.845567147279549],[91.291214667629987,23.84560223596317],[91.291243080444133,23.845681758555624],[91.291255922759433,23.845800919107976],[91.291277216424916,23.84600555466432],[91.291283993315417,23.84604512440297],[91.291304406631937,23.846098883685933],[91.291321132364232,23.846128825534606],[91.291345488386526,23.846162914142603],[91.291380185814361,23.84619778739798],[91.291441754547321,23.846248827024471],[91.291480860906574,23.846295700971503],[91.291510176527581,23.8463391922559],[91.291545185670813,23.846416828759288],[91.291565177677469,23.846465732066754],[91.29165631176302,23.846695986534719],[91.291670748587947,23.846745503491661],[91.291677064642741,23.846763659786607],[91.291679772164997,23.846783466725643],[91.291676162734191,23.846861043805891],[91.291675260825642,23.846885801844401],[91.29166984667944,23.846926240593668],[91.291667139157155,23.84699061325912],[91.291677064642741,23.847067364483067],[91.291699623136154,23.847187855613242],[91.291746039086888,23.847496625433791],[91.291781845934082,23.847809574918763],[91.291796599864313,23.847884898505601],[91.291863695032887,23.84811948202012],[91.291893590965557,23.84824975598411],[91.291906245532971,23.848423104664654],[91.291910013965563,23.848545979682303],[91.291979996319469,23.849202079348331],[91.291443620348161,23.849169057990494],[91.291408888784318,23.849227802331953],[91.291230712439287,23.849215137205711],[91.291261094360507,23.849088609938356],[91.291182699283993,23.849092082889555],[91.291173343330314,23.849120074363491],[91.291141980448785,23.849175076289917],[91.291071126729094,23.849256739450034],[91.291045846340339,23.849277591096236],[91.291024870678484,23.849289250565644],[91.290982692080931,23.849303689540665],[91.290918325994213,23.849318476876686],[91.290843429855698,23.849350695483743],[91.290829053217877,23.849361000112271],[91.290795493955514,23.849397053981544],[91.290760562067348,23.84945069849223],[91.290738101490334,23.849469614396519],[91.290561579842048,23.849328220348248],[91.290526161067035,23.849370428904166],[91.29049265480522,23.849441716661545],[91.290420242508489,23.849643142199273],[91.290368271376053,23.849753863669452],[91.290343547044472,23.849853966602865],[91.290291806779081,23.85026515043419],[91.290288678845258,23.85032259285882],[91.29029694424419,23.850417119955459],[91.290327245317016,23.850559547212718],[91.290343741978901,23.850671427179471],[91.290338537140158,23.850790935611212],[91.290312091636508,23.8509831694635],[91.290281147369896,23.851049917821346],[91.290315969663567,23.85147716992455],[91.289899057946954,23.851533405709226],[91.289842453304288,23.851390048653077],[91.289822799064169,23.851359355437019],[91.289789129309014,23.851343202017901],[91.289674027273321,23.851324016903195],[91.289675267846746,23.851423642919379],[91.289675746648811,23.851438623088693],[91.289379956578557,23.851429965926396],[91.289354618697658,23.851617386746963],[91.289350010340257,23.851627490726028],[91.289346293111606,23.851632106448186],[91.289338762534555,23.851638034257736],[91.289329939281885,23.8516433031477],[91.289318156080284,23.851648602436438],[91.289193553462141,23.851670123297719],[91.289068435211078,23.851702417728447],[91.288820843349086,23.851785683048064],[91.288802558141498,23.851794318825149],[91.288793363884565,23.851801000029134],[91.288781510614371,23.851814446238667],[91.288770028348395,23.851830751593901],[91.288757891210622,23.851860181087087],[91.288755852933235,23.851876576811879],[91.288764086891135,23.851904432943044],[91.288768948573463,23.851913707911944],[91.288826753365356,23.85199709222676],[91.288683201684648,23.852091636998633],[91.288642728089513,23.852128297264816],[91.288582169961259,23.852191872867323],[91.288541946996091,23.852243205084651],[91.28850600989314,23.852303496731654],[91.288398528266057,23.852420860129406],[91.288282503660568,23.852216564981777],[91.2881433806742,23.852344636250614],[91.287982235488641,23.852526906846588],[91.287822637202012,23.852651039933736],[91.287609193897239,23.852825551024932],[91.287421059727293,23.852953150101037],[91.287285696190395,23.852996811684623],[91.287108932895293,23.853035731057194],[91.286691705870012,23.853129940685889],[91.286070255848045,23.853227383183576],[91.285849103201514,23.853271572953822],[91.285713543831875,23.853304857816543],[91.285611849151792,23.853232564099308],[91.28537708613041,23.852797424789358],[91.284983207217664,23.852032414966764],[91.284946217289217,23.851951907894126],[91.284884031413682,23.85188931562146],[91.284782027713163,23.851859141770937],[91.284088787028622,23.851846761173299],[91.283417783240623,23.851867141629537],[91.283280613191693,23.84907283746395],[91.283220291320362,23.847800680065994],[91.283189659667514,23.84692259257826],[91.283191488637399,23.846850147408194],[91.283195388224058,23.846688622295879],[91.283196081723446,23.846682222646272],[91.283204516005668,23.846668996921874],[91.283212549639245,23.846662751737099],[91.283341563883724,23.8466292367562],[91.283937013966423,23.846443189879139],[91.284490713948003,23.846264251471691],[91.285164975925525,23.846061949754557],[91.285345866081016,23.846030589755756],[91.285586991869593,23.845983864428046],[91.285679542598373,23.845975531445692],[91.285820474791706,23.845970379818581],[91.285905244313511,23.845984234983682],[91.286026403689135,23.846008765597865],[91.286635675250807,23.846087167237055],[91.286877626591121,23.846106755725799],[91.287067168421103,23.846123204762765],[91.287304679388953,23.846109678264661],[91.287799519058183,23.8460566272317],[91.288342647665473,23.845999388324174],[91.28837499330389,23.845995956371645],[91.28835254709989,23.845642471347848],[91.288197436796438,23.84436597406005],[91.288115718851671,23.843600423126112],[91.288034742915315,23.842825400608117],[91.287927510121534,23.84193242961739],[91.287918956363399,23.841861199354504],[91.287903820649177,23.84173515790372],[91.287898834999339,23.84169363951948],[91.287855666458356,23.84133415861103],[91.287803169811497,23.840896991751794],[91.287800521578035,23.840874303161428],[91.287855292759204,23.840876863464665],[91.288083169295646,23.840914632039755],[91.288479223029697,23.841001737345557],[91.28887704105496,23.841070577043684],[91.289044275919821,23.841077474075927],[91.289088250249591,23.841124334281254],[91.289118279132936,23.841172928997182],[91.289143111262334,23.841223637007566],[91.289169675343601,23.841283324108105],[91.289387214067744,23.84182119368198],[91.289419641452866,23.841950149465173],[91.289453478294675,23.842098448539421],[91.289494559150924,23.842247027628318],[91.289537592944626,23.842357927141904],[91.289672666325686,23.842619824169635],[91.289748046656129,23.842749297620578],[91.289827415506409,23.842858248570344],[91.289902016997502,23.842946101093791],[91.290006521607765,23.843057222676414],[91.290045645035022,23.843093367037216],[91.290113775062792,23.843140708000266],[91.290221167756698,23.843182161010841],[91.290269521373489,23.843193946740787],[91.290351228538483,23.843202198558753],[91.290531709062208,23.843202677579932],[91.290662646599699,23.843191151491769],[91.290684593340416,23.843534417808677],[91.290294060652101,23.84361423828382],[91.290321751220759,23.843713570325544],[91.290381340066787,23.84390484266941],[91.290410214614994,23.843977469425514],[91.29046254866681,23.844058348726048],[91.290565166814972,23.844210350995528],[91.290637260209792,23.844315906515899],[91.290671535429439,23.844380419335],[91.290682723946318,23.844413173236148],[91.290695483616588,23.844470791620438],[91.290706392757414,23.844570310339758],[91.290702583002286,23.844721253737855],[91.290695450378948,23.844817097076184],[91.290674791822354,23.844974031567354],[91.29066188842161,23.845039332008859],[91.29066188842161,23.845049367483231],[91.29066188842161,23.84506310032285],[91.290666507558782,23.845073135795374],[91.290671705211025,23.845078418098375]]]},"properties":{"objectid":2075,"id":"2024","name":"Ward No 11","code":"11","town":"Agartala","district":"West Tripura","state":"Tripura","st_area(shape)":795925.12048375292,"st_perimeter(shape)":4670.2606336070203}},{"type":"Feature","id":2059,"geometry":{"type":"Polygon","coordinates":[[[91.296388148894593,23.834639203510097],[91.296388373473405,23.834626051332158],[91.296382249658109,23.834548290264784],[91.296353599688757,23.834525004828436],[91.296286310484078,23.834504480312678],[91.296069768889907,23.834506735067862],[91.295987306241742,23.834509952038129],[91.295947046445661,23.834505386651962],[91.295931734661636,23.83446304342711],[91.295863291121833,23.833867417547893],[91.295842864330581,23.833469069413869],[91.295844782233715,23.833437309483056],[91.295826797063398,23.833207846607376],[91.29581025279083,23.833127447814277],[91.295771217398482,23.832940883604696],[91.295770839207748,23.832777877690255],[91.295768700319059,23.832738656418375],[91.295702237564441,23.83270161514514],[91.295313979410437,23.832573241800159],[91.294880973477177,23.832415611918364],[91.294480374267806,23.832272385739486],[91.294156625930995,23.832154152800371],[91.293914079007664,23.832086664205523],[91.293897544616513,23.832084743026201],[91.293738748525428,23.832066291321933],[91.293661440410389,23.832057308286888],[91.293630855469914,23.832053754350873],[91.293506615771179,23.832039317563336],[91.293231267763559,23.83202936078883],[91.293076360479347,23.83201210714385],[91.292990997171131,23.831989412068651],[91.292957074091063,23.831956747883609],[91.292958918332346,23.831897768921817],[91.292989731444919,23.831680477129851],[91.29299857535888,23.831562466338028],[91.293023327538222,23.831479664628887],[91.293050773765088,23.831406269135236],[91.293107046929435,23.831370307226393],[91.293158516801952,23.831362696421706],[91.293253810087279,23.831354628738197],[91.293274297065651,23.831347902929121],[91.29328639916919,23.831342831249753],[91.293303040459818,23.831322256105288],[91.293311501691477,23.831296201701239],[91.293320271045275,23.83124046907254],[91.293355078067577,23.831047643886095],[91.293418438939526,23.830702846504675],[91.293548956065464,23.829938430249666],[91.29355641567561,23.829890447623775],[91.293653269334598,23.829904178781899],[91.293742113614499,23.82992167922708],[91.293781750878097,23.829869675854699],[91.293800101662697,23.829725768934079],[91.293921077782002,23.829735564003819],[91.294150990799196,23.829758965342723],[91.294167707548326,23.829759649847034],[91.294192518118166,23.829631878387204],[91.29423247697865,23.829421959523877],[91.294273736599621,23.829157385738249],[91.294361770599153,23.828806288805172],[91.294350787796503,23.828760743863626],[91.294246880565908,23.828698148611974],[91.294109020610819,23.828600529903365],[91.293981647588367,23.828516952222898],[91.293866695571353,23.828395510243457],[91.293800810433467,23.828280632235352],[91.293774122384704,23.82820779864792],[91.293739142885855,23.828090239943293],[91.293720393249231,23.828033832928281],[91.293678472468187,23.82798002506858],[91.293629082195537,23.82794752093606],[91.29352825079647,23.827924986211858],[91.293148335296522,23.827851113737875],[91.292843764194387,23.827823625511432],[91.29261931293415,23.827811811266972],[91.292412994167876,23.827806884898461],[91.292201725684407,23.827818518359212],[91.291820875038241,23.827876728378133],[91.291511970463176,23.82791532166296],[91.291234762942935,23.828014904857493],[91.290863376946575,23.828212165393776],[91.290471724957413,23.828482815423634],[91.290438097423063,23.828267389020919],[91.290395475956117,23.828047935711496],[91.290349922388074,23.827772798038918],[91.290265888586489,23.827539833536129],[91.290266940513703,23.827418881225981],[91.290250831924013,23.827249373262728],[91.290199531833053,23.82706422469354],[91.290179724879394,23.826878747159281],[91.290157415219312,23.826773331935136],[91.290184931514773,23.826734628195688],[91.290275911988445,23.826733680714465],[91.290370312348387,23.826726294798092],[91.290408645258168,23.826713090047406],[91.290439660491685,23.826674350132834],[91.290463278997137,23.826603671925735],[91.290497236213184,23.826520080632555],[91.290535011269199,23.826462061473809],[91.290593981176031,23.826419828203811],[91.290649531196578,23.826384034194241],[91.290704921316959,23.826335435580543],[91.290737454703319,23.826288637415701],[91.290757047857966,23.82625040521965],[91.290762226645583,23.826205766599898],[91.290773072904329,23.826155823525497],[91.290786867433823,23.826112406004064],[91.290900291416548,23.826011564881863],[91.290989822907662,23.825949001174113],[91.291185546943453,23.825787719563717],[91.291258839589162,23.825737782080719],[91.291336100991799,23.825646823974118],[91.291370837945522,23.8255583573815],[91.291409517605018,23.825426822226106],[91.291455400854801,23.825334142310361],[91.291523423983037,23.825220741586065],[91.291635830174542,23.82507409632327],[91.291786307866104,23.824927053160703],[91.291899733645479,23.824862354806708],[91.292000053903124,23.824824428708755],[91.292355272020984,23.824751065607604],[91.292543290308288,23.824740911871739],[91.292854712861072,23.824747914136566],[91.293184795218977,23.824814524795272],[91.293307230202316,23.824810048640281],[91.293464537784971,23.824795604472492],[91.293597230630525,23.824771812721455],[91.293754179785367,23.824728559090037],[91.293907749478137,23.824694944758914],[91.294134405204119,23.824628554272248],[91.294336287191186,23.824540012204572],[91.294433031255693,23.824439758245905],[91.294501941021153,23.824352599906874],[91.294570412408746,23.824230229539541],[91.294600312832955,23.824101858494686],[91.294643652053864,23.823928525785565],[91.294765483369318,23.823594298849798],[91.294829303280366,23.823430815245484],[91.294913895834043,23.823319897904312],[91.29501258654777,23.823227036514897],[91.295125375421591,23.823148362195969],[91.295264952955492,23.823076137129011],[91.295380561640968,23.823037444613369],[91.29554551658164,23.82298069600785],[91.295625878968664,23.822961349737263],[91.295826080207817,23.822920077628869],[91.296133430697438,23.82287622676975],[91.296343501726653,23.822858169852584],[91.296443601897082,23.822847852434855],[91.296498586877291,23.822837534194505],[91.296547932234176,23.822823347023604],[91.296593048322677,23.822800131799102],[91.296866561970475,23.822525415254418],[91.29705078757064,23.822349535384493],[91.297066115524345,23.82235848786409],[91.29715266640531,23.822435906159917],[91.297373264791347,23.822652657912897],[91.298152264042784,23.823555383788136],[91.298309607558068,23.82373979201714],[91.29896945516856,23.824486322052149],[91.299326468120341,23.82481182118778],[91.299949274598404,23.825362468439433],[91.300341359575498,23.825725585528193],[91.300748623385999,23.826196170950492],[91.301071902802207,23.826591657062227],[91.301713984431345,23.827578932295978],[91.30172126348009,23.827589011030724],[91.301928357492415,23.827874324771702],[91.302134572054072,23.828124692395615],[91.302218505244355,23.828202629058293],[91.302259871764861,23.828241039819115],[91.302389937936525,23.828361813866351],[91.302557820486726,23.828480752851366],[91.302637816361084,23.828517473207157],[91.303060674924879,23.828720857410847],[91.303114813692119,23.828746444761943],[91.303169855266205,23.82879184179529],[91.303200533631482,23.828827333562081],[91.303242942197727,23.828892540239082],[91.30335336311245,23.829199691251723],[91.303424235696781,23.829403460601871],[91.303434630102927,23.829440438721544],[91.303450799778048,23.829502772303147],[91.303468972696265,23.829602071602373],[91.303460513261228,23.829678162583839],[91.30342949623109,23.829764570389266],[91.303308247922246,23.830041851023537],[91.303237754426959,23.830212087500485],[91.303139063713203,23.830383613869959],[91.303070600410479,23.830478120991454],[91.303039921146876,23.830521040727543],[91.303011949405544,23.830551580283355],[91.302990294617317,23.830569738845934],[91.302981271040323,23.830577167273372],[91.302966834215368,23.830582944847549],[91.302956005922951,23.830588722421474],[91.302937670409662,23.830611081654805],[91.302891168220683,23.830611565652863],[91.302811399620083,23.830608344477284],[91.30270933663077,23.83059320084228],[91.302589760086661,23.830594445761051],[91.302545473143155,23.830594906750772],[91.302479596090109,23.830640161800012],[91.302462485878891,23.830688960124515],[91.302463141649042,23.830741625480933],[91.302473460596701,23.830859017437472],[91.302568237350769,23.831356388048725],[91.30261459131772,23.831522024440432],[91.30270508220957,23.83167504554941],[91.302853953713381,23.831892285582061],[91.303136544837173,23.832177011368753],[91.303296020054589,23.832361948033267],[91.303372545737034,23.832483057612812],[91.303461020809351,23.832701246195008],[91.303472167105411,23.832754653564667],[91.303477941476061,23.832804836504454],[91.303486026313593,23.832904145601635],[91.303487301023011,23.832962283492826],[91.303482894786512,23.833034825989497],[91.303467474306373,23.833107368445621],[91.303430025338812,23.833198046869576],[91.303337502457794,23.833335070572005],[91.302553208536054,23.834280700594974],[91.30202423198773,23.834980153906727],[91.302014323570148,23.83499348517951],[91.301767440478955,23.835377334696584],[91.301753581270731,23.835392125264509],[91.30173625636219,23.835404803244963],[91.301720664303787,23.835414839465056],[91.301703340293528,23.835421706395309],[91.301681972966179,23.835428044973405],[91.301660028920409,23.835433855199426],[91.301635196791011,23.83543649695817],[91.301609787943207,23.8354401937769],[91.301577448592965,23.835440722128634],[91.301432664423686,23.835440934126698],[91.301055248935185,23.835419708847468],[91.300545992203979,23.835429063057152],[91.299362246221492,23.835410758912609],[91.298517400459687,23.835403997980858],[91.297989975301903,23.835391338077681],[91.297309459253341,23.835377680631574],[91.296906973581883,23.835381871292647],[91.296464820104092,23.835374258258277],[91.296478580497592,23.83528657398303],[91.296419723778499,23.834866274345497],[91.296407369248385,23.834808737971809],[91.296388148894593,23.834639203510097]]]},"properties":{"objectid":2059,"id":"2013","name":"Ward No 24","code":"24","town":"Agartala","district":"West Tripura","state":"Tripura","st_area(shape)":1360793.8256543162,"st_perimeter(shape)":5547.2014569326948}},{"type":"Feature","id":2060,"geometry":{"type":"Polygon","coordinates":[[[91.297990818819926,23.842057759322351],[91.296746274859004,23.842253655095231],[91.296748322119527,23.842003664771077],[91.296761516574435,23.841199379922791],[91.296761443810894,23.841030693554917],[91.296748473934812,23.8408889624579],[91.296693344325845,23.840544716284686],[91.296673251707858,23.840425624850976],[91.296651529545983,23.840358434717178],[91.296629584601916,23.840321988042177],[91.296563752464621,23.840245926311891],[91.296424229727961,23.840149129745942],[91.29621655720058,23.840034861144542],[91.296190532108469,23.84001902512173],[91.296157784024786,23.839987345675219],[91.296109611867706,23.83991071926166],[91.296089624352618,23.8398658174786],[91.296075275562572,23.839833582545719],[91.296059277465702,23.83975652630761],[91.296046345318857,23.839629469690106],[91.2959947011732,23.839040445870424],[91.295956746454095,23.838580244576285],[91.295946437387897,23.838075536939385],[91.295957950196595,23.83705840998622],[91.295981009949926,23.836645469397059],[91.295975469141268,23.836523927386398],[91.295954229374701,23.836435713075748],[91.295933834024453,23.836379622754414],[91.295919591235645,23.836317365608206],[91.295911913334919,23.836164365588417],[91.295899657619486,23.83593514172053],[91.295903220337905,23.835573989128072],[91.295898703608657,23.835494861324435],[91.295899921724157,23.835460134739204],[91.295967170504682,23.835427738480043],[91.296165057683652,23.835418131187325],[91.296343014839749,23.835398166389322],[91.296435312243631,23.835389658526573],[91.296464820104092,23.835374258258277],[91.296906973581883,23.835381871292647],[91.297309459253341,23.835377680631574],[91.297989975301903,23.835391338077681],[91.298517400459687,23.835403997980858],[91.299362246221492,23.835410758912609],[91.300545992203979,23.835429063057152],[91.301055248935185,23.835419708847468],[91.301432664423686,23.835440934126698],[91.301577448592965,23.835440722128634],[91.301609787943207,23.8354401937769],[91.301635196791011,23.83543649695817],[91.301660028920409,23.835433855199426],[91.301681972966179,23.835428044973405],[91.301703340293528,23.835421706395309],[91.301720664303787,23.835414839465056],[91.30173625636219,23.835404803244963],[91.301753581270731,23.835392125264509],[91.301767440478955,23.835377334696584],[91.302014323570148,23.83499348517951],[91.30202423198773,23.834980153906727],[91.302553208536054,23.834280700594974],[91.303337502457794,23.833335070572005],[91.303430025338812,23.833198046869576],[91.303467474306373,23.833107368445621],[91.303482894786512,23.833034825989497],[91.303487301023011,23.832962283492826],[91.303486026313593,23.832904145601635],[91.303477941476061,23.832804836504454],[91.303472167105411,23.832754653564667],[91.303461020809351,23.832701246195008],[91.303372545737034,23.832483057612812],[91.303296020054589,23.832361948033267],[91.303136544837173,23.832177011368753],[91.302853953713381,23.831892285582061],[91.30270508220957,23.83167504554941],[91.30261459131772,23.831522024440432],[91.302568237350769,23.831356388048725],[91.302473460596701,23.830859017437472],[91.302463141649042,23.830741625480933],[91.302462485878891,23.830688960124515],[91.302479596090109,23.830640161800012],[91.302545473143155,23.830594906750772],[91.302589760086661,23.830594445761051],[91.30270933663077,23.83059320084228],[91.302811399620083,23.830608344477284],[91.302891168220683,23.830611565652863],[91.302937670409662,23.830611081654805],[91.302956588929561,23.830912931749204],[91.30300497308906,23.831109901096688],[91.303076857176421,23.831282715564257],[91.303179949635066,23.831460483970176],[91.303584581381756,23.832128525857222],[91.303838358144446,23.832631489127877],[91.303932818691536,23.832775929404615],[91.303997672563455,23.832858467337712],[91.304059706623704,23.832915211622691],[91.304124560495666,23.832946163115093],[91.304206333237644,23.832979693958677],[91.304285286167982,23.833002907361699],[91.304327581546517,23.833011934703791],[91.304555980004139,23.833042886173104],[91.305431508622746,23.83312542311463],[91.30603471565793,23.833179320050128],[91.306152314111785,23.83318645415514],[91.306216940709945,23.833199564571746],[91.306290963685996,23.833229110869024],[91.307597586622933,23.834070141750153],[91.307005569002939,23.834739088859461],[91.307064988965706,23.836315295765278],[91.308253387323063,23.837674079332771],[91.310056584576031,23.839413786540561],[91.310128760615854,23.839557888951493],[91.310185423649031,23.83972005234827],[91.310190825218811,23.839782469729894],[91.310174783104486,23.839891440427852],[91.310154591671861,23.839978117509773],[91.310119852921503,23.840067374573024],[91.310100543634462,23.840103647947604],[91.310065585695185,23.840146281844508],[91.310016603257679,23.840242963379144],[91.309988244342478,23.840316063823447],[91.309988244342478,23.840336996609505],[91.309971403625852,23.840446168971269],[91.309952927077092,23.840513889855664],[91.309946109762393,23.840531809562059],[91.309940830363473,23.840543298911673],[91.309937880296076,23.840548405562842],[91.309937294594505,23.840549020990274],[91.309359929395086,23.84020884609949],[91.308455607974977,23.839664357849703],[91.30719090761572,23.838836774649849],[91.305473457251566,23.837706873547248],[91.305455636472956,23.837690872081701],[91.305459479465725,23.837843175157001],[91.305451794378499,23.837921670475893],[91.305427458119141,23.838017738229794],[91.305417852433806,23.838052885652665],[91.305397321437979,23.838115123888667],[91.305385270538451,23.838145008420213],[91.30535918436091,23.83819042845785],[91.305327925683969,23.838225028594877],[91.305290843229017,23.838259263075081],[91.304812778699471,23.838562028796101],[91.304305271886435,23.838934476038798],[91.303069058003132,23.839700660917192],[91.301737302899468,23.840575450679879],[91.300495271526401,23.841430310110923],[91.300268331932799,23.841546617662203],[91.300096278504753,23.841624372068004],[91.29995159045518,23.841676521090584],[91.299723941192539,23.841735862886249],[91.299440696095232,23.841776793771736],[91.299074569734898,23.841831247481931],[91.298645748154229,23.841946830794054],[91.298310464550852,23.842013755531426],[91.297990818819926,23.842057759322351]]]},"properties":{"objectid":2060,"id":"2014","name":"Ward No 25","code":"25","town":"Agartala","district":"West Tripura","state":"Tripura","st_area(shape)":964249.20956806268,"st_perimeter(shape)":5697.8513315033797}},{"type":"Feature","id":2061,"geometry":{"type":"Polygon","coordinates":[[[91.330773541539855,23.821965671150384],[91.330238762773106,23.823976888630874],[91.329566469902687,23.824815532279338],[91.329175986621749,23.825302633490608],[91.328032542656132,23.824054660144029],[91.327957385107908,23.823920979464216],[91.327923980355735,23.823767655014947],[91.327893599332839,23.823689338494745],[91.32782563818833,23.823617045521747],[91.327778279904877,23.823589886750984],[91.327640772987706,23.823508079229942],[91.327562274604915,23.823387239031536],[91.327423407638406,23.822914858521948],[91.327372200972263,23.822892099400224],[91.32727974097331,23.822882455020892],[91.327171141842001,23.822891873411447],[91.326876735177294,23.822866754140737],[91.326754500518291,23.822825837832053],[91.326665574491685,23.822762672690203],[91.326573517836295,23.82267719047508],[91.326417758050866,23.822534742453382],[91.325951871981587,23.822219439203103],[91.32574693841751,23.822088332098868],[91.325715031156946,23.822029812136371],[91.325714553253192,23.821991397893221],[91.325731331986077,23.8219335953039],[91.325744046740624,23.821900647537067],[91.325749871416903,23.821841358300105],[91.325742981338678,23.821815016832964],[91.325702708067865,23.821742600369884],[91.325676214055207,23.821722866032264],[91.325517592237262,23.821631672546065],[91.325369468131754,23.821540369698237],[91.325221462603835,23.821458670182764],[91.325073657400253,23.821392975737361],[91.325013851161927,23.821367986018839],[91.324880918466178,23.82137257241202],[91.324500693945765,23.821472578917287],[91.324346726299311,23.821474182222406],[91.324224092788327,23.82146265255972],[91.324094300602781,23.821438391779282],[91.323985465214548,23.821410710717991],[91.323876708878046,23.821389433014229],[91.323799446577098,23.821367825770356],[91.323707867825462,23.821320756267685],[91.323630446522685,23.821286344741697],[91.323552785369742,23.821232727203999],[91.323436074451379,23.821134693628021],[91.323231961947485,23.821043973078996],[91.322785015957663,23.820934523057812],[91.322663648172878,23.820900953764145],[91.322596411070492,23.820897555662587],[91.322491127620864,23.820896603208009],[91.322352276824049,23.820898048736602],[91.322164971799111,23.820965567805349],[91.321975682395689,23.821053597872066],[91.321857853973142,23.821124491123683],[91.321756263497662,23.821240293404578],[91.321674216769495,23.8213067160309],[91.321594333184535,23.821366969468308],[91.321505439497287,23.821423218311427],[91.321411838637914,23.821461075551614],[91.321331920917018,23.821481174802113],[91.321217298581701,23.821522869766131],[91.320951191543386,23.821687991947996],[91.320854303748419,23.821747937039149],[91.320274971238561,23.821983576983659],[91.32009003686764,23.822046125345906],[91.319892142502113,23.822069302081534],[91.319331379965803,23.822171776682779],[91.319206476412035,23.822205486172425],[91.319064245254808,23.822282284936488],[91.319008169719822,23.82232689367833],[91.318959203451996,23.822376194772232],[91.318935421453176,23.822444453495905],[91.318931541629439,23.822547332938214],[91.318962672745627,23.822794856806418],[91.318963577349109,23.822923553746275],[91.318961594767288,23.822954825650196],[91.318951586636715,23.823026461570926],[91.318939211445368,23.823074572467146],[91.318922196455546,23.823122683345517],[91.31888534846091,23.823235550927766],[91.318857094648592,23.823275442353943],[91.318798332252598,23.823355923677777],[91.318712060747686,23.823438961490268],[91.318678443993093,23.823481028088729],[91.318671336522556,23.82349365053091],[91.318660536077928,23.823525997176969],[91.318651776605563,23.823565876187274],[91.318649637716888,23.823598227745968],[91.318655112050223,23.823626377572875],[91.318669389873349,23.823653440188576],[91.318689958598426,23.823676003594944],[91.318712351801807,23.823691895850114],[91.318719375729017,23.823695367837978],[91.318742509144229,23.823703100714763],[91.318848530110657,23.823715826678644],[91.319095600949794,23.823720154952369],[91.319342585550658,23.823702265794171],[91.319393828149387,23.823698553849017],[91.319586697339204,23.823691196521914],[91.319807708950265,23.823733715834969],[91.319948356377651,23.823786677387311],[91.32009274259326,23.823858808376883],[91.320170523222131,23.823922028865574],[91.320234426676507,23.823994997985668],[91.320312405833064,23.824074224020649],[91.320365890626761,23.824153704755744],[91.320408758232119,23.824223691546212],[91.320465543436157,23.82428712962577],[91.320553463349654,23.824321431060834],[91.320631535931,23.824335887607926],[91.320679761987037,23.82433484807116],[91.320722046585786,23.824327665816785],[91.320753922405316,23.824307873526763],[91.320790895265787,23.82427733907533],[91.320878962502974,23.824235904675266],[91.320907256739474,23.824227419089951],[91.320950248312343,23.824224511671584],[91.321002390124704,23.824228574497035],[91.321055627881719,23.824242396648959],[91.321094923785466,23.824257854119125],[91.321118618647745,23.824273398694942],[91.321143913409529,23.824303531302547],[91.321161217656808,23.824334170112369],[91.321208037849431,23.824464610137738],[91.321223573313972,23.82450435080268],[91.321267894393458,23.824594789531929],[91.321290845450633,23.824628205021543],[91.321339038268988,23.824679036191259],[91.321370968885788,23.824704894700446],[91.321456810996011,23.824758395756334],[91.321540663337885,23.824807648264084],[91.321613654149672,23.824864341834136],[91.32163680283621,23.824896215623838],[91.321660867804383,23.824969357588362],[91.321677519874783,23.825076483546308],[91.321696125780974,23.825175121427165],[91.321703553051734,23.825313078908032],[91.321692005208746,23.825559262139755],[91.321678987721967,23.825630719944279],[91.321659653282111,23.825697537233154],[91.321635936860275,23.825741254835606],[91.321621532374721,23.825760719846809],[91.321544639281328,23.82585721077416],[91.321534574556892,23.825890376945857],[91.321535686671226,23.825935674724104],[91.321545454053293,23.825962449242937],[91.321605512718236,23.82605463401196],[91.321626067070255,23.826099341711327],[91.321630280168961,23.8261120304611],[91.321640311655742,23.826151005566025],[91.321643421623222,23.826169915830057],[91.321640699727922,23.826208002598932],[91.32163395787174,23.826227818430048],[91.321615843344006,23.826255022666992],[91.321561541083426,23.826316710235641],[91.321531373859528,23.826332685986454],[91.321492929558644,23.826342073721637],[91.321450410499594,23.826344990953643],[91.321430660139782,23.826343347442673],[91.321400143471251,23.826333588274068],[91.321358583812966,23.826309325939036],[91.321320190716023,23.826277825573683],[91.321261185774901,23.826217525111176],[91.321206776614773,23.826145207250534],[91.321142095219358,23.826089204516101],[91.321031815340149,23.826012523872979],[91.320925082907991,23.825959445717761],[91.319978791299476,23.825636894648827],[91.31989136725602,23.825596439399352],[91.319758747174006,23.825510774154832],[91.31966844223345,23.825466441797484],[91.319650236975875,23.825459457650169],[91.319480117620643,23.825413952621812],[91.31939552506698,23.82539184313001],[91.319352251423084,23.825382188253574],[91.319271779441635,23.825369733634481],[91.319231561866346,23.825369733634481],[91.319167771599737,23.82537830707356],[91.319071659050849,23.825400686927178],[91.31873300137525,23.825500269586563],[91.318521357395994,23.825539468394066],[91.318205787321531,23.825577095983999],[91.318167500225812,23.82557937226014],[91.318011916510173,23.825574699730819],[91.317969209703236,23.825570277016499],[91.317888116087602,23.825549484011685],[91.317852798822202,23.825537326064225],[91.317826588677164,23.825527181429262],[91.317792775191563,23.825517207719727],[91.317767864908731,23.825516875728376],[91.317748793675264,23.82552216293681],[91.317724224752212,23.825538097697411],[91.317714744831051,23.825545863334785],[91.31769604460176,23.825565319335961],[91.317682665992223,23.825584410472629],[91.317665218912808,23.825612414417087],[91.317639755267734,23.825643733335077],[91.317624238667847,23.825653329847125],[91.317597316158768,23.825662254980656],[91.317575487097372,23.825662975664017],[91.317532002349409,23.825652075019807],[91.317481667947405,23.825630101158982],[91.317420251029745,23.825598707457537],[91.317313608429117,23.825564052181399],[91.317289263186581,23.825558952336085],[91.317229881851375,23.825555082665986],[91.317217820172061,23.825556863420971],[91.317203910658193,23.825561630453389],[91.317174855548643,23.825585130334645],[91.317126644763974,23.825628737859127],[91.316918115243794,23.825874229393055],[91.316899468913448,23.825889252780431],[91.316863420419423,23.825911379444381],[91.316813819941018,23.825928937129483],[91.316777161490904,23.825935396969889],[91.316754868898798,23.825937449721561],[91.316716454242311,23.825957300929566],[91.316701902433039,23.825993773006974],[91.316708610153256,23.826073499093415],[91.316715611622584,23.826171490315662],[91.316704589294019,23.826245354706685],[91.3166800733716,23.826279487985875],[91.316627956712097,23.826299547867507],[91.316586052100732,23.82629663967381],[91.316385856251443,23.826261091335294],[91.316322200732088,23.826259486445799],[91.316203067057415,23.826268676964851],[91.316111515255272,23.826284054483317],[91.315870868268732,23.826298362073935],[91.315764804183132,23.826299466513689],[91.31567028794052,23.826307007766172],[91.31558284054087,23.826306606749394],[91.315456857212169,23.826319720326598],[91.315387796529748,23.826327383197704],[91.315333619134961,23.826340302838524],[91.315321973375617,23.826345408405416],[91.315288870457422,23.826359921428139],[91.315251187029546,23.826390563861171],[91.315235523105954,23.826410129029082],[91.315200429521042,23.826469913340144],[91.315161673504733,23.826595301540824],[91.315131645519756,23.826702158264776],[91.315122057800707,23.826728566123563],[91.315094210026913,23.82682481391414],[91.315091574369859,23.82683850266562],[91.315078705105108,23.826876537467857],[91.315065834942033,23.826902799841065],[91.315052965677282,23.826920006503983],[91.315033166808419,23.826930873349863],[91.314997940272889,23.826937127702443],[91.314861405332834,23.826944696857414],[91.314613022055084,23.826963674389415],[91.314445235624618,23.82697976428404],[91.314297630745358,23.826997692434453],[91.314145342050182,23.826999278414547],[91.314069706598204,23.826994421864029],[91.314006716730489,23.826985512435403],[91.313932298495715,23.826968155400643],[91.31385031734456,23.826951537940037],[91.313778974941343,23.826948144927456],[91.313738149206614,23.826950892864961],[91.313679905138542,23.826960817159197],[91.313664491844889,23.826966380417286],[91.313647810130092,23.826975773858894],[91.313614548210055,23.82700275606615],[91.313558299300198,23.827052107153794],[91.313522440350695,23.827072839108205],[91.313491596695428,23.827084295958365],[91.313462976370474,23.827087900979059],[91.313427689647781,23.827087418611352],[91.313386977100791,23.82709117072536],[91.313229876130663,23.827121500720484],[91.313175841567997,23.827138076250044],[91.313165275583643,23.827142392905117],[91.31315952097593,23.827145227944097],[91.313155501015018,23.827148263490088],[91.313149101416926,23.827154852284586],[91.313146804424747,23.82715806039792],[91.313144645773122,23.827164540720862],[91.313144125648577,23.82717188305951],[91.313145699496957,23.827183100771624],[91.313148682802009,23.827195524811913],[91.313154631445826,23.827212539968251],[91.313193110781029,23.827342010722901],[91.313200046673316,23.827384986553742],[91.313194955920636,23.827407647921031],[91.313186462349606,23.827425755153502],[91.313175136390512,23.827435496161495],[91.313148106083602,23.827447234839372],[91.313128056584802,23.827449543130864],[91.313091295726736,23.827432330785935],[91.313065299380696,23.827413137202594],[91.312932581382327,23.827347103924151],[91.312890703720399,23.827331973878184],[91.312776512576434,23.827335211570119],[91.31243447633706,23.827387947314985],[91.312262134549812,23.827397937315691],[91.312103178558601,23.827403690379015],[91.311924041914523,23.827407604368346],[91.311516502321254,23.827426971341495],[91.311312059237324,23.827434118910887],[91.311287228006265,23.827437288395128],[91.311265860678901,23.827443099800828],[91.311250268620512,23.827455249352237],[91.311234676562137,23.827480606041696],[91.311230057424922,23.827496981840554],[91.311226015006142,23.82752022580766],[91.311226015006142,23.827536073217612],[91.311226591724591,23.827554034161043],[91.311234676562137,23.827597351768631],[91.311238718980903,23.827624292759271],[91.311252001470677,23.827678175545483],[91.311275100749924,23.827770620410821],[91.311273945516447,23.827785411846133],[91.311271635947875,23.827800731662581],[91.311260663924983,23.827818164186624],[91.311239874214365,23.827834011560189],[91.311213310133098,23.827841935657109],[91.311185013201623,23.827842464039794],[91.311170576376711,23.827841407274423],[91.311145745145652,23.827836125091011],[91.311130153087248,23.82783242723379],[91.311111672945231,23.827823446370772],[91.311100123305621,23.827812353619457],[91.31103948792223,23.827744207833653],[91.311019275828343,23.827733642636961],[91.310992711747062,23.827726246916544],[91.310947090805385,23.827727832066003],[91.310894540259582,23.827743679450599],[91.310865665711404,23.827769564466639],[91.310825179539847,23.827839073515758],[91.310776802566863,23.82791128935753],[91.310732827338754,23.827977311666139],[91.310669232006532,23.828086565923915],[91.310627343564846,23.828122864836491],[91.310580356285598,23.828124445872348],[91.310426197298014,23.828050323701582],[91.310394817348495,23.828053452083537],[91.310346586800904,23.828077631917932],[91.310260035919896,23.828142049275648],[91.310155720854141,23.828218944778751],[91.310091412259595,23.828270837055769],[91.31000035632745,23.828333252551896],[91.309940363239519,23.828379787843364],[91.309924370532528,23.828410869431522],[91.30991859616185,23.828430943774965],[91.309918018545147,23.828459997291411],[91.309917440928416,23.828486938924637],[91.309920905730451,23.828510181892646],[91.309915708078208,23.828568290527009],[91.309911666557767,23.828603155366462],[91.309898961684681,23.828642773967871],[91.309884524859768,23.82866337665477],[91.309870664753262,23.828679752304371],[91.309842945438518,23.828696127951897],[91.309811762220079,23.82870616469107],[91.309662771240312,23.828713560355599],[91.309639094344348,23.828720956019698],[91.309621770334118,23.828726238988832],[91.309603868707129,23.828735218967605],[91.309588853367146,23.828744199767499],[91.309373016052135,23.828956914461745],[91.309198476087403,23.829112393127886],[91.309191546483291,23.829119788769248],[91.309186926447794,23.829128768720796],[91.309185771214345,23.829136692738636],[91.309177109658364,23.829294640508422],[91.30917537680817,23.829313129585085],[91.309170756772659,23.829322109523225],[91.309159784749781,23.829330561905877],[91.309152277528966,23.829333202967202],[91.309025036558864,23.82933302218516],[91.30882360103449,23.829322112810161],[91.308798659310654,23.829320354293795],[91.308577676445708,23.829304774987975],[91.308517879190475,23.829300559478458],[91.308247129658795,23.829277606725192],[91.308226263591379,23.829273368206156],[91.308108023740431,23.829258566257927],[91.308034169647655,23.829263433406265],[91.308012207635585,23.829298492810487],[91.308002410609106,23.829321132478366],[91.307981583169223,23.829344833825864],[91.307921025040969,23.829350664867814],[91.307806656030579,23.829339562386227],[91.307743974285003,23.829342263434121],[91.307712811727797,23.829346248856091],[91.307674794126669,23.829354329812297],[91.307650299763807,23.829366405228448],[91.307612478893716,23.829394855381025],[91.307501031204609,23.829479407896105],[91.307463254351973,23.829496471235306],[91.307405579815793,23.829507649303128],[91.307347403121355,23.829512352916748],[91.307313809723013,23.829512702154311],[91.307206210416581,23.829505627012153],[91.30710314131413,23.829502603025645],[91.306991139364513,23.82950172048173],[91.306872367710909,23.829496810612106],[91.306770571521227,23.829491768442868],[91.306719459178183,23.829479644555978],[91.306663402507837,23.829443666500008],[91.30661805106071,23.829399063491856],[91.306539081960722,23.829352761117473],[91.306476171144737,23.829337025685593],[91.306384401051957,23.82934207854343],[91.306330907275097,23.829363124856915],[91.306244126425398,23.829409103463632],[91.306173022075711,23.829454919350344],[91.306075196439593,23.829513306951593],[91.306001827437058,23.829557097224413],[91.305892931861678,23.82962584356773],[91.30574332284101,23.829676003065885],[91.305657453781336,23.829691899516579],[91.305607113091128,23.82969643302453],[91.305542294253499,23.829707352228841],[91.305473047619799,23.829722415437324],[91.30537660988081,23.829738431033721],[91.305331329400573,23.829741150151481],[91.305288335132758,23.829739413827586],[91.305267350487725,23.829737503296045],[91.305155192231254,23.829727292429059],[91.305115254032032,23.829723656255773],[91.305097767426702,23.82972055256614],[91.305019450503622,23.829694070538551],[91.304968439670205,23.829670301050911],[91.304903085436635,23.829638199991841],[91.304743515896092,23.829594786100976],[91.304797036622389,23.829575789232194],[91.304877125023253,23.829531928296444],[91.304932092935488,23.829449401394438],[91.304965048529994,23.829397835818067],[91.304975405206903,23.829330114881166],[91.304978762211121,23.829239929260805],[91.304917402785648,23.829168857195604],[91.304829423583357,23.829118551231975],[91.304678763533772,23.829070946302373],[91.304651558055411,23.829044593976835],[91.304628677965113,23.8290059040628],[91.304648906228678,23.828831537582648],[91.304670052570486,23.828730922087274],[91.304686821421868,23.82863854693246],[91.304736775836531,23.828513044019186],[91.304785280370282,23.82845107235029],[91.304894049283192,23.828372081541069],[91.305127542985119,23.828236471747076],[91.305156248650007,23.828203390814714],[91.305229362531009,23.828139113183958],[91.305231016329429,23.828091971358806],[91.305241270598387,23.828016055300367],[91.305242566867349,23.827940232054736],[91.305208205409429,23.827698819472943],[91.30520084910556,23.827647673113589],[91.305197077977979,23.827445894567546],[91.305160611767349,23.827327821579253],[91.305124703410499,23.8272545626123],[91.305028868441056,23.827146712025336],[91.305006000927179,23.826996482816469],[91.305032600941061,23.826884155109763],[91.305084133695658,23.826806783842532],[91.305210107142884,23.826805472325479],[91.305237185060506,23.826731557304633],[91.305246368537624,23.826625814081158],[91.305202983502667,23.826514214949697],[91.305166915245707,23.826428151760016],[91.305154505020042,23.826274610864552],[91.30523752552196,23.825915183363136],[91.305298760081641,23.825773681453747],[91.305394787290567,23.825615809108108],[91.305516305992299,23.825537708182907],[91.306006902020087,23.825285061750801],[91.306195987505944,23.825180645317221],[91.306565021712856,23.824957565271614],[91.306693971278634,23.824880411444965],[91.306812892052591,23.824717305008011],[91.306921966392693,23.824662896705352],[91.307099803174552,23.824554499132677],[91.307166759104234,23.824535361003758],[91.307240154157896,23.824493617701631],[91.307288658691675,23.824431644112863],[91.307309601115875,23.824314635036842],[91.307342276436032,23.824240532055544],[91.307388209991444,23.824151948634601],[91.307425823350712,23.824114675635869],[91.307472777392306,23.824108039846145],[91.307586916433976,23.824100703908261],[91.30765832621087,23.824079471021133],[91.30773632782531,23.824047924095282],[91.308066940189207,23.823772937364001],[91.308294978422381,23.823559524702972],[91.308412443027279,23.823386344941206],[91.30843573813921,23.823198512693601],[91.30843359925052,23.823026577441407],[91.308529600408292,23.822501888522069],[91.308442126957502,23.822338657471796],[91.308423388100692,23.822205975954308],[91.308532406745258,23.822040698292795],[91.308684626270164,23.821914052470927],[91.30887121443952,23.821802681030196],[91.309093224078808,23.821687948393379],[91.309651608774573,23.821490299094918],[91.309687376994233,23.82146893676018],[91.30976633531445,23.821404565396669],[91.309936946048154,23.821228436649513],[91.309993562368959,23.821179523825382],[91.310155770261488,23.821098964725422],[91.310883646390138,23.820870574651156],[91.310925224014738,23.82085043750374],[91.310965606880018,23.82081646468918],[91.311034500475785,23.820738452094155],[91.311081871335659,23.820641645901482],[91.311132009006627,23.820497255393324],[91.311143267592087,23.820372075788079],[91.311184135547606,23.820223137992521],[91.311301610033965,23.819760536857363],[91.311374864950423,23.819748149907877],[91.311467625884973,23.819719459318815],[91.311502002614262,23.819700434706689],[91.311573567799698,23.819659782018597],[91.311609122220332,23.819646997309299],[91.311662407588017,23.819632810611385],[91.311699393024909,23.81962767930467],[91.311856626047415,23.819630461912727],[91.312070718834121,23.819645242770786],[91.312185439984106,23.819630769265181],[91.312327889431984,23.819614113884004],[91.312476674697535,23.819590571831519],[91.312719969019199,23.819562838602788],[91.312886324433393,23.81955205167613],[91.313060159220669,23.819556281472938],[91.313207647318961,23.819539648270773],[91.313399351393855,23.81950016084307],[91.313569638734066,23.819460578896443],[91.313704584554344,23.819433517049916],[91.313853363531692,23.819411127127438],[91.313964244383854,23.81940816207517],[91.314115304183701,23.819430730328627],[91.314232398682691,23.819443928424235],[91.314387360764158,23.819443463285886],[91.314471810485685,23.819435770423443],[91.314587877311965,23.819405168259873],[91.314650946231453,23.819390465445437],[91.314724149943956,23.81936543425136],[91.314792325785803,23.819338076537083],[91.314836540864079,23.819315222281098],[91.314856750263033,23.81930551600092],[91.314893452730587,23.819273984350538],[91.314909945799187,23.819252159799198],[91.314942951699379,23.819205052548163],[91.315039754154412,23.819006095268676],[91.315076550945051,23.818956700030835],[91.315126019371135,23.818893530540393],[91.315194525793018,23.818803937582413],[91.315254054451941,23.818744270544688],[91.31536033053996,23.818659454631295],[91.315523321763422,23.818570281453937],[91.315709081686066,23.818463920156745],[91.315914998007074,23.818357649171041],[91.316008455135972,23.81831426766535],[91.316091773878554,23.818282366783038],[91.316225409955166,23.818264519609176],[91.31633630338375,23.81825924936301],[91.316391759081171,23.818254885569434],[91.316438445424836,23.818241262478811],[91.316594369601958,23.818247473694456],[91.316733783642448,23.818239299182366],[91.317002590118193,23.818216033829422],[91.317120629644819,23.818229163838552],[91.317264144494615,23.818264016663512],[91.317440979654933,23.818326030178927],[91.317654985305069,23.818431428432966],[91.317729595779326,23.818467776067568],[91.317788571974333,23.818482444470707],[91.317818127445506,23.818477173411591],[91.317863544469617,23.818450362832511],[91.31789525949074,23.818409084358706],[91.317940992721844,23.818322847323227],[91.317974876276068,23.81824376159329],[91.31797539190903,23.818146518803726],[91.317962348371111,23.818007795996927],[91.317918067715823,23.817820312630051],[91.317852210425713,23.817618325677174],[91.317789535866652,23.817442578043376],[91.317753358913507,23.817304539876062],[91.317750460948403,23.817191362242895],[91.317759970514004,23.81706116638227],[91.317779728958669,23.816898745373479],[91.31778771857482,23.816787848747744],[91.317784163941241,23.816715798475233],[91.317745056683663,23.81648251169311],[91.317745904693297,23.816471251965105],[91.317757364501361,23.816456886585559],[91.317774764868403,23.816447179269819],[91.318003520855513,23.816426213043268],[91.318064211934455,23.816416894445354],[91.318090525385728,23.816407187948425],[91.318115141021153,23.816391269324814],[91.318123629202262,23.816374185360456],[91.318124902115017,23.816362536902805],[91.318115662044008,23.816315977578114],[91.31810367492487,23.816277350436241],[91.318023918002382,23.816020345118268],[91.318004362576957,23.815956558654655],[91.317969412722519,23.815842558846043],[91.317958872789276,23.815808178740504],[91.31795157487592,23.815723448843595],[91.317954210532946,23.815682525351942],[91.317977285557646,23.815617345731653],[91.318034599869421,23.815510873533974],[91.318084642318937,23.815444653397666],[91.318345762809102,23.81514244269859],[91.318442344278552,23.815054937879321],[91.318606230224034,23.814963335368944],[91.318866091276149,23.814898539181215],[91.319173916974577,23.814851542118806],[91.319419777783011,23.814825961889849],[91.319464223728332,23.814822255443605],[91.319704788968139,23.814802193787877],[91.319769579958034,23.814801457429468],[91.319910186062913,23.814817536504574],[91.320006302205044,23.814839195792267],[91.320047008463831,23.814851569239142],[91.320102082377289,23.814872618724671],[91.320125006485014,23.814884134179884],[91.320181248208314,23.814921834714578],[91.320212080185499,23.814946216699891],[91.320268589606783,23.81498269105002],[91.320287847689826,23.814992128094065],[91.320333969891465,23.815003904879759],[91.320417793487252,23.815010947939498],[91.320473906751474,23.815024606707674],[91.320528186554199,23.815037818400548],[91.320614433804622,23.8150865650647],[91.320848983027005,23.815263473018902],[91.321122189450975,23.81540098245792],[91.321385806359302,23.81553405308027],[91.321420378023035,23.81555005974413],[91.322008332562987,23.815771758862574],[91.32204071233744,23.815779164304345],[91.322056901775454,23.815782126973996],[91.322079568066727,23.815780645228262],[91.32210547188626,23.815771758862574],[91.322322416823994,23.81555403244052],[91.322338606262036,23.815524409797796],[91.322359653789178,23.815481456337448],[91.322362891317439,23.815441465540367],[91.322375843227206,23.815111172199593],[91.322385557608669,23.814943803813872],[91.32239689075432,23.814897888293473],[91.322774250547297,23.81426078267878],[91.322791374233248,23.814203701502819],[91.322840341399385,23.814032447962319],[91.322849484452348,23.813995286292236],[91.323030668356921,23.81316979447038],[91.324257992512187,23.814209454329205],[91.324225595669759,23.814254244183239],[91.324190462559017,23.814283838351692],[91.324174848941055,23.814304172113836],[91.324174074593301,23.81431760002172],[91.324174529140819,23.814329971874638],[91.32418599344048,23.814344470626239],[91.324199227421232,23.814349746784178],[91.32424882610303,23.81435467695087],[91.324358712520151,23.814357965098299],[91.326552155898838,23.817786016051105],[91.330856625822165,23.821723834094715],[91.330773541539855,23.821965671150384]]]},"properties":{"objectid":2061,"id":"2015","name":"Ward No 27","code":"27","town":"Agartala","district":"West Tripura","state":"Tripura","st_area(shape)":2301496.8390187053,"st_perimeter(shape)":10065.68584375287}},{"type":"Feature","id":2077,"geometry":{"type":"Polygon","coordinates":[[[91.267050631477559,23.855450360684216],[91.267034502226636,23.855453434181413],[91.267021424552723,23.855458150820525],[91.267011116384836,23.855464026696069],[91.267004016100856,23.855477024769378],[91.266998379172435,23.855496154223996],[91.266992888669435,23.855524265907096],[91.266991406449193,23.85553843471228],[91.266987187062313,23.855652149053501],[91.266984409471462,23.855699007275973],[91.266981736085157,23.855722088446285],[91.266954387774661,23.855761717657508],[91.26692971195213,23.855778265700472],[91.266893473015259,23.855792525672033],[91.266528527939485,23.85590718130733],[91.26629320077609,23.855985603248598],[91.265953388765368,23.856054080893298],[91.265899405406699,23.856067245685548],[91.265776525757246,23.856107315972629],[91.265506665557709,23.85621363654057],[91.265458476332597,23.856239197927056],[91.265427850069628,23.856268213171365],[91.265414669089495,23.856289022611048],[91.265405571850579,23.85631672087467],[91.265404810079247,23.856335883889482],[91.265403264976939,23.85634294853034],[91.265394739964876,23.856359931107075],[91.265351016265058,23.856382874958239],[91.264760064945307,23.856678440889073],[91.264717650090859,23.856706845613648],[91.26461691031993,23.856790985967812],[91.264506067197047,23.856847902164493],[91.2644172561548,23.856886416171832],[91.26434211836947,23.856914115950865],[91.264161890272348,23.856962837018283],[91.263938260970576,23.857000900775919],[91.263728922966635,23.857019155042995],[91.26360436436596,23.857048594859609],[91.26358495087436,23.857066958387527],[91.263577411314188,23.857078177621119],[91.263565180751598,23.857104299962874],[91.263557436375521,23.857120501957407],[91.263548976940484,23.85716465589438],[91.263547474059038,23.857223475480943],[91.263544718027745,23.857331335556264],[91.263544317379115,23.857347029798945],[91.263526066307492,23.857381548417589],[91.263510367349582,23.857395754811371],[91.26348767680382,23.857411789171476],[91.263456198937973,23.857427710976101],[91.263353564620118,23.857454829797657],[91.263278610989431,23.85746012309782],[91.263154208695624,23.85744927934951],[91.262972392377065,23.85743242014934],[91.26291143449852,23.857431422777328],[91.26286454154237,23.857441845067704],[91.262764969581326,23.85747997112302],[91.262668610894067,23.857525862532398],[91.262600218558219,23.85756104574353],[91.262404912239049,23.857658857895753],[91.262362746217917,23.857681681569581],[91.262003957296841,23.857844919890471],[91.26198793494541,23.857852209555308],[91.261901996715451,23.857868095978908],[91.261887251768357,23.857881820066186],[91.261880755152248,23.857899915648936],[91.261872959572202,23.857932339154271],[91.261870684139581,23.857957413841032],[91.261872730501821,23.857991694046099],[91.261872362192534,23.858015803394505],[91.261870907820096,23.858053563689175],[91.261863425752068,23.858087537429061],[91.261848680805016,23.858101261493122],[91.261828537881399,23.858114297914874],[91.261792524421665,23.858121691080392],[91.261761180404775,23.858124444929693],[91.261724133882439,23.858119829438813],[91.261656749456364,23.85809182594252],[91.261614158532112,23.858065066273586],[91.261594365951439,23.858043147198934],[91.261571449928539,23.85800733727238],[91.261560830045269,23.857987923108983],[91.26153843684186,23.857963130221531],[91.261522050672752,23.857951482212794],[91.26150670924433,23.857946711441812],[91.261295615932369,23.857936583308867],[91.261266576094158,23.857939867065234],[91.261135322349674,23.857946101847848],[91.260923340603895,23.857977444175258],[91.260899833489546,23.857984422463318],[91.260664836906173,23.858036158233801],[91.25980610049514,23.858137383584225],[91.259409135869404,23.858126951491176],[91.258496474490201,23.858114246978545],[91.257678274556383,23.858057077477845],[91.257624098059907,23.858069781996072],[91.25761159620609,23.858083756636091],[91.257517249745078,23.858267283529031],[91.257484566340082,23.858313904198454],[91.257451860477218,23.858357506466891],[91.257418642574649,23.858379690028279],[91.257376398400083,23.85839534142324],[91.257287595442676,23.858415496565698],[91.2571152931813,23.858433442551402],[91.256805152524393,23.858472718487523],[91.256754263861851,23.858489352447144],[91.256718439946653,23.858504597982325],[91.256689890588632,23.858524456527679],[91.256659112510334,23.858551345906822],[91.256641173154136,23.858581000621676],[91.256618115197412,23.858648215814185],[91.256617422596307,23.858709837857056],[91.256623757515712,23.858750572782387],[91.256617726226892,23.858798129023128],[91.256614840838182,23.858803216880982],[91.256613545467573,23.858804598727669],[91.256610103123393,23.858806604952203],[91.256607955251539,23.858807229329983],[91.256601126258758,23.85880814042865],[91.256592384752707,23.858806976292662],[91.256584467900126,23.858803951346452],[91.256579452605891,23.858801313350114],[91.256563571289973,23.858790592124986],[91.256550623871817,23.858780989028428],[91.256530389320019,23.858763120316553],[91.256380479363727,23.858615348028923],[91.25636132728188,23.858593547350715],[91.256274784485697,23.858495038406769],[91.256153824536085,23.858375639774621],[91.256100818544411,23.85833770293997],[91.256035987130346,23.858315912895218],[91.255948908938308,23.858293190384146],[91.255903515270347,23.858285963182162],[91.255551077438312,23.858268510929456],[91.255534599641052,23.858261430784093],[91.255505236409363,23.85823975081469],[91.255465255091011,23.858194451176821],[91.25546300660784,23.858185127364298],[91.255462068766718,23.858169428293841],[91.255476507388252,23.858099219930846],[91.255487127271536,23.85800287869429],[91.255487228781178,23.857978849034325],[91.255484594022448,23.857915664866933],[91.255482674322693,23.857869637217402],[91.255479081959876,23.857845556596224],[91.255470377284766,23.85781892914698],[91.255467530523632,23.857811269780015],[91.255452288808215,23.857779316996115],[91.255443341587977,23.85776494386846],[91.255422645302147,23.857749281717119],[91.255416627488074,23.857744392634554],[91.255383446416403,23.857726646191647],[91.255310698149728,23.857695782771199],[91.255294404507111,23.857690142783667],[91.255241173038343,23.857683545682132],[91.255202284969684,23.857682538453414],[91.255139770310748,23.857687849818543],[91.255082676086218,23.857691791648197],[91.255056618654791,23.857696441659726],[91.255036280796773,23.857703416676728],[91.255008316241955,23.857713879201476],[91.254973997004853,23.857731315919295],[91.254922517250847,23.857769096835778],[91.254892646471035,23.857801065231786],[91.254864681916217,23.857838265287896],[91.254783332280738,23.85797078875795],[91.254771256228352,23.857984157101065],[91.254751554377549,23.857990550441659],[91.254731216519531,23.857989387941444],[91.254690303648218,23.857976290712028],[91.254643925426748,23.857951506037896],[91.254482714664164,23.857849395726646],[91.254452098282655,23.857820367691545],[91.254451501801313,23.857814107434645],[91.25445076877601,23.857808280959055],[91.254452354302501,23.857795084303032],[91.254456589859075,23.857778359883078],[91.254459045853068,23.857770555919792],[91.254479343286889,23.857722503903233],[91.254492931203885,23.857686522182668],[91.25450986265038,23.857641684888012],[91.254516250570333,23.857595144489327],[91.254517040189484,23.857562046400751],[91.254515304644372,23.857489536524398],[91.254510035126884,23.857458117674014],[91.254499395480664,23.857418465156478],[91.254475789551634,23.857389935710991],[91.254425342860245,23.857355099972814],[91.254387379158004,23.857338840498493],[91.254316525438313,23.857325532062625],[91.253963589939573,23.857302873459446],[91.253922461472598,23.857301621403103],[91.253840048231822,23.857283115778653],[91.253811749503711,23.857261420857419],[91.253801468285303,23.857228611872639],[91.253805501720947,23.857144443869657],[91.253820631146951,23.857081995413697],[91.25386039417468,23.856921931467568],[91.25386039417468,23.856900134612193],[91.253858407999587,23.856881062874198],[91.253847484485718,23.856864715433264],[91.253830603344895,23.856851092290341],[91.253809748955589,23.856845642868507],[91.253776978414038,23.856842918568248],[91.25289614614195,23.856917390695941],[91.2527336831279,23.856933265732316],[91.252706354580326,23.856932103222608],[91.252680297148871,23.856928034849307],[91.252649155252911,23.856919316436628],[91.252625004944818,23.85690594716209],[91.252617378248047,23.85689897210219],[91.252612928892461,23.856889091177461],[91.252609751551304,23.85687804774178],[91.252605938202919,23.856865840973274],[91.252592808426712,23.856743202238953],[91.252593577384602,23.856709469686066],[91.252605990305184,23.856614392624067],[91.252636960622922,23.856464198377775],[91.252772998794626,23.855836128789019],[91.252774769374042,23.855821734906552],[91.252775417957679,23.855803923296385],[91.252770309238642,23.85578019885218],[91.252764551935982,23.855774285198798],[91.252732890813817,23.855757507116017],[91.252544722507878,23.855711266734858],[91.252465375217156,23.855702227006663],[91.252447382860325,23.855693788666695],[91.252439211784491,23.8556864684823],[91.2524336215685,23.85567619475486],[91.252429722880152,23.855668307686425],[91.252428928769419,23.855648326289362],[91.252439665433698,23.855606515775001],[91.252451650756242,23.855559839086126],[91.252446085693052,23.855519258434388],[91.252435328367511,23.8554933362363],[91.252425419051633,23.855473595532558],[91.252400305749546,23.85545325014952],[91.252287823201243,23.855424357958366],[91.252268604644044,23.855422124106269],[91.252228317000188,23.855425808031512],[91.252219792886464,23.855427370659921],[91.25220803753264,23.855432539985689],[91.252205261738411,23.855435638130469],[91.252197794043468,23.855454423352928],[91.252195458423728,23.855462233206676],[91.252193255754634,23.855469596125424],[91.252150265080076,23.8556133348062],[91.252125795870072,23.855649038590357],[91.252091597905505,23.855668931257796],[91.252066189956025,23.855675997578153],[91.252043267644936,23.855681011617357],[91.25198650669536,23.855680788971991],[91.251932208028038,23.855672387601238],[91.251918828520161,23.855670317245796],[91.251877751257197,23.855663962404467],[91.251756004383367,23.85562728999346],[91.251711957290027,23.855610737001843],[91.251689386220221,23.855596069511488],[91.251680568357386,23.855586571339085],[91.251659735527625,23.855540495211006],[91.251658581192487,23.855482729757359],[91.251663922575176,23.855435341543284],[91.251662942513192,23.855347065338481],[91.251637687277295,23.855183720352279],[91.251635037247198,23.855166580700939],[91.251620354283872,23.855143217632175],[91.251608321350659,23.855136994216682],[91.251536820843938,23.855122067877186],[91.251391115901455,23.855114455180463],[91.25134184330814,23.855101124333604],[91.251322150440458,23.855089338864833],[91.251315185802071,23.85507973960177],[91.251313086439254,23.855049844186013],[91.251329492371312,23.854981406267676],[91.251336989710651,23.854950127298277],[91.251339546315961,23.854933925853903],[91.251337890720862,23.854913883547077],[91.251333761165512,23.854902552391994],[91.251330135565041,23.854897324713278],[91.251312307599903,23.85488339738092],[91.25129533033936,23.854876388527551],[91.251284230755729,23.854873970633278],[91.250959333473631,23.854848669416675],[91.250873154495196,23.854834135756796],[91.250849756975285,23.854828886714383],[91.250442349434365,23.854737484001451],[91.250209878015269,23.854706671628204],[91.250161322277521,23.854689440718861],[91.2501494142101,23.85467445188802],[91.25014634646341,23.854667071671013],[91.250142373214914,23.854655228652419],[91.250134088951341,23.854630983118565],[91.250125064476009,23.854584624849942],[91.250123629866508,23.854527904015907],[91.250121603267218,23.854447778062458],[91.250140265767257,23.85429975602246],[91.250138495187841,23.854271122371344],[91.250132919344864,23.854248059017326],[91.250127309365922,23.854241418196867],[91.250111327438688,23.854236742592395],[91.250091618401385,23.854232494208702],[91.250054348198532,23.854233483389528],[91.250029949057094,23.854235981810469],[91.24995713431511,23.854241820770422],[91.249942437877067,23.854228783137412],[91.2499363679607,23.854204262294822],[91.24993695905215,23.854158571817432],[91.247724200098205,23.852369129511011],[91.248126280629521,23.851826646088703],[91.248731051631609,23.851005517785712],[91.248887041385743,23.850813065420855],[91.249005430357016,23.850354346188752],[91.249220743055915,23.849526343195883],[91.249394112515859,23.848852031658613],[91.24960429763108,23.848052682034353],[91.249620281354936,23.847991895438799],[91.249830978509891,23.847199402708206],[91.249926834140581,23.846847291437744],[91.250111579865276,23.84643032318186],[91.25018466859342,23.846274369835768],[91.250504652989221,23.845591601560773],[91.250706583485297,23.84515274169765],[91.251366520028995,23.843780761185513],[91.251429900663879,23.843655486553192],[91.251743966958557,23.842995953073022],[91.252007903667135,23.842420386801269],[91.252370809567168,23.841673461234848],[91.252733568143526,23.8409128079475],[91.252865010534222,23.840634754361282],[91.252886755153966,23.84057277615921],[91.252967115744354,23.840406158753808],[91.257643793622506,23.838391209204691],[91.258913017897541,23.83927217939214],[91.259501037116223,23.839697612518194],[91.261206213798658,23.841470646211249],[91.262205948878346,23.842417685204115],[91.262732877267823,23.842910702750604],[91.262923729739825,23.843092290676545],[91.262943763967286,23.843172791749183],[91.262928705508173,23.843214094387786],[91.262913312875781,23.84322849788704],[91.262847947862454,23.843259246435689],[91.262780655962843,23.843274190574434],[91.26269940604034,23.843279783533774],[91.262637125841678,23.84328043263584],[91.262522770306006,23.843267379932115],[91.262287157478355,23.843242930142353],[91.261901016653482,23.843218464736641],[91.261628097690377,23.843204847554073],[91.261611262363644,23.843186791823435],[91.261605336177695,23.843155455778575],[91.261616078231881,23.84303988176049],[91.261614778369648,23.842846444733578],[91.261612763448454,23.842773542090601],[91.261590292091626,23.842747442331369],[91.261564682021216,23.842747202409129],[91.261296613062342,23.842756323562813],[91.261059408419968,23.842742968438564],[91.26102638096026,23.842730651880622],[91.261013995887396,23.842708625040849],[91.260992862122052,23.842678776070517],[91.260973615717077,23.842661569033261],[91.260932095584664,23.842662001222259],[91.260733161868345,23.842654070635923],[91.260633602483722,23.842662196775471],[91.26053169130968,23.842659206783416],[91.260476280528025,23.842655732016564],[91.260408616725883,23.842646308487808],[91.260273299901371,23.842628473703865],[91.260156943817549,23.842621582505704],[91.260036398889582,23.842633978774252],[91.259946741634351,23.842636937544082],[91.259841697136579,23.842649172767359],[91.259750945733316,23.842653156137093],[91.259662521864954,23.842666231087232],[91.259462750918843,23.842718952381986],[91.259419683887444,23.842728516407913],[91.259357693844649,23.842730174501003],[91.259337777296508,23.842731394653722],[91.259300132496193,23.842731786581595],[91.259247980802371,23.842723214289499],[91.259217948325812,23.842712385741109],[91.259185676349219,23.842699554826215],[91.259150271048924,23.842701949119739],[91.259122628989303,23.842705275166363],[91.25911165786475,23.842713492506064],[91.259101983009145,23.842736888216631],[91.259090106382786,23.842761320025534],[91.259073700450728,23.842777696360013],[91.259045039701604,23.842788122293815],[91.259015145565556,23.84278843369967],[91.25895740814731,23.842775868185704],[91.258903029529918,23.842766305806556],[91.258810540784893,23.842738404163889],[91.258764129325712,23.842742750700872],[91.258730870100635,23.842785597359324],[91.258697136565118,23.84312981211151],[91.258693591812985,23.843177848176211],[91.258696849104197,23.84334424674795],[91.258707404308808,23.843411750025371],[91.258718630554895,23.844096574851118],[91.259224417992471,23.844116036286014],[91.259204477189812,23.844523158054358],[91.2596270770388,23.844538075754933],[91.259661442988303,23.844584081025559],[91.259762905004706,23.84459075191992],[91.260506690297035,23.84461778058256],[91.260452711429906,23.84537173963496],[91.260305170331023,23.847432540587306],[91.260444548438912,23.847431089603095],[91.260421803095937,23.847639955575016],[91.260415038781829,23.847775248474115],[91.260490870964873,23.847759005051749],[91.260555474206839,23.847763055637291],[91.260662550693766,23.847788398496657],[91.260708518385172,23.847804256575778],[91.260783224080811,23.847811288816974],[91.260837903633842,23.847811412881505],[91.260905312314435,23.847797188182959],[91.261031299236436,23.847737924750906],[91.261167517071158,23.847712908886454],[91.261242291038783,23.84771279139478],[91.261283558744623,23.847717638131616],[91.261356481284437,23.847741580959536],[91.26141994456431,23.847787382153193],[91.261485378747921,23.84785620263726],[91.261498088112546,23.847871681120093],[91.261520996050635,23.847922536866466],[91.261540288269671,23.847989457697203],[91.261547017549461,23.848107313864208],[91.261510591762985,23.848235187897831],[91.261436585854938,23.848398224499064],[91.261261262559259,23.848566179080798],[91.261141230569322,23.848764465772785],[91.261113924479631,23.848946333062823],[91.261157940131909,23.849088822735695],[91.261337734342774,23.849280123298765],[91.261594419850368,23.84954016511653],[91.26187111622923,23.84971113926894],[91.262050286110977,23.849852220688987],[91.262242030610068,23.84998544494055],[91.262459261212072,23.850129993234169],[91.262735380872499,23.850254611720423],[91.262998542334998,23.850356184115427],[91.26325728678124,23.850442348914683],[91.263405641753764,23.850483301699079],[91.263680847827573,23.850534524498496],[91.263952342062652,23.850599540329238],[91.263956397057839,23.85070829078288],[91.263960898515734,23.85074409697549],[91.263977395177591,23.850801236017261],[91.263989391279907,23.850822568872747],[91.264018329608476,23.850855525724455],[91.264072471968959,23.850907320210222],[91.264150993707943,23.850958666903555],[91.264173384216406,23.850970272817761],[91.264193704108109,23.85098510022198],[91.264216145820527,23.851030535479413],[91.264234465164151,23.851168449845396],[91.264263362170212,23.851298259006917],[91.264269964787545,23.851317762083607],[91.264278721564907,23.851329741792338],[91.264298354245483,23.851354662475014],[91.26431016439652,23.851366078564865],[91.264314349647407,23.851369001806692],[91.264334110787047,23.851380988905099],[91.264362681704625,23.851393267669213],[91.264378204592745,23.851399341733885],[91.264400211520567,23.851403064388567],[91.264409599813632,23.851403395492042],[91.264434176821482,23.851399762391427],[91.264459026018869,23.851391769898317],[91.264518118994886,23.8513631446422],[91.264555100838493,23.851334431468842],[91.26462564104618,23.8512625983902],[91.264724040705786,23.851192024781533],[91.264748129928435,23.851182352107539],[91.264781284948938,23.851180627573093],[91.264836535830497,23.851185131573843],[91.264869580358223,23.851190790741263],[91.264903229452131,23.851200571043979],[91.264941221900443,23.851220412633658],[91.264975080301809,23.85124937559797],[91.265007499602092,23.851297066869133],[91.265022099022119,23.851336783701402],[91.265032921924643,23.851404239271865],[91.265048090876533,23.851615265387775],[91.265064382722528,23.851769703038563],[91.265076412960838,23.851802241457921],[91.265144166594467,23.851958862680533],[91.265165959723291,23.852015948604716],[91.265184352728724,23.852061049112571],[91.265227122417713,23.8521342735256],[91.265316515568273,23.852237408757414],[91.265384615951632,23.852288744243033],[91.26542792462979,23.852311476023068],[91.265462588819986,23.85232595491933],[91.265486157918104,23.852333635150313],[91.26552687854992,23.852343882030326],[91.26555846421364,23.852346166052541],[91.265623409713726,23.852339484055047],[91.265754454150738,23.852293810995146],[91.265843732316938,23.85226274745547],[91.265861940269446,23.85226186013692],[91.265887209878358,23.852269311969369],[91.265910187885012,23.852279168598642],[91.265941268695556,23.85229883420272],[91.265988365569243,23.852337449796341],[91.266001392937525,23.852351384796648],[91.266008128505533,23.852364093982299],[91.266008348592749,23.852399623663057],[91.266000455096346,23.852426808442615],[91.265979818997621,23.852505663824914],[91.265972614509081,23.852557734526791],[91.265977017152281,23.852598953659179],[91.265993487762998,23.852634160391084],[91.266009278349088,23.852653467728555],[91.266026738903264,23.852669235659228],[91.266058289532651,23.852686199820944],[91.266092024864847,23.852697405466824],[91.266142964731358,23.852707322861104],[91.266163230724146,23.852707403376794],[91.266200269161629,23.852692382274736],[91.266283874466794,23.852626489215371],[91.266363943104722,23.852572321845312],[91.266381431506673,23.852563071571247],[91.266427763015741,23.852549910530918],[91.266492655515236,23.852541876207702],[91.266540197953347,23.852539309562147],[91.266650829073853,23.852528509767819],[91.266700676588968,23.852509848181214],[91.266808754697422,23.852431653359961],[91.266839251603017,23.852392682867364],[91.266882494704163,23.852317641241303],[91.266896453625364,23.852301416463273],[91.266931662194594,23.852284602602346],[91.266985447025604,23.852272752793279],[91.267003418721174,23.852270251048086],[91.267157158195516,23.852261243943495],[91.267227088447143,23.852240455218322],[91.267256517255859,23.852222026922199],[91.267265031488108,23.852214655603021],[91.267281673677076,23.852190782615136],[91.267327915354628,23.852096909156501],[91.267382752112852,23.852034996411021],[91.267454099007651,23.851986234875753],[91.267552454649774,23.851935517930031],[91.26761732379309,23.851907687274917],[91.267940611294179,23.851755629947796],[91.267998382848404,23.851717355142632],[91.268046838873147,23.851691882417938],[91.268072851388837,23.851674398878028],[91.2680807439869,23.851668345366111],[91.268097459837719,23.851649783890231],[91.268113639394315,23.851626850703312],[91.268127841758954,23.851605796501019],[91.268134346459902,23.851586679617593],[91.26813590952851,23.851560537266767],[91.26813426471324,23.851546326946796],[91.268124558416602,23.851523677192148],[91.268034488834616,23.851406379531205],[91.268017509777451,23.851372770471684],[91.268014547133617,23.85136418807031],[91.268008261621588,23.851323104930323],[91.268015334956146,23.851287038451296],[91.268024127666138,23.851254931241286],[91.268037086762419,23.851233296930587],[91.268058937383401,23.851222651487802],[91.268080781716137,23.851212009330553],[91.268147049536353,23.851195338286349],[91.268274453101498,23.851178049398218],[91.268339103954204,23.851155608265184],[91.268394455447066,23.851127733076272],[91.268438354318363,23.851103667634078],[91.268483704867151,23.851084715817944],[91.268525021082027,23.851083096446871],[91.268582411750586,23.851091853867363],[91.268637381459442,23.851111011082104],[91.268817577217249,23.851212239377972],[91.268894535887625,23.851259792634423],[91.268965465065847,23.85128746568196],[91.269059250978145,23.851297869569748],[91.269109959079302,23.851300906193593],[91.269270454782898,23.85129923506457],[91.269352484443075,23.851319323939929],[91.269390535281858,23.851344122206644],[91.269433424446788,23.85140153457554],[91.269449924701945,23.851416974019877],[91.269508060073861,23.851437740694088],[91.269606042915157,23.851450276612496],[91.269724351038079,23.851452908185717],[91.269821682600792,23.8514518951574],[91.26988070101666,23.851440091281574],[91.269918789584679,23.851428505127757],[91.269946263659349,23.851411299252003],[91.270065207789486,23.851295380129727],[91.270108117615649,23.851271017300402],[91.270155718444244,23.851259539582369],[91.270192730830587,23.851266084428712],[91.270227146187423,23.851283107929135],[91.27031708371706,23.851343459999409],[91.270636636921481,23.851532060756757],[91.270602663535755,23.851652165694503],[91.270590872249343,23.851682814475097],[91.270581874723447,23.851698422312893],[91.270572255563394,23.851709773466478],[91.270562326484551,23.851724530128941],[91.270544019717406,23.85173985451161],[91.270520128124105,23.851754894620765],[91.270494995957364,23.851767948934551],[91.270390867741213,23.851823004784013],[91.270368379316409,23.851843572567386],[91.270343522932492,23.851887956705617],[91.270334053791103,23.851922598374426],[91.270334053791103,23.851957239212414],[91.270336420851848,23.851985385348591],[91.270343522932492,23.852028687400619],[91.270431347624552,23.852384927875153],[91.270451043187165,23.852423726657719],[91.270462406875495,23.852443125223051],[91.270473769665557,23.852456982160955],[91.270491192490468,23.85247083827581],[91.270510130773303,23.852484001788952],[91.270526795420125,23.852490237655704],[91.270541189125922,23.852495086678623],[91.270558611950861,23.852501322544843],[91.270594973058635,23.852502015144985],[91.270616183180806,23.852501322544843],[91.27063209144616,23.852496472700551],[91.270673475932981,23.852478589976538],[91.27075481029712,23.852431347728412],[91.270798745999357,23.852417490787762],[91.270838137124557,23.852405713290796],[91.27091692027328,23.852392548948124],[91.270996459803499,23.852392548948124],[91.271063879263878,23.852397398796281],[91.271107815864426,23.852405713290796],[91.271141904234511,23.852420262011684],[91.271179779901829,23.852445203846003],[91.271219171027056,23.852479151944014],[91.271239624767759,23.852501322544843],[91.27127371313783,23.852546355513429],[91.271293408700458,23.852578225785777],[91.271704797574714,23.853224814908454],[91.271745456222774,23.853284323950053],[91.271763886059119,23.85330562764133],[91.271803753291451,23.85334303438427],[91.271825192484044,23.853359138259034],[91.271852705186234,23.853379805210285],[91.2719091975395,23.853408944332518],[91.271938178088874,23.853417416506222],[91.271996138289339,23.853434361673553],[91.272004936389237,23.853438201756244],[91.272057606410954,23.85346992474577],[91.272115079724514,23.853529303043061],[91.272148557240214,23.853588203151958],[91.272180636079,23.853657122431866],[91.272412851478279,23.854258443771126],[91.272553577059114,23.854679451999178],[91.2719738322225,23.854856172038005],[91.271959936183364,23.854863085589766],[91.271941009578654,23.854820771196515],[91.271919461689947,23.854768745769125],[91.271867843595402,23.854612643071107],[91.271791919784221,23.854365741069227],[91.271754253424362,23.854265384466885],[91.271718437593975,23.854189467300518],[91.271688812952533,23.854133696860853],[91.271599182646725,23.853997380337951],[91.27157345579532,23.853967655561188],[91.271555803899986,23.853956031840671],[91.27154486062318,23.85395054286117],[91.271530739106936,23.853946346227687],[91.271507438605113,23.853944408940698],[91.27148131469832,23.853945700465356],[91.271455896867337,23.853948606395821],[91.271434361555052,23.853956031840671],[91.271371172261325,23.853984571901258],[91.270832066309865,23.854223709888352],[91.270579605579059,23.854322144030014],[91.270356865609429,23.854384797567469],[91.269986345589018,23.854457529364126],[91.269700843923729,23.854510490692693],[91.268783760138376,23.854618912520039],[91.268695502458357,23.854629506746086],[91.268652476749509,23.854639596523477],[91.268623241976897,23.854656749389729],[91.268601177556889,23.85467541559661],[91.268585731923892,23.854697108486114],[91.268578378314956,23.854740613382699],[91.268577457541809,23.854775808852249],[91.268654746792208,23.855506280904589],[91.268590558571901,23.855507467252654],[91.268405407707007,23.855506650611371],[91.267124777522824,23.855451316171315],[91.267097441788707,23.855449753543198],[91.26706941884342,23.855449417520649],[91.267050631477559,23.855450360684216]]]},"properties":{"objectid":2077,"id":"2025","name":"Ward No 15","code":"15","town":"Agartala","district":"West Tripura","state":"Tripura","st_area(shape)":3209146.4217475094,"st_perimeter(shape)":10481.691227313064}},{"type":"Feature","id":2063,"geometry":{"type":"Polygon","coordinates":[[[91.292000053903124,23.824824428708755],[91.291899733645479,23.824862354806708],[91.291786307866104,23.824927053160703],[91.291635830174542,23.82507409632327],[91.291523423983037,23.825220741586065],[91.291455400854801,23.825334142310361],[91.291409517605018,23.825426822226106],[91.291370837945522,23.8255583573815],[91.291336100991799,23.825646823974118],[91.291258839589162,23.825737782080719],[91.291185546943453,23.825787719563717],[91.290989822907662,23.825949001174113],[91.290900291416548,23.826011564881863],[91.290786867433823,23.826112406004064],[91.290773072904329,23.826155823525497],[91.290762226645583,23.826205766599898],[91.290757047857966,23.82625040521965],[91.290737454703319,23.826288637415701],[91.290704921316959,23.826335435580543],[91.290649531196578,23.826384034194241],[91.290593981176031,23.826419828203811],[91.290535011269199,23.826462061473809],[91.290497236213184,23.826520080632555],[91.290463278997137,23.826603671925735],[91.290439660491685,23.826674350132834],[91.290408645258168,23.826713090047406],[91.290370312348387,23.826726294798092],[91.290275911988445,23.826733680714465],[91.290184931514773,23.826734628195688],[91.290157415219312,23.826773331935136],[91.290179724879394,23.826878747159281],[91.290199531833053,23.82706422469354],[91.290250831924013,23.827249373262728],[91.290266940513703,23.827418881225981],[91.290265888586489,23.827539833536129],[91.289932353104646,23.827422924229435],[91.289378365662202,23.827162528254402],[91.289072189270655,23.82702721384825],[91.288629062917408,23.826865639390839],[91.288395808167351,23.826786225235452],[91.287978975502469,23.826660394294169],[91.287998795930903,23.826448147521806],[91.288046769560367,23.826214648964129],[91.288044274040487,23.826097782016443],[91.288012248202307,23.825967958307817],[91.288141605603187,23.825957131647407],[91.288201044430608,23.825911793610523],[91.288272740770054,23.825904986165195],[91.28840212152717,23.825889884712591],[91.288536296592952,23.825852003289981],[91.288705053203913,23.825755847636515],[91.288783600994037,23.825632214725733],[91.288796554700454,23.825539641785578],[91.288790761465179,23.825456961961706],[91.288739591629948,23.825188819392089],[91.288705896721993,23.824962480243627],[91.288680439365137,23.824874810296258],[91.288655717728517,23.824836394430019],[91.288638870723688,23.824817166770266],[91.288618001961311,23.824804305323116],[91.288561221248841,23.824794932268457],[91.28844837757778,23.824805603712189],[91.28812419625298,23.824834091844366],[91.287976114368306,23.824850535361978],[91.287848337103981,23.824857093867877],[91.287786047023843,23.824852542111991],[91.287677152346802,23.824823556815975],[91.287529501653438,23.824758772124955],[91.287226455890675,23.82462061847432],[91.286675939538469,23.824440038468637],[91.286507961766858,23.824389414290803],[91.286293113496995,23.824364234499125],[91.286151874978117,23.82435095472713],[91.285997339596435,23.824355704546715],[91.285807299201451,23.824402089237772],[91.285787778810317,23.824301091472108],[91.28572509526812,23.824144859230046],[91.285468698119701,23.823957187503904],[91.285215401057371,23.82381539830449],[91.285075397722025,23.823741387076549],[91.284938623830115,23.823688795303266],[91.284798377051345,23.823660651242324],[91.284671071402542,23.82361287173784],[91.284643529954238,23.823561865112797],[91.284650602390457,23.823438600731539],[91.284739788030194,23.823161090679584],[91.284820375894327,23.822891371305499],[91.284517434336138,23.822731501818698],[91.283755494990231,23.822389542132353],[91.283422654804411,23.822219754767243],[91.283164441262528,23.822097268160825],[91.283049115546348,23.822059571353858],[91.282987158741207,23.822043639453209],[91.282939896577474,23.822080614739772],[91.282888376399271,23.822113656965861],[91.282442395200079,23.82208643213788],[91.282438582750018,23.821939314916403],[91.282397415655495,23.820350543158071],[91.283850362474098,23.820479027212272],[91.284046744076704,23.820481126892428],[91.284332588000126,23.820472712557557],[91.284544439490176,23.820444602314407],[91.284922746107455,23.820391264660405],[91.28517723433589,23.820382048249488],[91.285343933804867,23.820385208866291],[91.285761678259746,23.820454847605451],[91.286129238331299,23.820555255852483],[91.286332303399561,23.820639268458343],[91.286715241730462,23.82080494400773],[91.286828333336516,23.820824085152196],[91.286988352933037,23.820815703711194],[91.287154368784059,23.820770402502017],[91.287253756590459,23.820721274195996],[91.287497351847747,23.820544958796471],[91.287536822024691,23.820516390008837],[91.287595251145717,23.820455681725129],[91.287637516879826,23.820411767576978],[91.287672915891918,23.820330852163828],[91.28767624774332,23.820278755371902],[91.287662032802245,23.820163396002101],[91.287629729384633,23.820067565673231],[91.287562335975366,23.819929964205997],[91.287510970307451,23.819838136676491],[91.287483418079375,23.819770962997762],[91.287454285714702,23.819675040337785],[91.287451465903047,23.819654404173566],[91.287451465903047,23.819602813337752],[91.287458515881369,23.819504790035779],[91.287488122556496,23.819368073050114],[91.287510680151613,23.819308743209735],[91.287540287725051,23.819249413342217],[91.287583993458568,23.819193953307487],[91.2876262897354,23.819144941100436],[91.287900370220186,23.818931481382133],[91.287920004697355,23.818918801791835],[91.287944835928414,23.818906651441154],[91.287968512824378,23.818897669960368],[91.288031458674624,23.818876010528108],[91.288179293522617,23.818839029397711],[91.288229713264585,23.818830234461558],[91.288401717285282,23.818794120320572],[91.288507457079064,23.818781222117149],[91.288671001664767,23.818763165452008],[91.288800709408633,23.81875671675984],[91.288933236964198,23.818752846886941],[91.289002865381846,23.818759724560746],[91.289028801540752,23.818764039029126],[91.289073600523963,23.818776980789835],[91.289126651431388,23.818794237016647],[91.289191491828575,23.818817964119301],[91.289291698898538,23.818858947435825],[91.289362434040612,23.818891301811547],[91.289398980201327,23.818908558023143],[91.289433169182729,23.818925814232475],[91.289614795058441,23.819019306556257],[91.289738212798696,23.819095138301972],[91.289867156076269,23.819184451646663],[91.290124724627816,23.81940365286172],[91.29027479358588,23.81955310850898],[91.290382140465738,23.819716555086625],[91.290440476161947,23.819826926547364],[91.290509188298032,23.819994854032181],[91.290554396913024,23.820137308128984],[91.2906574633205,23.8205616329594],[91.290719708484886,23.820893357959331],[91.290740461364564,23.820951139645423],[91.290754899087815,23.820980855555444],[91.290790088792448,23.82102708038213],[91.290857869375571,23.821104593977946],[91.291035396238627,23.821246729646543],[91.291325888045321,23.821378493387016],[91.291500609469779,23.821416482947871],[91.291586375223233,23.821423422936306],[91.29178577875841,23.821411005739424],[91.291887218316916,23.821378704586252],[91.292021453569816,23.821327217159265],[91.292390503946407,23.821189265302294],[91.293332023704139,23.820799720706781],[91.293374319980984,23.820790692514933],[91.29344481347627,23.820768766316561],[91.293513896616545,23.820755869131162],[91.29358720992353,23.820748130326269],[91.293691540260625,23.820737811918978],[91.293789384761354,23.820736522528904],[91.293867886737402,23.820737347607064],[91.293978871794138,23.820743951519322],[91.294086246521729,23.820761285554752],[91.294327727144847,23.820834484909881],[91.294482862601157,23.82090157010661],[91.294761651156293,23.82103032069675],[91.294959804236612,23.821127240006334],[91.295713202400805,23.821612915294523],[91.295879522780709,23.821725769397776],[91.296269351189835,23.82192824713729],[91.296337895340969,23.821959869360747],[91.296483122379684,23.822017979285157],[91.29705078757064,23.822349535384493],[91.296866561970475,23.822525415254418],[91.296593048322677,23.822800131799102],[91.296547932234176,23.822823347023604],[91.296498586877291,23.822837534194505],[91.296443601897082,23.822847852434855],[91.296343501726653,23.822858169852584],[91.296133430697438,23.82287622676975],[91.295826080207817,23.822920077628869],[91.295625878968664,23.822961349737263],[91.29554551658164,23.82298069600785],[91.295380561640968,23.823037444613369],[91.295264952955492,23.823076137129011],[91.295125375421591,23.823148362195969],[91.29501258654777,23.823227036514897],[91.294913895834043,23.823319897904312],[91.294829303280366,23.823430815245484],[91.294765483369318,23.823594298849798],[91.294643652053864,23.823928525785565],[91.294600312832955,23.824101858494686],[91.294570412408746,23.824230229539541],[91.294501941021153,23.824352599906874],[91.294433031255693,23.824439758245905],[91.294336287191186,23.824540012204572],[91.294134405204119,23.824628554272248],[91.293907749478137,23.824694944758914],[91.293754179785367,23.824728559090037],[91.293597230630525,23.824771812721455],[91.293464537784971,23.824795604472492],[91.293307230202316,23.824810048640281],[91.293184795218977,23.824814524795272],[91.292854712861072,23.824747914136566],[91.292543290308288,23.824740911871739],[91.292355272020984,23.824751065607604],[91.292000053903124,23.824824428708755]]]},"properties":{"objectid":2063,"id":"2016","name":"Ward No 31","code":"31","town":"Agartala","district":"West Tripura","state":"Tripura","st_area(shape)":763629.79800901085,"st_perimeter(shape)":4877.9146662189878}},{"type":"Feature","id":2072,"geometry":{"type":"Polygon","coordinates":[[[91.272669103099574,23.82622104633684],[91.272563791802227,23.826321235643988],[91.272420568904877,23.826434911516095],[91.272254176659757,23.826531247452248],[91.271683283821957,23.826793865069941],[91.271419679490023,23.826891513077541],[91.270346599662361,23.827118450382354],[91.270108684452623,23.827130540798116],[91.269952276981854,23.827124496001264],[91.269709731855144,23.827109571366979],[91.268807929311095,23.827030638085315],[91.268706659534161,23.827006631445304],[91.268395348372451,23.826895511722832],[91.267858340885496,23.826742867912902],[91.2674826303994,23.826649105866061],[91.267143843366384,23.826587012508991],[91.26675850563538,23.826569200990907],[91.266734900604646,23.826438196070452],[91.266702077062504,23.826233357888643],[91.266692414783293,23.826198002645533],[91.266677385070281,23.826184253838267],[91.266659133998672,23.826177379023207],[91.266471462461084,23.826194005622273],[91.266234284768188,23.826218831703663],[91.265861575553416,23.826264467930717],[91.265814361898734,23.826274685644314],[91.26568951134557,23.826315231897208],[91.26558103438515,23.826350685719003],[91.265502551273727,23.826370480984437],[91.265381029877005,23.826389328763099],[91.265269883123537,23.826396051542215],[91.265159280749145,23.826408642474146],[91.264796647936947,23.826479628945478],[91.264734300364623,23.826486413351532],[91.264693551885017,23.826483095928218],[91.264673717981879,23.826466141486033],[91.264660840632274,23.826431908001865],[91.264638121340425,23.826273901689174],[91.264606764747114,23.825949928117133],[91.264589647349382,23.825909632386367],[91.264521076248812,23.825807828826918],[91.264499638852882,23.825766329174886],[91.264476943815538,23.825636067958289],[91.264457862700553,23.825465606066501],[91.264447585075402,23.825421364909214],[91.264417992773318,23.825369360554664],[91.264362318785274,23.825346983160941],[91.264119046023168,23.825325029792516],[91.263557520817173,23.825279644694277],[91.263284936027375,23.825255999305735],[91.26318988798208,23.825247754563524],[91.263003492052206,23.825231585564929],[91.262786194076554,23.82520590301791],[91.262755332454972,23.82519385515446],[91.26274846752959,23.825186479833341],[91.262736413935102,23.825163814791054],[91.262735814758798,23.8249981620637],[91.262755555237149,23.824733065653156],[91.262836339832361,23.823851429692816],[91.262830901431627,23.823597000839072],[91.262819164942414,23.823489871194358],[91.262773004113242,23.823199184905867],[91.262700045640798,23.822798111047135],[91.263138255514505,23.82271237821293],[91.263250595230673,23.82269116646486],[91.263468759182246,23.822649973161312],[91.263693707210891,23.82263255966561],[91.263976837323796,23.822628791808889],[91.264115363828836,23.82261877514404],[91.264288944392845,23.822592124023938],[91.264543992271697,23.822611211489178],[91.264748256590892,23.822626497401828],[91.264851728138567,23.822629171470783],[91.264939432456387,23.822627295349271],[91.265006329097304,23.822617190753956],[91.265051329303134,23.822606550357857],[91.265130926325526,23.822579130871571],[91.26518509833042,23.822557234559437],[91.2653315991802,23.822517578763229],[91.265455324144298,23.822493383100628],[91.265803996238674,23.822443309577864],[91.266465688988745,23.822325817145298],[91.2670022554029,23.822189898616234],[91.267073963420444,23.822447323152268],[91.267125779144351,23.822745796652608],[91.267188278531904,23.823149730452563],[91.267449991910155,23.823086615596711],[91.267587785389921,23.82307180143777],[91.267978329756318,23.823094103620463],[91.268326770983663,23.823105934730016],[91.268624611009372,23.823120112008731],[91.268897388038667,23.823090470548408],[91.269518334105769,23.823124079542751],[91.269512530989005,23.823393899511398],[91.269470123321113,23.823551676769419],[91.269430415988907,23.823683094668667],[91.269429426045463,23.823875351452411],[91.269438954475675,23.82400202987451],[91.269414290331241,23.824431934196831],[91.269319385118123,23.824841048085318],[91.269370050998447,23.824934881288765],[91.270167419899138,23.825324553170596],[91.270302607366261,23.825158414164765],[91.270691619206758,23.824645343779505],[91.270856964016289,23.82438183348199],[91.271225550862198,23.824069232590404],[91.271586748166584,23.823678038303353],[91.271941274581664,23.823072559115435],[91.27217112022521,23.822423673138694],[91.272700858544866,23.822396371128395],[91.272807396940934,23.822374377815297],[91.272871017425999,23.82234096092353],[91.272876123450075,23.822150019183081],[91.272891303181765,23.821989077177847],[91.272938859094566,23.821897551056342],[91.273039475796296,23.821834342729861],[91.273246769234618,23.821722930953289],[91.273287907583068,23.821683796735634],[91.273603586353673,23.821587844261582],[91.273695908012058,23.82154519275969],[91.274046079394637,23.821505558842453],[91.27445691760164,23.821458822213227],[91.274421074821788,23.820981834306661],[91.27399583123092,23.820971170766388],[91.273993114725499,23.820880473113156],[91.274010158461394,23.820681626056682],[91.27388866221753,23.820678161384325],[91.273896330236781,23.820438317242552],[91.273771636888824,23.820434837771415],[91.273796364813649,23.820312227033064],[91.273809617659026,23.82022319223093],[91.273812618032096,23.820121145889768],[91.27380448558381,23.820065168496509],[91.273795124240252,23.820050945685317],[91.273755843607816,23.820007770194493],[91.273676040871223,23.819940632762613],[91.27356325199743,23.81983063285071],[91.273489188597196,23.819739373112846],[91.27342225692199,23.819678090029093],[91.273305986178144,23.819601969351027],[91.27325019001924,23.819571005635336],[91.273147192781991,23.81950049367159],[91.273078018013564,23.8194425354746],[91.273033713103757,23.819383932960868],[91.27257905777212,23.818592411831272],[91.272487427816515,23.818384302804329],[91.272807504738793,23.818327215223562],[91.273623593631683,23.818202121458686],[91.273556252324752,23.817779511427318],[91.273551478677305,23.817714897443565],[91.273553212425796,23.817543425002548],[91.273561875778412,23.817401171868202],[91.273564715353032,23.817296528023501],[91.273530019721804,23.816936875954163],[91.273707852910405,23.81688525363101],[91.273775658646343,23.816857538725998],[91.273933449522659,23.816781710603891],[91.273965473564203,23.816767061732133],[91.274002466187625,23.816753929109655],[91.274034490229184,23.816749382822277],[91.274076452332736,23.816749888239244],[91.27410350689415,23.816750898251417],[91.274143812504306,23.816756454550884],[91.274216884164446,23.816781538844332],[91.274720802207938,23.817007736938212],[91.274950342424262,23.817125850545612],[91.275161706129168,23.817220559627749],[91.275193625966125,23.817231608906607],[91.275225546701449,23.817241869243915],[91.275260917865765,23.817245815590493],[91.275292837702764,23.817245815590493],[91.275331659296057,23.817238711837845],[91.275421381230032,23.817207142703758],[91.275494001935883,23.817175350028727],[91.275693544709981,23.817067819790424],[91.275988905385489,23.817371396789902],[91.276360790845132,23.81763873205815],[91.276611539387005,23.817839207671874],[91.276832089263991,23.818013574130816],[91.276931149185316,23.818109196415303],[91.277028375645131,23.818224259295032],[91.277076528039316,23.818304418316021],[91.277235889170726,23.81865950229594],[91.277302566622694,23.818820185453191],[91.277316579442825,23.818881843684096],[91.277322129234619,23.818935555878511],[91.27731899231766,23.818983497356495],[91.277306158087185,23.819036525769771],[91.277263700113608,23.819167425575984],[91.277245506534157,23.81924301069504],[91.277237096506468,23.81929237130829],[91.277233716146057,23.819378394031695],[91.277279433207468,23.819810384599343],[91.27729344872256,23.820205631308415],[91.277360253735296,23.821179125258091],[91.27748942698156,23.821686967182092],[91.277562999003337,23.822006097125858],[91.277590125429967,23.82231980499585],[91.277621573651444,23.822423701901009],[91.277680261487248,23.822529157638996],[91.277799374500688,23.822700556107069],[91.276806772044324,23.823341213914972],[91.276133557502419,23.82383666246216],[91.275346508447711,23.82437342843949],[91.2750042467312,23.824572123564529],[91.274520473407989,23.824776840282354],[91.27400049977544,23.824984566799177],[91.273834112021888,23.825059599592009],[91.273684566781583,23.825145630818934],[91.27334941343392,23.825436868257572],[91.27293659354342,23.825887722666323],[91.272669103099574,23.82622104633684]]]},"properties":{"objectid":2072,"id":"2033","name":"Ward No 33","code":"33","town":"Agartala","district":"West Tripura","state":"Tripura","st_area(shape)":845028.82487379794,"st_perimeter(shape)":6054.9999527299169}},{"type":"Feature","id":2073,"geometry":{"type":"Polygon","coordinates":[[[91.298981665069874,23.855124206431991],[91.299003332434538,23.855106706923724],[91.299029963889438,23.855080905414383],[91.299536825712096,23.854477793567398],[91.299808915530207,23.85411753475022],[91.300155919453118,23.854172649576693],[91.300495067608807,23.854214869700019],[91.300853628357842,23.854270964628274],[91.301204756446211,23.85434825213904],[91.30153660399364,23.854422221252026],[91.301949247814349,23.854495349027829],[91.302292768968897,23.854579754544226],[91.302882966602141,23.854696784785251],[91.30320313964414,23.854760317227274],[91.303294737260373,23.854778422283307],[91.303452449983212,23.854823373946175],[91.303601460725943,23.854879100545524],[91.303658982548527,23.854903380539071],[91.303956596198759,23.855009379216455],[91.304219013856212,23.85506999409791],[91.304466141289183,23.855118791443552],[91.30448355333435,23.855125755918845],[91.304488641392112,23.855130148048531],[91.30449343120921,23.855137359816684],[91.304495718319913,23.855146741358642],[91.304495270958896,23.855158124251517],[91.30448386145649,23.855198327914511],[91.304399047917229,23.855343242565347],[91.304342398358813,23.855450870879842],[91.304287549922492,23.855582753502453],[91.304256927252766,23.855702683799251],[91.30418283600477,23.856182449884098],[91.304161196487883,23.856298809923068],[91.304106506155065,23.856542205092044],[91.304095554793449,23.856589828690076],[91.30408630394264,23.856678692287431],[91.30408742773507,23.856705945180515],[91.30408508582714,23.856818947845603],[91.304070769376438,23.856955061760559],[91.304045635413104,23.857061922219842],[91.304025240961209,23.857123720009621],[91.303884026696878,23.857411663473027],[91.30378166995844,23.857577264112095],[91.303668126499815,23.857741302760566],[91.303568367689181,23.857854689832266],[91.30330997897579,23.858088384451559],[91.303069871876772,23.858329567103091],[91.303041087160139,23.858368778989622],[91.303017752522308,23.858415190126699],[91.302984307345966,23.858510555874858],[91.30297035830624,23.858568858916176],[91.302964478832706,23.858629169801599],[91.302975054698535,23.858794512560834],[91.302980399674468,23.858851376941239],[91.303066477143304,23.859334940876714],[91.30311860907419,23.859588226670603],[91.303149503035144,23.859829014653684],[91.303165572098948,23.860140912358048],[91.303177907764422,23.860195710793541],[91.303194172660938,23.860234710157698],[91.303219626424536,23.860273983083093],[91.303318876788708,23.860397498343971],[91.303369137528847,23.860454873839746],[91.303404118824318,23.860502266790071],[91.303419863596304,23.860527699991856],[91.303552835817939,23.860737429650019],[91.303782218829113,23.861049165789229],[91.303835481738901,23.861148752287757],[91.303894663648151,23.86127972953021],[91.30398056145394,23.86149661187762],[91.304021297357124,23.861598087555848],[91.304056699962459,23.861723689065084],[91.304159471722556,23.862258835059428],[91.304191456238257,23.862381012624656],[91.304317218581403,23.862616562298371],[91.304342074965277,23.862670685214312],[91.304363380308885,23.862729136722255],[91.304381134612186,23.862811403375463],[91.304444739825868,23.863121461082191],[91.304460738821064,23.863182202790046],[91.304477707996782,23.863222549372232],[91.304583678657607,23.863456951494783],[91.304750852437024,23.863797314283833],[91.304822052906431,23.863936414475084],[91.304899993435427,23.86408868095851],[91.305064351894771,23.864390786635084],[91.30508141808852,23.864421148979769],[91.305091347167377,23.864442713724177],[91.305110907084384,23.864500727387181],[91.305115375304581,23.864522527892699],[91.305117360581349,23.864535785476868],[91.305117177325059,23.864553537559026],[91.305116208042847,23.864573045212421],[91.305112814207718,23.86459876103687],[91.305105057255233,23.864625806063987],[91.305096815212508,23.864644870911146],[91.305070635610164,23.864699404557189],[91.305036698157053,23.864764135608723],[91.304908707093702,23.86495965941651],[91.304894163369241,23.864989364419419],[91.304878164374031,23.865031926873364],[91.304866044304219,23.865077150184167],[91.30485004530901,23.865142768277213],[91.30483577916398,23.865235643186146],[91.304751658225811,23.865673970880518],[91.304688116792519,23.866018406610603],[91.304688116792519,23.866051658624123],[91.304690056255225,23.866067176008446],[91.30469247990986,23.866080033362213],[91.304694419372566,23.866088900671961],[91.304705570160166,23.866126142709088],[91.304710418367762,23.866154961042561],[91.304710418367762,23.866172695651219],[91.304705227003737,23.866212589475239],[91.304690056255225,23.866240973214602],[91.304680844930274,23.866249840513323],[91.30465983243748,23.866260994874335],[91.304630243728653,23.866261540352006],[91.304617138206993,23.866259905562078],[91.304605024425371,23.866256818355737],[91.30459271211609,23.866253549597264],[91.304266224815962,23.866097956105399],[91.303994893175954,23.865992636027244],[91.303910050890664,23.865971853613029],[91.303841873252154,23.865956613064274],[91.303725972614203,23.865944144269879],[91.303650220381229,23.865944836798157],[91.303591890973209,23.865951071195454],[91.303506291408127,23.865967697622697],[91.303076018149937,23.866061910991114],[91.302940421949401,23.866082000863361],[91.302848004171281,23.866095856342447],[91.302741950865453,23.866101398205032],[91.302611657420002,23.866100012328658],[91.302430609161021,23.866091007007071],[91.302323041295651,23.866084771794991],[91.302272287380418,23.866078537404118],[91.30221395797237,23.866065375272314],[91.302118510176811,23.866034201667226],[91.302033667891479,23.865991250971199],[91.301953370183199,23.865935830644244],[91.301780201047549,23.865774114911403],[91.301183878700698,23.865126807166899],[91.301139760640453,23.865071386470017],[91.3011121266657,23.865033700514019],[91.3010752804677,23.864965865929886],[91.300966197144419,23.864737977022067],[91.300859053283858,23.864526048899528],[91.30083481224591,23.864491022846206],[91.30081105629823,23.864465307821895],[91.300782937233208,23.864445800152264],[91.300753848885961,23.86443028175216],[91.300731062220507,23.864421414328852],[91.300707791363052,23.864413434140253],[91.300666096957471,23.864407670396567],[91.300490594897042,23.864379738088328],[91.300454717981225,23.864373087929035],[91.300424659453469,23.864363334087656],[91.300393631643573,23.86435224939191],[91.300355816163389,23.864336288184195],[91.300115223974103,23.864227908171728],[91.299916715160933,23.864153284980308],[91.299656713971615,23.864062731722147],[91.299600474943233,23.864046770478719],[91.299568962043082,23.864040563099788],[91.299481211012861,23.864028592781505],[91.29939857678653,23.864016709542888],[91.299389441818377,23.864014765012811],[91.299383248832811,23.8640134473],[91.299367034241939,23.864009996108166],[91.299297709454834,23.863995241666522],[91.299299151250878,23.863980079750757],[91.299297709454834,23.863935252028213],[91.299298429903672,23.863892401682733],[91.299295375631701,23.863792821401258],[91.299294382095027,23.863729819160792],[91.299296525475299,23.863400252618774],[91.299296503017402,23.863333328245968],[91.299295589430756,23.863242692262293],[91.299283450496347,23.863182958590293],[91.299267464077531,23.863133556355677],[91.299233338876519,23.863092857312616],[91.29917281668088,23.863060109775908],[91.299113614110396,23.863042483182067],[91.299078778341993,23.863040397335453],[91.299039354877436,23.86304456574257],[91.298964023954341,23.863058718116331],[91.298872480236994,23.863084173818788],[91.298786551888497,23.863092273210057],[91.298739654440766,23.863092761194473],[91.298670899185552,23.863076013634316],[91.298566040639059,23.863028266727731],[91.29849176523642,23.862985665003745],[91.298434746470392,23.862941515515438],[91.298354363422149,23.862865485955293],[91.298125368483184,23.86255303124452],[91.298063260761069,23.862464589833817],[91.297985618472737,23.862387342490667],[91.297936394388444,23.862354038601655],[91.297853259800476,23.862310641417224],[91.297656731772506,23.862236887119362],[91.297486783097156,23.862198065808112],[91.297361464521771,23.862179075359879],[91.296624888209593,23.862000398568473],[91.296181914569956,23.861899775953685],[91.296056083056527,23.861847649856205],[91.296000542917483,23.861811840159845],[91.295913929154409,23.861739133030156],[91.295820676841373,23.861628405370986],[91.295696170343007,23.861480565700099],[91.295557702228479,23.861288915102278],[91.295278893012068,23.860837292424605],[91.295073314457611,23.860478931794294],[91.294876527714862,23.860190915458958],[91.294318683804875,23.859548388314288],[91.294065015738298,23.859266892170488],[91.293910056351791,23.85913566232076],[91.293709771569326,23.859006675165531],[91.29373111194721,23.858929585140721],[91.293752210678278,23.858876840042935],[91.293879062677874,23.858707343630112],[91.294281003970283,23.858060978218564],[91.294551478617493,23.857504643333908],[91.294588439799853,23.857435068032231],[91.294603298832982,23.857396969075115],[91.294643850581522,23.857254410489599],[91.294651149393218,23.857154772525217],[91.294647510318001,23.857041391413443],[91.294660418210327,23.856346161672452],[91.29464815530838,23.855854321602571],[91.294641763795127,23.855735375686073],[91.294627521006291,23.855616078028419],[91.294616008197622,23.855550395956275],[91.294609190882909,23.855524762135698],[91.29459782809289,23.855498435725931],[91.294589495320324,23.855486658508994],[91.29456676884196,23.855465181003254],[91.294534195929728,23.855443704315515],[91.294498592101775,23.855436776006449],[91.294390059445789,23.855430665160316],[91.294385405274284,23.855430380896689],[91.294376096931288,23.855428110895566],[91.294368959816396,23.855424705482982],[91.294363685807326,23.855419314332686],[91.294234047233729,23.855120751717045],[91.294218896248168,23.855083533627614],[91.2941087070988,23.854806663109393],[91.294102299415854,23.854773565130049],[91.294104787749191,23.854745494362877],[91.294178760419584,23.854552833942456],[91.294197531615751,23.854480109593503],[91.294207997887142,23.85443532623491],[91.294208501842022,23.854420917408444],[91.294204955293282,23.854400376324616],[91.294197271104338,23.854380373370997],[91.294185865195189,23.854365391077007],[91.294170821109105,23.854351457936449],[91.294141738151808,23.854336520825917],[91.293841840085761,23.854255449938705],[91.293817034007517,23.854238434222971],[91.29378726653394,23.854210074965657],[91.293752537665043,23.854157894014563],[91.293725250439977,23.854134072322637],[91.29368059967878,23.854118191192228],[91.293616103336319,23.854105713042486],[91.293544164451745,23.854093235713101],[91.293468505643588,23.854076219976069],[91.29341145094493,23.854051263667252],[91.293371760680742,23.854029711159821],[91.29334199320715,23.854001351856812],[91.293324628772737,23.853987739093409],[91.293304783191459,23.853963917370173],[91.293283697935109,23.853928752078566],[91.29327377604281,23.853895855162314],[91.293266333500682,23.85386863043345],[91.293263853252171,23.853822121542688],[91.293275015717896,23.853758596856508],[91.293287418757018,23.853712087926244],[91.293288659330415,23.853688266152322],[91.293279802840033,23.853638215354607],[91.293259060740112,23.85359214017685],[91.293247883901373,23.853575413571207],[91.293233150632403,23.853559615352239],[91.293210289406744,23.853543352936885],[91.293179807772489,23.853530343167417],[91.293146277256213,23.853523838692986],[91.293053815460652,23.8535168692021],[91.293030953336654,23.853510828921586],[91.293013172083946,23.853502929397617],[91.292996915272241,23.853492708078349],[91.292960001700578,23.853458667406908],[91.292775030498731,23.853202608281649],[91.292618647282495,23.85295698855483],[91.292548179838349,23.852806421176066],[91.292537446767369,23.852592497611749],[91.292494623179437,23.852393667954281],[91.292459409220299,23.852157856501936],[91.292443218883932,23.851829589038406],[91.292452326004295,23.851573377985265],[91.292445271534348,23.851455889758945],[91.292420354065001,23.851317104805798],[91.29232705234466,23.850946512981402],[91.29220736710441,23.850658105734766],[91.29217120811758,23.850541621498127],[91.292161375158486,23.850488595284077],[91.29215253843104,23.850440469909081],[91.292151332891933,23.850418795203861],[91.292153743071836,23.850399324856021],[91.292165391526112,23.850376180295775],[91.292215023445578,23.850281628521174],[91.292246403395083,23.850225374939605],[91.292256445661636,23.850194951755526],[91.29226272129219,23.850159363136417],[91.292263349214593,23.850113441183474],[91.29226272129219,23.850078426843933],[91.292248914186302,23.850043411673347],[91.292223181944991,23.850015858314563],[91.292203726232543,23.849998638283925],[91.292178621913621,23.849979695343865],[91.292154772541153,23.849965345177591],[91.29211774308682,23.84994697653519],[91.292076320870734,23.849928607890181],[91.292048705760592,23.849915979804678],[91.291970682586594,23.849881019637806],[91.291965696936771,23.849771667895187],[91.291996227978331,23.849354267021095],[91.292129988022467,23.849303710080928],[91.292196791238553,23.849272285959245],[91.29225685080182,23.849238884213712],[91.292310446986619,23.849226034226174],[91.292359690833877,23.849223473266228],[91.292388727977126,23.849217025266785],[91.292457745540375,23.84918352984338],[91.292486783581964,23.849177081841926],[91.292509178581994,23.849176848504449],[91.292531599633151,23.8491786634427],[91.292866523012123,23.84922837910252],[91.29293492343281,23.849238158731733],[91.293220026246075,23.849270970561317],[91.293230434126983,23.849271619633384],[91.293244625711836,23.849269889322276],[91.293260947202214,23.849264480662086],[91.293396246060439,23.849231164362038],[91.293404524934076,23.849225972605385],[91.293407836124203,23.849221213015706],[91.293408782050221,23.849218400642837],[91.293405998171139,23.849173801149909],[91.293392523441881,23.849075210277867],[91.293392523441881,23.849038405365974],[91.293404020979196,23.849001600443621],[91.293429889764454,23.848952527197596],[91.293537523206837,23.848754264620126],[91.293609495329093,23.848576185525605],[91.293655275272613,23.848431939496766],[91.29368613869083,23.84828130195292],[91.293692782630657,23.84821554139592],[91.293690664403229,23.84812537794728],[91.293624227699766,23.847522375869392],[91.2936218444693,23.847380107955672],[91.293625474561367,23.84728868848627],[91.293646201389933,23.847161999121727],[91.29371253568543,23.846909592825313],[91.293823849525566,23.84643282586141],[91.293853902663386,23.846257058928845],[91.293860012105654,23.846180828138365],[91.293861262560512,23.846079076642319],[91.293830068562272,23.845915213849196],[91.293824556499686,23.845847157273894],[91.293827312530965,23.845782251622857],[91.294215197884142,23.84586417162647],[91.294269625908882,23.845881185155203],[91.29430338549561,23.845893157971776],[91.294383305013142,23.845923405514846],[91.29441982063112,23.845941050048673],[91.294460469397748,23.845963105096299],[91.294794615733977,23.846140807366258],[91.294818040203324,23.846151519778434],[91.294839398547524,23.846159711429163],[91.294854555821303,23.846162232189773],[91.294877291282816,23.846166643520711],[91.295002682621771,23.846183026819698],[91.295042642380551,23.846191219290056],[91.295063999826453,23.846198150558294],[91.295095003381832,23.846206972395972],[91.295119116858999,23.846218945182482],[91.295171478758604,23.846248562459802],[91.295417438381719,23.846414921759973],[91.295437417811925,23.846431935216408],[91.29545602012486,23.846446428737227],[91.295558675103933,23.846509443490316],[91.295590367667174,23.846526457755999],[91.29561723717562,23.846552924021854],[91.295633772465052,23.846573088400962],[91.295649618746694,23.846603965973383],[91.295659952965693,23.846625390720348],[91.295666842145593,23.846642404970776],[91.295675799247334,23.846665090086805],[91.29574429129616,23.846783574358668],[91.295776993565767,23.84690157129841],[91.295795513233642,23.846979809715908],[91.295819765051391,23.847085068839728],[91.295835638282441,23.847196377491038],[91.295885932260262,23.847503181972883],[91.295943226809072,23.847801717771461],[91.295948517886103,23.847810993033974],[91.295956454501635,23.847821075947678],[91.295963509869878,23.847825511870766],[91.295974974169525,23.847829947793699],[91.295988642934901,23.847831964869165],[91.29612533328347,23.847829544378595],[91.296145616344262,23.847832770877723],[91.296155317251021,23.847835190546643],[91.296163694939352,23.847842852968121],[91.296176041384626,23.847865437636536],[91.296346908138204,23.848297811513515],[91.296414894435543,23.848465434292773],[91.296451734345339,23.848602019551404],[91.296459420330905,23.848639591974891],[91.296473629882058,23.84875823465643],[91.296474555146801,23.848851881303464],[91.296477323754516,23.848930312444203],[91.296450193734614,23.849139675539686],[91.296400477373524,23.849328162013951],[91.296372663735724,23.849411195521995],[91.296366525547384,23.849447937885724],[91.296366525547384,23.849472537681155],[91.296367407692969,23.849502380979061],[91.296371781590096,23.849540209483372],[91.296377425705032,23.849557759861479],[91.296387866823565,23.84958176397009],[91.296403169624455,23.849611941637313],[91.296421256304384,23.849662661135572],[91.296467493490354,23.849758085086915],[91.296752289978144,23.850197159406406],[91.296909400829776,23.850480910835717],[91.296957122032609,23.85054519135943],[91.297069519240935,23.850673674259127],[91.297118165708525,23.850737125691914],[91.29712259530119,23.850745226676693],[91.297124956972084,23.850755758777755],[91.297125252517802,23.850763319969722],[91.297126858705539,23.850779372404219],[91.297125292043674,23.850793757809161],[91.297119232907079,23.850812077857125],[91.297071260175997,23.850886042415848],[91.297029507379889,23.850932229471717],[91.296977255074765,23.850996997801552],[91.296950502347272,23.851044349845239],[91.296880542451248,23.851137598829958],[91.296833806700292,23.851184926995909],[91.29676987449983,23.851249915387626],[91.296712038266904,23.851339649432099],[91.296549739644504,23.851649401026915],[91.296444477754463,23.851898258667621],[91.296419949255636,23.851961354572609],[91.296398306145505,23.852005784679651],[91.296374852930043,23.85204545117757],[91.296359031801273,23.852062779386415],[91.296337590812072,23.852073773115372],[91.296326069918535,23.852077418520995],[91.296264569457577,23.852086115076471],[91.296247800606167,23.852090686416318],[91.296230770344991,23.852099472524447],[91.296212000945474,23.852122459031236],[91.296197724020629,23.852148407373036],[91.296161903698703,23.85224701151742],[91.296033331425349,23.852699878448188],[91.296008627755015,23.852891586117654],[91.296011958708092,23.85296137500692],[91.296013846966829,23.852993915591856],[91.296017713315806,23.853028209433983],[91.296020665179825,23.85303388084472],[91.29602302774903,23.853038201567291],[91.296030704751459,23.853045762626071],[91.296038676401267,23.853051434036043],[91.296059077141379,23.853059840506205],[91.296082375846609,23.853066556151568],[91.296162651096992,23.85307374585177],[91.29619356212595,23.853079231582068],[91.29624392437573,23.853093729288997],[91.296259535298717,23.85310117285773],[91.296286293416088,23.85311889446503],[91.296296904316208,23.853128599036349],[91.296307515216355,23.853142945566006],[91.296338767605064,23.853223140517912],[91.296347165056375,23.85325650097888],[91.296358206249536,23.853334118550094],[91.296375691956541,23.853387919996816],[91.2963890543964,23.853413739918125],[91.296404608725538,23.853443795920175],[91.296432929013164,23.853476000356295],[91.296463581327302,23.853500043175153],[91.29681797209679,23.853691140046866],[91.297015093911128,23.853818086756586],[91.297399903432762,23.854066342943959],[91.297603304470968,23.854183599582946],[91.298185563692059,23.854601838520104],[91.298701621568256,23.855003380905789],[91.298907211800838,23.855120049272017],[91.298927879340567,23.855126018822251],[91.298952600977188,23.855128601848005],[91.298971506022326,23.85512786325382],[91.298981665069874,23.855124206431991]]]},"properties":{"objectid":2073,"id":"2022","name":"Ward No 7","code":"7","town":"Agartala","district":"West Tripura","state":"Tripura","st_area(shape)":1570304.2812248648,"st_perimeter(shape)":7307.2616317235434}},{"type":"Feature","id":2064,"geometry":{"type":"Polygon","coordinates":[[[91.306872308422101,23.81480537919537],[91.307009719219522,23.814776504245977],[91.307189476599476,23.814722679383593],[91.307274013457587,23.814693172429092],[91.307392403327199,23.814670512128831],[91.307422086359125,23.814669286781196],[91.307562160661391,23.814678092683074],[91.307595951689109,23.814685843355505],[91.307633886645249,23.814708980314009],[91.307658093547232,23.814748977911371],[91.307674897432932,23.814766441774527],[91.307683299375782,23.814775173705225],[91.307700427553272,23.814784428318383],[91.307824925966841,23.814791885591667],[91.307880377172708,23.814800214002812],[91.307891695046976,23.814803050955085],[91.307915326128821,23.81481843394128],[91.307929783615009,23.814831664557158],[91.307941351220919,23.814880607715658],[91.307943260140888,23.814921448455486],[91.307946507550625,23.814927912131111],[91.307949754960404,23.814934375806402],[91.30795582397846,23.814938186621568],[91.30797666309644,23.814946670348778],[91.30806671740703,23.814955597862291],[91.308108874444983,23.814971242171588],[91.30817887476519,23.814989322375414],[91.308192631565447,23.815005211585142],[91.308185467501062,23.815051081045272],[91.308102469456998,23.815286846560166],[91.308069957630252,23.815373131634896],[91.308051021144067,23.815469646722121],[91.308051797288471,23.815522919009045],[91.308068666751197,23.815611508319805],[91.308257491725612,23.816206294282214],[91.308271635699739,23.816322576784462],[91.308271222474716,23.816387228443119],[91.308250775022216,23.816518916578893],[91.308247272490931,23.816535850953418],[91.308241986803779,23.816617330855344],[91.308245794762271,23.816672606260465],[91.308284654084844,23.816860881871641],[91.308347349305137,23.817062223235389],[91.308359251982679,23.817124517563528],[91.308374031065725,23.81723048384433],[91.308373820859941,23.817270101809008],[91.308368144405648,23.817327309839392],[91.308339450418856,23.817404903716962],[91.308242467402465,23.817541081196932],[91.308068250831198,23.817721133338701],[91.308021427943657,23.817768533692583],[91.307976422347906,23.817820612590506],[91.307942761575902,23.817866343813638],[91.307902422728077,23.817939199641852],[91.307869354844158,23.818005563143814],[91.307848590286355,23.818054659605512],[91.307827901187068,23.818140939553185],[91.307821947153371,23.818188707923337],[91.307822812230981,23.818351760930469],[91.307828249733362,23.818440026162818],[91.307823996210516,23.818543080536791],[91.307810733483663,23.818651065654223],[91.307779943727283,23.818851576685521],[91.307725189614104,23.819006446178115],[91.307723799022028,23.819015828690691],[91.307724320044912,23.819018532418905],[91.307726058284999,23.819021554184367],[91.307727796525043,23.819023462408261],[91.307730926255502,23.819025370632154],[91.307790037197847,23.819042059782745],[91.307834447210539,23.819050624600067],[91.307937126444145,23.819067197051602],[91.308155479940254,23.819095178570237],[91.308499861680829,23.819114716075095],[91.308610122695427,23.81910980334699],[91.308636667912083,23.819122887244859],[91.308665453527041,23.819158743248835],[91.308761254360505,23.819386215920055],[91.308873780027966,23.819548068418719],[91.308924276126703,23.819528699447851],[91.309034191289925,23.819470409256663],[91.309059035097405,23.81951482419873],[91.309090491403708,23.819557754135797],[91.309132293607135,23.819604825099667],[91.309171082861099,23.819642172533758],[91.309237011118157,23.819696098080904],[91.309394092325348,23.819798549902139],[91.309523476675722,23.819894066503458],[91.309528366205825,23.819898538719041],[91.309540317392347,23.819903508943014],[91.309553898122829,23.819906242237408],[91.309563404993469,23.819906987606583],[91.309581331773273,23.819906987606583],[91.309603062020003,23.819903011756264],[91.309613926245035,23.819899533092556],[91.309627507873813,23.819891581391321],[91.30972513857553,23.819829070615075],[91.309804130133401,23.819792499832957],[91.309855258646138,23.819772557284168],[91.309939806284049,23.819746424133641],[91.310017986663212,23.819732941726901],[91.310092333931081,23.819729813966159],[91.310263612113033,23.819740946854701],[91.310434834599462,23.81976245246657],[91.31067914491571,23.819780824562748],[91.310888241272806,23.819787515634189],[91.311057097596773,23.819780197531607],[91.311284945387101,23.819760462895612],[91.311301610033965,23.819760536857363],[91.311184135547606,23.820223137992521],[91.311143267592087,23.820372075788079],[91.311132009006627,23.820497255393324],[91.311081871335659,23.820641645901482],[91.311034500475785,23.820738452094155],[91.310965606880018,23.82081646468918],[91.310925224014738,23.82085043750374],[91.310883646390138,23.820870574651156],[91.310155770261488,23.821098964725422],[91.309993562368959,23.821179523825382],[91.309936946048154,23.821228436649513],[91.30976633531445,23.821404565396669],[91.309687376994233,23.82146893676018],[91.309651608774573,23.821490299094918],[91.309093224078808,23.821687948393379],[91.30887121443952,23.821802681030196],[91.308684626270164,23.821914052470927],[91.308532406745258,23.822040698292795],[91.308423388100692,23.822205975954308],[91.308442126957502,23.822338657471796],[91.308529600408292,23.822501888522069],[91.30843359925052,23.823026577441407],[91.30843573813921,23.823198512693601],[91.308412443027279,23.823386344941206],[91.308294978422381,23.823559524702972],[91.308066940189207,23.823772937364001],[91.30773632782531,23.824047924095282],[91.30765832621087,23.824079471021133],[91.307586916433976,23.824100703908261],[91.307472777392306,23.824108039846145],[91.307425823350712,23.824114675635869],[91.307388209991444,23.824151948634601],[91.307342276436032,23.824240532055544],[91.307309601115875,23.824314635036842],[91.307288658691675,23.824431644112863],[91.307240154157896,23.824493617701631],[91.307166759104234,23.824535361003758],[91.307099803174552,23.824554499132677],[91.306921966392693,23.824662896705352],[91.306812892052591,23.824717305008011],[91.306693971278634,23.824880411444965],[91.306565021712856,23.824957565271614],[91.306195987505944,23.825180645317221],[91.306006902020087,23.825285061750801],[91.305516305992299,23.825537708182907],[91.305394787290567,23.825615809108108],[91.305298760081641,23.825773681453747],[91.30523752552196,23.825915183363136],[91.305154505020042,23.826274610864552],[91.305166915245707,23.826428151760016],[91.305202983502667,23.826514214949697],[91.305246368537624,23.826625814081158],[91.305237185060506,23.826731557304633],[91.305210107142884,23.826805472325479],[91.305084133695658,23.826806783842532],[91.305032600941061,23.826884155109763],[91.305006000927179,23.826996482816469],[91.305028868441056,23.827146712025336],[91.305124703410499,23.8272545626123],[91.305160611767349,23.827327821579253],[91.305197077977979,23.827445894567546],[91.30520084910556,23.827647673113589],[91.305208205409429,23.827698819472943],[91.305242566867349,23.827940232054736],[91.305241270598387,23.828016055300367],[91.305231016329429,23.828091971358806],[91.305229362531009,23.828139113183958],[91.305156248650007,23.828203390814714],[91.305127542985119,23.828236471747076],[91.304894049283192,23.828372081541069],[91.304785280370282,23.82845107235029],[91.304736775836531,23.828513044019186],[91.304686821421868,23.82863854693246],[91.304670052570486,23.828730922087274],[91.304648906228678,23.828831537582648],[91.304628677965113,23.8290059040628],[91.304651558055411,23.829044593976835],[91.304678763533772,23.829070946302373],[91.304829423583357,23.829118551231975],[91.304917402785648,23.829168857195604],[91.304978762211121,23.829239929260805],[91.304975405206903,23.829330114881166],[91.304965048529994,23.829397835818067],[91.304932092935488,23.829449401394438],[91.304877125023253,23.829531928296444],[91.304797036622389,23.829575789232194],[91.304743515896092,23.829594786100976],[91.304669842364703,23.829613993331034],[91.304598534995762,23.829643420471779],[91.304524757259784,23.829654432536529],[91.304448792126095,23.829669565598582],[91.304350379890082,23.829680834864003],[91.304220614654042,23.829692430356932],[91.304057103306022,23.829692084406805],[91.303933776295594,23.829681075632145],[91.303852873122807,23.829659380200013],[91.303783167450035,23.829637568077889],[91.303672793247699,23.829587495668736],[91.303488987160804,23.829510363495277],[91.303450799778048,23.829502772303147],[91.303434630102927,23.829440438721544],[91.303424235696781,23.829403460601871],[91.30335336311245,23.829199691251723],[91.303242942197727,23.828892540239082],[91.303200533631482,23.828827333562081],[91.303169855266205,23.82879184179529],[91.303114813692119,23.828746444761943],[91.303060674924879,23.828720857410847],[91.302637816361084,23.828517473207157],[91.302557820486726,23.828480752851366],[91.302389937936525,23.828361813866351],[91.302259871764861,23.828241039819115],[91.302218505244355,23.828202629058293],[91.302134572054072,23.828124692395615],[91.301928357492415,23.827874324771702],[91.30172126348009,23.827589011030724],[91.301713984431345,23.827578932295978],[91.301071902802207,23.826591657062227],[91.300748623385999,23.826196170950492],[91.300341359575498,23.825725585528193],[91.299949274598404,23.825362468439433],[91.299326468120341,23.82481182118778],[91.29896945516856,23.824486322052149],[91.298309607558068,23.82373979201714],[91.298152264042784,23.823555383788136],[91.297373264791347,23.822652657912897],[91.29715266640531,23.822435906159917],[91.297066115524345,23.82235848786409],[91.29705078757064,23.822349535384493],[91.297209160555255,23.82219095789296],[91.297258893085996,23.822144839490715],[91.297323754144458,23.822098508230457],[91.297365260802138,23.822076221490505],[91.297423910908734,23.822050632823995],[91.297471733621208,23.822036600062201],[91.29763324801435,23.82200275657808],[91.297991875238694,23.821936010525363],[91.298196293169823,23.821911958566453],[91.298337054683245,23.821890496865297],[91.298422774622608,23.821870686124303],[91.298494959645566,23.821846748381287],[91.298557219182968,23.821815381705157],[91.298626697582009,23.821774109232294],[91.298693468458765,23.821723756846954],[91.298761142142382,23.821661023427659],[91.299106093414835,23.8212919657682],[91.299228445753172,23.821163567984815],[91.299326034234056,23.821058763637545],[91.299494048836578,23.82089852701835],[91.299623475407799,23.820773755408375],[91.299749701281598,23.82065780971946],[91.299877057236074,23.820554106165272],[91.29994033186972,23.820513279524601],[91.300200121954958,23.820374841944346],[91.300454444893376,23.820213836924832],[91.300627943710722,23.820125922983397],[91.300670082782361,23.820104819289512],[91.300822853872845,23.8200452810499],[91.300959586442247,23.820014874617396],[91.301129312335405,23.819986770027672],[91.301442975286534,23.819961007550223],[91.301672502926451,23.819952570171328],[91.301841976393021,23.819962779342188],[91.301968125910051,23.819955773531973],[91.302090301280259,23.819918490288231],[91.302262513710119,23.81980199323127],[91.302436583855979,23.819725222584147],[91.302705913151215,23.819618613228585],[91.303031221861687,23.819481991691468],[91.303404189791223,23.819324776527544],[91.303563698246322,23.819264962626981],[91.303744220990879,23.819140937285525],[91.303964314523697,23.81896223897801],[91.304212057302649,23.818816319691184],[91.304271055955553,23.818779999273719],[91.304280613131866,23.818752066995351],[91.304262000937513,23.818713249919927],[91.304070490898695,23.81845417025723],[91.303984098121219,23.818333279331775],[91.303989281400391,23.818296289828655],[91.304034626559314,23.818262059941844],[91.304081483582848,23.818226460093904],[91.304107236485407,23.818196275945009],[91.3041104156232,23.818164613357794],[91.304083683556968,23.818095633301379],[91.30403328896783,23.818007723677791],[91.304219287842358,23.817880714789851],[91.304314790435186,23.817828464157891],[91.304383611267397,23.817796354416505],[91.30445685091253,23.817766290151816],[91.304487865247694,23.817764402454674],[91.30453191323933,23.817810181362578],[91.304627432001837,23.817963563802468],[91.30472851403087,23.817903234822193],[91.304796432954547,23.817832628266093],[91.304965900132871,23.817613565749262],[91.304999424361,23.817555974881046],[91.305021885836354,23.817496308913245],[91.305086125260615,23.817140849469549],[91.305143922866009,23.817008152776413],[91.305177423737888,23.816889592816178],[91.305251648834869,23.816595524759069],[91.305272980229603,23.816487989931357],[91.305285796493749,23.816355092868861],[91.305269201017211,23.816222065000986],[91.305232640483439,23.815719731739286],[91.305021449255136,23.815718794039491],[91.305035904046349,23.815382668091353],[91.30502805097413,23.815270569483207],[91.305045048895934,23.81525132396969],[91.305087451173961,23.81522059836751],[91.305112855530226,23.815209118280649],[91.305189130582662,23.815163085332962],[91.305316418265193,23.815055451521182],[91.305435423480759,23.814916865943498],[91.305558569929801,23.814793756073637],[91.305644679737981,23.814709738862319],[91.305656311124295,23.81470300479404],[91.305669158829474,23.8146991808227],[91.305671253700709,23.814698884142341],[91.30567585397327,23.814698617869663],[91.305676966087617,23.814698744431375],[91.305682450302427,23.814700029772272],[91.305688822052744,23.814702685924299],[91.305694746442043,23.814706203353232],[91.305708262493795,23.814716769610587],[91.305714459072604,23.814725036389376],[91.305719309076835,23.814733362339318],[91.305733064978781,23.814765481056689],[91.30574074737109,23.81479540466183],[91.305750630635856,23.814852860331321],[91.305751247778446,23.814860701394441],[91.305753152206847,23.814870829604828],[91.305754981176776,23.814877283421051],[91.305757331169559,23.814882552982699],[91.305761588285705,23.814886854430725],[91.305763772090145,23.814887981978757],[91.30577116342829,23.814889742334401],[91.305861209654068,23.814897603940981],[91.306010935455731,23.814899216367461],[91.306117569971519,23.814892599008544],[91.306366609019449,23.814858636140166],[91.306872308422101,23.81480537919537]]]},"properties":{"objectid":2064,"id":"2017","name":"Ward No 28","code":"28","town":"Agartala","district":"West Tripura","state":"Tripura","st_area(shape)":1184192.4825003897,"st_perimeter(shape)":5846.5879602851555}},{"type":"Feature","id":2088,"geometry":{"type":"Polygon","coordinates":[[[91.279807118143836,23.837579779588964],[91.278404395234404,23.837723617812642],[91.276636164903906,23.83788629623314],[91.274803765217669,23.838111989175943],[91.274067436840511,23.838182693979633],[91.273876852066493,23.83819337253885],[91.273853816567652,23.837686559064405],[91.273846570756561,23.837531348685026],[91.27383463843465,23.837059818358771],[91.273832639683135,23.836980816358309],[91.273829291662068,23.836921013884247],[91.273827561506849,23.836909315504762],[91.273820874447864,23.836885747831435],[91.273807127529068,23.836865381453517],[91.273797373621733,23.836859089781971],[91.273745346793731,23.836859900788863],[91.27361142684947,23.836861988700292],[91.273565469039539,23.836865360911318],[91.273478323473839,23.836881625419107],[91.27343713481973,23.836894516892997],[91.273378471238445,23.83690425472485],[91.272676450420306,23.83696512540131],[91.272482912883916,23.836966054730659],[91.272363687581077,23.836961948754677],[91.272264095857096,23.836941837112143],[91.272172323069356,23.836921760799079],[91.272053297192542,23.836880105294945],[91.271840998341446,23.836732537307942],[91.27178888347855,23.8367044199058],[91.271755811103048,23.836692526766267],[91.27173108677151,23.836688987747692],[91.271689739115601,23.836686641822876],[91.27163595967447,23.836690500478912],[91.271556743537786,23.836688573615952],[91.271537335436065,23.836678539959511],[91.271528088178513,23.836668166944285],[91.271517130528679,23.8366468695572],[91.27150371508823,23.83656116806053],[91.271484749855986,23.83641499247803],[91.271476467389036,23.836393307210823],[91.271468113955223,23.836382369670464],[91.271454221509359,23.836376469100813],[91.271419443233128,23.836369639197283],[91.271165819184006,23.836358363939468],[91.271160742804341,23.83629496463055],[91.271158540135261,23.836201837261552],[91.271166093170194,23.835659002695472],[91.271174941575723,23.835286570696219],[91.271182763206895,23.834915504938259],[91.27034227157931,23.835017890509622],[91.27012029068608,23.835044931849929],[91.269989548981329,23.834399339982692],[91.269648186478406,23.832945248547787],[91.270619161994276,23.832697521359865],[91.271468903574345,23.83248072475936],[91.271776882884666,23.832419962909931],[91.273177852282657,23.83219616644821],[91.273931553179068,23.832104113409667],[91.2747914897393,23.83204519121356],[91.275522624955798,23.832001878378041],[91.275522493801745,23.832021448451741],[91.275563642031656,23.83342046605901],[91.275588528059998,23.834120378413552],[91.275597289328942,23.834165900930596],[91.275628804025743,23.83422916405549],[91.275639987152715,23.834234287389428],[91.275698762125117,23.834239622723192],[91.275760640776852,23.834239897172811],[91.276058995537227,23.834227578985505],[91.277110949684356,23.834136750909114],[91.277879353307043,23.834078770490297],[91.278744373433469,23.834082610324678],[91.279564760765012,23.834065787527091],[91.279807118143836,23.837579779588964]]]},"properties":{"objectid":2088,"id":"2030","name":"Ward No 17","code":"17","town":"Agartala","district":"West Tripura","state":"Tripura","st_area(shape)":548555.50686478626,"st_perimeter(shape)":3522.5791752194687}},{"type":"Feature","id":2089,"geometry":{"type":"Polygon","coordinates":[[[91.266547777039392,23.8415572228167],[91.26640614326179,23.841577504648466],[91.266113076883528,23.841628322602865],[91.26586501610096,23.841664124730485],[91.265673869879848,23.841679763354385],[91.265608853412857,23.841686187079048],[91.265351546271077,23.841712918906996],[91.264363306033786,23.841815589156528],[91.263610136939974,23.841893836395194],[91.263473287589619,23.841908948309328],[91.263463495953019,23.840339053241554],[91.263479676407911,23.839697722622116],[91.2634746260794,23.839321160988664],[91.263478595734625,23.839183856025002],[91.263477246465072,23.838801440918868],[91.263492727132373,23.837319874829596],[91.263497280692533,23.837126335596661],[91.263511846874863,23.835721283165196],[91.264571007307239,23.835185422816412],[91.26558052773531,23.834717416459267],[91.266254962189379,23.834410711550234],[91.267277359068757,23.833970552521865],[91.269648186478406,23.832945248547787],[91.269989548981329,23.834399339982692],[91.27012029068608,23.835044931849929],[91.270240798783149,23.837424801618706],[91.270292040483582,23.838195549991916],[91.270507960443581,23.841622964566671],[91.270221254137496,23.841629450740189],[91.2699226155095,23.841636206417412],[91.269281672045835,23.841650578047268],[91.269129098584727,23.841653970675228],[91.268993770082119,23.841659636010419],[91.268682861365662,23.841655399539341],[91.268613182642326,23.841647843567721],[91.268294657110587,23.84159655234545],[91.267983875954883,23.841568961038156],[91.267798829294563,23.841559820902791],[91.267757911033371,23.841563475642335],[91.267706081834746,23.841565091845727],[91.267539610537852,23.841566363773921],[91.267018129532275,23.841543644077628],[91.266838067623482,23.841539972082668],[91.266547777039392,23.8415572228167]]]},"properties":{"objectid":2089,"id":"2031","name":"Ward No 16","code":"16","town":"Agartala","district":"West Tripura","state":"Tripura","st_area(shape)":681331.51896939566,"st_perimeter(shape)":3364.932155324354}},{"type":"Feature","id":2065,"geometry":{"type":"Polygon","coordinates":[[[91.324415610013602,23.82897761817264],[91.323346050683526,23.830716956393303],[91.322596454189608,23.831698428460591],[91.320315634378204,23.834684736527183],[91.318592456355802,23.835717426123711],[91.317404057100134,23.835500018297957],[91.316486642734759,23.835002733420541],[91.31579971900328,23.834630384172133],[91.313779441166972,23.83452167939366],[91.312709882735177,23.834902145719632],[91.311164964601147,23.835010850179167],[91.310689604898869,23.834711912696189],[91.310214245196605,23.834412974524113],[91.308015708370249,23.833597685919941],[91.307597586622933,23.834070141750153],[91.306290963685996,23.833229110869024],[91.306216940709945,23.833199564571746],[91.306152314111785,23.83318645415514],[91.30603471565793,23.833179320050128],[91.305431508622746,23.83312542311463],[91.304555980004139,23.833042886173104],[91.304327581546517,23.833011934703791],[91.304285286167982,23.833002907361699],[91.304206333237644,23.832979693958677],[91.304124560495666,23.832946163115093],[91.304059706623704,23.832915211622691],[91.303997672563455,23.832858467337712],[91.303932818691536,23.832775929404615],[91.303838358144446,23.832631489127877],[91.303584581381756,23.832128525857222],[91.303179949635066,23.831460483970176],[91.303076857176421,23.831282715564257],[91.30300497308906,23.831109901096688],[91.302956588929561,23.830912931749204],[91.302937670409662,23.830611081654805],[91.302956005922951,23.830588722421474],[91.302966834215368,23.830582944847549],[91.302981271040323,23.830577167273372],[91.302990294617317,23.830569738845934],[91.303011949405544,23.830551580283355],[91.303039921146876,23.830521040727543],[91.303070600410479,23.830478120991454],[91.303139063713203,23.830383613869959],[91.303237754426959,23.830212087500485],[91.303308247922246,23.830041851023537],[91.30342949623109,23.829764570389266],[91.303460513261228,23.829678162583839],[91.303468972696265,23.829602071602373],[91.303450799778048,23.829502772303147],[91.303488987160804,23.829510363495277],[91.303672793247699,23.829587495668736],[91.303783167450035,23.829637568077889],[91.303852873122807,23.829659380200013],[91.303933776295594,23.829681075632145],[91.304057103306022,23.829692084406805],[91.304220614654042,23.829692430356932],[91.304350379890082,23.829680834864003],[91.304448792126095,23.829669565598582],[91.304524757259784,23.829654432536529],[91.304598534995762,23.829643420471779],[91.304669842364703,23.829613993331034],[91.304743515896092,23.829594786100976],[91.304903085436635,23.829638199991841],[91.304968439670205,23.829670301050911],[91.305019450503622,23.829694070538551],[91.305097767426702,23.82972055256614],[91.305115254032032,23.829723656255773],[91.305155192231254,23.829727292429059],[91.305267350487725,23.829737503296045],[91.305288335132758,23.829739413827586],[91.305331329400573,23.829741150151481],[91.30537660988081,23.829738431033721],[91.305473047619799,23.829722415437324],[91.305542294253499,23.829707352228841],[91.305607113091128,23.82969643302453],[91.305657453781336,23.829691899516579],[91.30574332284101,23.829676003065885],[91.305892931861678,23.82962584356773],[91.306001827437058,23.829557097224413],[91.306075196439593,23.829513306951593],[91.306173022075711,23.829454919350344],[91.306244126425398,23.829409103463632],[91.306330907275097,23.829363124856915],[91.306384401051957,23.82934207854343],[91.306476171144737,23.829337025685593],[91.306539081960722,23.829352761117473],[91.30661805106071,23.829399063491856],[91.306663402507837,23.829443666500008],[91.306719459178183,23.829479644555978],[91.306770571521227,23.829491768442868],[91.306872367710909,23.829496810612106],[91.306991139364513,23.82950172048173],[91.30710314131413,23.829502603025645],[91.307206210416581,23.829505627012153],[91.307313809723013,23.829512702154311],[91.307347403121355,23.829512352916748],[91.307405579815793,23.829507649303128],[91.307463254351973,23.829496471235306],[91.307501031204609,23.829479407896105],[91.307612478893716,23.829394855381025],[91.307650299763807,23.829366405228448],[91.307674794126669,23.829354329812297],[91.307712811727797,23.829346248856091],[91.307743974285003,23.829342263434121],[91.307806656030579,23.829339562386227],[91.307921025040969,23.829350664867814],[91.307981583169223,23.829344833825864],[91.308002410609106,23.829321132478366],[91.308012207635585,23.829298492810487],[91.308034169647655,23.829263433406265],[91.308108023740431,23.829258566257927],[91.308226263591379,23.829273368206156],[91.308247129658795,23.829277606725192],[91.308517879190475,23.829300559478458],[91.308577676445708,23.829304774987975],[91.308798659310654,23.829320354293795],[91.30882360103449,23.829322112810161],[91.309025036558864,23.82933302218516],[91.309152277528966,23.829333202967202],[91.309159784749781,23.829330561905877],[91.309170756772659,23.829322109523225],[91.30917537680817,23.829313129585085],[91.309177109658364,23.829294640508422],[91.309185771214345,23.829136692738636],[91.309186926447794,23.829128768720796],[91.309191546483291,23.829119788769248],[91.309198476087403,23.829112393127886],[91.309373016052135,23.828956914461745],[91.309588853367146,23.828744199767499],[91.309603868707129,23.828735218967605],[91.309621770334118,23.828726238988832],[91.309639094344348,23.828720956019698],[91.309662771240312,23.828713560355599],[91.309811762220079,23.82870616469107],[91.309842945438518,23.828696127951897],[91.309870664753262,23.828679752304371],[91.309884524859768,23.82866337665477],[91.309898961684681,23.828642773967871],[91.309911666557767,23.828603155366462],[91.309915708078208,23.828568290527009],[91.309920905730451,23.828510181892646],[91.309917440928416,23.828486938924637],[91.309918018545147,23.828459997291411],[91.30991859616185,23.828430943774965],[91.309924370532528,23.828410869431522],[91.309940363239519,23.828379787843364],[91.31000035632745,23.828333252551896],[91.310091412259595,23.828270837055769],[91.310155720854141,23.828218944778751],[91.310260035919896,23.828142049275648],[91.310346586800904,23.828077631917932],[91.310394817348495,23.828053452083537],[91.310426197298014,23.828050323701582],[91.310580356285598,23.828124445872348],[91.310627343564846,23.828122864836491],[91.310669232006532,23.828086565923915],[91.310732827338754,23.827977311666139],[91.310776802566863,23.82791128935753],[91.310825179539847,23.827839073515758],[91.310865665711404,23.827769564466639],[91.310894540259582,23.827743679450599],[91.310947090805385,23.827727832066003],[91.310992711747062,23.827726246916544],[91.311019275828343,23.827733642636961],[91.31103948792223,23.827744207833653],[91.311100123305621,23.827812353619457],[91.311111672945231,23.827823446370772],[91.311130153087248,23.82783242723379],[91.311145745145652,23.827836125091011],[91.311170576376711,23.827841407274423],[91.311185013201623,23.827842464039794],[91.311213310133098,23.827841935657109],[91.311239874214365,23.827834011560189],[91.311260663924983,23.827818164186624],[91.311271635947875,23.827800731662581],[91.311273945516447,23.827785411846133],[91.311275100749924,23.827770620410821],[91.311252001470677,23.827678175545483],[91.311238718980903,23.827624292759271],[91.311234676562137,23.827597351768631],[91.311226591724591,23.827554034161043],[91.311226015006142,23.827536073217612],[91.311226015006142,23.82752022580766],[91.311230057424922,23.827496981840554],[91.311234676562137,23.827480606041696],[91.311250268620512,23.827455249352237],[91.311265860678901,23.827443099800828],[91.311287228006265,23.827437288395128],[91.311312059237324,23.827434118910887],[91.311516502321254,23.827426971341495],[91.311924041914523,23.827407604368346],[91.312103178558601,23.827403690379015],[91.312262134549812,23.827397937315691],[91.31243447633706,23.827387947314985],[91.312776512576434,23.827335211570119],[91.312890703720399,23.827331973878184],[91.312932581382327,23.827347103924151],[91.313065299380696,23.827413137202594],[91.313091295726736,23.827432330785935],[91.313128056584802,23.827449543130864],[91.313148106083602,23.827447234839372],[91.313175136390512,23.827435496161495],[91.313186462349606,23.827425755153502],[91.313194955920636,23.827407647921031],[91.313200046673316,23.827384986553742],[91.313193110781029,23.827342010722901],[91.313154631445826,23.827212539968251],[91.313148682802009,23.827195524811913],[91.313145699496957,23.827183100771624],[91.313144125648577,23.82717188305951],[91.313144645773122,23.827164540720862],[91.313146804424747,23.82715806039792],[91.313149101416926,23.827154852284586],[91.313155501015018,23.827148263490088],[91.31315952097593,23.827145227944097],[91.313165275583643,23.827142392905117],[91.313175841567997,23.827138076250044],[91.313229876130663,23.827121500720484],[91.313386977100791,23.82709117072536],[91.313427689647781,23.827087418611352],[91.313462976370474,23.827087900979059],[91.313491596695428,23.827084295958365],[91.313522440350695,23.827072839108205],[91.313558299300198,23.827052107153794],[91.313614548210055,23.82700275606615],[91.313647810130092,23.826975773858894],[91.313664491844889,23.826966380417286],[91.313679905138542,23.826960817159197],[91.313738149206614,23.826950892864961],[91.313778974941343,23.826948144927456],[91.31385031734456,23.826951537940037],[91.313932298495715,23.826968155400643],[91.314006716730489,23.826985512435403],[91.314069706598204,23.826994421864029],[91.314145342050182,23.826999278414547],[91.314297630745358,23.826997692434453],[91.314445235624618,23.82697976428404],[91.314613022055084,23.826963674389415],[91.314861405332834,23.826944696857414],[91.314997940272889,23.826937127702443],[91.315033166808419,23.826930873349863],[91.315052965677282,23.826920006503983],[91.315065834942033,23.826902799841065],[91.315078705105108,23.826876537467857],[91.315091574369859,23.82683850266562],[91.315094210026913,23.82682481391414],[91.315122057800707,23.826728566123563],[91.315131645519756,23.826702158264776],[91.315161673504733,23.826595301540824],[91.315200429521042,23.826469913340144],[91.315235523105954,23.826410129029082],[91.315251187029546,23.826390563861171],[91.315288870457422,23.826359921428139],[91.315321973375617,23.826345408405416],[91.315333619134961,23.826340302838524],[91.315387796529748,23.826327383197704],[91.315456857212169,23.826319720326598],[91.31558284054087,23.826306606749394],[91.31567028794052,23.826307007766172],[91.315764804183132,23.826299466513689],[91.315870868268732,23.826298362073935],[91.316111515255272,23.826284054483317],[91.316203067057415,23.826268676964851],[91.316322200732088,23.826259486445799],[91.316385856251443,23.826261091335294],[91.316586052100732,23.82629663967381],[91.316627956712097,23.826299547867507],[91.3166800733716,23.826279487985875],[91.316704589294019,23.826245354706685],[91.316715611622584,23.826171490315662],[91.316708610153256,23.826073499093415],[91.316701902433039,23.825993773006974],[91.316716454242311,23.825957300929566],[91.316754868898798,23.825937449721561],[91.316777161490904,23.825935396969889],[91.316813819941018,23.825928937129483],[91.316863420419423,23.825911379444381],[91.316899468913448,23.825889252780431],[91.316918115243794,23.825874229393055],[91.317126644763974,23.825628737859127],[91.317174855548643,23.825585130334645],[91.317203910658193,23.825561630453389],[91.317217820172061,23.825556863420971],[91.317229881851375,23.825555082665986],[91.317289263186581,23.825558952336085],[91.317313608429117,23.825564052181399],[91.317420251029745,23.825598707457537],[91.317481667947405,23.825630101158982],[91.317532002349409,23.825652075019807],[91.317575487097372,23.825662975664017],[91.317597316158768,23.825662254980656],[91.317624238667847,23.825653329847125],[91.317639755267734,23.825643733335077],[91.317665218912808,23.825612414417087],[91.317682665992223,23.825584410472629],[91.31769604460176,23.825565319335961],[91.317714744831051,23.825545863334785],[91.317724224752212,23.825538097697411],[91.317748793675264,23.82552216293681],[91.317767864908731,23.825516875728376],[91.317792775191563,23.825517207719727],[91.317826588677164,23.825527181429262],[91.317852798822202,23.825537326064225],[91.317888116087602,23.825549484011685],[91.317969209703236,23.825570277016499],[91.318011916510173,23.825574699730819],[91.318167500225812,23.82557937226014],[91.318205787321531,23.825577095983999],[91.318521357395994,23.825539468394066],[91.31873300137525,23.825500269586563],[91.319071659050849,23.825400686927178],[91.319167771599737,23.82537830707356],[91.319231561866346,23.825369733634481],[91.319271779441635,23.825369733634481],[91.319352251423084,23.825382188253574],[91.31939552506698,23.82539184313001],[91.319480117620643,23.825413952621812],[91.319650236975875,23.825459457650169],[91.31966844223345,23.825466441797484],[91.319758747174006,23.825510774154832],[91.31989136725602,23.825596439399352],[91.319978791299476,23.825636894648827],[91.320925082907991,23.825959445717761],[91.321031815340149,23.826012523872979],[91.321142095219358,23.826089204516101],[91.321206776614773,23.826145207250534],[91.321261185774901,23.826217525111176],[91.321320190716023,23.826277825573683],[91.321358583812966,23.826309325939036],[91.321400143471251,23.826333588274068],[91.321430660139782,23.826343347442673],[91.321450410499594,23.826344990953643],[91.321492929558644,23.826342073721637],[91.321531373859528,23.826332685986454],[91.321561541083426,23.826316710235641],[91.321615843344006,23.826255022666992],[91.32163395787174,23.826227818430048],[91.321640699727922,23.826208002598932],[91.321643421623222,23.826169915830057],[91.321640311655742,23.826151005566025],[91.321630280168961,23.8261120304611],[91.321626067070255,23.826099341711327],[91.321605512718236,23.82605463401196],[91.321545454053293,23.825962449242937],[91.321535686671226,23.825935674724104],[91.321534574556892,23.825890376945857],[91.321544639281328,23.82585721077416],[91.321621532374721,23.825760719846809],[91.321635936860275,23.825741254835606],[91.321659653282111,23.825697537233154],[91.321678987721967,23.825630719944279],[91.321692005208746,23.825559262139755],[91.321703553051734,23.825313078908032],[91.321696125780974,23.825175121427165],[91.321677519874783,23.825076483546308],[91.321660867804383,23.824969357588362],[91.32163680283621,23.824896215623838],[91.321613654149672,23.824864341834136],[91.321540663337885,23.824807648264084],[91.321456810996011,23.824758395756334],[91.321370968885788,23.824704894700446],[91.321339038268988,23.824679036191259],[91.321290845450633,23.824628205021543],[91.321267894393458,23.824594789531929],[91.321223573313972,23.82450435080268],[91.321208037849431,23.824464610137738],[91.321161217656808,23.824334170112369],[91.321143913409529,23.824303531302547],[91.321118618647745,23.824273398694942],[91.321094923785466,23.824257854119125],[91.321055627881719,23.824242396648959],[91.321002390124704,23.824228574497035],[91.320950248312343,23.824224511671584],[91.320907256739474,23.824227419089951],[91.320878962502974,23.824235904675266],[91.320790895265787,23.82427733907533],[91.320753922405316,23.824307873526763],[91.320722046585786,23.824327665816785],[91.320679761987037,23.82433484807116],[91.320631535931,23.824335887607926],[91.320553463349654,23.824321431060834],[91.320465543436157,23.82428712962577],[91.320408758232119,23.824223691546212],[91.320365890626761,23.824153704755744],[91.320312405833064,23.824074224020649],[91.320234426676507,23.823994997985668],[91.320170523222131,23.823922028865574],[91.32009274259326,23.823858808376883],[91.319948356377651,23.823786677387311],[91.319807708950265,23.823733715834969],[91.319586697339204,23.823691196521914],[91.319393828149387,23.823698553849017],[91.319342585550658,23.823702265794171],[91.319095600949794,23.823720154952369],[91.318848530110657,23.823715826678644],[91.318742509144229,23.823703100714763],[91.318719375729017,23.823695367837978],[91.318712351801807,23.823691895850114],[91.318689958598426,23.823676003594944],[91.318669389873349,23.823653440188576],[91.318655112050223,23.823626377572875],[91.318649637716888,23.823598227745968],[91.318651776605563,23.823565876187274],[91.318660536077928,23.823525997176969],[91.318671336522556,23.82349365053091],[91.318678443993093,23.823481028088729],[91.318712060747686,23.823438961490268],[91.318798332252598,23.823355923677777],[91.318857094648592,23.823275442353943],[91.31888534846091,23.823235550927766],[91.318922196455546,23.823122683345517],[91.318939211445368,23.823074572467146],[91.318951586636715,23.823026461570926],[91.318961594767288,23.822954825650196],[91.318963577349109,23.822923553746275],[91.318962672745627,23.822794856806418],[91.318931541629439,23.822547332938214],[91.318935421453176,23.822444453495905],[91.318959203451996,23.822376194772232],[91.319008169719822,23.82232689367833],[91.319064245254808,23.822282284936488],[91.319206476412035,23.822205486172425],[91.319331379965803,23.822171776682779],[91.319892142502113,23.822069302081534],[91.32009003686764,23.822046125345906],[91.320274971238561,23.821983576983659],[91.320854303748419,23.821747937039149],[91.320951191543386,23.821687991947996],[91.321217298581701,23.821522869766131],[91.321331920917018,23.821481174802113],[91.321411838637914,23.821461075551614],[91.321505439497287,23.821423218311427],[91.321594333184535,23.821366969468308],[91.321674216769495,23.8213067160309],[91.321756263497662,23.821240293404578],[91.321857853973142,23.821124491123683],[91.321975682395689,23.821053597872066],[91.322164971799111,23.820965567805349],[91.322352276824049,23.820898048736602],[91.322491127620864,23.820896603208009],[91.322596411070492,23.820897555662587],[91.322663648172878,23.820900953764145],[91.322785015957663,23.820934523057812],[91.323231961947485,23.821043973078996],[91.323436074451379,23.821134693628021],[91.323552785369742,23.821232727203999],[91.323630446522685,23.821286344741697],[91.323707867825462,23.821320756267685],[91.323799446577098,23.821367825770356],[91.323876708878046,23.821389433014229],[91.323985465214548,23.821410710717991],[91.324094300602781,23.821438391779282],[91.324224092788327,23.82146265255972],[91.324346726299311,23.821474182222406],[91.324500693945765,23.821472578917287],[91.324880918466178,23.82137257241202],[91.325013851161927,23.821367986018839],[91.325073657400253,23.821392975737361],[91.325221462603835,23.821458670182764],[91.325369468131754,23.821540369698237],[91.325517592237262,23.821631672546065],[91.325676214055207,23.821722866032264],[91.325702708067865,23.821742600369884],[91.325742981338678,23.821815016832964],[91.325749871416903,23.821841358300105],[91.325744046740624,23.821900647537067],[91.325731331986077,23.8219335953039],[91.325714553253192,23.821991397893221],[91.325715031156946,23.822029812136371],[91.32574693841751,23.822088332098868],[91.325951871981587,23.822219439203103],[91.326417758050866,23.822534742453382],[91.326573517836295,23.82267719047508],[91.326665574491685,23.822762672690203],[91.326754500518291,23.822825837832053],[91.326876735177294,23.822866754140737],[91.327171141842001,23.822891873411447],[91.32727974097331,23.822882455020892],[91.327372200972263,23.822892099400224],[91.327423407638406,23.822914858521948],[91.327562274604915,23.823387239031536],[91.327640772987706,23.823508079229942],[91.327778279904877,23.823589886750984],[91.32782563818833,23.823617045521747],[91.327893599332839,23.823689338494745],[91.327923980355735,23.823767655014947],[91.327957385107908,23.823920979464216],[91.328032542656132,23.824054660144029],[91.329175986621749,23.825302633490608],[91.328931524490201,23.825607582467473],[91.328095060010028,23.825931312010429],[91.32738660545786,23.826205497885542],[91.325485168445383,23.827238255809814],[91.324415610013602,23.82897761817264]]]},"properties":{"objectid":2065,"id":"2018","name":"Ward No 26","code":"26","town":"Agartala","district":"West Tripura","state":"Tripura","st_area(shape)":2374074.2794054039,"st_perimeter(shape)":8653.8889080055142}},{"type":"Feature","id":2074,"geometry":{"type":"Polygon","coordinates":[[[91.296055884528869,23.867645881263019],[91.296044015987306,23.867611356343314],[91.296040450573969,23.867596507018661],[91.296034325860361,23.867551508855584],[91.296033957551089,23.867541477588492],[91.296036487206933,23.867500208170398],[91.296058258776171,23.867276735977487],[91.29605625553306,23.867244621229332],[91.296049708611292,23.867207059130216],[91.296044240566147,23.867175693569759],[91.296039868465655,23.867150609988041],[91.296021698242399,23.867100199646941],[91.296003957413845,23.867062573429177],[91.29593030993361,23.866889051706156],[91.295899251580963,23.866827397408578],[91.295875010543028,23.866788603761272],[91.295840163994853,23.866731798727422],[91.295812136557984,23.866695082624286],[91.295530337748289,23.8663861178552],[91.295509884905911,23.866357715253113],[91.295502309413123,23.866345938201945],[91.295481856570746,23.866316843064773],[91.295414437110352,23.866186606161278],[91.295406104337772,23.866166516305277],[91.29539398336965,23.866138113655008],[91.295325049349671,23.865885260458313],[91.29531444383943,23.865868634020522],[91.295298535574076,23.865859628682845],[91.295278840011477,23.865854779338626],[91.295259144448849,23.865854779338626],[91.295212936008951,23.865865863084252],[91.295079611647765,23.865905349536451],[91.294614493638051,23.866059833408151],[91.29414636537382,23.866191546679865],[91.293839620348706,23.866295896402107],[91.293819762191006,23.86630213899754],[91.293787803726474,23.866307246276691],[91.293753672237244,23.866309516087199],[91.293706819705307,23.866308949250676],[91.293674551321956,23.866303557731843],[91.293657175209447,23.866296464060156],[91.293645694740107,23.866290789122527],[91.293637007133,23.866279155006684],[91.293632972799045,23.866272628991819],[91.29362862944464,23.866261846772407],[91.293641002839365,23.865600936494719],[91.293637336814712,23.864892934655174],[91.293631418713602,23.864874533625667],[91.293618398531862,23.864857214523997],[91.293591175087187,23.864840978172168],[91.293562767662976,23.864832318619381],[91.293481097328893,23.864821494382959],[91.293411263197044,23.864825823749019],[91.292926061552507,23.864844980576024],[91.292294808215843,23.864887391097849],[91.292255538363193,23.864888721124434],[91.29221966144739,23.864899361336761],[91.292169725897367,23.864941924641773],[91.292129486762519,23.864986704368299],[91.292017009604109,23.865139220998863],[91.291993253656429,23.865161389433162],[91.291977254661219,23.865169369575668],[91.291949620686452,23.865177350539188],[91.291892412375887,23.865177350539188],[91.291865262593063,23.865173359646743],[91.291848294315656,23.865164935889375],[91.291834234783153,23.865152078444762],[91.291819690160366,23.865130353624064],[91.291814356862545,23.865116609767043],[91.291806599910061,23.865090007636223],[91.291763451132013,23.864917539733277],[91.291667778757656,23.864639645268593],[91.291642922373725,23.864599595694084],[91.291627535131212,23.864582276555673],[91.291612147888728,23.864576864427111],[91.29154941583748,23.864564957414906],[91.291457092382458,23.864564957414906],[91.290893685205958,23.864585523996972],[91.290460477151754,23.864627739083687],[91.289037755049179,23.864810670145648],[91.288490919094698,23.864872368121933],[91.286546216523234,23.865089936986369],[91.285786327132811,23.865188437628838],[91.285353119078607,23.865231735267884],[91.285099822016264,23.865135398514703],[91.284904162659203,23.865027742921491],[91.2847661724484,23.864939618660813],[91.284428705040554,23.864668871403119],[91.284092554562918,23.864379861315495],[91.284002598168684,23.864272700467843],[91.283788361651531,23.863969617732138],[91.283267830165187,23.863128707730915],[91.283160414115102,23.862911697494091],[91.282985684605805,23.862624549169912],[91.28292595831752,23.862498578025836],[91.282820154743334,23.862200203424564],[91.282768043473709,23.86198621979014],[91.282754623541678,23.861842728067092],[91.282744692666228,23.861678736510306],[91.282740943996544,23.861027470677165],[91.282763338996588,23.860635664116099],[91.28276215591535,23.860204841399209],[91.282758604875013,23.860108501728607],[91.282744401612078,23.860040305551152],[91.28271481020829,23.859963450281061],[91.282695872823808,23.859930976348426],[91.282629588833913,23.859845461127289],[91.281933317233609,23.859129707743168],[91.281771281817626,23.858968841209293],[91.281756177544437,23.858936139458258],[91.281714515478171,23.858824713550543],[91.281702163643018,23.858778183435444],[91.281677557889083,23.858647119865473],[91.281690567291022,23.858452432727191],[91.281769328880202,23.858018664048181],[91.282032078914256,23.856611531939386],[91.282130097688182,23.856220817028909],[91.282155989829619,23.856134555019281],[91.282198526854941,23.856017847309758],[91.282666429642035,23.854989463443697],[91.28333401893363,23.853715883635264],[91.283437945927162,23.853434863661274],[91.283447282117933,23.853362047488993],[91.283417783240623,23.851867141629537],[91.284088787028622,23.851846761173299],[91.284782027713163,23.851859141770937],[91.284884031413682,23.85188931562146],[91.284946217289217,23.851951907894126],[91.284983207217664,23.852032414966764],[91.28537708613041,23.852797424789358],[91.285611849151792,23.853232564099308],[91.285713543831875,23.853304857816543],[91.285849103201514,23.853271572953822],[91.286070255848045,23.853227383183576],[91.286691705870012,23.853129940685889],[91.287108932895293,23.853035731057194],[91.287285696190395,23.852996811684623],[91.287421059727293,23.852953150101037],[91.287609193897239,23.852825551024932],[91.287822637202012,23.852651039933736],[91.287982235488641,23.852526906846588],[91.2881433806742,23.852344636250614],[91.288282503660568,23.852216564981777],[91.288398528266057,23.852420860129406],[91.28850600989314,23.852303496731654],[91.288541946996091,23.852243205084651],[91.288582169961259,23.852191872867323],[91.288642728089513,23.852128297264816],[91.288683201684648,23.852091636998633],[91.288826753365356,23.85199709222676],[91.288768948573463,23.851913707911944],[91.288764086891135,23.851904432943044],[91.288755852933235,23.851876576811879],[91.288757891210622,23.851860181087087],[91.288770028348395,23.851830751593901],[91.288781510614371,23.851814446238667],[91.288793363884565,23.851801000029134],[91.288802558141498,23.851794318825149],[91.288820843349086,23.851785683048064],[91.289068435211078,23.851702417728447],[91.289193553462141,23.851670123297719],[91.289318156080284,23.851648602436438],[91.289329939281885,23.8516433031477],[91.289338762534555,23.851638034257736],[91.289346293111606,23.851632106448186],[91.289350010340257,23.851627490726028],[91.289354618697658,23.851617386746963],[91.289379956578557,23.851429965926396],[91.289675746648811,23.851438623088693],[91.289675267846746,23.851423642919379],[91.289674027273321,23.851324016903195],[91.289789129309014,23.851343202017901],[91.289822799064169,23.851359355437019],[91.289842453304288,23.851390048653077],[91.289899057946954,23.851533405709226],[91.290315969663567,23.85147716992455],[91.290281147369896,23.851049917821346],[91.290312091636508,23.8509831694635],[91.290338537140158,23.850790935611212],[91.290343741978901,23.850671427179471],[91.290327245317016,23.850559547212718],[91.29029694424419,23.850417119955459],[91.290288678845258,23.85032259285882],[91.290291806779081,23.85026515043419],[91.290343547044472,23.849853966602865],[91.290368271376053,23.849753863669452],[91.290420242508489,23.849643142199273],[91.29049265480522,23.849441716661545],[91.290526161067035,23.849370428904166],[91.290561579842048,23.849328220348248],[91.290738101490334,23.849469614396519],[91.290760562067348,23.84945069849223],[91.290795493955514,23.849397053981544],[91.290829053217877,23.849361000112271],[91.290843429855698,23.849350695483743],[91.290918325994213,23.849318476876686],[91.290982692080931,23.849303689540665],[91.291024870678484,23.849289250565644],[91.291045846340339,23.849277591096236],[91.291071126729094,23.849256739450034],[91.291141980448785,23.849175076289917],[91.291173343330314,23.849120074363491],[91.291182699283993,23.849092082889555],[91.291261094360507,23.849088609938356],[91.291230712439287,23.849215137205711],[91.291408888784318,23.849227802331953],[91.291443620348161,23.849169057990494],[91.291979996319469,23.849202079348331],[91.291996227978331,23.849354267021095],[91.291965696936771,23.849771667895187],[91.291970682586594,23.849881019637806],[91.292048705760592,23.849915979804678],[91.292076320870734,23.849928607890181],[91.29211774308682,23.84994697653519],[91.292154772541153,23.849965345177591],[91.292178621913621,23.849979695343865],[91.292203726232543,23.849998638283925],[91.292223181944991,23.850015858314563],[91.292248914186302,23.850043411673347],[91.29226272129219,23.850078426843933],[91.292263349214593,23.850113441183474],[91.29226272129219,23.850159363136417],[91.292256445661636,23.850194951755526],[91.292246403395083,23.850225374939605],[91.292215023445578,23.850281628521174],[91.292165391526112,23.850376180295775],[91.292153743071836,23.850399324856021],[91.292151332891933,23.850418795203861],[91.29215253843104,23.850440469909081],[91.292161375158486,23.850488595284077],[91.29217120811758,23.850541621498127],[91.29220736710441,23.850658105734766],[91.29232705234466,23.850946512981402],[91.292420354065001,23.851317104805798],[91.292445271534348,23.851455889758945],[91.292452326004295,23.851573377985265],[91.292443218883932,23.851829589038406],[91.292459409220299,23.852157856501936],[91.292494623179437,23.852393667954281],[91.292537446767369,23.852592497611749],[91.292548179838349,23.852806421176066],[91.292618647282495,23.85295698855483],[91.292775030498731,23.853202608281649],[91.292960001700578,23.853458667406908],[91.292996915272241,23.853492708078349],[91.293013172083946,23.853502929397617],[91.293030953336654,23.853510828921586],[91.293053815460652,23.8535168692021],[91.293146277256213,23.853523838692986],[91.293179807772489,23.853530343167417],[91.293210289406744,23.853543352936885],[91.293233150632403,23.853559615352239],[91.293247883901373,23.853575413571207],[91.293259060740112,23.85359214017685],[91.293279802840033,23.853638215354607],[91.293288659330415,23.853688266152322],[91.293287418757018,23.853712087926244],[91.293275015717896,23.853758596856508],[91.293263853252171,23.853822121542688],[91.293266333500682,23.85386863043345],[91.29327377604281,23.853895855162314],[91.293283697935109,23.853928752078566],[91.293304783191459,23.853963917370173],[91.293324628772737,23.853987739093409],[91.29334199320715,23.854001351856812],[91.293371760680742,23.854029711159821],[91.29341145094493,23.854051263667252],[91.293468505643588,23.854076219976069],[91.293544164451745,23.854093235713101],[91.293616103336319,23.854105713042486],[91.29368059967878,23.854118191192228],[91.293725250439977,23.854134072322637],[91.293752537665043,23.854157894014563],[91.29378726653394,23.854210074965657],[91.293817034007517,23.854238434222971],[91.293841840085761,23.854255449938705],[91.294141738151808,23.854336520825917],[91.294170821109105,23.854351457936449],[91.294185865195189,23.854365391077007],[91.294197271104338,23.854380373370997],[91.294204955293282,23.854400376324616],[91.294208501842022,23.854420917408444],[91.294207997887142,23.85443532623491],[91.294197531615751,23.854480109593503],[91.294178760419584,23.854552833942456],[91.294104787749191,23.854745494362877],[91.294102299415854,23.854773565130049],[91.2941087070988,23.854806663109393],[91.294218896248168,23.855083533627614],[91.294234047233729,23.855120751717045],[91.294363685807326,23.855419314332686],[91.294368959816396,23.855424705482982],[91.294376096931288,23.855428110895566],[91.294385405274284,23.855430380896689],[91.294390059445789,23.855430665160316],[91.294498592101775,23.855436776006449],[91.294534195929728,23.855443704315515],[91.29456676884196,23.855465181003254],[91.294589495320324,23.855486658508994],[91.29459782809289,23.855498435725931],[91.294609190882909,23.855524762135698],[91.294616008197622,23.855550395956275],[91.294627521006291,23.855616078028419],[91.294641763795127,23.855735375686073],[91.29464815530838,23.855854321602571],[91.294660418210327,23.856346161672452],[91.294647510318001,23.857041391413443],[91.294651149393218,23.857154772525217],[91.294643850581522,23.857254410489599],[91.294603298832982,23.857396969075115],[91.294588439799853,23.857435068032231],[91.294551478617493,23.857504643333908],[91.294281003970283,23.858060978218564],[91.293879062677874,23.858707343630112],[91.293752210678278,23.858876840042935],[91.29373111194721,23.858929585140721],[91.293709771569326,23.859006675165531],[91.293910056351791,23.85913566232076],[91.294065015738298,23.859266892170488],[91.294318683804875,23.859548388314288],[91.294876527714862,23.860190915458958],[91.295073314457611,23.860478931794294],[91.295278893012068,23.860837292424605],[91.295557702228479,23.861288915102278],[91.295696170343007,23.861480565700099],[91.295820676841373,23.861628405370986],[91.295913929154409,23.861739133030156],[91.296000542917483,23.861811840159845],[91.296056083056527,23.861847649856205],[91.296181914569956,23.861899775953685],[91.296624888209593,23.862000398568473],[91.297361464521771,23.862179075359879],[91.297486783097156,23.862198065808112],[91.297656731772506,23.862236887119362],[91.297853259800476,23.862310641417224],[91.297936394388444,23.862354038601655],[91.297985618472737,23.862387342490667],[91.298063260761069,23.862464589833817],[91.298125368483184,23.86255303124452],[91.298354363422149,23.862865485955293],[91.298434746470392,23.862941515515438],[91.29849176523642,23.862985665003745],[91.298566040639059,23.863028266727731],[91.298670899185552,23.863076013634316],[91.298739654440766,23.863092761194473],[91.298786551888497,23.863092273210057],[91.298872480236994,23.863084173818788],[91.298964023954341,23.863058718116331],[91.299039354877436,23.86304456574257],[91.299078778341993,23.863040397335453],[91.299113614110396,23.863042483182067],[91.29917281668088,23.863060109775908],[91.299233338876519,23.863092857312616],[91.299267464077531,23.863133556355677],[91.299283450496347,23.863182958590293],[91.299295589430756,23.863242692262293],[91.299296503017402,23.863333328245968],[91.299296525475299,23.863400252618774],[91.299294382095027,23.863729819160792],[91.299295375631701,23.863792821401258],[91.299298429903672,23.863892401682733],[91.299297709454834,23.863935252028213],[91.299299151250878,23.863980079750757],[91.299297709454834,23.863995241666522],[91.299303226008973,23.864098099642007],[91.299305684697941,23.86421526997869],[91.299401629261837,23.864991681079125],[91.299397823099994,23.865171586829494],[91.299392005610187,23.865219026523043],[91.299384034858676,23.865256801148071],[91.299378759951352,23.86527354185413],[91.299371002998853,23.86529397277474],[91.299359522529542,23.86531411862871],[91.299336872407977,23.865347601666866],[91.299077430869076,23.865722682081142],[91.299034606382861,23.865776519458144],[91.298848285911433,23.865972546962652],[91.298789956503398,23.866025195519558],[91.298781635408957,23.866035161183781],[91.298688818778857,23.866106690330373],[91.298649499518874,23.866147033536986],[91.298617137710735,23.866192503730765],[91.298581949802767,23.866249711537439],[91.298509049720806,23.866414821942119],[91.298364749743456,23.866678933581813],[91.298350546480521,23.866729806591156],[91.29834086982828,23.866783377383733],[91.29834086982828,23.86679869998509],[91.298341489665816,23.866815724730483],[91.298353713041877,23.866986417313132],[91.298376349688738,23.867202172047637],[91.29837786424828,23.867224340128779],[91.29837786424828,23.867243736477899],[91.29837786424828,23.867254127583369],[91.298365168358373,23.867310794376792],[91.29835353248049,23.867344932452209],[91.298326383595992,23.867400794962087],[91.298305051302947,23.867430943012383],[91.298040293534214,23.867735257280643],[91.297896633157322,23.867899741457247],[91.297640794761065,23.868105506164149],[91.297588526286248,23.868134601720939],[91.297530196878213,23.868151919562806],[91.297452929187372,23.868161618078993],[91.297399145254687,23.868154690450133],[91.297322635741935,23.868143606900418],[91.297259003578773,23.868124209864643],[91.297201432348842,23.868109662907372],[91.297147648416171,23.868094422610223],[91.296227230982794,23.867790754879341],[91.296187036763712,23.867772853729242],[91.296161656662008,23.867757316833476],[91.296099670212428,23.86770957165275],[91.296066948179885,23.867667765031442],[91.296055884528869,23.867645881263019]]]},"properties":{"objectid":2074,"id":"2023","name":"Ward No 5","code":"5","town":"Agartala","district":"West Tripura","state":"Tripura","st_area(shape)":2374124.5697764056,"st_perimeter(shape)":8022.6450955472301}},{"type":"Feature","id":2078,"geometry":{"type":"Polygon","coordinates":[[[91.270597748852836,23.844190676769387],[91.270589539149455,23.844216886338121],[91.270531640034477,23.844401726133182],[91.270516258181843,23.844512791418182],[91.270488401424885,23.844663915643956],[91.27046069827982,23.844827402065146],[91.270453762387532,23.844867604824799],[91.270405304566168,23.845046812192216],[91.270375126562513,23.845120070968679],[91.270269094816243,23.845289317300864],[91.270235952372175,23.845341588916114],[91.27017758523489,23.845414712777888],[91.270042254935646,23.845526584039529],[91.269950964543213,23.845576987985897],[91.269846282066538,23.845637422411674],[91.269763317260157,23.845705048561506],[91.269632557589105,23.845842406598067],[91.269596712114307,23.845894705925744],[91.269344425656641,23.846259578865936],[91.269279045371974,23.846328258019433],[91.26888603513008,23.846752016522561],[91.268788229256913,23.846860044709306],[91.268686044096711,23.846963316419892],[91.268617046296384,23.847007712910571],[91.26857935658029,23.847020468631211],[91.268432223316566,23.847056473032477],[91.268156460287244,23.847079069340626],[91.267992129675719,23.84708322347203],[91.267475205823558,23.847021846495448],[91.267060455453517,23.846927522328773],[91.266857957222172,23.846864166804352],[91.26678414624854,23.846854807668283],[91.266686907212289,23.846871319875483],[91.266641054505257,23.846892220381328],[91.266497783997195,23.847010209005926],[91.266305612798348,23.847183362976299],[91.266087588983979,23.847369131904252],[91.265749705656148,23.847657027205692],[91.265655555926159,23.847749422499717],[91.265446329313349,23.847908554557662],[91.265361589435969,23.847993951127812],[91.265264251585037,23.848127772140554],[91.265212658643335,23.848224896325643],[91.265187989108981,23.848363996804228],[91.26518919105483,23.848460571151627],[91.26519759299768,23.848605363522182],[91.265206896849094,23.848822586693288],[91.265234771572352,23.84947135702912],[91.265231400195077,23.849749529691653],[91.265220865651742,23.849850238974053],[91.26516591121424,23.850047725922789],[91.265133131689524,23.850129199563973],[91.265126245204584,23.850142988556083],[91.265093013827254,23.85020261239433],[91.265020922229098,23.850277177893265],[91.264964667031066,23.85032192982473],[91.264854319778166,23.850359799991637],[91.264789778519969,23.850372306436608],[91.264216050599146,23.850511744753828],[91.264176951426379,23.850518022617209],[91.264026602193908,23.850545521643507],[91.263969374120421,23.85057508617124],[91.263952342062652,23.850599540329238],[91.263680847827573,23.850534524498496],[91.263405641753764,23.850483301699079],[91.26325728678124,23.850442348914683],[91.262998542334998,23.850356184115427],[91.262735380872499,23.850254611720423],[91.262459261212072,23.850129993234169],[91.262242030610068,23.84998544494055],[91.262050286110977,23.849852220688987],[91.26187111622923,23.84971113926894],[91.261594419850368,23.84954016511653],[91.261337734342774,23.849280123298765],[91.261157940131909,23.849088822735695],[91.261113924479631,23.848946333062823],[91.261141230569322,23.848764465772785],[91.261261262559259,23.848566179080798],[91.261436585854938,23.848398224499064],[91.261510591762985,23.848235187897831],[91.261547017549461,23.848107313864208],[91.261540288269671,23.847989457697203],[91.261520996050635,23.847922536866466],[91.261498088112546,23.847871681120093],[91.261485378747921,23.84785620263726],[91.26141994456431,23.847787382153193],[91.261356481284437,23.847741580959536],[91.261283558744623,23.847717638131616],[91.261242291038783,23.84771279139478],[91.261167517071158,23.847712908886454],[91.261031299236436,23.847737924750906],[91.260905312314435,23.847797188182959],[91.260837903633842,23.847811412881505],[91.260783224080811,23.847811288816974],[91.260708518385172,23.847804256575778],[91.260662550693766,23.847788398496657],[91.260555474206839,23.847763055637291],[91.260490870964873,23.847759005051749],[91.260415038781829,23.847775248474115],[91.260421803095937,23.847639955575016],[91.260444548438912,23.847431089603095],[91.260305170331023,23.847432540587306],[91.260452711429906,23.84537173963496],[91.260506690297035,23.84461778058256],[91.259762905004706,23.84459075191992],[91.259661442988303,23.844584081025559],[91.2596270770388,23.844538075754933],[91.259204477189812,23.844523158054358],[91.259224417992471,23.844116036286014],[91.258718630554895,23.844096574851118],[91.258707404308808,23.843411750025371],[91.258696849104197,23.84334424674795],[91.258693591812985,23.843177848176211],[91.258697136565118,23.84312981211151],[91.258730870100635,23.842785597359324],[91.258764129325712,23.842742750700872],[91.258810540784893,23.842738404163889],[91.258903029529918,23.842766305806556],[91.25895740814731,23.842775868185704],[91.259015145565556,23.84278843369967],[91.259045039701604,23.842788122293815],[91.259073700450728,23.842777696360013],[91.259090106382786,23.842761320025534],[91.259101983009145,23.842736888216631],[91.25911165786475,23.842713492506064],[91.259122628989303,23.842705275166363],[91.259150271048924,23.842701949119739],[91.259185676349219,23.842699554826215],[91.259217948325812,23.842712385741109],[91.259247980802371,23.842723214289499],[91.259300132496193,23.842731786581595],[91.259337777296508,23.842731394653722],[91.259357693844649,23.842730174501003],[91.259419683887444,23.842728516407913],[91.259462750918843,23.842718952381986],[91.259662521864954,23.842666231087232],[91.259750945733316,23.842653156137093],[91.259841697136579,23.842649172767359],[91.259946741634351,23.842636937544082],[91.260036398889582,23.842633978774252],[91.260156943817549,23.842621582505704],[91.260273299901371,23.842628473703865],[91.260408616725883,23.842646308487808],[91.260476280528025,23.842655732016564],[91.26053169130968,23.842659206783416],[91.260633602483722,23.842662196775471],[91.260733161868345,23.842654070635923],[91.260932095584664,23.842662001222259],[91.260973615717077,23.842661569033261],[91.260992862122052,23.842678776070517],[91.261013995887396,23.842708625040849],[91.26102638096026,23.842730651880622],[91.261059408419968,23.842742968438564],[91.261296613062342,23.842756323562813],[91.261564682021216,23.842747202409129],[91.261590292091626,23.842747442331369],[91.261612763448454,23.842773542090601],[91.261614778369648,23.842846444733578],[91.261616078231881,23.84303988176049],[91.261605336177695,23.843155455778575],[91.261611262363644,23.843186791823435],[91.261628097690377,23.843204847554073],[91.261901016653482,23.843218464736641],[91.262287157478355,23.843242930142353],[91.262522770306006,23.843267379932115],[91.262637125841678,23.84328043263584],[91.26269940604034,23.843279783533774],[91.262780655962843,23.843274190574434],[91.262847947862454,23.843259246435689],[91.262913312875781,23.84322849788704],[91.262928705508173,23.843214094387786],[91.262943763967286,23.843172791749183],[91.262923729739825,23.843092290676545],[91.262732877267823,23.842910702750604],[91.262205948878346,23.842417685204115],[91.261206213798658,23.841470646211249],[91.259501037116223,23.839697612518194],[91.259771315032395,23.839692310275865],[91.261322475559339,23.839543075030232],[91.2634746260794,23.839321160988664],[91.263479676407911,23.839697722622116],[91.263463495953019,23.840339053241554],[91.263473287589619,23.841908948309328],[91.263610136939974,23.841893836395194],[91.264363306033786,23.841815589156528],[91.265351546271077,23.841712918906996],[91.265608853412857,23.841686187079048],[91.265673869879848,23.841679763354385],[91.26586501610096,23.841664124730485],[91.266113076883528,23.841628322602865],[91.26640614326179,23.841577504648466],[91.266547777039392,23.8415572228167],[91.266838067623482,23.841539972082668],[91.267018129532275,23.841543644077628],[91.267539610537852,23.841566363773921],[91.267706081834746,23.841565091845727],[91.267757911033371,23.841563475642335],[91.267798829294563,23.841559820902791],[91.267983875954883,23.841568961038156],[91.268294657110587,23.84159655234545],[91.268613182642326,23.841647843567721],[91.268682861365662,23.841655399539341],[91.268993770082119,23.841659636010419],[91.269129098584727,23.841653970675228],[91.269281672045835,23.841650578047268],[91.2699226155095,23.841636206417412],[91.270221254137496,23.841629450740189],[91.270507960443581,23.841622964566671],[91.270520727300394,23.842026035182929],[91.270526359737232,23.842126904937299],[91.270587431701799,23.843098015929264],[91.270593215953909,23.843562798299892],[91.270603391171136,23.843925307360539],[91.270605168937095,23.843942496153904],[91.270600551596544,23.844096935552404],[91.270597748852836,23.844190676769387]]]},"properties":{"objectid":2078,"id":"2034","name":"Ward No 14","code":"14","town":"Agartala","district":"West Tripura","state":"Tripura","st_area(shape)":993988.5006703859,"st_perimeter(shape)":5712.1932718195576}},{"type":"Feature","id":2082,"geometry":{"type":"Polygon","coordinates":[[[91.28560574779442,23.865917459337073],[91.286460905317355,23.87002024897992],[91.286451909588081,23.879797393517819],[91.286020877253492,23.879782796122967],[91.282385874999051,23.879659691169408],[91.27892221560522,23.879797393517819],[91.275724608452478,23.880063201185308],[91.275609150683948,23.88007279859654],[91.271543116094918,23.88007279859654],[91.268082677161416,23.88023100874603],[91.268102052025455,23.880207655948865],[91.268189177828233,23.880115292021571],[91.268365844105276,23.879928004437751],[91.268407242965154,23.879877438895782],[91.268587404586924,23.879664436497936],[91.268604352203099,23.879635508637328],[91.268615651212727,23.87958901721392],[91.268623559980497,23.879524961387336],[91.268638248333701,23.879187121453608],[91.268626950222384,23.879025950446469],[91.26861226186918,23.87891333679903],[91.268598703596581,23.878830684450527],[91.268570456072482,23.878741832767915],[91.268538820103103,23.878668478827027],[91.268280764664709,23.87825468513347],[91.26825770760631,23.878216097802589],[91.267872779507044,23.877603272668996],[91.267628147593953,23.877196224464324],[91.267588602856819,23.877116670288284],[91.267570525160025,23.877053647423487],[91.267558096069763,23.876973059795183],[91.267561485413339,23.876888340298539],[91.267573914503615,23.876808785933271],[91.267698954601272,23.876428355572784],[91.267913852278468,23.875927843420271],[91.268014786983812,23.875698316134478],[91.268073566447796,23.87559997627568],[91.26814132277643,23.87550465104102],[91.268210095997944,23.875431285408183],[91.268251058276562,23.875398319201842],[91.268617379571339,23.875133856518893],[91.269671893917064,23.874487220689424],[91.270918857939364,23.873746785470235],[91.271129748232084,23.873613999669509],[91.271308054832829,23.873520177880565],[91.271413659879315,23.873475493108277],[91.271497421491361,23.873450635004758],[91.271548991975209,23.873437250186051],[91.271586476875356,23.873431061329295],[91.271677589401364,23.873419158417128],[91.27174194650496,23.873419158417128],[91.271800518458136,23.873422464781743],[91.271874276431149,23.873435690239305],[91.273020970501435,23.8737186070971],[91.273114067405885,23.873744146956842],[91.273140108667675,23.873648048187299],[91.273148625594885,23.873590987404157],[91.273146044735071,23.873545769531198],[91.273141245036513,23.873519266063969],[91.273127464880062,23.873494586224918],[91.273107017427577,23.873463859637972],[91.273079187620056,23.873436547018908],[91.272952674285335,23.87333287828945],[91.272876788203405,23.873251162947113],[91.272837975593234,23.873199757730582],[91.272767474911404,23.873067575141338],[91.272748844750723,23.873001345790883],[91.272745706935439,23.8729798128658],[91.27275436849142,23.872903839308439],[91.272766167862684,23.872849398656815],[91.272807864064887,23.872741716618538],[91.272895296193198,23.872575766532325],[91.272915581050626,23.872519350946273],[91.27292700851936,23.87247974411299],[91.272960840869587,23.872441960916024],[91.27298386738525,23.872426680055646],[91.273042224641046,23.872401058611128],[91.273232465360365,23.872318947556444],[91.273268085358012,23.872300624799816],[91.273314636056028,23.87225637909005],[91.273328456636676,23.872227599080418],[91.273338188086129,23.872181629090843],[91.2733406243172,23.872144271325837],[91.273347600633699,23.872097051036274],[91.273356891908676,23.872051880286531],[91.273363156759444,23.872024087633484],[91.273398741722815,23.871866242863074],[91.27341224609647,23.871831237688948],[91.273420328239084,23.871820348320188],[91.273423039354597,23.871817471542041],[91.273453296410011,23.871794477851076],[91.273466565425068,23.871790125716903],[91.273471284275246,23.871789405290009],[91.273492902232562,23.871789198280208],[91.273582427435471,23.871788342311191],[91.273651126995162,23.871795841486886],[91.274417760936714,23.871879528446708],[91.274762359171291,23.871943596271475],[91.274855672569714,23.871939895565216],[91.274935230964559,23.871913110827634],[91.274962097778086,23.871893560742254],[91.275002333319634,23.871857663462389],[91.275040478481571,23.871806783431616],[91.275062528528522,23.871770261812362],[91.275088618299321,23.871740357105377],[91.275154363300018,23.871683644605351],[91.275260363605227,23.871611990390377],[91.275355918300306,23.871545542606018],[91.275427599368399,23.871513824043252],[91.275499797866118,23.871490155872067],[91.275572039482924,23.871450068985748],[91.275612189684566,23.871420501828855],[91.275629740968597,23.87140609160592],[91.275663007380174,23.871378778552682],[91.275722669888097,23.871321907350495],[91.275827553587405,23.871199799009304],[91.275862947209603,23.871157743787581],[91.275896457962972,23.871083794089174],[91.275917650118828,23.87098169823857],[91.275929949851687,23.870918145001315],[91.275941419541255,23.870877397473432],[91.275953679748241,23.870849231619342],[91.275993039432407,23.870796775605697],[91.27602013801129,23.870772485447745],[91.27608165284532,23.870728694312383],[91.276104743141374,23.87071745490293],[91.276244510219811,23.870624135400362],[91.276438186995051,23.870467849727223],[91.276508952679862,23.870422131306],[91.276565917546975,23.870372540428985],[91.276574267387559,23.870364683007139],[91.276633749334081,23.870292503138458],[91.276657607689728,23.870246707436461],[91.27667404416448,23.870228147801079],[91.27668554260012,23.870219064726225],[91.276693885254176,23.870213450749844],[91.276738745322817,23.870192104657932],[91.276782922671842,23.870172249544485],[91.27682196884399,23.870153535460627],[91.276883267184019,23.870116942727925],[91.27692189474125,23.870085259138754],[91.276953811883288,23.870042667129567],[91.276970012999428,23.869993845011397],[91.276983388914033,23.869949690518947],[91.27700667863607,23.869902328134529],[91.277027877080172,23.869875884710918],[91.277045356498959,23.869863620842324],[91.277064460970109,23.869849762480484],[91.277076896348589,23.8698430115601],[91.277099665946096,23.869836745312437],[91.27717960881985,23.869828997114869],[91.277189641204941,23.869828084450774],[91.277252477460763,23.869830296695962],[91.277394672685389,23.869852901354367],[91.277594277443214,23.869887000971548],[91.277686963817601,23.869892148361778],[91.277786100994035,23.869889251003801],[91.277840078962839,23.869884928378852],[91.27789456268313,23.869873497491369],[91.277984411279505,23.869857673329772],[91.278067000590127,23.869833594115939],[91.278138434621525,23.869804333823428],[91.278178549788848,23.86977646264727],[91.278241225246219,23.869719199716517],[91.278257446125309,23.869702891683982],[91.278278924843747,23.869675500230787],[91.278339253901592,23.869548364512465],[91.278363635076701,23.869518126592162],[91.278423878794612,23.869469681336504],[91.278458350745339,23.869453068502612],[91.278524305951805,23.869388127030909],[91.278542541752074,23.869363106310477],[91.278580410232877,23.869300136353328],[91.278606730870706,23.869226045120222],[91.278627842178196,23.869141138184226],[91.278644147498909,23.869022437770457],[91.278659573368969,23.868972085662016],[91.278670794225178,23.868943288492616],[91.278681538076,23.868922495872638],[91.278713811849187,23.868883103168301],[91.27876564014953,23.86883833136104],[91.278827574496773,23.8688032267899],[91.278866184986015,23.868788269987192],[91.27891923589344,23.868757018174872],[91.278981327445877,23.868703282258391],[91.279006023031357,23.86866163861238],[91.279017184598757,23.868616790330183],[91.279021060829194,23.868558250294388],[91.279018525783457,23.868507595697768],[91.27899013093564,23.868354054529778],[91.278984589228685,23.868324013488024],[91.278986132534314,23.86825230812439],[91.27899140384838,23.868221312487595],[91.279005150767205,23.867994204796474],[91.278999941436865,23.867859084165108],[91.278983457351401,23.867750010474698],[91.278964448101689,23.867679440918703],[91.278950289754462,23.867640971195168],[91.27894435458542,23.867621959364701],[91.278951008406708,23.8674874766463],[91.278983457351401,23.867362484525909],[91.279004758203413,23.867312982020124],[91.279057541412897,23.867234676195565],[91.279089211518226,23.867187692349528],[91.279151427936497,23.86710993356628],[91.279190617839078,23.867073528096341],[91.27930227573394,23.867022091674663],[91.279373149216596,23.867009019182024],[91.279438885234129,23.866986831348058],[91.279480450282335,23.866965768141068],[91.279503942125316,23.866947018269354],[91.279521561681335,23.866932955863824],[91.279547326261977,23.866904444122376],[91.279569391580324,23.86687812824032],[91.279634523031675,23.86680005710155],[91.279662380686929,23.866754457324216],[91.279690110781459,23.866709067013211],[91.279697495831414,23.86669819035766],[91.27973341406971,23.866622997647035],[91.2797545289705,23.86654854506488],[91.27975708916901,23.866501364631151],[91.279743166180438,23.866445154238257],[91.279663860212224,23.866225197077739],[91.2796649579535,23.866151511550822],[91.279677549638819,23.866114221052285],[91.279734819034843,23.865981254086439],[91.27976880050538,23.865918853430458],[91.279787789093859,23.865848914613952],[91.279795763438656,23.865777207879781],[91.279798442214826,23.865733497205671],[91.279795012447082,23.865704942481848],[91.279782713612519,23.865659164052019],[91.279760802804418,23.865614117568391],[91.279690380276023,23.865489952540738],[91.279674849303078,23.865442840727987],[91.279649668627371,23.86533929457503],[91.279648560106281,23.865301679346732],[91.279654669548535,23.865236343933297],[91.279657984331934,23.86520089499486],[91.279675073881918,23.865136940488231],[91.27969801775258,23.865094977771026],[91.279762842878426,23.865033971612402],[91.279782311167253,23.865019175390366],[91.279862030360505,23.864955387560681],[91.279875539225756,23.864944382602165],[91.279897157183072,23.86491911621285],[91.279913524487554,23.864890337036893],[91.279946957087461,23.864800082502789],[91.279963031541172,23.864701579100426],[91.279977862726511,23.864610695155886],[91.279988906614633,23.864556255946503],[91.280006152471429,23.864493990975188],[91.280019970357145,23.864415802565642],[91.280021120200701,23.864350681942085],[91.280020915384824,23.864349630403417],[91.280020884842102,23.86434831187248],[91.280010426655551,23.864294266880012],[91.28000355634029,23.864278573479019],[91.279947626332373,23.864201019149458],[91.279907071888871,23.86416811662647],[91.279828749575884,23.864124816167266],[91.279784883942241,23.864090772538887],[91.279770984309863,23.864078192660138],[91.279750448822426,23.864049817483451],[91.279743812967439,23.864034023006315],[91.279727128557681,23.863928385787048],[91.279713405893403,23.863825221250618],[91.279672996976956,23.863700695504249],[91.279611805536447,23.863598369557714],[91.279514118240883,23.863469816501368],[91.279329889945771,23.863318080814516],[91.279235167090633,23.863253155161189],[91.279164338523756,23.863184012602996],[91.279071710539867,23.863071621774047],[91.279015714954937,23.862963745118623],[91.278828842917974,23.862567823640692],[91.278815156186297,23.862517054151827],[91.278806859346346,23.862429432600258],[91.278809786955847,23.862348369241928],[91.278817252854154,23.862316294348059],[91.278830237103264,23.862260512619294],[91.278868599657471,23.862136783894393],[91.278951731550507,23.861942969536344],[91.279033312053045,23.861828345531904],[91.279081980978489,23.861760186407302],[91.279139789363668,23.861641405290417],[91.279160055356499,23.861561752009834],[91.279162572435894,23.861518566515375],[91.279152377455731,23.861469274552896],[91.279084615737247,23.861344705464777],[91.278967848225037,23.861213741432593],[91.278819533676682,23.86108911212661],[91.278747126769844,23.86105415990362],[91.278700272441228,23.861040678505422],[91.278641236957384,23.86104285228852],[91.278543441864002,23.861067091693215],[91.278239856213716,23.861126455828717],[91.278006641887856,23.861190883876567],[91.27743154942614,23.861351479831114],[91.276999104939947,23.861434218097759],[91.276726518353499,23.861446472084729],[91.276426834086507,23.861517267672426],[91.276087333791168,23.861653066933386],[91.275887460437076,23.861480730828202],[91.275497675147079,23.861028865644709],[91.27493560466371,23.860377273679013],[91.274915950423619,23.860357710350517],[91.274366063790438,23.85982967846061],[91.27405970773583,23.859554968889977],[91.273935472528649,23.859412700220201],[91.273884170641111,23.85934254428842],[91.273879652115212,23.859332832788649],[91.273876714624237,23.85932332749627],[91.273868863348667,23.859303697463336],[91.273868157272858,23.859294335117948],[91.273866745121211,23.859286586289652],[91.273864979931673,23.859273671574762],[91.273864626893783,23.859257851868819],[91.273864626893783,23.859250425906261],[91.273873707064695,23.859170842630082],[91.273878237268633,23.85913234655434],[91.273892516888409,23.859089640855537],[91.273916972623681,23.859023008369867],[91.273987269387959,23.858893213519558],[91.274057055909097,23.858779522561811],[91.274505922496999,23.858081196672753],[91.274654246028518,23.857828749205662],[91.274699926259018,23.857723125000017],[91.274714578679649,23.857682923763583],[91.274725162630318,23.857641777723977],[91.274733987679667,23.857589816689245],[91.274736746405893,23.857556016167493],[91.274736746405893,23.85752524307776],[91.274727920458233,23.857435950385998],[91.274722403904065,23.857399628460595],[91.274710268562899,23.85735573832412],[91.274695926959382,23.857318911938851],[91.274679930659133,23.857284606908969],[91.274623248761344,23.857190983608696],[91.273877695584531,23.856265048499672],[91.273859663701828,23.856244285063816],[91.273744087355695,23.856104057638387],[91.273688926305653,23.856044150610114],[91.273657037011404,23.85601262049763],[91.273613942132272,23.855975571907322],[91.273588947407802,23.855951924721936],[91.273557918699595,23.85592670012165],[91.273522581671244,23.85590147633804],[91.273436391912995,23.855857333472553],[91.272871869927229,23.855590083551526],[91.272469448934459,23.855387650973586],[91.272342004046763,23.855312099242674],[91.272285938393253,23.855271216174788],[91.272232432039971,23.855221776416858],[91.27216292938644,23.855152157167485],[91.272119903677591,23.85509868097477],[91.272070258283406,23.855038142513074],[91.272039920379626,23.854992234612634],[91.272006823749635,23.854940776140335],[91.271959936183364,23.854863085589766],[91.2719738322225,23.854856172038005],[91.272553577059114,23.854679451999178],[91.272412851478279,23.854258443771126],[91.272180636079,23.853657122431866],[91.272148557240214,23.853588203151958],[91.272115079724514,23.853529303043061],[91.272057606410954,23.85346992474577],[91.272004936389237,23.853438201756244],[91.271996138289339,23.853434361673553],[91.271938178088874,23.853417416506222],[91.2719091975395,23.853408944332518],[91.271852705186234,23.853379805210285],[91.271825192484044,23.853359138259034],[91.271803753291451,23.85334303438427],[91.271763886059119,23.85330562764133],[91.271745456222774,23.853284323950053],[91.271704797574714,23.853224814908454],[91.271293408700458,23.852578225785777],[91.27127371313783,23.852546355513429],[91.271239624767759,23.852501322544843],[91.271219171027056,23.852479151944014],[91.271179779901829,23.852445203846003],[91.271141904234511,23.852420262011684],[91.271107815864426,23.852405713290796],[91.271063879263878,23.852397398796281],[91.270996459803499,23.852392548948124],[91.27091692027328,23.852392548948124],[91.270838137124557,23.852405713290796],[91.270798745999357,23.852417490787762],[91.27075481029712,23.852431347728412],[91.270673475932981,23.852478589976538],[91.27063209144616,23.852496472700551],[91.270616183180806,23.852501322544843],[91.270594973058635,23.852502015144985],[91.270558611950861,23.852501322544843],[91.270541189125922,23.852495086678623],[91.270526795420125,23.852490237655704],[91.270510130773303,23.852484001788952],[91.270491192490468,23.85247083827581],[91.270473769665557,23.852456982160955],[91.270462406875495,23.852443125223051],[91.270451043187165,23.852423726657719],[91.270431347624552,23.852384927875153],[91.270343522932492,23.852028687400619],[91.270336420851848,23.851985385348591],[91.270334053791103,23.851957239212414],[91.270334053791103,23.851922598374426],[91.270343522932492,23.851887956705617],[91.270368379316409,23.851843572567386],[91.270390867741213,23.851823004784013],[91.270494995957364,23.851767948934551],[91.270520128124105,23.851754894620765],[91.270544019717406,23.85173985451161],[91.270562326484551,23.851724530128941],[91.270572255563394,23.851709773466478],[91.270581874723447,23.851698422312893],[91.270590872249343,23.851682814475097],[91.270602663535755,23.851652165694503],[91.270636636921481,23.851532060756757],[91.27066011978134,23.851543839154733],[91.270677542606279,23.851548688213057],[91.270722236486606,23.851554231519614],[91.270751780279681,23.85155353809283],[91.270766930366918,23.851552152882391],[91.270792685964437,23.851546610397332],[91.270810866967494,23.85153691063714],[91.270835865285221,23.851522360995467],[91.270858590865259,23.851506426141242],[91.270925646507962,23.851454103608443],[91.270950856828108,23.851445678958992],[91.270987703026123,23.851445235296907],[91.271041517501502,23.851451886941415],[91.271066242731379,23.851458094101972],[91.271089998679102,23.851466519572231],[91.271111330073836,23.851473170394058],[91.271152539389178,23.85147671804663],[91.271225779932593,23.851464924032232],[91.271349858832892,23.85143636780635],[91.271390098866036,23.851440358300412],[91.271409006606149,23.851442574967642],[91.271447943183844,23.851453770861916],[91.271494909801817,23.851469706544229],[91.271533542748926,23.851490491285059],[91.27156232926221,23.85150296229229],[91.271593387614857,23.85150296229229],[91.271632021460263,23.851498805016149],[91.271659291617354,23.851494647739866],[91.271703985497666,23.851482177553436],[91.271777701249889,23.851462055017919],[91.271804736048367,23.851456542928062],[91.271825947068862,23.851464856661327],[91.271857005421481,23.851496726378034],[91.271919122126775,23.85155353809283],[91.271943756626811,23.851566286793325],[91.27196072490419,23.851571163785088],[91.271973330064256,23.851573381271642],[91.271998540384402,23.851573381271642],[91.272058173247927,23.851568503458392],[91.272071747690163,23.851569833621728],[91.27208532213244,23.851575154275004],[91.272093564175179,23.851584466239249],[91.272100039231717,23.851597396509277],[91.27209986675517,23.851618165619335],[91.272096958010309,23.851637231559216],[91.272068353855033,23.851773857019612],[91.27206608111733,23.851789791840961],[91.272067596575241,23.85180226281939],[91.272072141152265,23.851820276270193],[91.27208532213244,23.851883323739102],[91.272087261595132,23.851898399160113],[91.272093564175179,23.85191037142085],[91.272102775500073,23.851920569860301],[91.272113926287716,23.851928994478911],[91.272126531447753,23.851937419096974],[91.272133319118041,23.851939636577281],[91.272149318113264,23.851943627055849],[91.272172103880436,23.851947174695535],[91.272193921263735,23.851949391354101],[91.272242402441321,23.85195293899362],[91.272303488778945,23.85195293899362],[91.272359726909002,23.851954269153012],[91.272390755617224,23.851956929471779],[91.272453337649807,23.851965037774633],[91.272480420957336,23.851976690429538],[91.272495923184181,23.851990986147975],[91.272524697121042,23.852049342240168],[91.272529799551847,23.852072780631694],[91.272532229494701,23.852148173219305],[91.272533955158352,23.852201714713871],[91.272537980509142,23.852282268462002],[91.272542234930327,23.852304003653291],[91.272549635251622,23.852319585946962],[91.272560807598822,23.852327185662393],[91.272583711045314,23.852338807064275],[91.272602307070002,23.852345181786845],[91.272633478610345,23.852351150643308],[91.272646055024353,23.852350744777496],[91.272669464222346,23.852338665750654],[91.272677778130287,23.852332735508398],[91.272701412805418,23.8523100850696],[91.27279502713948,23.852243871395235],[91.272822143684664,23.852231471116198],[91.27284361162333,23.852234570980652],[91.27287411751206,23.852245937697493],[91.272895585450698,23.852263504962593],[91.272913663147477,23.852276938800291],[91.272931740844271,23.852283139348572],[91.272962247631298,23.852286239211832],[91.272985974832906,23.852285205650208],[91.272999533105491,23.852283139348572],[91.273040207923231,23.852269705511539],[91.273190345153296,23.85214710679292],[91.273225054259242,23.852127927548374],[91.273277841960279,23.852110732446175],[91.273332075050618,23.85210940968269],[91.273383416464057,23.852114700736479],[91.273426803295635,23.852128588930011],[91.273481037284299,23.852151075082119],[91.273559133221823,23.852190094942902],[91.273612644066702,23.852212581084324],[91.273648076316448,23.852220516836997],[91.273677724314084,23.852227130648505],[91.273694355723251,23.852226469267372],[91.273717495426652,23.85222448512393],[91.273763774833455,23.85221390384676],[91.273816561636195,23.852190094942902],[91.273857779934687,23.852172899848949],[91.273884534458801,23.852169592941845],[91.273906227874576,23.852172238467539],[91.273939491591221,23.852186788036246],[91.273972754409584,23.852213242465531],[91.273996617256785,23.852230437554141],[91.274021203247798,23.852239034686775],[91.274060251216582,23.852246971259436],[91.274119547211853,23.852254907831572],[91.274152810030174,23.852265489105424],[91.274173780302178,23.852274087057356],[91.274196920005579,23.852287313852965],[91.274216443989957,23.852301202027999],[91.27425878967415,23.852350591961642],[91.274285741827626,23.852389609297575],[91.274308110776516,23.852411682144474],[91.274337465025042,23.852428049865399],[91.274354559066566,23.852435457322404],[91.274380591345192,23.852440748362874],[91.274403731048579,23.852440086982835],[91.274440609585966,23.852435457322404],[91.27448616584897,23.852424213860722],[91.274520875853213,23.852420246401472],[91.274549799808767,23.852422891100446],[91.274572939512154,23.852440086982835],[91.274583786669211,23.852459266181189],[91.274591740352747,23.852483735593839],[91.274592167950786,23.852653668196204],[91.274606203228814,23.852688754961353],[91.274616326343747,23.852707272744226],[91.274627896644617,23.852723807210257],[91.274643804909985,23.85273703395999],[91.274666944613386,23.852747615194478],[91.274691530604372,23.85275621311439],[91.274716116595414,23.852758197249688],[91.274736363723591,23.852757535871266],[91.274756610851767,23.852754228979087],[91.27477902741137,23.852745631880627],[91.274802167114771,23.852731081553063],[91.274868693649779,23.852693384612699],[91.274899064791214,23.852677512343231],[91.274936666472399,23.852655687661386],[91.274959806175787,23.852654364903501],[91.274980053303963,23.852660978692857],[91.274993792137906,23.852678835100871],[91.274999577288355,23.852698014263922],[91.275003916151164,23.852721161695825],[91.275025087645787,23.852851243712223],[91.275041517832335,23.852869965225562],[91.275059595529115,23.852881208648569],[91.275075504692779,23.85289046711581],[91.275093582389587,23.852899065026243],[91.275116722092974,23.852906340180802],[91.275140584940175,23.852915598646234],[91.275154617523228,23.852918826661927],[91.275177915330119,23.85293209118473],[91.275199383268784,23.85295585887291],[91.275353107471787,23.853166005830406],[91.275366132145109,23.853175882931115],[91.275396372132505,23.85318780988662],[91.275412796030835,23.853191006675285],[91.275431559142163,23.853189828521892],[91.275480574817337,23.853185903808544],[91.275527310568322,23.853170994497574],[91.275751453706434,23.8530690866369],[91.275769855695046,23.853061596235886],[91.276307221609784,23.852791091990024],[91.276268641663279,23.85269034144881],[91.276194179411064,23.852517272065342],[91.276141992682966,23.852307064079657],[91.276118058868818,23.852232576978267],[91.276092064319442,23.852193545627998],[91.276049729415078,23.852162656241777],[91.276030115599141,23.852149402320908],[91.276003216446298,23.852132921185056],[91.275961405259693,23.852107716381131],[91.275949057916108,23.852098707622023],[91.275925477139907,23.852071469370141],[91.275914242808966,23.852053240696993],[91.275895724039373,23.852017552353882],[91.275878045194588,23.851978252277934],[91.275868135878682,23.851949901563504],[91.275853984718012,23.851913176340979],[91.275825778516406,23.851863818282769],[91.275805093908673,23.851839768587563],[91.275779273632466,23.851817479564023],[91.275753961802693,23.85179264688092],[91.275740375682361,23.851770900101524],[91.275729262623969,23.851742340656727],[91.275725059406739,23.851713505971365],[91.275725103424193,23.85169558534594],[91.275721431111336,23.851649533303728],[91.275708227673263,23.851614631937782],[91.275703402821875,23.851606074200287],[91.275642824930685,23.851512164167872],[91.275542638521998,23.851371312137211],[91.275379005901442,23.851163314035066],[91.275364571771448,23.851134069243269],[91.275319094560189,23.850966023505375],[91.275321702369467,23.850904490620348],[91.275329188929049,23.850860990187023],[91.275342053702204,23.850805714561563],[91.275366831034376,23.850752478125738],[91.275398597259468,23.850722359057777],[91.275442605725246,23.850705791472336],[91.275498240187417,23.850694491991685],[91.275625493733912,23.850687266830636],[91.275703869047504,23.85068742704286],[91.275716618836356,23.850687525635028],[91.276032957868694,23.850663153653784],[91.276248822133155,23.850613754039426],[91.276287101144064,23.850605315368082],[91.276321201192246,23.850586782496023],[91.276332531642907,23.850565298426915],[91.276331951331244,23.850518714406363],[91.276314432386556,23.850468672243665],[91.276184694998278,23.850226627885977],[91.276000292430041,23.850004468397152],[91.275952775144773,23.84991996788073],[91.275943173950992,23.849827345727395],[91.276002441200191,23.849498336199137],[91.276011362369275,23.849196894163388],[91.276024974540775,23.849044231414311],[91.27604279531937,23.849007258063182],[91.276051098447553,23.848995580492971],[91.276067627448768,23.848958422265202],[91.27608660525749,23.848899636721033],[91.276088869011971,23.848864335310719],[91.276073650652734,23.848771265445283],[91.276035846850661,23.848683519571445],[91.276019988890923,23.848604788392098],[91.27599313555217,23.848253538707283],[91.275990604099675,23.848194463634176],[91.275986304762739,23.848162412349655],[91.276018453670119,23.84818157985681],[91.276054239856094,23.848196963814818],[91.276061809060678,23.84819852406552],[91.276095423120296,23.848205455226424],[91.27626305234557,23.848223034541856],[91.276383678121903,23.848236870568975],[91.276748142599004,23.848221002683378],[91.277335035330324,23.848178672153786],[91.277724022018035,23.848144438649655],[91.27789703035522,23.848124526751551],[91.277982765565923,23.84811910736256],[91.278035541588878,23.848117048389035],[91.278118015016787,23.84811468048731],[91.278162654998198,23.848121762008695],[91.278194151728698,23.848133507030315],[91.278224055746207,23.848149796416312],[91.278267214405687,23.848170475700979],[91.278303660853425,23.8481821697779],[91.2783565689287,23.848190673514754],[91.278409326087001,23.84818710605343],[91.278476838073871,23.848175839217877],[91.278544162312841,23.848149482558476],[91.278624253408623,23.848088281091368],[91.278701420488161,23.848057294597357],[91.278842987790441,23.848030164771284],[91.278978292936827,23.848030265008678],[91.279262535164108,23.848065035059445],[91.279343602728602,23.848082301357532],[91.279416195586705,23.848081545469199],[91.279490307495948,23.848070209608597],[91.279692580250156,23.848015282802166],[91.280045681038871,23.847881817434317],[91.280329807383467,23.84777472592398],[91.280493563073264,23.847720012613582],[91.280908565869879,23.847572382196731],[91.280979259689488,23.847547400808438],[91.281007778504815,23.84753454243701],[91.281035895773186,23.847519479654302],[91.281071644229954,23.847496702666195],[91.281096547326257,23.847478333673934],[91.281105786498941,23.847471720441707],[91.281137116142773,23.847444534622756],[91.281154789597707,23.847422124886467],[91.281168045138003,23.847400816941541],[91.281180496686176,23.84737399837287],[91.281293165185744,23.847108278074337],[91.281300805357247,23.847095716265578],[91.281312630779638,23.847083254693764],[91.28132162830552,23.847076436035341],[91.281339880275468,23.847064444430696],[91.281368414362163,23.847053864375471],[91.281465330004892,23.84703787556624],[91.28167897722723,23.847007904349084],[91.282033928545445,23.846970160554637],[91.282438853142892,23.84694249973127],[91.282843847808991,23.846927555193787],[91.283134220139729,23.846924532435125],[91.283189659667514,23.84692259257826],[91.283220291320362,23.847800680065994],[91.283280613191693,23.84907283746395],[91.283417783240623,23.851867141629537],[91.283447282117933,23.853362047488993],[91.283437945927162,23.853434863661274],[91.28333401893363,23.853715883635264],[91.282666429642035,23.854989463443697],[91.282198526854941,23.856017847309758],[91.282155989829619,23.856134555019281],[91.282130097688182,23.856220817028909],[91.282032078914256,23.856611531939386],[91.281769328880202,23.858018664048181],[91.281690567291022,23.858452432727191],[91.281677557889083,23.858647119865473],[91.281702163643018,23.858778183435444],[91.281714515478171,23.858824713550543],[91.281756177544437,23.858936139458258],[91.281771281817626,23.858968841209293],[91.281933317233609,23.859129707743168],[91.282629588833913,23.859845461127289],[91.282695872823808,23.859930976348426],[91.28271481020829,23.859963450281061],[91.282744401612078,23.860040305551152],[91.282758604875013,23.860108501728607],[91.28276215591535,23.860204841399209],[91.282763338996588,23.860635664116099],[91.282740943996544,23.861027470677165],[91.282744692666228,23.861678736510306],[91.282754623541678,23.861842728067092],[91.282768043473709,23.86198621979014],[91.282820154743334,23.862200203424564],[91.28292595831752,23.862498578025836],[91.282985684605805,23.862624549169912],[91.283160414115102,23.862911697494091],[91.283267830165187,23.863128707730915],[91.283788361651531,23.863969617732138],[91.284002598168684,23.864272700467843],[91.284092554562918,23.864379861315495],[91.284428705040554,23.864668871403119],[91.2847661724484,23.864939618660813],[91.284904162659203,23.865027742921491],[91.285099822016264,23.865135398514703],[91.285353119078607,23.865231735267884],[91.285403068103363,23.865333861940417],[91.285438665643127,23.865441716084003],[91.28556476665112,23.865823780663444],[91.28560574779442,23.865917459337073]]]},"properties":{"objectid":2082,"id":"2026","name":"Ward No 4","code":"4","town":"Agartala","district":"West Tripura","state":"Tripura","st_area(shape)":4343621.090100822,"st_perimeter(shape)":14081.64302214001}},{"type":"Feature","id":2083,"geometry":{"type":"Polygon","coordinates":[[[91.300005358218215,23.874977714292903],[91.299423461916518,23.875461443910226],[91.297276270995184,23.877246386908922],[91.296692293296971,23.877731838800436],[91.29413219714516,23.878971175586713],[91.289915568981883,23.879521988674433],[91.286451909588081,23.879797393517819],[91.286460905317355,23.87002024897992],[91.28560574779442,23.865917459337073],[91.28556476665112,23.865823780663444],[91.285438665643127,23.865441716084003],[91.285403068103363,23.865333861940417],[91.285353119078607,23.865231735267884],[91.285786327132811,23.865188437628838],[91.286546216523234,23.865089936986369],[91.288490919094698,23.864872368121933],[91.289037755049179,23.864810670145648],[91.290460477151754,23.864627739083687],[91.290893685205958,23.864585523996972],[91.291457092382458,23.864564957414906],[91.29154941583748,23.864564957414906],[91.291612147888728,23.864576864427111],[91.291627535131212,23.864582276555673],[91.291642922373725,23.864599595694084],[91.291667778757656,23.864639645268593],[91.291763451132013,23.864917539733277],[91.291806599910061,23.865090007636223],[91.291814356862545,23.865116609767043],[91.291819690160366,23.865130353624064],[91.291834234783153,23.865152078444762],[91.291848294315656,23.865164935889375],[91.291865262593063,23.865173359646743],[91.291892412375887,23.865177350539188],[91.291949620686452,23.865177350539188],[91.291977254661219,23.865169369575668],[91.291993253656429,23.865161389433162],[91.292017009604109,23.865139220998863],[91.292129486762519,23.864986704368299],[91.292169725897367,23.864941924641773],[91.29221966144739,23.864899361336761],[91.292255538363193,23.864888721124434],[91.292294808215843,23.864887391097849],[91.292926061552507,23.864844980576024],[91.293411263197044,23.864825823749019],[91.293481097328893,23.864821494382959],[91.293562767662976,23.864832318619381],[91.293591175087187,23.864840978172168],[91.293618398531862,23.864857214523997],[91.293631418713602,23.864874533625667],[91.293637336814712,23.864892934655174],[91.293641002839365,23.865600936494719],[91.29362862944464,23.866261846772407],[91.293632972799045,23.866272628991819],[91.293637007133,23.866279155006684],[91.293645694740107,23.866290789122527],[91.293657175209447,23.866296464060156],[91.293674551321956,23.866303557731843],[91.293706819705307,23.866308949250676],[91.293753672237244,23.866309516087199],[91.293787803726474,23.866307246276691],[91.293819762191006,23.86630213899754],[91.293839620348706,23.866295896402107],[91.29414636537382,23.866191546679865],[91.294614493638051,23.866059833408151],[91.295079611647765,23.865905349536451],[91.295212936008951,23.865865863084252],[91.295259144448849,23.865854779338626],[91.295278840011477,23.865854779338626],[91.295298535574076,23.865859628682845],[91.29531444383943,23.865868634020522],[91.295325049349671,23.865885260458313],[91.29539398336965,23.866138113655008],[91.295406104337772,23.866166516305277],[91.295414437110352,23.866186606161278],[91.295481856570746,23.866316843064773],[91.295502309413123,23.866345938201945],[91.295509884905911,23.866357715253113],[91.295530337748289,23.8663861178552],[91.295812136557984,23.866695082624286],[91.295840163994853,23.866731798727422],[91.295875010543028,23.866788603761272],[91.295899251580963,23.866827397408578],[91.29593030993361,23.866889051706156],[91.296003957413845,23.867062573429177],[91.296021698242399,23.867100199646941],[91.296039868465655,23.867150609988041],[91.296044240566147,23.867175693569759],[91.296049708611292,23.867207059130216],[91.29605625553306,23.867244621229332],[91.296058258776171,23.867276735977487],[91.296036487206933,23.867500208170398],[91.296033957551089,23.867541477588492],[91.296034325860361,23.867551508855584],[91.296040450573969,23.867596507018661],[91.296044015987306,23.867611356343314],[91.296055884528869,23.867645881263019],[91.296066948179885,23.867667765031442],[91.296099670212428,23.86770957165275],[91.296161656662008,23.867757316833476],[91.296187036763712,23.867772853729242],[91.296227230982794,23.867790754879341],[91.297147648416171,23.868094422610223],[91.297201432348842,23.868109662907372],[91.297259003578773,23.868124209864643],[91.297322635741935,23.868143606900418],[91.297399145254687,23.868154690450133],[91.297452929187372,23.868161618078993],[91.297530196878213,23.868151919562806],[91.297588526286248,23.868134601720939],[91.297640794761065,23.868105506164149],[91.297896633157322,23.867899741457247],[91.298040293534214,23.867735257280643],[91.298305051302947,23.867430943012383],[91.298326383595992,23.867400794962087],[91.29835353248049,23.867344932452209],[91.298365168358373,23.867310794376792],[91.29837786424828,23.867254127583369],[91.29837786424828,23.867243736477899],[91.29837786424828,23.867224340128779],[91.298376349688738,23.867202172047637],[91.298353713041877,23.866986417313132],[91.298341489665816,23.866815724730483],[91.29834086982828,23.86679869998509],[91.29834086982828,23.866783377383733],[91.298350546480521,23.866729806591156],[91.298364749743456,23.866678933581813],[91.298509049720806,23.866414821942119],[91.298581949802767,23.866249711537439],[91.298617137710735,23.866192503730765],[91.298649499518874,23.866147033536986],[91.298688818778857,23.866106690330373],[91.298781635408957,23.866035161183781],[91.298789956503398,23.866025195519558],[91.298848285911433,23.865972546962652],[91.299034606382861,23.865776519458144],[91.299077430869076,23.865722682081142],[91.299336872407977,23.865347601666866],[91.299359522529542,23.86531411862871],[91.299371002998853,23.86529397277474],[91.299378759951352,23.86527354185413],[91.299384034858676,23.865256801148071],[91.299392005610187,23.865219026523043],[91.299397823099994,23.865171586829494],[91.299401629261837,23.864991681079125],[91.299305684697941,23.86421526997869],[91.299303226008973,23.864098099642007],[91.299297709454834,23.863995241666522],[91.299367034241939,23.864009996108166],[91.299383248832811,23.8640134473],[91.299389441818377,23.864014765012811],[91.29939857678653,23.864016709542888],[91.299481211012861,23.864028592781505],[91.299568962043082,23.864040563099788],[91.299600474943233,23.864046770478719],[91.299656713971615,23.864062731722147],[91.299916715160933,23.864153284980308],[91.300115223974103,23.864227908171728],[91.300355816163389,23.864336288184195],[91.300393631643573,23.86435224939191],[91.300424659453469,23.864363334087656],[91.300454717981225,23.864373087929035],[91.300490594897042,23.864379738088328],[91.300666096957471,23.864407670396567],[91.300707791363052,23.864413434140253],[91.300731062220507,23.864421414328852],[91.300753848885961,23.86443028175216],[91.300782937233208,23.864445800152264],[91.30081105629823,23.864465307821895],[91.30083481224591,23.864491022846206],[91.300859053283858,23.864526048899528],[91.300966197144419,23.864737977022067],[91.3010752804677,23.864965865929886],[91.3011121266657,23.865033700514019],[91.301139760640453,23.865071386470017],[91.301183878700698,23.865126807166899],[91.301780201047549,23.865774114911403],[91.301953370183199,23.865935830644244],[91.302033667891479,23.865991250971199],[91.302118510176811,23.866034201667226],[91.30221395797237,23.866065375272314],[91.302272287380418,23.866078537404118],[91.302323041295651,23.866084771794991],[91.302430609161021,23.866091007007071],[91.302611657420002,23.866100012328658],[91.302741950865453,23.866101398205032],[91.302848004171281,23.866095856342447],[91.302940421949401,23.866082000863361],[91.303076018149937,23.866061910991114],[91.303506291408127,23.865967697622697],[91.303591890973209,23.865951071195454],[91.303650220381229,23.865944836798157],[91.303725972614203,23.865944144269879],[91.303841873252154,23.865956613064274],[91.303910050890664,23.865971853613029],[91.303994893175954,23.865992636027244],[91.304266224815962,23.866097956105399],[91.30459271211609,23.866253549597264],[91.304605024425371,23.866256818355737],[91.304617138206993,23.866259905562078],[91.304630243728653,23.866261540352006],[91.30465983243748,23.866260994874335],[91.304680844930274,23.866249840513323],[91.304690056255225,23.866240973214602],[91.304705227003737,23.866212589475239],[91.304710418367762,23.866172695651219],[91.304710418367762,23.866154961042561],[91.304705570160166,23.866126142709088],[91.304694419372566,23.866088900671961],[91.30469247990986,23.866080033362213],[91.304690056255225,23.866067176008446],[91.304688116792519,23.866051658624123],[91.304688116792519,23.866018406610603],[91.304751658225811,23.865673970880518],[91.30483577916398,23.865235643186146],[91.30485004530901,23.865142768277213],[91.304866044304219,23.865077150184167],[91.304878164374031,23.865031926873364],[91.304894163369241,23.864989364419419],[91.304908707093702,23.86495965941651],[91.305036698157053,23.864764135608723],[91.305070635610164,23.864699404557189],[91.305096815212508,23.864644870911146],[91.305105057255233,23.864625806063987],[91.305112814207718,23.86459876103687],[91.305116208042847,23.864573045212421],[91.305117177325059,23.864553537559026],[91.305117360581349,23.864535785476868],[91.305115375304581,23.864522527892699],[91.305110907084384,23.864500727387181],[91.305091347167377,23.864442713724177],[91.30508141808852,23.864421148979769],[91.305064351894771,23.864390786635084],[91.304899993435427,23.86408868095851],[91.304822052906431,23.863936414475084],[91.304750852437024,23.863797314283833],[91.304583678657607,23.863456951494783],[91.304477707996782,23.863222549372232],[91.304460738821064,23.863182202790046],[91.304444739825868,23.863121461082191],[91.304381134612186,23.862811403375463],[91.304363380308885,23.862729136722255],[91.304342074965277,23.862670685214312],[91.304317218581403,23.862616562298371],[91.304191456238257,23.862381012624656],[91.304159471722556,23.862258835059428],[91.304056699962459,23.861723689065084],[91.304021297357124,23.861598087555848],[91.30398056145394,23.86149661187762],[91.303894663648151,23.86127972953021],[91.303835481738901,23.861148752287757],[91.303782218829113,23.861049165789229],[91.303552835817939,23.860737429650019],[91.303612194695262,23.860728110128189],[91.303758531153377,23.860712992193047],[91.303991167862506,23.860672113294147],[91.304262467163142,23.860603924807247],[91.304497303846389,23.860523133878907],[91.304659447958556,23.860467351377967],[91.304724680021209,23.860452595711248],[91.304788031909993,23.860441379234523],[91.304932021070272,23.860393725833791],[91.304948413527583,23.860386318831782],[91.304995475366979,23.860391185633059],[91.305026144749093,23.860403459435624],[91.305035937284018,23.860422041839058],[91.305102342546448,23.860595436672718],[91.305186935998421,23.861110913206399],[91.305259076105628,23.861110162323275],[91.305390727803783,23.861543178806777],[91.306171973741769,23.861513051567258],[91.306206607389214,23.861397221171465],[91.306488951476283,23.861377786156229],[91.306920733904121,23.861361439282696],[91.307229171355246,23.861320259085499],[91.307503490791873,23.861251754649153],[91.307565454783557,23.861399570756721],[91.308358109325638,23.861319837638671],[91.308525888569562,23.861274102843264],[91.308493777391419,23.861109479627569],[91.308484275910658,23.860829150993943],[91.308784586303375,23.860804030035418],[91.310209494905351,23.860800193457173],[91.310307802936819,23.860969626337976],[91.310363961116792,23.861133999163233],[91.310420187568752,23.861303869484978],[91.310572602028046,23.861472738135394],[91.310652943753809,23.861647855957749],[91.310755273542767,23.861804168706009],[91.310820815524224,23.861862572956241],[91.310932834541816,23.861914371257217],[91.31100579481091,23.861949615712742],[91.311108468654595,23.862015901650658],[91.311138182229243,23.862046943135226],[91.311168388979013,23.86209697425388],[91.311176336374288,23.86212375198507],[91.311191458613806,23.862151876195995],[91.311230513769118,23.86220029543572],[91.31132556720425,23.862280905403438],[91.311424407038317,23.862384636380536],[91.311456021448151,23.862431357437476],[91.311473277186423,23.862456858447199],[91.311607905003115,23.862621450375549],[91.311680366707179,23.862698877493049],[91.311735749641073,23.862740285635855],[91.311777420690504,23.862780169837361],[91.311829185210414,23.862837223061753],[91.31198169578947,23.863096631387208],[91.312086070144019,23.863233117427505],[91.312197835836727,23.863396636284985],[91.312234520337967,23.863468215358541],[91.312252340218251,23.863531980096624],[91.312258586204436,23.863605107659328],[91.312256976423441,23.86367221262589],[91.312263030170158,23.863791711530279],[91.312313426555903,23.863921306772589],[91.312339716650996,23.86397855665836],[91.312386966238321,23.864053698327304],[91.312410149959149,23.864114866786338],[91.312427581767267,23.864182334598691],[91.312434773679428,23.864230494302063],[91.312449970479094,23.864293798616487],[91.312517154580888,23.864446615915661],[91.312546772035773,23.864484546032067],[91.312598001159813,23.864521159251218],[91.312697687206892,23.864574601158356],[91.312818310288279,23.864616494215589],[91.312981447038837,23.864680776762732],[91.313138914521616,23.864772611147391],[91.313377835844463,23.86495124468189],[91.313538467193695,23.865108765170387],[91.31355952819554,23.865137606732532],[91.313086694555835,23.867395712370925],[91.312613860017848,23.869653777811944],[91.307836240247852,23.874151465595997],[91.305577332142818,23.874564590603672],[91.303318424037812,23.873600630475377],[91.300005358218215,23.874977714292903]]]},"properties":{"objectid":2083,"id":"2027","name":"Ward No 6","code":"6","town":"Agartala","district":"West Tripura","state":"Tripura","st_area(shape)":4200417.6823840979,"st_perimeter(shape)":11149.246858883324}},{"type":"Feature","id":2084,"geometry":{"type":"Polygon","coordinates":[[[91.233634856095463,23.899359011697811],[91.233157892900408,23.899159185359988],[91.233131857926836,23.899161544115305],[91.233108932920771,23.899195867614047],[91.233088973253487,23.899257281456713],[91.233055814639698,23.899335636072166],[91.233044158998894,23.899365725762781],[91.233021668777468,23.899385533689696],[91.232998119442286,23.899389017611192],[91.232964363448858,23.8993839198505],[91.23281404296246,23.899353490149075],[91.232784992344492,23.899346561726119],[91.232750441342034,23.899329220134835],[91.232732418442495,23.899319645505781],[91.232716252360632,23.899309496792444],[91.232701679890084,23.899294693812223],[91.232685587470101,23.899272412137101],[91.232683392885875,23.899251896238265],[91.232698864570011,23.899185055285848],[91.232754469387785,23.898997596556189],[91.232760368624241,23.898970231836216],[91.232795962570748,23.89880511943695],[91.232792226477486,23.898758565913564],[91.232747267594149,23.898594665478704],[91.232738817142248,23.898563860258626],[91.232714792598316,23.898476274607788],[91.232689099882862,23.898431634590981],[91.232668554513978,23.898405758765303],[91.23264627090505,23.89838729351143],[91.23260570029187,23.898353675293706],[91.232547499342957,23.898313332271083],[91.232503476504135,23.898295031263839],[91.232484199556453,23.898291703359718],[91.23237124179937,23.898272204073752],[91.232156878619719,23.898250772267382],[91.231927560287275,23.89824640213314],[91.231531028649499,23.898202772235628],[91.231487603190345,23.898200268914049],[91.23140923236835,23.898191119634717],[91.23134190453608,23.89817831557032],[91.231301282718931,23.898167168066685],[91.231227421439655,23.898136851418315],[91.231103144910008,23.898065183927287],[91.231087426189177,23.898056663754677],[91.231039771461639,23.898028870116573],[91.230979687643881,23.897997521060397],[91.230964817830952,23.897989434530281],[91.230940457317104,23.897979238077063],[91.230927274540306,23.897976307674597],[91.230904785217163,23.897973178517145],[91.230877199751433,23.897972588822892],[91.230749352418513,23.897973031504222],[91.230675730091065,23.897973775603106],[91.230649698710778,23.897973775603106],[91.230644003391873,23.897973775603106],[91.230624073368972,23.897967453226528],[91.230616344264277,23.89795815609645],[91.230612276692653,23.897947743638532],[91.230610649843669,23.897937331179758],[91.230613222618672,23.897851561003183],[91.230620347157185,23.897760992720478],[91.230650819808247,23.897129408716438],[91.230654511884055,23.896796363559936],[91.230685215402147,23.89630889624603],[91.230714366631446,23.896102763259762],[91.230744481753021,23.895889817142098],[91.230755403470269,23.895583131408159],[91.230772988890251,23.894758504982899],[91.230746986256023,23.894323730275325],[91.230755314537049,23.894268931502875],[91.230756882995507,23.89425860662962],[91.230766994432372,23.894244511053195],[91.230786056682689,23.894235599678183],[91.230809848562984,23.894230527175448],[91.231650733652685,23.894141067610146],[91.232741953160925,23.894015528765802],[91.232931253344105,23.894001341995665],[91.233001076696198,23.894002761247684],[91.233075555118091,23.894007016539629],[91.233151584930454,23.894016947196313],[91.233204341190458,23.894031133964745],[91.234329276267957,23.89426946782789],[91.234462201777191,23.894290327830884],[91.234858966078605,23.892662391518503],[91.235055069203455,23.891926457745861],[91.235067978892403,23.891904667605079],[91.235095784445392,23.891890139747371],[91.235118624111479,23.891886507782683],[91.235500850078353,23.891903723885729],[91.235895539271468,23.891909644923647],[91.235981459535154,23.891905902078665],[91.236021263885362,23.891899338752893],[91.236033466600205,23.891892644833749],[91.236047703100809,23.891883719333933],[91.236055431307207,23.891876652525692],[91.236063566450412,23.891865496265442],[91.236070887720004,23.891846156993207],[91.236074142316255,23.89183053756781],[91.236074142316255,23.891818637169312],[91.236068659898095,23.891802409127411],[91.234873900570221,23.890846215924856],[91.231405622937501,23.888109365370983],[91.23066679634556,23.887501925157895],[91.230528042566789,23.887374414335198],[91.230496731787554,23.887331679347493],[91.230487224916914,23.887296917374535],[91.230418307066628,23.886187056682346],[91.230418051046783,23.886079503197699],[91.230422521961941,23.886036430196345],[91.230433272999264,23.885980269354928],[91.230449049212297,23.885947397008596],[91.230466384900652,23.885924923295807],[91.230656486381079,23.885727294746239],[91.230988935799729,23.885381681026647],[91.231009597949566,23.885364067328467],[91.231028373637329,23.885358863056812],[91.231044848739629,23.885359691830498],[91.231076302351013,23.885371261806576],[91.231268381023355,23.885509016395179],[91.231532839653127,23.88571057064863],[91.231840112887625,23.885952801672701],[91.232554434336947,23.886514121628288],[91.233051494641529,23.886930194500348],[91.234039848964898,23.887727451989374],[91.234993824762327,23.888459619889232],[91.235481309924282,23.888856761571461],[91.235862220757596,23.889163201241914],[91.236082726617113,23.889330288992106],[91.236128585612377,23.889349466833366],[91.236184015258672,23.889347910363846],[91.236631016045735,23.889265939014074],[91.236741935525444,23.889237023977667],[91.236783058602512,23.889225452704622],[91.236826483163327,23.889204126996809],[91.236845994571325,23.889189529020452],[91.236869522346936,23.889162160582448],[91.236873407560509,23.88914115026536],[91.236874257366793,23.889106341139911],[91.236856620742827,23.889026132271336],[91.236833135188036,23.888919326119272],[91.236820140159125,23.888860226063951],[91.236805984506859,23.888797379761286],[91.236802562823939,23.888754627995077],[91.236809295697,23.888724967870939],[91.236820603689836,23.88870439691047],[91.236841507486474,23.88868055529052],[91.236858011334846,23.888666586417067],[91.236874686761482,23.888659377337717],[91.236912914568393,23.888651555523161],[91.237395120331442,23.888571179636344],[91.238282510305083,23.888348719599833],[91.238786360076602,23.888210347084261],[91.238880693062896,23.888160105110632],[91.238949817525679,23.888103844984673],[91.238976149841605,23.88806916781968],[91.239022349298367,23.887968370803272],[91.239029063306802,23.887928745699572],[91.239033138064912,23.887867057069485],[91.238982764137035,23.887445982615144],[91.238952684049764,23.886759565178078],[91.238943131365033,23.88654157440665],[91.238981688853642,23.886169518660413],[91.238967624829542,23.885679460092273],[91.238908273138748,23.885296227791088],[91.238903187775918,23.885238657958169],[91.238893088017193,23.88518677699404],[91.238882721458808,23.885163954882945],[91.238855428843834,23.885125068986156],[91.238813317619957,23.885110863170535],[91.238772072372001,23.885118272043627],[91.238653009664233,23.885146153058503],[91.238078997875789,23.885281939856078],[91.238003030047153,23.885281142294385],[91.237968836574169,23.885260353120142],[91.237944824606615,23.885218088086148],[91.237930312323215,23.88517703047048],[91.237924435544627,23.885115566408647],[91.237893785925465,23.884899729000789],[91.237837262131137,23.884501681502886],[91.23780747758957,23.884210171028496],[91.237782523289297,23.884127968898667],[91.237764167114776,23.884094615569012],[91.237567444152404,23.88375093186519],[91.237546353506147,23.883726087234603],[91.237506734208864,23.883703919515114],[91.237487921690189,23.883700264321639],[91.237423074106445,23.883717324628293],[91.23704657849278,23.883864293696938],[91.236471729474502,23.883989813644181],[91.236450212128503,23.883983326306069],[91.23642499013026,23.883976326420211],[91.236408064073672,23.883960260851193],[91.236383814052573,23.883929479251492],[91.236112039543173,23.882833025269797],[91.236084115412552,23.882743218585169],[91.235584943168732,23.882565717667156],[91.235665531032879,23.882507775346848],[91.235987223125989,23.882316394900862],[91.237212020320356,23.88150227346679],[91.237286118754866,23.881459186620646],[91.237411943081781,23.881453555060769],[91.238274357195564,23.881491885969186],[91.238370938665028,23.881496178635945],[91.238438400346226,23.881499176767051],[91.238462132039416,23.881494351008033],[91.238474606943768,23.881487852045122],[91.238498225449192,23.881469876398278],[91.238510488351139,23.881460721828514],[91.23851794526631,23.881452028888312],[91.238526594245869,23.881436066503053],[91.238535045596052,23.881416537569699],[91.238547036308475,23.881363064829856],[91.238557327408387,23.881295343941641],[91.238562700232094,23.881201888318483],[91.23849417314895,23.880569428335605],[91.238384604735444,23.879629599358939],[91.238364019840688,23.879109592482482],[91.238301142262387,23.877975731723485],[91.238251564241835,23.877473539977409],[91.238253682469306,23.877377665763145],[91.238253271939229,23.877325747147239],[91.238261798747914,23.877233218519553],[91.238265429738277,23.877081875178092],[91.238284250341792,23.876810190588046],[91.238292532808714,23.876690636340502],[91.23829720494652,23.876663389295697],[91.238316131551215,23.876648083469082],[91.23834109034307,23.876638604912205],[91.238366275510373,23.876636744358247],[91.2386349346624,23.87659854837041],[91.238929556024459,23.876556660832801],[91.238974473585287,23.876550014584662],[91.239027679901241,23.876488828178395],[91.239016735726139,23.876360809533146],[91.238939203930613,23.875413815751344],[91.238930044707985,23.874365574524926],[91.238960722174923,23.874326397875507],[91.239336093996187,23.874139333564791],[91.239343045159828,23.874131160933768],[91.239352975136981,23.874118448133654],[91.239370850712817,23.874093021708269],[91.239373829526329,23.874056698704162],[91.239373625608749,23.873728275623929],[91.239387136270622,23.87300259605254],[91.239388407386755,23.872981674293783],[91.239389678502889,23.872966563539304],[91.239462820231623,23.872842725110178],[91.239598138852756,23.872582987186654],[91.239631822980954,23.872542885852368],[91.239675676038189,23.87252196319784],[91.239744315410746,23.872506853211185],[91.240154244522671,23.872477793959781],[91.240184116200808,23.872479537925773],[91.240206360283864,23.872485348955035],[91.240227968359719,23.872496391881409],[91.240250960739402,23.872526215088957],[91.240309318893523,23.87264633506264],[91.240342367912817,23.872746878681571],[91.240363420829823,23.872834325674095],[91.240421080992945,23.873636103400802],[91.240465187375108,23.874023099628783],[91.240610172767006,23.873994949245191],[91.240649894472227,23.873988592838632],[91.240690609714179,23.873985868077526],[91.240749198735344,23.873988592838632],[91.240806192348515,23.874007758988913],[91.240830359724598,23.874021498616422],[91.240882310195801,23.874073777532558],[91.240895728331225,23.874098522977409],[91.240901314953973,23.874122206279331],[91.24090699589982,23.87416176085862],[91.240959538360769,23.874711330203247],[91.240977215408961,23.875186406062905],[91.241005377593098,23.875943294727122],[91.241042188756822,23.876034450007019],[91.241112323824311,23.876061892687019],[91.241306654573108,23.876073997430506],[91.241684467116968,23.876097530868915],[91.241744661427532,23.876123710160943],[91.241790681221246,23.876154266078487],[91.241808811918588,23.876190543314831],[91.241819113798257,23.876278329699712],[91.241819397665921,23.876459971073121],[91.24193165833033,23.878278623959918],[91.241987070010325,23.87897833838478],[91.242022632515784,23.879917673491455],[91.242030073261276,23.880113188378839],[91.242024721098829,23.880303988879646],[91.242037408005572,23.880509434877006],[91.242056721784195,23.880715722494184],[91.242094906471991,23.880908965800014],[91.24216212021814,23.881188752366437],[91.242253809462596,23.881685807417593],[91.242307569140749,23.883025360235379],[91.242341458983148,23.883453288819432],[91.242360109805091,23.883577224699113],[91.242367075341818,23.883599307015505],[91.242378210858064,23.883620388872327],[91.242387909069862,23.883626941118624],[91.242395138711274,23.88362881717855],[91.242424144413476,23.88362996384215],[91.24243091681241,23.883628157600565],[91.242457209602478,23.883615016145104],[91.242493479980396,23.883581433514667],[91.242499893951504,23.883574298077296],[91.242505776119984,23.883567455876712],[91.242534991129659,23.883545404767819],[91.24255388539504,23.883533089625161],[91.242584349062952,23.883519249976025],[91.242763835151649,23.883446934520173],[91.242778609743141,23.883442167152715],[91.242821437822627,23.883416887124241],[91.24284949131065,23.883396374460148],[91.242859351219195,23.883384684383994],[91.24288687649782,23.883340113084117],[91.242914327216255,23.883277821826841],[91.242919257170527,23.883267628320848],[91.242959980497318,23.883148632837504],[91.242987829169437,23.883018614109123],[91.242990922068969,23.882964984323156],[91.242986776343926,23.882946747677401],[91.242972526368575,23.882922167382176],[91.242945916473218,23.88287289671047],[91.242913485494839,23.882839536486109],[91.242897710180159,23.882818651637475],[91.242889481612124,23.882797035741682],[91.242890126602518,23.882768919300879],[91.24289790511456,23.882752877402453],[91.242910487816729,23.882737093421017],[91.24292515281374,23.882725611920414],[91.242945886828821,23.882715121024813],[91.242979932079777,23.882700471389644],[91.242995805310855,23.882696163977634],[91.243026588778989,23.882689322552032],[91.243092207117243,23.882669141617541],[91.243260379823269,23.882617419795899],[91.243423005432433,23.882567403177887],[91.24345178925077,23.882556083477812],[91.243467172899997,23.882548884736206],[91.243578237008464,23.882457847397625],[91.243610667986843,23.882420354603276],[91.243784891744639,23.882182906557997],[91.243810493730223,23.882141884942378],[91.244000482921251,23.881975011330191],[91.244026799067484,23.881965704836652],[91.244058166440567,23.881959570600277],[91.24410235187446,23.88196012504719],[91.244160975929901,23.881984018832508],[91.244224344886661,23.882076824983194],[91.244266641163492,23.882135328513854],[91.244304748596164,23.88225781424034],[91.244355542037283,23.882633644061592],[91.24439593927562,23.883126582478614],[91.244429604539221,23.883429871713677],[91.244437551934524,23.883523224696457],[91.244456660897242,23.883597756226571],[91.244581253633882,23.883733759032307],[91.244706625209901,23.88383365253226],[91.244766355989768,23.883881245558406],[91.24482139936049,23.883883179111983],[91.244904945376845,23.883888734176782],[91.245375944656729,23.883911894925681],[91.245433740465472,23.88392303297989],[91.245498658117782,23.883969230431386],[91.245522970122636,23.884036833282892],[91.245532656656366,23.884082337441139],[91.245539132611242,23.884194477577559],[91.245559131804399,23.884477892498587],[91.245555807139525,23.884567231431873],[91.245556029023419,23.884620388256824],[91.245578307242468,23.884664962401253],[91.245607795339993,23.884679837695071],[91.245655403355101,23.884703852543215],[91.24574864758327,23.884735015081464],[91.245942415986704,23.884799773077273],[91.246035876708845,23.88481291276965],[91.246099063307625,23.884815881254067],[91.24613721745267,23.884810609606802],[91.246181517870895,23.8847922031945],[91.246218617393836,23.884766557913444],[91.246300245507072,23.884684578732585],[91.246456975473009,23.884627338003273],[91.246530260932218,23.884622292229462],[91.246581126238539,23.884611488539591],[91.246610723032205,23.884598804696051],[91.246630404221776,23.88457853534964],[91.246650879522008,23.884544441245531],[91.246672370816867,23.884511764845811],[91.246704344552796,23.884465228355225],[91.246780519892255,23.884365980132134],[91.246854683005466,23.884295551877802],[91.246976572711432,23.884199979238733],[91.247044126020796,23.884147011160543],[91.247069507020854,23.884110630195213],[91.24719450040611,23.883925381334972],[91.247370054568819,23.883689633047066],[91.247394073722873,23.883640821004448],[91.247399620819749,23.88357701195844],[91.247386129022516,23.883501929261648],[91.247376254740914,23.883457665203263],[91.247372940855826,23.883406645166978],[91.2473865161964,23.883362831199889],[91.247414717906437,23.883341114363503],[91.247448386763281,23.88332894787376],[91.247500453117155,23.88331405846094],[91.247544413073882,23.883306994470122],[91.247588134078782,23.883296277738228],[91.24761928944946,23.883278558617675],[91.247775465154859,23.88304287650579],[91.248096715276873,23.882567581421476],[91.248166230506826,23.882469975363509],[91.248291588608083,23.882348089460109],[91.248343045904193,23.882310364177584],[91.248414943466273,23.88227037181764],[91.248453869264168,23.882256381717074],[91.248485568115584,23.882244989706503],[91.248498785028374,23.882234112713434],[91.24851017476783,23.88217737031222],[91.248436931529469,23.882040300511811],[91.24836587029894,23.881891525569944],[91.248337227516089,23.881831558187706],[91.248304657298817,23.881781880505809],[91.248283810096041,23.881755196373305],[91.248258739913084,23.881738096380531],[91.248220512106172,23.881725648819774],[91.248189295650036,23.881721682258178],[91.248157701901519,23.881720197980481],[91.248056162629993,23.881730724277105],[91.248029258985554,23.881732973282091],[91.247975089675634,23.881739853364227],[91.247949634115415,23.881732570793964],[91.247937063989625,23.881722068318219],[91.247920609548586,23.881702166510411],[91.247850811349309,23.881619625189895],[91.247833729884178,23.881598023879057],[91.247823499869725,23.881583770856132],[91.247807456857061,23.881543681345814],[91.247774649484569,23.881439122955388],[91.247772942685543,23.881414501303478],[91.247761055279383,23.881243091763132],[91.24775297583173,23.881218855314049],[91.247746027362979,23.881205519761714],[91.24773931604949,23.88119989558346],[91.247722510367169,23.881185813369477],[91.247710833166792,23.881176984057127],[91.247698947557268,23.881170729036413],[91.247692834521757,23.881169061578433],[91.247689129869528,23.881168662374204],[91.247670338012114,23.88116663924659],[91.247657566663705,23.881163758569105],[91.247653000527123,23.88116176172646],[91.247642363575835,23.881153403079207],[91.24763219285019,23.881123899744356],[91.247634479062611,23.880988762424927],[91.247635076442236,23.880953440189575],[91.247630305489778,23.880926888133178],[91.247621283709378,23.880891664450086],[91.247609916427763,23.880868473589846],[91.247605767109476,23.880854993433235],[91.247601141684086,23.880828944880946],[91.247599442071575,23.880784044136657],[91.247600693424772,23.880756963878536],[91.247667247807513,23.880194073046649],[91.247675334441695,23.880140856904376],[91.247680220378541,23.880098213168875],[91.247681846329229,23.880084024872527],[91.247681119592144,23.880063464859475],[91.2476787669044,23.880057093965441],[91.247665292175142,23.880041603721757],[91.247643637386915,23.880034818833469],[91.247618061452457,23.880028331297044],[91.247590060965052,23.880009565246052],[91.247581460494516,23.879995344083369],[91.247578147507753,23.879968407407901],[91.247645025284029,23.87975277662586],[91.247658008634815,23.879734087748062],[91.247686024393587,23.879724381063255],[91.247726301257686,23.879723908748442],[91.247805829109794,23.879730774973346],[91.247844410852935,23.879733248259917],[91.247867477792752,23.879732941049973],[91.24788506770436,23.879727890156804],[91.2478924527543,23.879714255454967],[91.247900127061769,23.87967955304185],[91.24790377242519,23.879663068837896],[91.247926701922836,23.879512184224936],[91.247929482208619,23.879493888771879],[91.247933934259166,23.879432789184847],[91.247930969818739,23.879414869109048],[91.247926064118971,23.879403903986269],[91.247912271386099,23.879386666505798],[91.247894783882458,23.879372786163692],[91.247877623365568,23.879365353140482],[91.247809167249358,23.879342061793544],[91.24776433053691,23.879334121952709],[91.246815230794851,23.879281063990874],[91.246635519228974,23.879280898064071],[91.246576355286038,23.879279857325105],[91.246541610247505,23.879275443014688],[91.246504380468863,23.879269902537416],[91.246467511812966,23.879261979941969],[91.246431753474752,23.879252578790009],[91.246372374834493,23.87922965131192],[91.246274101837344,23.879192817182894],[91.246219711541855,23.879147653837734],[91.246118651970704,23.879079221260959],[91.246066466140917,23.879044794675149],[91.245990073409146,23.878991849950882],[91.245928957427083,23.878971730867857],[91.245845197611686,23.878967264797335],[91.245560513413324,23.878979678123684],[91.24551940381096,23.878979703587763],[91.245494778294088,23.878979718373362],[91.245479393746535,23.878979728230433],[91.245411457754841,23.878969425136777],[91.245383179688019,23.878959904857396],[91.245345005780024,23.878941123044441],[91.245321751990588,23.87892777822173],[91.245294325526643,23.878907954840727],[91.245273154930345,23.878885512762203],[91.245250414078924,23.878869199313005],[91.245199771554795,23.878840007597987],[91.245115210442151,23.878791263547075],[91.24508021836688,23.878776289826988],[91.244999763453407,23.878758570908971],[91.244945761230085,23.878735755878374],[91.244934040910593,23.878729502382519],[91.244931069283624,23.878727061112293],[91.244928875597708,23.878724170523412],[91.244926742098912,23.878720275333652],[91.24492641870539,23.878709371758763],[91.244926844506836,23.878692191685463],[91.244931950530912,23.878658589706188],[91.244931692714445,23.878653235665727],[91.244930833026686,23.878647934196156],[91.244929896083846,23.878645570959641],[91.24492783445028,23.878643167473296],[91.244917412196344,23.878637415863015],[91.244902407636161,23.878630460044899],[91.244860430261269,23.878619424213198],[91.244834002723934,23.878602151307035],[91.244754420972896,23.878482972463022],[91.244735803388608,23.878451535706063],[91.244721979214717,23.878392429226636],[91.244722970954811,23.878378405849823],[91.244744473927767,23.878325492067148],[91.244781026376671,23.878266057781051],[91.244814902744338,23.87818651494112],[91.244820088718484,23.878165950519492],[91.244818648719061,23.878058148868249],[91.244817812387538,23.8779955437473],[91.244815546836392,23.877942835165168],[91.244814980897786,23.877929656989505],[91.244808005479584,23.877881573845873],[91.244803890297291,23.877868421128259],[91.244786027297835,23.877834509256356],[91.244778526365252,23.877822114713055],[91.244770977821901,23.877809641311352],[91.244756089144374,23.877790346759557],[91.244738893593208,23.877778026140682],[91.244699781844048,23.877772304063367],[91.244522576577836,23.877765612699072],[91.244390133463938,23.877744989067622],[91.244357711468709,23.877730748763241],[91.244332975459031,23.877713829774699],[91.244320681116051,23.877696029389675],[91.244317452570911,23.877649731948537],[91.244307786698485,23.877330979670653],[91.244325511357346,23.87725986004849],[91.244360203395289,23.877168125699683],[91.244375210650432,23.877142201263236],[91.244395457778609,23.877118208011947],[91.244445076223357,23.877073911377021],[91.244479906601839,23.877050389616223],[91.244508101125334,23.877012888683829],[91.244523994119362,23.87694605020447],[91.244529274416593,23.876911300227327],[91.244524239359436,23.876680422601208],[91.244530602126602,23.876351694852463],[91.244538435435857,23.876340200463794],[91.244565774763231,23.876325163209376],[91.244612638074983,23.876317201826073],[91.244797470936263,23.876330637276197],[91.245258080301554,23.876348613636836],[91.24531242388467,23.876345870853761],[91.245338238770998,23.876340866650409],[91.245365568216883,23.876333175521385],[91.245380257468398,23.876327403272459],[91.245398537286121,23.876311777866434],[91.245408349583954,23.876284860138906],[91.245414301821057,23.876250966745229],[91.245398572320411,23.876115986161409],[91.245391112710308,23.876046725612692],[91.24538436726084,23.876009182496041],[91.245385387746978,23.875975155135325],[91.245382120574305,23.875796368413887],[91.245394904499094,23.875748655769648],[91.245429707928182,23.875683500595013],[91.245458778309086,23.875637857124083],[91.245520762962002,23.875585010400833],[91.245651027661339,23.87550162402049],[91.245666108578348,23.875493419439152],[91.245708862995969,23.875476081221752],[91.245765980576678,23.875464363322504],[91.245801646388401,23.875466365181722],[91.246037252927877,23.875445805256593],[91.246102064578992,23.875422346451149],[91.246157173526726,23.875402745966152],[91.246189033176591,23.87537516760808],[91.246228924663399,23.875322043950625],[91.246241028563546,23.875297016162556],[91.246264679408327,23.875226926337028],[91.246253328296405,23.875179663635276],[91.246271315263357,23.875125021864967],[91.246299066019091,23.875088065815213],[91.246325948103973,23.875075036030729],[91.246383318111299,23.875069621054962],[91.246477581028998,23.875096833934492],[91.246574792217459,23.875100239651264],[91.246600223523146,23.875090911305737],[91.246620733857725,23.875083397534858],[91.246818605765341,23.875025850266422],[91.246836731971172,23.874972952363585],[91.246844238293676,23.874914448059631],[91.246839152930846,23.874856874429739],[91.246841268463342,23.874806540197898],[91.246866570411626,23.874740177019515],[91.246898662725158,23.874629134361705],[91.246928336773948,23.874588627865108],[91.246965702198182,23.874533917664987],[91.24699963605805,23.874492687440906],[91.247021844208476,23.874474003553757],[91.247051025980497,23.874454940153829],[91.247071913607485,23.874444943922505],[91.247397133384766,23.874316749929651],[91.247437022176612,23.874309167933369],[91.247475627275946,23.874319133781452],[91.247490819584058,23.87433750964674],[91.247508122933027,23.874351093984991],[91.247540471266419,23.874347614317919],[91.247579945036634,23.874333653754618],[91.247628054311662,23.874299285051098],[91.247783732350427,23.874176114094617],[91.247815592000279,23.874148536296651],[91.247861289298783,23.87409361972588],[91.24788613759786,23.874057559586895],[91.247959602720087,23.873926816239202],[91.247984296508946,23.873854056766834],[91.248026869466884,23.873752733625601],[91.248069295999457,23.873703747793954],[91.248185968290244,23.873610394299892],[91.248491894950135,23.873284957729819],[91.248667351196488,23.87306745438682],[91.248676801473295,23.87305574037687],[91.248698774265122,23.87302850160302],[91.248746575418011,23.873003027318898],[91.248827215384452,23.872981810656121],[91.248859704753343,23.872968963023737],[91.248871509514458,23.87296155674095],[91.248899552222696,23.872936949905526],[91.248921740610228,23.87288791447758],[91.248951653610874,23.872821811540167],[91.249014215880493,23.872658700528927],[91.249070819624876,23.872546754119764],[91.249189669431928,23.872377372529947],[91.249234632806846,23.872318667437195],[91.249264396687138,23.872291894278483],[91.249297665793677,23.872274571240126],[91.24934607061445,23.872271025800075],[91.249478739205514,23.872281666227241],[91.249535055488977,23.872280915408876],[91.249566807341026,23.872271113696751],[91.24958701494333,23.872251937431788],[91.249641278576405,23.872122440887775],[91.24964676189289,23.872057906558993],[91.249642289181068,23.872001990198669],[91.249590336913258,23.871934636536945],[91.249435435018924,23.871819218802795],[91.249416981826357,23.871777667341838],[91.249402552187959,23.871730369700614],[91.249392364394296,23.871683610925171],[91.249400026125372,23.871633190026792],[91.249400852575448,23.87161352817942],[91.249414345271006,23.871581638767854],[91.249429605851034,23.87153811324065],[91.249435262542391,23.871515111285397],[91.249407930401532,23.871495824831552],[91.24936733373724,23.871482765112603],[91.249315447046428,23.871464305873694],[91.249298718619215,23.871446366622433],[91.249307380175154,23.871417816444236],[91.249326292406849,23.87137870872774],[91.249381082452658,23.871302649619324],[91.24957951490903,23.870892987390562],[91.24958941344515,23.870870524207135],[91.249601610770071,23.870818703201195],[91.249616755467443,23.870747488817585],[91.249619292309816,23.87070234634858],[91.249622007018601,23.870627576558231],[91.249622249563714,23.870540631639575],[91.249633041923545,23.87037002753269],[91.249650659682885,23.8703109880102],[91.249790539050721,23.87008298939443],[91.249811725816699,23.870032614697028],[91.249920611510618,23.869843202143379],[91.249999807884393,23.86952117428963],[91.249996924292304,23.869483249755849],[91.249975070078094,23.869470589074204],[91.249943023578638,23.869464361418192],[91.249916280732634,23.869459164722034],[91.249925473192945,23.869412891443979],[91.249967534111164,23.869276642753427],[91.250044673342927,23.869026759602747],[91.25011693292609,23.868790452676659],[91.250212247770975,23.868478749957251],[91.250239643692183,23.868440719967627],[91.250276225785527,23.868427577791628],[91.250323501423964,23.868427761805101],[91.250388563705044,23.868428015645133],[91.250597389669238,23.868476296171362],[91.250744305540707,23.868491011492544],[91.25078754594692,23.868476738953621],[91.250818650113615,23.868456969833428],[91.250839741658183,23.868431976042192],[91.250856591357973,23.868406442527974],[91.250965203065704,23.868071930189089],[91.2510766211104,23.86779544478145],[91.2511143889799,23.86770172228422],[91.251194051579276,23.867561568052693],[91.251202192112402,23.867559400950935],[91.251211177061862,23.867557007938181],[91.251236086446383,23.867553436902654],[91.251260701183483,23.867555528427054],[91.251488923571301,23.867640900546714],[91.251505632235592,23.867643240160806],[91.251518589535252,23.867643891605312],[91.251527325651381,23.867643674730985],[91.251533315617706,23.867642446597884],[91.251542289787366,23.867638279981751],[91.251588199088303,23.867574851613544],[91.251772710352697,23.867268798682652],[91.251976597379482,23.86694102297594],[91.251990912931859,23.86691882445086],[91.252009102019727,23.866897297907684],[91.252015149478225,23.86689124510708],[91.252018437312159,23.866884701050086],[91.25202455034767,23.866863153142273],[91.252024293429471,23.866861143756577],[91.252022903735721,23.866858072994514],[91.252022002725511,23.866856924539348],[91.252016223863279,23.866852361114059],[91.252014477538381,23.866850532457885],[91.252011854457763,23.866846854608006],[91.252008232450535,23.866839997557729],[91.252007768021528,23.866837345759592],[91.25200833755342,23.866827874699421],[91.252008530691214,23.866824665924785],[91.252009692212837,23.866820197792194],[91.25202578732781,23.866791423967733],[91.252029127264024,23.866787525954418],[91.252073743889255,23.86672659124207],[91.25218027509878,23.866563405189218],[91.252324891283109,23.866350502466609],[91.252393087786231,23.866258822821816],[91.252402716827746,23.866241543337399],[91.252405160245317,23.866229645514785],[91.25240302584821,23.8662241471973],[91.252400343478783,23.866221315477446],[91.252376316239889,23.866210434673437],[91.252345524686874,23.866197982333528],[91.252329947001542,23.866190927266686],[91.252323487216344,23.866186819752041],[91.252321106680839,23.866184559797436],[91.252316572883586,23.866173568087419],[91.252316800157345,23.86616709546492],[91.252323176399244,23.866145327274854],[91.252380355963709,23.866052398799056],[91.252674056552593,23.865581755955876],[91.253363397650489,23.864708558669285],[91.253410984106026,23.864632946653437],[91.253474467148848,23.864540242187068],[91.253510297352278,23.864516996642227],[91.253644344857292,23.864493951542507],[91.253686902543848,23.864465810588381],[91.254125865205751,23.864040283784149],[91.254610390418875,23.863420222140398],[91.255029066426715,23.862897426804825],[91.255351641563777,23.86248695753531],[91.25565562426938,23.862110820300916],[91.255684288611789,23.862082215486655],[91.255725015531837,23.862046248121512],[91.255745859141356,23.862021097002483],[91.255761204163036,23.861984128175806],[91.255763492172079,23.86196106701636],[91.255755707371833,23.861932278146309],[91.255730858174417,23.861895761135873],[91.255692523468014,23.861851970284853],[91.255450663755852,23.861613115840733],[91.255373010687734,23.861532174379871],[91.255343027618508,23.861471337421897],[91.255346890374227,23.861430551595543],[91.255382356759966,23.86130980424582],[91.255386581536754,23.861251272408555],[91.25538804938391,23.861218682962388],[91.255381809685971,23.861182790117144],[91.255368234345397,23.861149103083157],[91.255354401188313,23.861127554221074],[91.25532424474423,23.861098169552729],[91.25529907305166,23.861074332706174],[91.255267243944502,23.861048225952583],[91.255217792586421,23.861004934308795],[91.255098480147026,23.86087245009027],[91.255018039606611,23.860783128487256],[91.254946279486731,23.860722768490849],[91.254868539282057,23.860665918076524],[91.254613123093975,23.86051708735274],[91.25459488280211,23.860509303271392],[91.254584051814746,23.860505193933484],[91.254575257308119,23.860504076640463],[91.254565348890537,23.860503728307947],[91.254545614700362,23.860505774761545],[91.254458588610589,23.86050967707164],[91.254428227350616,23.860503529495521],[91.25440498254433,23.860496115927447],[91.254401057804841,23.860492613706487],[91.25437013419949,23.860465020671185],[91.254356580418488,23.860448474048415],[91.254316385301095,23.860345303454135],[91.254302239530332,23.860320974366473],[91.254287112799233,23.860304609285727],[91.254274828337728,23.860294763946992],[91.25423429725042,23.860277785993741],[91.254216403708313,23.860275511969853],[91.254183367265412,23.860276873262343],[91.25414526073105,23.860287598472169],[91.254049359286284,23.860303786923929],[91.25403282040358,23.860304210838713],[91.253998073568383,23.860301637774608],[91.253988480459455,23.860295819626284],[91.253953497367363,23.860274601703054],[91.253943943784321,23.860267380362373],[91.253941516536401,23.860263827199706],[91.25393891501534,23.860258616989704],[91.253933651786113,23.860208461108293],[91.253930421444352,23.860132034782563],[91.253929260820996,23.860098557789964],[91.253927112050846,23.860036595467754],[91.253911499331181,23.859684742538608],[91.253897623054982,23.859608449815678],[91.253895149993014,23.85959533221131],[91.253890909944886,23.859583005753315],[91.253885869497822,23.859576421892914],[91.253876148828141,23.859567707766196],[91.253866704839552,23.859562059644716],[91.253861530543503,23.859560162697388],[91.253849795850968,23.859557163236659],[91.253841034581995,23.859556362230286],[91.25382797936598,23.859556508465293],[91.253812790651153,23.859559364155679],[91.253717962693131,23.859588703166573],[91.253178562992574,23.859760545576584],[91.253168528810832,23.859744807262942],[91.253211268855438,23.859448825231805],[91.25326483629415,23.859150488790636],[91.25326483629415,23.85913604269734],[91.253258655884977,23.859124737379481],[91.253251788264635,23.859119712793429],[91.253215398410788,23.859109512455976],[91.253159498047282,23.859106633752344],[91.253123128854696,23.859104761444801],[91.253076770396135,23.859105282306139],[91.253003147170404,23.859095926518783],[91.252980107180008,23.859091260948098],[91.252953573641435,23.859078333068968],[91.252938163042757,23.859070824119787],[91.252927040102904,23.859065404367005],[91.2529021370066,23.859060502189358],[91.252854910775469,23.85905827497233],[91.25279982967551,23.859064876111553],[91.25267479317111,23.859075048519919],[91.252175070260023,23.859056928454876],[91.251932902425722,23.859048147747814],[91.251752729125826,23.859026938657252],[91.251689885683504,23.859017646945023],[91.251674561323057,23.85901222472539],[91.251653589254445,23.858997807370876],[91.251626809577516,23.85895515667147],[91.251619348170749,23.858936972508861],[91.251619031963784,23.858909550024418],[91.251632947765842,23.858829710215332],[91.251640183695471,23.858753531184295],[91.251636340702689,23.858685394266733],[91.251627366532972,23.858638056517133],[91.251606694501689,23.858567017819784],[91.251516763260256,23.858257963829523],[91.251488341462988,23.858188510522336],[91.251462263370286,23.858149501505068],[91.251435646288414,23.858122238235435],[91.2513422762961,23.8580032607173],[91.251285403057167,23.857976763927699],[91.251249991468654,23.857975782169461],[91.251219945517335,23.857986577401959],[91.251181315265185,23.858015037705481],[91.251158780127966,23.85804153448726],[91.251139465451047,23.858076864616582],[91.251102980375791,23.858148504960162],[91.251068642274049,23.85819561121053],[91.250886219592672,23.858409551813615],[91.250832565915687,23.858473341223846],[91.250793935663523,23.858534186162224],[91.250691993946759,23.85873831196804],[91.250675897933505,23.858786399756031],[91.250671604884772,23.85882074793038],[91.250678044008737,23.858851169910793],[91.250687701796338,23.858873741980457],[91.250703797809592,23.858930661369868],[91.250705943884824,23.858966972185911],[91.250696286097195,23.859001320312387],[91.250678044008737,23.859037631108638],[91.250638340269802,23.859085717963985],[91.250595416968878,23.859111233598675],[91.250533178991049,23.859129880268171],[91.250470941013248,23.859136749228327],[91.250409775623837,23.859139693655106],[91.250361486685762,23.859139693655106],[91.250311588865003,23.859130861196142],[91.25024951078727,23.859104671896066],[91.250177720124697,23.859060583522616],[91.250123783478415,23.85900223551743],[91.250103785183555,23.858980601678713],[91.250072198621552,23.858934507040516],[91.250056399950637,23.858911452732109],[91.249966658253769,23.858728781163986],[91.249923957735035,23.858665662264848],[91.249900124532246,23.858639324991589],[91.249862388103779,23.858608446179083],[91.249800819370847,23.85856848593189],[91.249536668863243,23.858444064398292],[91.24937976731907,23.858402287648254],[91.249352955302797,23.858393206208639],[91.249332101811788,23.858382307494402],[91.249317205947747,23.858371409600789],[91.249309261247376,23.858363235974593],[91.249299621426061,23.858353971326011],[91.249288188567434,23.858327080262814],[91.24928639553012,23.858309454667999],[91.249320145235359,23.857978344599548],[91.249315696778083,23.857959163753467],[91.249308070081298,23.857949282088025],[91.249285189991028,23.857936495402431],[91.249261674791839,23.857930101237628],[91.249231804011984,23.857926613735298],[91.2491936705282,23.857928357897251],[91.249178417134644,23.85793707624202],[91.24917142644513,23.857951026249697],[91.249169520220107,23.85808180544452],[91.249170155329011,23.858109123766802],[91.24916634198064,23.858127723751988],[91.249159986399974,23.858147486233293],[91.249142561778399,23.858168319196206],[91.249116068664065,23.858179675533879],[91.249077442005145,23.858186117336484],[91.248977563718597,23.858184420006555],[91.248936308589194,23.858175585839358],[91.248889889045174,23.858158479445997],[91.248727196960729,23.858061162246795],[91.248684273659805,23.858032701953412],[91.24863816762786,23.857994590027154],[91.248623109168747,23.857976763927699],[91.248616018766228,23.85795965422184],[91.248611373577859,23.857940009194284],[91.248608709174732,23.857921290878192],[91.24860486618195,23.857841332977578],[91.24860325729928,23.857820724246853],[91.248597079585082,23.857790881221597],[91.248588972289639,23.857774491996079],[91.248572980480944,23.857753676222515],[91.248548557983327,23.857738272860146],[91.248514620530216,23.857721596083145],[91.2484757073087,23.85770918893429],[91.24839448972557,23.857682201615106],[91.248371184732136,23.857676460575476],[91.248342413490235,23.857674305631665],[91.248277998894466,23.857679775557585],[91.248263518052084,23.857682206544432],[91.248232474072495,23.857697468605707],[91.248168455633774,23.857744305549556],[91.248030826545744,23.85786080713649],[91.24799056585131,23.857884011976566],[91.247946151347051,23.857902801773363],[91.247938337800704,23.857898416310132],[91.24789783006959,23.857844150914179],[91.24786608630238,23.857798370527636],[91.247840447485871,23.857767106204768],[91.247798936336594,23.85773695754812],[91.247700041705301,23.857681127840227],[91.247452194721788,23.857571701345822],[91.247420450954593,23.857551602759553],[91.24738992799783,23.857534853661448],[91.247327661273928,23.857468974566562],[91.245561134149199,23.855314867118402],[91.245785686919078,23.855010330598944],[91.246175898010492,23.854489729440413],[91.246752501438536,23.85370890347415],[91.247179298216537,23.853118181328529],[91.247319110210725,23.852924728943403],[91.2474466072007,23.852743397982323],[91.247579110501732,23.852564883175727],[91.247724200098205,23.852369129511011],[91.24993695905215,23.854158571817432],[91.2499363679607,23.854204262294822],[91.249942437877067,23.854228783137412],[91.24995713431511,23.854241820770422],[91.250029949057094,23.854235981810469],[91.250054348198532,23.854233483389528],[91.250091618401385,23.854232494208702],[91.250111327438688,23.854236742592395],[91.250127309365922,23.854241418196867],[91.250132919344864,23.854248059017326],[91.250138495187841,23.854271122371344],[91.250140265767257,23.85429975602246],[91.250121603267218,23.854447778062458],[91.250123629866508,23.854527904015907],[91.250125064476009,23.854584624849942],[91.250134088951341,23.854630983118565],[91.250142373214914,23.854655228652419],[91.25014634646341,23.854667071671013],[91.2501494142101,23.85467445188802],[91.250161322277521,23.854689440718861],[91.250209878015269,23.854706671628204],[91.250442349434365,23.854737484001451],[91.250849756975285,23.854828886714383],[91.250873154495196,23.854834135756796],[91.250959333473631,23.854848669416675],[91.251284230755729,23.854873970633278],[91.25129533033936,23.854876388527551],[91.251312307599903,23.85488339738092],[91.251330135565041,23.854897324713278],[91.251333761165512,23.854902552391994],[91.251337890720862,23.854913883547077],[91.251339546315961,23.854933925853903],[91.251336989710651,23.854950127298277],[91.251329492371312,23.854981406267676],[91.251313086439254,23.855049844186013],[91.251315185802071,23.85507973960177],[91.251322150440458,23.855089338864833],[91.25134184330814,23.855101124333604],[91.251391115901455,23.855114455180463],[91.251536820843938,23.855122067877186],[91.251608321350659,23.855136994216682],[91.251620354283872,23.855143217632175],[91.251635037247198,23.855166580700939],[91.251637687277295,23.855183720352279],[91.251662942513192,23.855347065338481],[91.251663922575176,23.855435341543284],[91.251658581192487,23.855482729757359],[91.251659735527625,23.855540495211006],[91.251680568357386,23.855586571339085],[91.251689386220221,23.855596069511488],[91.251711957290027,23.855610737001843],[91.251756004383367,23.85562728999346],[91.251877751257197,23.855663962404467],[91.251918828520161,23.855670317245796],[91.251932208028038,23.855672387601238],[91.25198650669536,23.855680788971991],[91.252043267644936,23.855681011617357],[91.252066189956025,23.855675997578153],[91.252091597905505,23.855668931257796],[91.252125795870072,23.855649038590357],[91.252150265080076,23.8556133348062],[91.252193255754634,23.855469596125424],[91.252195458423728,23.855462233206676],[91.252197794043468,23.855454423352928],[91.252205261738411,23.855435638130469],[91.25220803753264,23.855432539985689],[91.252219792886464,23.855427370659921],[91.252228317000188,23.855425808031512],[91.252268604644044,23.855422124106269],[91.252287823201243,23.855424357958366],[91.252400305749546,23.85545325014952],[91.252425419051633,23.855473595532558],[91.252435328367511,23.8554933362363],[91.252446085693052,23.855519258434388],[91.252451650756242,23.855559839086126],[91.252439665433698,23.855606515775001],[91.252428928769419,23.855648326289362],[91.252429722880152,23.855668307686425],[91.2524336215685,23.85567619475486],[91.252439211784491,23.8556864684823],[91.252447382860325,23.855693788666695],[91.252465375217156,23.855702227006663],[91.252544722507878,23.855711266734858],[91.252732890813817,23.855757507116017],[91.252764551935982,23.855774285198798],[91.252770309238642,23.85578019885218],[91.252775417957679,23.855803923296385],[91.252774769374042,23.855821734906552],[91.252772998794626,23.855836128789019],[91.252636960622922,23.856464198377775],[91.252605990305184,23.856614392624067],[91.252593577384602,23.856709469686066],[91.252592808426712,23.856743202238953],[91.252605938202919,23.856865840973274],[91.252609751551304,23.85687804774178],[91.252612928892461,23.856889091177461],[91.252617378248047,23.85689897210219],[91.252625004944818,23.85690594716209],[91.252649155252911,23.856919316436628],[91.252680297148871,23.856928034849307],[91.252706354580326,23.856932103222608],[91.2527336831279,23.856933265732316],[91.25289614614195,23.856917390695941],[91.253776978414038,23.856842918568248],[91.253809748955589,23.856845642868507],[91.253830603344895,23.856851092290341],[91.253847484485718,23.856864715433264],[91.253858407999587,23.856881062874198],[91.25386039417468,23.856900134612193],[91.25386039417468,23.856921931467568],[91.253820631146951,23.857081995413697],[91.253805501720947,23.857144443869657],[91.253801468285303,23.857228611872639],[91.253811749503711,23.857261420857419],[91.253840048231822,23.857283115778653],[91.253922461472598,23.857301621403103],[91.253963589939573,23.857302873459446],[91.254316525438313,23.857325532062625],[91.254387379158004,23.857338840498493],[91.254425342860245,23.857355099972814],[91.254475789551634,23.857389935710991],[91.254499395480664,23.857418465156478],[91.254510035126884,23.857458117674014],[91.254515304644372,23.857489536524398],[91.254517040189484,23.857562046400751],[91.254516250570333,23.857595144489327],[91.25450986265038,23.857641684888012],[91.254492931203885,23.857686522182668],[91.254479343286889,23.857722503903233],[91.254459045853068,23.857770555919792],[91.254456589859075,23.857778359883078],[91.254452354302501,23.857795084303032],[91.25445076877601,23.857808280959055],[91.254451501801313,23.857814107434645],[91.254452098282655,23.857820367691545],[91.254482714664164,23.857849395726646],[91.254643925426748,23.857951506037896],[91.254690303648218,23.857976290712028],[91.254731216519531,23.857989387941444],[91.254751554377549,23.857990550441659],[91.254771256228352,23.857984157101065],[91.254783332280738,23.85797078875795],[91.254864681916217,23.857838265287896],[91.254892646471035,23.857801065231786],[91.254922517250847,23.857769096835778],[91.254973997004853,23.857731315919295],[91.255008316241955,23.857713879201476],[91.255036280796773,23.857703416676728],[91.255056618654791,23.857696441659726],[91.255082676086218,23.857691791648197],[91.255139770310748,23.857687849818543],[91.255202284969684,23.857682538453414],[91.255241173038343,23.857683545682132],[91.255294404507111,23.857690142783667],[91.255310698149728,23.857695782771199],[91.255383446416403,23.857726646191647],[91.255416627488074,23.857744392634554],[91.255422645302147,23.857749281717119],[91.255443341587977,23.85776494386846],[91.255452288808215,23.857779316996115],[91.255467530523632,23.857811269780015],[91.255470377284766,23.85781892914698],[91.255479081959876,23.857845556596224],[91.255482674322693,23.857869637217402],[91.255484594022448,23.857915664866933],[91.255487228781178,23.857978849034325],[91.255487127271536,23.85800287869429],[91.255476507388252,23.858099219930846],[91.255462068766718,23.858169428293841],[91.25546300660784,23.858185127364298],[91.255465255091011,23.858194451176821],[91.255505236409363,23.85823975081469],[91.255534599641052,23.858261430784093],[91.255551077438312,23.858268510929456],[91.255903515270347,23.858285963182162],[91.255948908938308,23.858293190384146],[91.256035987130346,23.858315912895218],[91.256100818544411,23.85833770293997],[91.256153824536085,23.858375639774621],[91.256274784485697,23.858495038406769],[91.25636132728188,23.858593547350715],[91.256380479363727,23.858615348028923],[91.256530389320019,23.858763120316553],[91.256550623871817,23.858780989028428],[91.256563571289973,23.858790592124986],[91.256579452605891,23.858801313350114],[91.256584467900126,23.858803951346452],[91.256592384752707,23.858806976292662],[91.256601126258758,23.85880814042865],[91.256607955251539,23.858807229329983],[91.256610103123393,23.858806604952203],[91.256613545467573,23.858804598727669],[91.256614840838182,23.858803216880982],[91.256617726226892,23.858798129023128],[91.256623757515712,23.858750572782387],[91.256617422596307,23.858709837857056],[91.256618115197412,23.858648215814185],[91.256641173154136,23.858581000621676],[91.256659112510334,23.858551345906822],[91.256689890588632,23.858524456527679],[91.256718439946653,23.858504597982325],[91.256754263861851,23.858489352447144],[91.256805152524393,23.858472718487523],[91.2571152931813,23.858433442551402],[91.257287595442676,23.858415496565698],[91.257376398400083,23.85839534142324],[91.257418642574649,23.858379690028279],[91.257451860477218,23.858357506466891],[91.257484566340082,23.858313904198454],[91.257517249745078,23.858267283529031],[91.25761159620609,23.858083756636091],[91.257624098059907,23.858069781996072],[91.257678274556383,23.858057077477845],[91.258496474490201,23.858114246978545],[91.259409135869404,23.858126951491176],[91.25980610049514,23.858137383584225],[91.260664836906173,23.858036158233801],[91.260899833489546,23.857984422463318],[91.260923340603895,23.857977444175258],[91.261135322349674,23.857946101847848],[91.261266576094158,23.857939867065234],[91.261295615932369,23.857936583308867],[91.26150670924433,23.857946711441812],[91.261522050672752,23.857951482212794],[91.26153843684186,23.857963130221531],[91.261560830045269,23.857987923108983],[91.261571449928539,23.85800733727238],[91.261594365951439,23.858043147198934],[91.261614158532112,23.858065066273586],[91.261656749456364,23.85809182594252],[91.261724133882439,23.858119829438813],[91.261761180404775,23.858124444929693],[91.261792524421665,23.858121691080392],[91.261828537881399,23.858114297914874],[91.261848680805016,23.858101261493122],[91.261863425752068,23.858087537429061],[91.261870907820096,23.858053563689175],[91.261872362192534,23.858015803394505],[91.261872730501821,23.857991694046099],[91.261870684139581,23.857957413841032],[91.261872959572202,23.857932339154271],[91.261880755152248,23.857899915648936],[91.261887251768357,23.857881820066186],[91.261901996715451,23.857868095978908],[91.26198793494541,23.857852209555308],[91.262003957296841,23.857844919890471],[91.262362746217917,23.857681681569581],[91.262404912239049,23.857658857895753],[91.262600218558219,23.85756104574353],[91.262668610894067,23.857525862532398],[91.262764969581326,23.85747997112302],[91.26286454154237,23.857441845067704],[91.26291143449852,23.857431422777328],[91.262972392377065,23.85743242014934],[91.263154208695624,23.85744927934951],[91.263278610989431,23.85746012309782],[91.263353564620118,23.857454829797657],[91.263456198937973,23.857427710976101],[91.26348767680382,23.857411789171476],[91.263510367349582,23.857395754811371],[91.263526066307492,23.857381548417589],[91.263544317379115,23.857347029798945],[91.263544718027745,23.857331335556264],[91.263547474059038,23.857223475480943],[91.263548976940484,23.85716465589438],[91.263557436375521,23.857120501957407],[91.263565180751598,23.857104299962874],[91.263577411314188,23.857078177621119],[91.26358495087436,23.857066958387527],[91.26360436436596,23.857048594859609],[91.263728922966635,23.857019155042995],[91.263938260970576,23.857000900775919],[91.264161890272348,23.856962837018283],[91.26434211836947,23.856914115950865],[91.2644172561548,23.856886416171832],[91.264506067197047,23.856847902164493],[91.26461691031993,23.856790985967812],[91.264717650090859,23.856706845613648],[91.264760064945307,23.856678440889073],[91.265351016265058,23.856382874958239],[91.265394739964876,23.856359931107075],[91.265403264976939,23.85634294853034],[91.265404810079247,23.856335883889482],[91.265405571850579,23.85631672087467],[91.265414669089495,23.856289022611048],[91.265427850069628,23.856268213171365],[91.265458476332597,23.856239197927056],[91.265506665557709,23.85621363654057],[91.265776525757246,23.856107315972629],[91.265899405406699,23.856067245685548],[91.265953388765368,23.856054080893298],[91.26629320077609,23.855985603248598],[91.266528527939485,23.85590718130733],[91.266893473015259,23.855792525672033],[91.26692971195213,23.855778265700472],[91.266954387774661,23.855761717657508],[91.266981736085157,23.855722088446285],[91.266984409471462,23.855699007275973],[91.266987187062313,23.855652149053501],[91.266991406449193,23.85553843471228],[91.266992888669435,23.855524265907096],[91.266998379172435,23.855496154223996],[91.267004016100856,23.855477024769378],[91.267011116384836,23.855464026696069],[91.267021424552723,23.855458150820525],[91.267034502226636,23.855453434181413],[91.267050631477559,23.855450360684216],[91.26706941884342,23.855449417520649],[91.267097441788707,23.855449753543198],[91.267124777522824,23.855451316171315],[91.268405407707007,23.855506650611371],[91.268590558571901,23.855507467252654],[91.268654746792208,23.855506280904589],[91.268702526385553,23.855653718251716],[91.26874902767625,23.855956134435527],[91.268771507117904,23.856102325775371],[91.268831475053005,23.856334791207466],[91.268962609321534,23.856760194621963],[91.268999001870355,23.85696449821549],[91.269006636651952,23.857031837480868],[91.269011024922108,23.857069668716523],[91.269011465994907,23.857096145974214],[91.269005122092366,23.857135793661033],[91.268960048224685,23.857185303342764],[91.268909636567557,23.857212902827541],[91.268850567846044,23.85723479082343],[91.268794622566787,23.857249442518654],[91.268747639779122,23.857255450584056],[91.268685117035346,23.85727310836306],[91.268669577079251,23.85728475807591],[91.268650006382458,23.857306585264247],[91.268627464058724,23.857346863022464],[91.268540760464134,23.857578116888803],[91.26822586771938,23.858319903177417],[91.268134004201798,23.858541878348468],[91.268115959742673,23.858681514083568],[91.268127554298047,23.858853195851747],[91.268128301696379,23.859045803870711],[91.268107166134357,23.859516020256951],[91.268101745699937,23.859770162566811],[91.268090854525425,23.860280769006984],[91.268088451532051,23.860604000388779],[91.268076488667418,23.860627834857262],[91.268053665170996,23.860657036429341],[91.268039558926063,23.860668728557865],[91.267909315786298,23.860670172000003],[91.267892993397567,23.860685901985846],[91.267874808801295,23.860707102589441],[91.267867073408382,23.860727492331954],[91.267862484813918,23.860744622210671],[91.26788207707024,23.861029334741588],[91.267882974487222,23.861071817164866],[91.267877360016683,23.861096146932987],[91.267864243715223,23.861121373812878],[91.267853885241706,23.86113459148995],[91.26784280003109,23.861148738321674],[91.26782825720494,23.861166916423063],[91.267813197847531,23.861179089924899],[91.267806195479892,23.861186049145203],[91.267790149772267,23.861214100443132],[91.267753364659725,23.861338650761603],[91.267689854667438,23.861739299800991],[91.267685293022438,23.861794578977321],[91.2676825702288,23.861831271002295],[91.267680377441195,23.861893041871017],[91.267631641142088,23.862113753158695],[91.267602161129417,23.862213369235288],[91.267521764606414,23.862485042557218],[91.267445690776583,23.862665572041088],[91.267349421920841,23.862831373809385],[91.267217814240141,23.863038058459722],[91.267193295622803,23.863067547021355],[91.267149598872422,23.86310445803224],[91.267117379896447,23.863120184436383],[91.267085598400016,23.863129424098414],[91.267059316389734,23.863141578520779],[91.267038918344568,23.863166648913094],[91.267006431670652,23.863217880664081],[91.266975598795142,23.863280181574314],[91.266884412607297,23.863487930198456],[91.266805607000663,23.863667471640269],[91.266762085421774,23.863772643271467],[91.266751549980128,23.863798476731926],[91.266700109752037,23.863944106340536],[91.266694535705668,23.863977114074604],[91.266692868432528,23.864015549561277],[91.266688775708076,23.864048946675936],[91.266685642384388,23.864061137158767],[91.266657956307299,23.864130321967522],[91.266641438984166,23.864156047738064],[91.266465264085596,23.864421369967072],[91.266396421693813,23.864525047474572],[91.266334055256891,23.864618971898462],[91.266291552367548,23.864670806065195],[91.266180857466651,23.86477137312891],[91.266139297808337,23.864793843121014],[91.266086237019451,23.864811960740465],[91.266060670966482,23.864815876886507],[91.266021055262456,23.864819066816164],[91.265986982163724,23.864817305495233],[91.265915824813433,23.864803090057254],[91.265866490236348,23.864793615562224],[91.265822260785015,23.86478183672584],[91.265790790105669,23.864766616574805],[91.265735913821572,23.86471705064185],[91.265699317355228,23.864689972773256],[91.265656521615114,23.864666510375958],[91.265614635868346,23.864649684975593],[91.265211077608413,23.864592024629967],[91.265137183989779,23.864583770066492],[91.264874230038131,23.86456803151739],[91.264627778138248,23.864557293517763],[91.264480330464124,23.864560318329627],[91.264434708624137,23.864567778491313],[91.264376235485628,23.864577275183688],[91.26411119564591,23.864618112595995],[91.264012231844305,23.864645211017425],[91.263884288391665,23.864693991612029],[91.263812458203219,23.8647092199867],[91.263770154739873,23.864713189534129],[91.263564234825594,23.86472230749871],[91.263350936149578,23.864718686272745],[91.262441590452113,23.864637584914597],[91.262279984430805,23.864617383914059],[91.262172642940868,23.864614856118838],[91.262113632609868,23.864618369729541],[91.262047358501476,23.864631901689169],[91.261983921272716,23.864654694559899],[91.26194966671433,23.864678671226169],[91.261806670192428,23.864839804232247],[91.261705986117079,23.864987223562959],[91.261660352598952,23.865064246726252],[91.261592815459281,23.865222078429237],[91.261540573933914,23.865393477144771],[91.261531944717291,23.86542178712795],[91.261498928037341,23.865509826445297],[91.261475040037325,23.865545781347475],[91.261459289875447,23.86556003449331],[91.261189432370813,23.865679843828158],[91.260843222558663,23.865808848983303],[91.260664446139003,23.865896580794701],[91.260599703658158,23.865928351666764],[91.26057920500169,23.865940896041099],[91.260546486562404,23.865970118595911],[91.260534266779629,23.865986795953969],[91.260511819677291,23.866026972432639],[91.260505808151407,23.8660525442052],[91.260506033628545,23.866101201044227],[91.260514926051556,23.866151784289862],[91.260528249863825,23.866201891044131],[91.260586768816381,23.866320899642151],[91.260658846939833,23.866444384491505],[91.260683347590899,23.866504964448257],[91.26070732721908,23.866581520096613],[91.260730035731171,23.866647144820924],[91.260744194078356,23.866671081686334],[91.260770013456238,23.866702866333839],[91.260926914102114,23.866844534695534],[91.260964650530539,23.866889941389015],[91.260984511383171,23.866919001073015],[91.260992455185217,23.866941704819421],[91.260999586910259,23.867007309645256],[91.261000406173807,23.867046104048526],[91.260996903642493,23.867085438163876],[91.260958939940295,23.867272369726052],[91.260955713191791,23.86730631804604],[91.260957202598547,23.867335831923707],[91.260957698468573,23.867352178043181],[91.260968621982414,23.867392135580477],[91.261016288388035,23.867495662019135],[91.261036149240624,23.867527446464276],[91.261067927143813,23.867564679872775],[91.261223613267376,23.867704105436363],[91.261272229192258,23.867745134092036],[91.261321044543095,23.867794075353036],[91.261366623263996,23.867852423505113],[91.261392626796507,23.867907109419463],[91.261413533288135,23.867966169753839],[91.261427831772494,23.868024469360371],[91.261450304027647,23.868168522705727],[91.261470579901939,23.868259588988629],[91.261492961427251,23.868344949143271],[91.261499603570456,23.868421619533777],[91.261520100430303,23.868603655565462],[91.261518117848482,23.868655198973734],[91.261517186295507,23.868714467624596],[91.261510737290081,23.868749221444954],[91.261487747605329,23.868816917680572],[91.261375660315764,23.869064339246655],[91.261212463378072,23.869390889676978],[91.261175968421355,23.869447713259913],[91.261145661060283,23.869505053530013],[91.261141419215519,23.869515980060196],[91.261129812083723,23.86955862810338],[91.261127269851471,23.869662026301853],[91.261088780634836,23.869853587289924],[91.260998413710482,23.870086516821893],[91.26098649755825,23.870127381248558],[91.260983517846455,23.870155532473078],[91.260983517846455,23.870176419365027],[91.260987091344674,23.870254775985117],[91.261009153968047,23.870438707870605],[91.261019340863371,23.870506805745876],[91.26102104586576,23.870532495747735],[91.261025670392854,23.87056955660384],[91.261028589917515,23.870580927462157],[91.261039393955443,23.870611768096808],[91.261058202880875,23.870642441143325],[91.261108833726908,23.87070189125183],[91.261125784038001,23.870724442362235],[91.261150520945975,23.870778971805088],[91.261160008952018,23.870807476943092],[91.261164193304609,23.870862772785543],[91.261163977708932,23.870902847531625],[91.261159421453826,23.870930771039561],[91.261150953933949,23.870982656075526],[91.261143210456197,23.871030105962269],[91.261142761298558,23.871044358504399],[91.261147529556069,23.87107410564953],[91.26117780906938,23.87113247039591],[91.261196292804655,23.871174222502919],[91.261203812601877,23.871211371894201],[91.261204117130774,23.87124098181533],[91.261204285115724,23.871320043434221],[91.261207507372646,23.871341078002899],[91.26122399415307,23.871381469688405],[91.261302048768115,23.87151758637189],[91.2613136262555,23.871550522350649],[91.261327826823518,23.871619538864387],[91.261331917751292,23.871675793834793],[91.261326502706765,23.871767244562143],[91.261298619898653,23.87195648179307],[91.261285328425728,23.871991396572078],[91.261263954810161,23.872029580775873],[91.261234196319748,23.87207582436745],[91.261203324816705,23.872114507175809],[91.261189064061583,23.87212983407511],[91.261114270331007,23.872210224281154],[91.260952303186968,23.872399789449993],[91.260938924577445,23.872418833437482],[91.260882990077974,23.872487735304983],[91.260868666440743,23.872512169718597],[91.260855350713314,23.872550392377548],[91.260846515782475,23.872598730511868],[91.260845830367941,23.872653159768419],[91.260842415871537,23.872691830903786],[91.260832975476205,23.872751032811408],[91.260794489852785,23.872882153575461],[91.260790982829903,23.872897854969811],[91.260755304441801,23.872999784195976],[91.260750509234796,23.873046765933022],[91.260760678163834,23.873063619814808],[91.260774660441214,23.873081055287543],[91.260983517846455,23.873276656075969],[91.26101132339943,23.873309347634265],[91.261027211901876,23.873338405877526],[91.261046080116103,23.873421949728151],[91.261064948330329,23.873466445583887],[91.261075871844184,23.87348642341065],[91.261088780634836,23.873508217474619],[91.261190071971313,23.873668039950761],[91.261205960473745,23.873690742513773],[91.261224828687972,23.873709811776472],[91.26147011098135,23.873915038233587],[91.261552534103629,23.873988592838632],[91.26158530464518,23.874022191922968],[91.261595234622334,23.874039444903985],[91.261593248447241,23.87405760640975],[91.261458069963297,23.874384117138145],[91.261441001972869,23.874429521187583],[91.261420831201519,23.874455060907035],[91.261396004462,23.87447066846525],[91.260868449048445,23.874836735810653],[91.260829657997846,23.874869370295105],[91.260803279867844,23.874916192814258],[91.260541053551592,23.875790210063254],[91.260525723801251,23.875815635333868],[91.260501890598476,23.87582834878873],[91.260480043570766,23.875834705104971],[91.260428404814945,23.875848326250967],[91.260380738409353,23.875861946574126],[91.26033505907715,23.875893728965409],[91.260313212049439,23.875932776174217],[91.26021851614378,23.876357082667134],[91.26020907485011,23.876446432956705],[91.260211181399484,23.876559832401561],[91.260236856148623,23.876798720883137],[91.260239602298427,23.876826216794377],[91.260248012326116,23.877028274146429],[91.260256661305661,23.8770767954313],[91.260273199290069,23.877117243648939],[91.260312835655313,23.877174398163934],[91.260352270797995,23.877224858797135],[91.260390758218009,23.877268001267581],[91.260434771175369,23.877330361132206],[91.260450219503312,23.877360701549687],[91.260497257088204,23.877491568750916],[91.260509327750697,23.877555057153746],[91.260509523583451,23.877628704154898],[91.260496992983519,23.877720692820528],[91.260459906935324,23.87788726716833],[91.260456386437724,23.877902143241243],[91.260435053246368,23.878142502885563],[91.260428503629626,23.878158523176943],[91.260425522121224,23.878163225846333],[91.260417422012296,23.878173032040873],[91.260400808569443,23.878189599398702],[91.260386986192131,23.878201370443975],[91.260384097210206,23.878203289296735],[91.260370987196936,23.878210009388372],[91.260352824160222,23.878218543189572],[91.260327156597597,23.878228828271634],[91.260295651782286,23.878237730070644],[91.26027431409932,23.878243302627784],[91.260263682537939,23.87824779500891],[91.260261238222043,23.878249290826371],[91.260254939235267,23.878255642916596],[91.260238031144993,23.878276944143323],[91.260233978844752,23.878281475130304],[91.260223304164242,23.878302735281437],[91.2602199929741,23.878311099862781],[91.260216078116088,23.878331303655397],[91.260214287773721,23.878366407285757],[91.260216803056522,23.878399598628146],[91.260217479487935,23.878407721704182],[91.260236882199735,23.878640748379905],[91.260248068919992,23.878738376218717],[91.260258735515663,23.878831459873577],[91.260274207199799,23.879031258471937],[91.26027586099822,23.879052608034815],[91.260274575509072,23.879066971406996],[91.260268658306302,23.879085064850809],[91.260253386946474,23.879097365631178],[91.260247131977152,23.879101497378826],[91.260219710903087,23.879119611353364],[91.260213139726787,23.879126152327675],[91.260205354926541,23.879137000832213],[91.260193112685869,23.879180489304716],[91.260184691878379,23.879210405435643],[91.260181376196641,23.879230922048933],[91.260178736946344,23.879297968810413],[91.260174882275464,23.879324530236634],[91.2601724155017,23.879339384787471],[91.26015801460936,23.879395481976221],[91.260143856262175,23.879432353011403],[91.260117384707371,23.879529136656512],[91.260113155439043,23.879564516779865],[91.260115993216999,23.879616734315178],[91.260119897295226,23.879647730509308],[91.260132422505265,23.879692312116553],[91.260139128428847,23.879725391406204],[91.260145240566047,23.879780256302606],[91.260142925607553,23.879865136546698],[91.260134831786843,23.879942235464824],[91.26012812945649,23.879968331016258],[91.260095957192902,23.8800620314905],[91.260057465281321,23.880171319875171],[91.260024911233742,23.880275528546328],[91.259973493463505,23.880423872461588],[91.259940843296178,23.880530708626157],[91.259892637003091,23.880712293104292],[91.259870223138449,23.880749780643637],[91.25980975484174,23.880813387374054],[91.259767428920483,23.880869958698725],[91.259730238667728,23.880932666748226],[91.259680848395078,23.881028511222535],[91.259667217358938,23.88105496386769],[91.259627444449748,23.881118581126405],[91.25960204638173,23.881141426129034],[91.259579924469534,23.881154837257533],[91.259531956229992,23.881175759338046],[91.259490706490467,23.881195220130881],[91.259037623210602,23.881387590387007],[91.258959121234582,23.881415869766393],[91.258839088346278,23.881478465840164],[91.258797557434079,23.88151278253164],[91.258659839412815,23.88166902037084],[91.258652572042166,23.881676123057087],[91.258583880567357,23.881734133926315],[91.258560287214706,23.881748072334904],[91.258461307243465,23.8818111241271],[91.25841660617661,23.881832425590005],[91.258368038760764,23.881851533901962],[91.25830428622335,23.881876617920813],[91.258292123932748,23.88188185436729],[91.25800439534386,23.882015715115983],[91.257968004591703,23.882033530513532],[91.257937485228254,23.882052307770699],[91.257908413050686,23.8820730358552],[91.257896289387631,23.882083481625717],[91.257863897036785,23.882116730334346],[91.257852880996452,23.882143757738238],[91.257845929832811,23.882171586002926],[91.257840557009075,23.882236018364015],[91.257839571557227,23.882440988989263],[91.257839681151665,23.882461827079062],[91.256182540980745,23.88268911473828],[91.251965911919172,23.88268911473828],[91.25139743285456,23.882659411332327],[91.252973156914635,23.883665815966154],[91.253941196736164,23.884446823536557],[91.253983296281973,23.884480789530024],[91.254220976133098,23.885350089883087],[91.25404271624474,23.886110722079575],[91.253389096654118,23.887197332919346],[91.253091996840212,23.888012284238606],[91.252913737850193,23.888881560042087],[91.253032576877445,23.889750830825697],[91.252077456626338,23.891643183165012],[91.25237455644023,23.895310298861652],[91.253562954797601,23.896940094957699],[91.254305704332367,23.898841497912041],[91.254008604518461,23.901150306943482],[91.251631806905436,23.904409731372677],[91.251108786187473,23.906131088867099],[91.250889058268953,23.906854245352267],[91.250591958455061,23.907940681079207],[91.249379340619313,23.907829823776222],[91.247620961214182,23.907669073619555],[91.247620961214182,23.904681346502475],[91.247769511121177,23.903187456226075],[91.247323862298614,23.901014495740455],[91.246432562856839,23.899520563913132],[91.244204315150768,23.898705684283868],[91.242718816979504,23.897754985713664],[91.240490570171758,23.897890800340395],[91.235431384255733,23.899308174511223],[91.234291527263082,23.899627513249392],[91.233634856095463,23.899359011697811]]]},"properties":{"objectid":2084,"id":"2028","name":"Ward No 2","code":"2","town":"Agartala","district":"West Tripura","state":"Tripura","st_area(shape)":9713499.2926463597,"st_perimeter(shape)":29833.221656846163}},{"type":"Feature","id":2087,"geometry":{"type":"Polygon","coordinates":[[[91.257839571557227,23.882440988989263],[91.257840557009075,23.882236018364015],[91.257845929832811,23.882171586002926],[91.257852880996452,23.882143757738238],[91.257863897036785,23.882116730334346],[91.257896289387631,23.882083481625717],[91.257908413050686,23.8820730358552],[91.257937485228254,23.882052307770699],[91.257968004591703,23.882033530513532],[91.25800439534386,23.882015715115983],[91.258292123932748,23.88188185436729],[91.25830428622335,23.881876617920813],[91.258368038760764,23.881851533901962],[91.25841660617661,23.881832425590005],[91.258461307243465,23.8818111241271],[91.258560287214706,23.881748072334904],[91.258583880567357,23.881734133926315],[91.258652572042166,23.881676123057087],[91.258659839412815,23.88166902037084],[91.258797557434079,23.88151278253164],[91.258839088346278,23.881478465840164],[91.258959121234582,23.881415869766393],[91.259037623210602,23.881387590387007],[91.259490706490467,23.881195220130881],[91.259531956229992,23.881175759338046],[91.259579924469534,23.881154837257533],[91.25960204638173,23.881141426129034],[91.259627444449748,23.881118581126405],[91.259667217358938,23.88105496386769],[91.259680848395078,23.881028511222535],[91.259730238667728,23.880932666748226],[91.259767428920483,23.880869958698725],[91.25980975484174,23.880813387374054],[91.259870223138449,23.880749780643637],[91.259892637003091,23.880712293104292],[91.259940843296178,23.880530708626157],[91.259973493463505,23.880423872461588],[91.260024911233742,23.880275528546328],[91.260057465281321,23.880171319875171],[91.260095957192902,23.8800620314905],[91.26012812945649,23.879968331016258],[91.260134831786843,23.879942235464824],[91.260142925607553,23.879865136546698],[91.260145240566047,23.879780256302606],[91.260139128428847,23.879725391406204],[91.260132422505265,23.879692312116553],[91.260119897295226,23.879647730509308],[91.260115993216999,23.879616734315178],[91.260113155439043,23.879564516779865],[91.260117384707371,23.879529136656512],[91.260143856262175,23.879432353011403],[91.26015801460936,23.879395481976221],[91.2601724155017,23.879339384787471],[91.260174882275464,23.879324530236634],[91.260178736946344,23.879297968810413],[91.260181376196641,23.879230922048933],[91.260184691878379,23.879210405435643],[91.260193112685869,23.879180489304716],[91.260205354926541,23.879137000832213],[91.260213139726787,23.879126152327675],[91.260219710903087,23.879119611353364],[91.260247131977152,23.879101497378826],[91.260253386946474,23.879097365631178],[91.260268658306302,23.879085064850809],[91.260274575509072,23.879066971406996],[91.26027586099822,23.879052608034815],[91.260274207199799,23.879031258471937],[91.260258735515663,23.878831459873577],[91.260248068919992,23.878738376218717],[91.260236882199735,23.878640748379905],[91.260217479487935,23.878407721704182],[91.260216803056522,23.878399598628146],[91.260214287773721,23.878366407285757],[91.260216078116088,23.878331303655397],[91.2602199929741,23.878311099862781],[91.260223304164242,23.878302735281437],[91.260233978844752,23.878281475130304],[91.260238031144993,23.878276944143323],[91.260254939235267,23.878255642916596],[91.260261238222043,23.878249290826371],[91.260263682537939,23.87824779500891],[91.26027431409932,23.878243302627784],[91.260295651782286,23.878237730070644],[91.260327156597597,23.878228828271634],[91.260352824160222,23.878218543189572],[91.260370987196936,23.878210009388372],[91.260384097210206,23.878203289296735],[91.260386986192131,23.878201370443975],[91.260400808569443,23.878189599398702],[91.260417422012296,23.878173032040873],[91.260425522121224,23.878163225846333],[91.260428503629626,23.878158523176943],[91.260435053246368,23.878142502885563],[91.260456386437724,23.877902143241243],[91.260459906935324,23.87788726716833],[91.260496992983519,23.877720692820528],[91.260509523583451,23.877628704154898],[91.260509327750697,23.877555057153746],[91.260497257088204,23.877491568750916],[91.260450219503312,23.877360701549687],[91.260434771175369,23.877330361132206],[91.260390758218009,23.877268001267581],[91.260352270797995,23.877224858797135],[91.260312835655313,23.877174398163934],[91.260273199290069,23.877117243648939],[91.260256661305661,23.8770767954313],[91.260248012326116,23.877028274146429],[91.260239602298427,23.876826216794377],[91.260236856148623,23.876798720883137],[91.260211181399484,23.876559832401561],[91.26020907485011,23.876446432956705],[91.26021851614378,23.876357082667134],[91.260313212049439,23.875932776174217],[91.26033505907715,23.875893728965409],[91.260380738409353,23.875861946574126],[91.260428404814945,23.875848326250967],[91.260480043570766,23.875834705104971],[91.260501890598476,23.87582834878873],[91.260525723801251,23.875815635333868],[91.260541053551592,23.875790210063254],[91.260803279867844,23.874916192814258],[91.260829657997846,23.874869370295105],[91.260868449048445,23.874836735810653],[91.261396004462,23.87447066846525],[91.261420831201519,23.874455060907035],[91.261441001972869,23.874429521187583],[91.261458069963297,23.874384117138145],[91.261593248447241,23.87405760640975],[91.261595234622334,23.874039444903985],[91.26158530464518,23.874022191922968],[91.261552534103629,23.873988592838632],[91.26147011098135,23.873915038233587],[91.261224828687972,23.873709811776472],[91.261205960473745,23.873690742513773],[91.261190071971313,23.873668039950761],[91.261088780634836,23.873508217474619],[91.261075871844184,23.87348642341065],[91.261064948330329,23.873466445583887],[91.261046080116103,23.873421949728151],[91.261027211901876,23.873338405877526],[91.26101132339943,23.873309347634265],[91.260983517846455,23.873276656075969],[91.260774660441214,23.873081055287543],[91.260760678163834,23.873063619814808],[91.260750509234796,23.873046765933022],[91.260755304441801,23.872999784195976],[91.260790982829903,23.872897854969811],[91.260794489852785,23.872882153575461],[91.260832975476205,23.872751032811408],[91.260842415871537,23.872691830903786],[91.260845830367941,23.872653159768419],[91.260846515782475,23.872598730511868],[91.260855350713314,23.872550392377548],[91.260868666440743,23.872512169718597],[91.260882990077974,23.872487735304983],[91.260938924577445,23.872418833437482],[91.260952303186968,23.872399789449993],[91.261114270331007,23.872210224281154],[91.261189064061583,23.87212983407511],[91.261203324816705,23.872114507175809],[91.261234196319748,23.87207582436745],[91.261263954810161,23.872029580775873],[91.261285328425728,23.871991396572078],[91.261298619898653,23.87195648179307],[91.261326502706765,23.871767244562143],[91.261331917751292,23.871675793834793],[91.261327826823518,23.871619538864387],[91.2613136262555,23.871550522350649],[91.261302048768115,23.87151758637189],[91.26122399415307,23.871381469688405],[91.261207507372646,23.871341078002899],[91.261204285115724,23.871320043434221],[91.261204117130774,23.87124098181533],[91.261203812601877,23.871211371894201],[91.261196292804655,23.871174222502919],[91.26117780906938,23.87113247039591],[91.261147529556069,23.87107410564953],[91.261142761298558,23.871044358504399],[91.261143210456197,23.871030105962269],[91.261150953933949,23.870982656075526],[91.261159421453826,23.870930771039561],[91.261163977708932,23.870902847531625],[91.261164193304609,23.870862772785543],[91.261160008952018,23.870807476943092],[91.261150520945975,23.870778971805088],[91.261125784038001,23.870724442362235],[91.261108833726908,23.87070189125183],[91.261058202880875,23.870642441143325],[91.261039393955443,23.870611768096808],[91.261028589917515,23.870580927462157],[91.261025670392854,23.87056955660384],[91.26102104586576,23.870532495747735],[91.261019340863371,23.870506805745876],[91.261009153968047,23.870438707870605],[91.260987091344674,23.870254775985117],[91.260983517846455,23.870176419365027],[91.260983517846455,23.870155532473078],[91.26098649755825,23.870127381248558],[91.260998413710482,23.870086516821893],[91.261088780634836,23.869853587289924],[91.261127269851471,23.869662026301853],[91.261129812083723,23.86955862810338],[91.261141419215519,23.869515980060196],[91.261145661060283,23.869505053530013],[91.261175968421355,23.869447713259913],[91.261212463378072,23.869390889676978],[91.261375660315764,23.869064339246655],[91.261487747605329,23.868816917680572],[91.261510737290081,23.868749221444954],[91.261517186295507,23.868714467624596],[91.261518117848482,23.868655198973734],[91.261520100430303,23.868603655565462],[91.261499603570456,23.868421619533777],[91.261492961427251,23.868344949143271],[91.261470579901939,23.868259588988629],[91.261450304027647,23.868168522705727],[91.261427831772494,23.868024469360371],[91.261413533288135,23.867966169753839],[91.261392626796507,23.867907109419463],[91.261366623263996,23.867852423505113],[91.261321044543095,23.867794075353036],[91.261272229192258,23.867745134092036],[91.261223613267376,23.867704105436363],[91.261067927143813,23.867564679872775],[91.261036149240624,23.867527446464276],[91.261016288388035,23.867495662019135],[91.260968621982414,23.867392135580477],[91.260957698468573,23.867352178043181],[91.260957202598547,23.867335831923707],[91.260955713191791,23.86730631804604],[91.260958939940295,23.867272369726052],[91.260996903642493,23.867085438163876],[91.261000406173807,23.867046104048526],[91.260999586910259,23.867007309645256],[91.260992455185217,23.866941704819421],[91.260984511383171,23.866919001073015],[91.260964650530539,23.866889941389015],[91.260926914102114,23.866844534695534],[91.260770013456238,23.866702866333839],[91.260744194078356,23.866671081686334],[91.260730035731171,23.866647144820924],[91.26070732721908,23.866581520096613],[91.260683347590899,23.866504964448257],[91.260658846939833,23.866444384491505],[91.260586768816381,23.866320899642151],[91.260528249863825,23.866201891044131],[91.260514926051556,23.866151784289862],[91.260506033628545,23.866101201044227],[91.260505808151407,23.8660525442052],[91.260511819677291,23.866026972432639],[91.260534266779629,23.865986795953969],[91.260546486562404,23.865970118595911],[91.26057920500169,23.865940896041099],[91.260599703658158,23.865928351666764],[91.260664446139003,23.865896580794701],[91.260843222558663,23.865808848983303],[91.261189432370813,23.865679843828158],[91.261459289875447,23.86556003449331],[91.261475040037325,23.865545781347475],[91.261498928037341,23.865509826445297],[91.261531944717291,23.86542178712795],[91.261540573933914,23.865393477144771],[91.261592815459281,23.865222078429237],[91.261660352598952,23.865064246726252],[91.261705986117079,23.864987223562959],[91.261806670192428,23.864839804232247],[91.26194966671433,23.864678671226169],[91.261983921272716,23.864654694559899],[91.262047358501476,23.864631901689169],[91.262113632609868,23.864618369729541],[91.262172642940868,23.864614856118838],[91.262279984430805,23.864617383914059],[91.262441590452113,23.864637584914597],[91.263350936149578,23.864718686272745],[91.263564234825594,23.86472230749871],[91.263770154739873,23.864713189534129],[91.263812458203219,23.8647092199867],[91.263884288391665,23.864693991612029],[91.264012231844305,23.864645211017425],[91.26411119564591,23.864618112595995],[91.264376235485628,23.864577275183688],[91.264434708624137,23.864567778491313],[91.264480330464124,23.864560318329627],[91.264627778138248,23.864557293517763],[91.264874230038131,23.86456803151739],[91.265137183989779,23.864583770066492],[91.265211077608413,23.864592024629967],[91.265614635868346,23.864649684975593],[91.265656521615114,23.864666510375958],[91.265699317355228,23.864689972773256],[91.265735913821572,23.86471705064185],[91.265790790105669,23.864766616574805],[91.265822260785015,23.86478183672584],[91.265866490236348,23.864793615562224],[91.265915824813433,23.864803090057254],[91.265986982163724,23.864817305495233],[91.266021055262456,23.864819066816164],[91.266060670966482,23.864815876886507],[91.266086237019451,23.864811960740465],[91.266139297808337,23.864793843121014],[91.266180857466651,23.86477137312891],[91.266291552367548,23.864670806065195],[91.266334055256891,23.864618971898462],[91.266396421693813,23.864525047474572],[91.266465264085596,23.864421369967072],[91.266641438984166,23.864156047738064],[91.266657956307299,23.864130321967522],[91.266685642384388,23.864061137158767],[91.266688775708076,23.864048946675936],[91.266692868432528,23.864015549561277],[91.266694535705668,23.863977114074604],[91.266700109752037,23.863944106340536],[91.266751549980128,23.863798476731926],[91.266762085421774,23.863772643271467],[91.266805607000663,23.863667471640269],[91.266884412607297,23.863487930198456],[91.266975598795142,23.863280181574314],[91.267006431670652,23.863217880664081],[91.267038918344568,23.863166648913094],[91.267059316389734,23.863141578520779],[91.267085598400016,23.863129424098414],[91.267117379896447,23.863120184436383],[91.267149598872422,23.86310445803224],[91.267193295622803,23.863067547021355],[91.267217814240141,23.863038058459722],[91.267349421920841,23.862831373809385],[91.267445690776583,23.862665572041088],[91.267521764606414,23.862485042557218],[91.267602161129417,23.862213369235288],[91.267631641142088,23.862113753158695],[91.267680377441195,23.861893041871017],[91.2676825702288,23.861831271002295],[91.267685293022438,23.861794578977321],[91.267689854667438,23.861739299800991],[91.267753364659725,23.861338650761603],[91.267790149772267,23.861214100443132],[91.267806195479892,23.861186049145203],[91.267813197847531,23.861179089924899],[91.26782825720494,23.861166916423063],[91.26784280003109,23.861148738321674],[91.267853885241706,23.86113459148995],[91.267864243715223,23.861121373812878],[91.267877360016683,23.861096146932987],[91.267882974487222,23.861071817164866],[91.26788207707024,23.861029334741588],[91.267862484813918,23.860744622210671],[91.267867073408382,23.860727492331954],[91.267874808801295,23.860707102589441],[91.267892993397567,23.860685901985846],[91.267909315786298,23.860670172000003],[91.268039558926063,23.860668728557865],[91.268053665170996,23.860657036429341],[91.268076488667418,23.860627834857262],[91.268088451532051,23.860604000388779],[91.268090854525425,23.860280769006984],[91.268101745699937,23.859770162566811],[91.268107166134357,23.859516020256951],[91.268128301696379,23.859045803870711],[91.268127554298047,23.858853195851747],[91.268115959742673,23.858681514083568],[91.268134004201798,23.858541878348468],[91.26822586771938,23.858319903177417],[91.268540760464134,23.857578116888803],[91.268627464058724,23.857346863022464],[91.268650006382458,23.857306585264247],[91.268669577079251,23.85728475807591],[91.268685117035346,23.85727310836306],[91.268747639779122,23.857255450584056],[91.268794622566787,23.857249442518654],[91.268850567846044,23.85723479082343],[91.268909636567557,23.857212902827541],[91.268960048224685,23.857185303342764],[91.269005122092366,23.857135793661033],[91.269011465994907,23.857096145974214],[91.269011024922108,23.857069668716523],[91.269006636651952,23.857031837480868],[91.268999001870355,23.85696449821549],[91.268962609321534,23.856760194621963],[91.268831475053005,23.856334791207466],[91.268771507117904,23.856102325775371],[91.26874902767625,23.855956134435527],[91.268702526385553,23.855653718251716],[91.268654746792208,23.855506280904589],[91.268577457541809,23.854775808852249],[91.268578378314956,23.854740613382699],[91.268585731923892,23.854697108486114],[91.268601177556889,23.85467541559661],[91.268623241976897,23.854656749389729],[91.268652476749509,23.854639596523477],[91.268695502458357,23.854629506746086],[91.268783760138376,23.854618912520039],[91.269700843923729,23.854510490692693],[91.269986345589018,23.854457529364126],[91.270356865609429,23.854384797567469],[91.270579605579059,23.854322144030014],[91.270832066309865,23.854223709888352],[91.271371172261325,23.853984571901258],[91.271434361555052,23.853956031840671],[91.271455896867337,23.853948606395821],[91.27148131469832,23.853945700465356],[91.271507438605113,23.853944408940698],[91.271530739106936,23.853946346227687],[91.27154486062318,23.85395054286117],[91.271555803899986,23.853956031840671],[91.27157345579532,23.853967655561188],[91.271599182646725,23.853997380337951],[91.271688812952533,23.854133696860853],[91.271718437593975,23.854189467300518],[91.271754253424362,23.854265384466885],[91.271791919784221,23.854365741069227],[91.271867843595402,23.854612643071107],[91.271919461689947,23.854768745769125],[91.271941009578654,23.854820771196515],[91.271959936183364,23.854863085589766],[91.272006823749635,23.854940776140335],[91.272039920379626,23.854992234612634],[91.272070258283406,23.855038142513074],[91.272119903677591,23.85509868097477],[91.27216292938644,23.855152157167485],[91.272232432039971,23.855221776416858],[91.272285938393253,23.855271216174788],[91.272342004046763,23.855312099242674],[91.272469448934459,23.855387650973586],[91.272871869927229,23.855590083551526],[91.273436391912995,23.855857333472553],[91.273522581671244,23.85590147633804],[91.273557918699595,23.85592670012165],[91.273588947407802,23.855951924721936],[91.273613942132272,23.855975571907322],[91.273657037011404,23.85601262049763],[91.273688926305653,23.856044150610114],[91.273744087355695,23.856104057638387],[91.273859663701828,23.856244285063816],[91.273877695584531,23.856265048499672],[91.274623248761344,23.857190983608696],[91.274679930659133,23.857284606908969],[91.274695926959382,23.857318911938851],[91.274710268562899,23.85735573832412],[91.274722403904065,23.857399628460595],[91.274727920458233,23.857435950385998],[91.274736746405893,23.85752524307776],[91.274736746405893,23.857556016167493],[91.274733987679667,23.857589816689245],[91.274725162630318,23.857641777723977],[91.274714578679649,23.857682923763583],[91.274699926259018,23.857723125000017],[91.274654246028518,23.857828749205662],[91.274505922496999,23.858081196672753],[91.274057055909097,23.858779522561811],[91.273987269387959,23.858893213519558],[91.273916972623681,23.859023008369867],[91.273892516888409,23.859089640855537],[91.273878237268633,23.85913234655434],[91.273873707064695,23.859170842630082],[91.273864626893783,23.859250425906261],[91.273864626893783,23.859257851868819],[91.273864979931673,23.859273671574762],[91.273866745121211,23.859286586289652],[91.273868157272858,23.859294335117948],[91.273868863348667,23.859303697463336],[91.273876714624237,23.85932332749627],[91.273879652115212,23.859332832788649],[91.273884170641111,23.85934254428842],[91.273935472528649,23.859412700220201],[91.27405970773583,23.859554968889977],[91.274366063790438,23.85982967846061],[91.274915950423619,23.860357710350517],[91.27493560466371,23.860377273679013],[91.275497675147079,23.861028865644709],[91.275887460437076,23.861480730828202],[91.276087333791168,23.861653066933386],[91.276426834086507,23.861517267672426],[91.276726518353499,23.861446472084729],[91.276999104939947,23.861434218097759],[91.27743154942614,23.861351479831114],[91.278006641887856,23.861190883876567],[91.278239856213716,23.861126455828717],[91.278543441864002,23.861067091693215],[91.278641236957384,23.86104285228852],[91.278700272441228,23.861040678505422],[91.278747126769844,23.86105415990362],[91.278819533676682,23.86108911212661],[91.278967848225037,23.861213741432593],[91.279084615737247,23.861344705464777],[91.279152377455731,23.861469274552896],[91.279162572435894,23.861518566515375],[91.279160055356499,23.861561752009834],[91.279139789363668,23.861641405290417],[91.279081980978489,23.861760186407302],[91.279033312053045,23.861828345531904],[91.278951731550507,23.861942969536344],[91.278868599657471,23.862136783894393],[91.278830237103264,23.862260512619294],[91.278817252854154,23.862316294348059],[91.278809786955847,23.862348369241928],[91.278806859346346,23.862429432600258],[91.278815156186297,23.862517054151827],[91.278828842917974,23.862567823640692],[91.279015714954937,23.862963745118623],[91.279071710539867,23.863071621774047],[91.279164338523756,23.863184012602996],[91.279235167090633,23.863253155161189],[91.279329889945771,23.863318080814516],[91.279514118240883,23.863469816501368],[91.279611805536447,23.863598369557714],[91.279672996976956,23.863700695504249],[91.279713405893403,23.863825221250618],[91.279727128557681,23.863928385787048],[91.279743812967439,23.864034023006315],[91.279750448822426,23.864049817483451],[91.279770984309863,23.864078192660138],[91.279784883942241,23.864090772538887],[91.279828749575884,23.864124816167266],[91.279907071888871,23.86416811662647],[91.279947626332373,23.864201019149458],[91.28000355634029,23.864278573479019],[91.280010426655551,23.864294266880012],[91.280020884842102,23.86434831187248],[91.280020915384824,23.864349630403417],[91.280021120200701,23.864350681942085],[91.280019970357145,23.864415802565642],[91.280006152471429,23.864493990975188],[91.279988906614633,23.864556255946503],[91.279977862726511,23.864610695155886],[91.279963031541172,23.864701579100426],[91.279946957087461,23.864800082502789],[91.279913524487554,23.864890337036893],[91.279897157183072,23.86491911621285],[91.279875539225756,23.864944382602165],[91.279862030360505,23.864955387560681],[91.279782311167253,23.865019175390366],[91.279762842878426,23.865033971612402],[91.27969801775258,23.865094977771026],[91.279675073881918,23.865136940488231],[91.279657984331934,23.86520089499486],[91.279654669548535,23.865236343933297],[91.279648560106281,23.865301679346732],[91.279649668627371,23.86533929457503],[91.279674849303078,23.865442840727987],[91.279690380276023,23.865489952540738],[91.279760802804418,23.865614117568391],[91.279782713612519,23.865659164052019],[91.279795012447082,23.865704942481848],[91.279798442214826,23.865733497205671],[91.279795763438656,23.865777207879781],[91.279787789093859,23.865848914613952],[91.27976880050538,23.865918853430458],[91.279734819034843,23.865981254086439],[91.279677549638819,23.866114221052285],[91.2796649579535,23.866151511550822],[91.279663860212224,23.866225197077739],[91.279743166180438,23.866445154238257],[91.27975708916901,23.866501364631151],[91.2797545289705,23.86654854506488],[91.27973341406971,23.866622997647035],[91.279697495831414,23.86669819035766],[91.279690110781459,23.866709067013211],[91.279662380686929,23.866754457324216],[91.279634523031675,23.86680005710155],[91.279569391580324,23.86687812824032],[91.279547326261977,23.866904444122376],[91.279521561681335,23.866932955863824],[91.279503942125316,23.866947018269354],[91.279480450282335,23.866965768141068],[91.279438885234129,23.866986831348058],[91.279373149216596,23.867009019182024],[91.27930227573394,23.867022091674663],[91.279190617839078,23.867073528096341],[91.279151427936497,23.86710993356628],[91.279089211518226,23.867187692349528],[91.279057541412897,23.867234676195565],[91.279004758203413,23.867312982020124],[91.278983457351401,23.867362484525909],[91.278951008406708,23.8674874766463],[91.27894435458542,23.867621959364701],[91.278950289754462,23.867640971195168],[91.278964448101689,23.867679440918703],[91.278983457351401,23.867750010474698],[91.278999941436865,23.867859084165108],[91.279005150767205,23.867994204796474],[91.27899140384838,23.868221312487595],[91.278986132534314,23.86825230812439],[91.278984589228685,23.868324013488024],[91.27899013093564,23.868354054529778],[91.279018525783457,23.868507595697768],[91.279021060829194,23.868558250294388],[91.279017184598757,23.868616790330183],[91.279006023031357,23.86866163861238],[91.278981327445877,23.868703282258391],[91.27891923589344,23.868757018174872],[91.278866184986015,23.868788269987192],[91.278827574496773,23.8688032267899],[91.27876564014953,23.86883833136104],[91.278713811849187,23.868883103168301],[91.278681538076,23.868922495872638],[91.278670794225178,23.868943288492616],[91.278659573368969,23.868972085662016],[91.278644147498909,23.869022437770457],[91.278627842178196,23.869141138184226],[91.278606730870706,23.869226045120222],[91.278580410232877,23.869300136353328],[91.278542541752074,23.869363106310477],[91.278524305951805,23.869388127030909],[91.278458350745339,23.869453068502612],[91.278423878794612,23.869469681336504],[91.278363635076701,23.869518126592162],[91.278339253901592,23.869548364512465],[91.278278924843747,23.869675500230787],[91.278257446125309,23.869702891683982],[91.278241225246219,23.869719199716517],[91.278178549788848,23.86977646264727],[91.278138434621525,23.869804333823428],[91.278067000590127,23.869833594115939],[91.277984411279505,23.869857673329772],[91.27789456268313,23.869873497491369],[91.277840078962839,23.869884928378852],[91.277786100994035,23.869889251003801],[91.277686963817601,23.869892148361778],[91.277594277443214,23.869887000971548],[91.277394672685389,23.869852901354367],[91.277252477460763,23.869830296695962],[91.277189641204941,23.869828084450774],[91.27717960881985,23.869828997114869],[91.277099665946096,23.869836745312437],[91.277076896348589,23.8698430115601],[91.277064460970109,23.869849762480484],[91.277045356498959,23.869863620842324],[91.277027877080172,23.869875884710918],[91.27700667863607,23.869902328134529],[91.276983388914033,23.869949690518947],[91.276970012999428,23.869993845011397],[91.276953811883288,23.870042667129567],[91.27692189474125,23.870085259138754],[91.276883267184019,23.870116942727925],[91.27682196884399,23.870153535460627],[91.276782922671842,23.870172249544485],[91.276738745322817,23.870192104657932],[91.276693885254176,23.870213450749844],[91.27668554260012,23.870219064726225],[91.27667404416448,23.870228147801079],[91.276657607689728,23.870246707436461],[91.276633749334081,23.870292503138458],[91.276574267387559,23.870364683007139],[91.276565917546975,23.870372540428985],[91.276508952679862,23.870422131306],[91.276438186995051,23.870467849727223],[91.276244510219811,23.870624135400362],[91.276104743141374,23.87071745490293],[91.27608165284532,23.870728694312383],[91.27602013801129,23.870772485447745],[91.275993039432407,23.870796775605697],[91.275953679748241,23.870849231619342],[91.275941419541255,23.870877397473432],[91.275929949851687,23.870918145001315],[91.275917650118828,23.87098169823857],[91.275896457962972,23.871083794089174],[91.275862947209603,23.871157743787581],[91.275827553587405,23.871199799009304],[91.275722669888097,23.871321907350495],[91.275663007380174,23.871378778552682],[91.275629740968597,23.87140609160592],[91.275612189684566,23.871420501828855],[91.275572039482924,23.871450068985748],[91.275499797866118,23.871490155872067],[91.275427599368399,23.871513824043252],[91.275355918300306,23.871545542606018],[91.275260363605227,23.871611990390377],[91.275154363300018,23.871683644605351],[91.275088618299321,23.871740357105377],[91.275062528528522,23.871770261812362],[91.275040478481571,23.871806783431616],[91.275002333319634,23.871857663462389],[91.274962097778086,23.871893560742254],[91.274935230964559,23.871913110827634],[91.274855672569714,23.871939895565216],[91.274762359171291,23.871943596271475],[91.274417760936714,23.871879528446708],[91.273651126995162,23.871795841486886],[91.273582427435471,23.871788342311191],[91.273492902232562,23.871789198280208],[91.273471284275246,23.871789405290009],[91.273466565425068,23.871790125716903],[91.273453296410011,23.871794477851076],[91.273423039354597,23.871817471542041],[91.273420328239084,23.871820348320188],[91.27341224609647,23.871831237688948],[91.273398741722815,23.871866242863074],[91.273363156759444,23.872024087633484],[91.273356891908676,23.872051880286531],[91.273347600633699,23.872097051036274],[91.2733406243172,23.872144271325837],[91.273338188086129,23.872181629090843],[91.273328456636676,23.872227599080418],[91.273314636056028,23.87225637909005],[91.273268085358012,23.872300624799816],[91.273232465360365,23.872318947556444],[91.273042224641046,23.872401058611128],[91.27298386738525,23.872426680055646],[91.272960840869587,23.872441960916024],[91.27292700851936,23.87247974411299],[91.272915581050626,23.872519350946273],[91.272895296193198,23.872575766532325],[91.272807864064887,23.872741716618538],[91.272766167862684,23.872849398656815],[91.27275436849142,23.872903839308439],[91.272745706935439,23.8729798128658],[91.272748844750723,23.873001345790883],[91.272767474911404,23.873067575141338],[91.272837975593234,23.873199757730582],[91.272876788203405,23.873251162947113],[91.272952674285335,23.87333287828945],[91.273079187620056,23.873436547018908],[91.273107017427577,23.873463859637972],[91.273127464880062,23.873494586224918],[91.273141245036513,23.873519266063969],[91.273146044735071,23.873545769531198],[91.273148625594885,23.873590987404157],[91.273140108667675,23.873648048187299],[91.273114067405885,23.873744146956842],[91.273020970501435,23.8737186070971],[91.271874276431149,23.873435690239305],[91.271800518458136,23.873422464781743],[91.27174194650496,23.873419158417128],[91.271677589401364,23.873419158417128],[91.271586476875356,23.873431061329295],[91.271548991975209,23.873437250186051],[91.271497421491361,23.873450635004758],[91.271413659879315,23.873475493108277],[91.271308054832829,23.873520177880565],[91.271129748232084,23.873613999669509],[91.270918857939364,23.873746785470235],[91.269671893917064,23.874487220689424],[91.268617379571339,23.875133856518893],[91.268251058276562,23.875398319201842],[91.268210095997944,23.875431285408183],[91.26814132277643,23.87550465104102],[91.268073566447796,23.87559997627568],[91.268014786983812,23.875698316134478],[91.267913852278468,23.875927843420271],[91.267698954601272,23.876428355572784],[91.267573914503615,23.876808785933271],[91.267561485413339,23.876888340298539],[91.267558096069763,23.876973059795183],[91.267570525160025,23.877053647423487],[91.267588602856819,23.877116670288284],[91.267628147593953,23.877196224464324],[91.267872779507044,23.877603272668996],[91.26825770760631,23.878216097802589],[91.268280764664709,23.87825468513347],[91.268538820103103,23.878668478827027],[91.268570456072482,23.878741832767915],[91.268598703596581,23.878830684450527],[91.26861226186918,23.87891333679903],[91.268626950222384,23.879025950446469],[91.268638248333701,23.879187121453608],[91.268623559980497,23.879524961387336],[91.268615651212727,23.87958901721392],[91.268604352203099,23.879635508637328],[91.268587404586924,23.879664436497936],[91.268407242965154,23.879877438895782],[91.268365844105276,23.879928004437751],[91.268189177828233,23.880115292021571],[91.268102052025455,23.880207655948865],[91.268082677161416,23.88023100874603],[91.26551936054932,23.880348203089184],[91.259194417855241,23.882276015662953],[91.257839681151665,23.882461827079062],[91.257839571557227,23.882440988989263]]]},"properties":{"objectid":2087,"id":"2029","name":"Ward No 3","code":"3","town":"Agartala","district":"West Tripura","state":"Tripura","st_area(shape)":3850711.2524066684,"st_perimeter(shape)":10856.540827538856}},{"type":"Feature","id":2090,"geometry":{"type":"Polygon","coordinates":[[[91.286907298843261,23.84103519133506],[91.285917625793076,23.841243310862296],[91.285868070230421,23.841256394171253],[91.28582537420327,23.841275656368904],[91.285801536508899,23.84128641108785],[91.28576502897576,23.841311618817723],[91.285715203918514,23.841357157708568],[91.285692211538802,23.841381400795594],[91.285620655336544,23.841480345903076],[91.285540241745565,23.841590657764694],[91.285260445280656,23.841869080689914],[91.285110495798492,23.842002010776998],[91.2850017044277,23.842076125796122],[91.284884594657356,23.842122959347552],[91.284781150957443,23.842145931190537],[91.284605790830838,23.842160528719084],[91.284201195016763,23.842188460887378],[91.28395804352725,23.842205589108541],[91.283732525068416,23.842196989667066],[91.283506914981416,23.842181093105832],[91.283361086969762,23.842164365849193],[91.283103304619232,23.842130882571475],[91.283056104439268,23.841776904695514],[91.283037987216616,23.841514411083626],[91.283036006431402,23.840585852962519],[91.283011301862757,23.839922609641025],[91.282973434280279,23.839730504821411],[91.282966307046806,23.839707455313416],[91.282934450990211,23.83965861765526],[91.282910244088256,23.839634515573557],[91.28287286518929,23.839617177486545],[91.282811319812524,23.838668390872265],[91.282800416061619,23.838343359531205],[91.282808420949124,23.838299425965808],[91.282834437956353,23.838264645079018],[91.282884470524422,23.838224372894075],[91.282988537655157,23.838196914803081],[91.283070590671528,23.838193253395183],[91.283275574541264,23.838180175528919],[91.283329318049752,23.838173556892269],[91.283373469347666,23.838158686116877],[91.283403897082977,23.838139010972419],[91.283426619968083,23.838126257664634],[91.283441701783403,23.838105561987494],[91.283451425148016,23.838075609247323],[91.283456042488595,23.837992922623371],[91.283453377187143,23.837778781515844],[91.28345740343623,23.837708638523402],[91.283468833599898,23.837645179891719],[91.283489278357479,23.837604451479685],[91.283519871382794,23.837572956322258],[91.283578876323901,23.837530029881208],[91.283797313363351,23.837425143439788],[91.283872240044559,23.837384857847152],[91.283892400934477,23.837358408608473],[91.283914127587934,23.837313232320135],[91.283921049107207,23.837259645234976],[91.283919024304552,23.837187538130326],[91.283912533976633,23.837135906608626],[91.283909004495854,23.837069879101403],[91.283908420590947,23.837022982098251],[91.283915405890568,23.836929684340827],[91.283928951586731,23.836780936464336],[91.283931410275699,23.836765190429961],[91.2839437064153,23.836745695845771],[91.283965018945409,23.836730699188145],[91.284146999655675,23.836701456892165],[91.284208479455387,23.83668346188264],[91.28424536697591,23.836664716667563],[91.284276516956695,23.836630974780597],[91.284301928499445,23.836591235365486],[91.284318322753364,23.836557493459388],[91.284328979467617,23.836509505886859],[91.284339636181812,23.836417279246007],[91.284333668673398,23.836282121576943],[91.284287702778613,23.834844481176411],[91.284228815516784,23.834194559565507],[91.284218664554089,23.834055102876043],[91.284219531428349,23.834004424930729],[91.284226763764693,23.833979758107066],[91.284233761640735,23.833968808859222],[91.284265441627582,23.833953387879497],[91.284310599038577,23.833943860183176],[91.28433901634429,23.833942480536543],[91.284757421060917,23.833932903536954],[91.28537196303833,23.833938685891901],[91.285391946960161,23.833938354743818],[91.286088802465386,23.833926816328258],[91.286491260289097,23.83392015228063],[91.286840039282978,23.833910714148004],[91.286954366970889,23.833906367314924],[91.287016920257372,23.834370192478794],[91.28715434452954,23.835144244983805],[91.287262478333545,23.83581881270198],[91.287334522321032,23.836348350799767],[91.28734447475604,23.836396713945092],[91.287388318830139,23.836413363885093],[91.28744742528086,23.836404195448772],[91.287866302511318,23.836251581726991],[91.288109151268628,23.836168363947838],[91.288198192279594,23.836145993347102],[91.288730550086626,23.836071521609991],[91.289169368119758,23.836018485368569],[91.289312512863646,23.835999888784059],[91.290421903493453,23.835852515358916],[91.290613424312042,23.83583185711689],[91.290620468900471,23.83590929284512],[91.290658520637635,23.836712880845976],[91.290713675399417,23.837387991755779],[91.29076503477917,23.838098718206449],[91.290765083288179,23.83829228803361],[91.290736529438576,23.839446515402923],[91.290686075560629,23.8400129784605],[91.290678042825377,23.840084795588343],[91.290661833624384,23.840189831065342],[91.290636162468502,23.840295665939323],[91.290598946164579,23.840441311280905],[91.290540036444895,23.840608317288769],[91.29049428255253,23.840710804360143],[91.290474758568138,23.840755873470108],[91.290463110113848,23.840780488883365],[91.290448248385815,23.84080767609985],[91.290431780470016,23.840829719695876],[91.290407679569242,23.840855437767644],[91.290392817841209,23.840870868608221],[91.290334492026432,23.84091855794637],[91.290284894242944,23.840954209905629],[91.290244261646038,23.840973324248896],[91.290078923124739,23.841043516418363],[91.290034777216704,23.841058722101089],[91.289933423896443,23.841080265262217],[91.289850716906585,23.841087808941989],[91.289701195022474,23.841094839904194],[91.289571459430832,23.841088891892614],[91.289230303540435,23.841085145935143],[91.289044275919821,23.841077474075927],[91.28887704105496,23.841070577043684],[91.288479223029697,23.841001737345557],[91.288083169295646,23.840914632039755],[91.287855292759204,23.840876863464665],[91.287800521578035,23.840874303161428],[91.287795402079212,23.840874064057363],[91.287789213585242,23.840873774831831],[91.2877854325762,23.840873598174205],[91.287784040187532,23.840873533262762],[91.287727551427508,23.840870895723125],[91.286907298843261,23.84103519133506]]]},"properties":{"objectid":2090,"id":"2032","name":"Ward No 22","code":"22","town":"Agartala","district":"West Tripura","state":"Tripura","st_area(shape)":614325.03267370875,"st_perimeter(shape)":3583.9912433254026}},{"type":"Feature","id":12280,"geometry":{"type":"Polygon","coordinates":[[[91.249824486385336,23.832314164337767],[91.249622071697289,23.832096369529587],[91.24940161434678,23.831854185691018],[91.249261676588475,23.831656301253897],[91.248980504802859,23.831278270036265],[91.248657259522588,23.830846054695151],[91.248273769626124,23.83032299319753],[91.248155728302834,23.830163100820123],[91.248037686979572,23.830003208245628],[91.247834973152521,23.829731850587773],[91.247780594535129,23.82965905725835],[91.247553634280294,23.829361012994422],[91.247424249929907,23.829179397623307],[91.246953559670487,23.828538447341174],[91.246804047667837,23.828337722833158],[91.246661885680879,23.828146867161227],[91.246236383375191,23.827573709267728],[91.245956782743008,23.827202476817536],[91.245603302865248,23.826711878783254],[91.245454926333124,23.826508267912907],[91.245373206591736,23.826396127965463],[91.244949567391956,23.825823450462384],[91.244849963989893,23.825688805215524],[91.244341719660014,23.824997715845846],[91.243867872720685,23.824334963940473],[91.243773881094185,23.824184294294788],[91.243949491850771,23.824230733283869],[91.246917563278728,23.825015614686631],[91.249591459807363,23.826918073743649],[91.252859555963823,23.82732573926663],[91.253750855405585,23.825559177498427],[91.252489538101656,23.822905348093979],[91.252595326404474,23.822958028936721],[91.253130548040616,23.823211038193772],[91.25321544871646,23.823243969192379],[91.253338411010859,23.823273061671994],[91.253378958267845,23.823277994786846],[91.253525716035782,23.823289818483644],[91.253709140338728,23.823276555858985],[91.253737951106515,23.823274472659559],[91.253796105343071,23.823260953639497],[91.254042015558795,23.823165114914879],[91.254180404621593,23.823080969994674],[91.254246928461654,23.823012021313492],[91.25429123876134,23.822950116046385],[91.254384392259681,23.822810567556637],[91.254492291603412,23.822624549785505],[91.254530361306848,23.822580266570586],[91.254606539341239,23.822505677748776],[91.254665834438228,23.822458523193681],[91.25472237889376,23.822433138404023],[91.254821817005819,23.822406961413122],[91.25488761231216,23.822407135630552],[91.255094867122949,23.822438810331253],[91.255127922430461,23.822454314035937],[91.255148998703675,23.822481602885599],[91.255300174386193,23.822750921261825],[91.255378431122182,23.822872378385885],[91.255464239994723,23.822994136988321],[91.255548289067647,23.823090115541167],[91.255601560960656,23.82314200576057],[91.25596207195214,23.823421256370708],[91.256063472883113,23.823491081666802],[91.256309712780578,23.823605531663098],[91.256419068293368,23.823647165133405],[91.256697835288989,23.823725909000558],[91.256894186348816,23.823766313883368],[91.256948023282135,23.823766764214326],[91.257194353909455,23.82374473990614],[91.257289866383701,23.823718745613224],[91.257499203489317,23.823648230150638],[91.257561131548385,23.823619456603016],[91.257800318772553,23.823485274192944],[91.257995494836024,23.823377147643779],[91.258066923477514,23.823318522253551],[91.258100383026914,23.823287276734085],[91.258184087146759,23.823188502646953],[91.258253631122813,23.823102169352381],[91.25827381177568,23.823087254938518],[91.258308292709543,23.823077590851067],[91.258526992955325,23.8230491845109],[91.258720799986321,23.823024011033386],[91.258830120464822,23.822996899801559],[91.258842949305375,23.822993425329685],[91.2589147848837,23.822973968121108],[91.258932380185186,23.822973581886011],[91.258961011289912,23.822975405408769],[91.258986925889246,23.822981383835039],[91.259020717815289,23.822995941609946],[91.259041317981357,23.823010328453705],[91.259048841371879,23.823019082017776],[91.25905736907886,23.823044065665893],[91.259073616009104,23.823154006151547],[91.259078170467575,23.823224316438861],[91.259068085081893,23.823356486593244],[91.259035858919404,23.823490469445495],[91.259015561485555,23.823551527206671],[91.258964488668369,23.82365675768424],[91.258941425321794,23.823718219679041],[91.258927819438483,23.823795329821078],[91.258918193990212,23.823922616431719],[91.258921490807296,23.824014157560327],[91.258938293794699,23.824078147971679],[91.258942214940902,23.824087688719164],[91.258973768265278,23.824151143300611],[91.259041047588454,23.824269077835556],[91.259109788470653,23.824367956286469],[91.259135139826284,23.824396405069855],[91.259147043402109,23.824397286826724],[91.259160781337755,23.82439458567589],[91.259177498985181,23.824388076452689],[91.25919277034501,23.824382301889692],[91.259252386140545,23.824360461762058],[91.259263824389052,23.824360695965943],[91.25928409217849,23.824363766091359],[91.259313434748933,23.824379143835593],[91.25946177894167,23.824497652578565],[91.2595162527805,23.824535641226298],[91.25952359560965,23.824536904282056],[91.25952955593155,23.824537085892555],[91.259538194131338,23.824533969752309],[91.259544949462281,23.824527936339198],[91.259570259495405,23.824504406682838],[91.259588526736707,23.824492947961339],[91.259601962838389,23.824488006674997],[91.259704686089449,23.824471919758466],[91.259817854052329,23.824464405517656],[91.259998251032741,23.824472119447911],[91.260089013215776,23.824498904951728],[91.260265206080661,23.82456642461225],[91.260311552861111,23.824599885306338],[91.260332271604824,23.824626297701816],[91.26034134728414,23.824639777134838],[91.260350513693282,23.824671613178452],[91.260351015851526,23.824772308246022],[91.260349544411113,23.824792341242446],[91.260343795193293,23.824870616008699],[91.260350320555503,23.824895153082132],[91.260393287873868,23.824958890777371],[91.260482563345121,23.825065436578871],[91.26049442110687,23.825087191124474],[91.260508196771767,23.825133048803853],[91.260512355971514,23.825161263217026],[91.260523437588844,23.82521131103811],[91.260532406368668,23.825339582373925],[91.260534114964315,23.825364024856107],[91.260537187202587,23.825407958694164],[91.260538074738079,23.825547765710429],[91.26052673171101,23.825668486385144],[91.260466019072538,23.825954778954404],[91.260399737777604,23.826232042256954],[91.260375792285416,23.826359972376974],[91.260335960087374,23.826863824140258],[91.260573069508311,23.826918254529048],[91.260713392643879,23.826964667887069],[91.260906474734412,23.827050852340012],[91.260976978111188,23.827100294623687],[91.261028271015618,23.827150589043672],[91.26140132787836,23.827663086625499],[91.26159233396227,23.827954956909348],[91.261789851035374,23.828195203781846],[91.262325361030761,23.828822999706532],[91.26280140165602,23.82929509164191],[91.262851409969571,23.829329400792101],[91.262891694918466,23.829352273827755],[91.26296254055336,23.82938022929822],[91.26303060859739,23.829403102324932],[91.263085167776168,23.829419738371456],[91.263148290594543,23.829435439280388],[91.263273707086313,23.829457742834457],[91.263364889680901,23.82946409649524],[91.263512478390524,23.829460056842361],[91.263551739260009,23.829452743393961],[91.263587082576535,23.829441332770188],[91.263622866965875,23.829419932301171],[91.26365125283057,23.829393039344122],[91.263677878895564,23.829360129627826],[91.263707288839669,23.829318173404751],[91.263725468046061,23.829284481375982],[91.263759904064173,23.82920868270206],[91.263833528188215,23.829018075654762],[91.263878805973491,23.829031119931877],[91.264093374867286,23.829159946272789],[91.264238461768826,23.829263234545902],[91.264279839967458,23.82930186932683],[91.264309964072197,23.829338983883723],[91.264333854767173,23.829378027045035],[91.264340570572244,23.829395911312023],[91.264345300202223,23.829423973598754],[91.264347899028337,23.829784468672216],[91.264341999791853,23.830078269361845],[91.264327608781016,23.830336297010156],[91.264329758449477,23.830749251113154],[91.264343801812288,23.831088827127907],[91.263804908761585,23.831085915754663],[91.263796640667692,23.830968781203772],[91.263704151922681,23.830964523840283],[91.263457983890433,23.830960772660021],[91.263393064441459,23.830965363644488],[91.263392746437844,23.830973083762018],[91.263416196060049,23.831191621652053],[91.263327491917309,23.83119567028999],[91.263293576922081,23.831197218419423],[91.263277146735547,23.831197869225424],[91.262983612334978,23.831217318626894],[91.262788935734804,23.83123021805936],[91.262719601964548,23.831229096405341],[91.26272100423472,23.831257970980928],[91.26271712890258,23.831842676671975],[91.262707280672089,23.831983149742445],[91.26269488481951,23.831992254397157],[91.262302910335151,23.831934383951925],[91.262111520670629,23.831912144096108],[91.262058176014122,23.831905945038638],[91.261971910797385,23.831895541238037],[91.261786987206264,23.831876967070507],[91.261458067268336,23.831862669134079],[91.261458067268336,23.831893327523467],[91.261428448915098,23.832185647630315],[91.261414654385604,23.832434559068208],[91.261415198764681,23.832460143221624],[91.261421433971066,23.832476541399984],[91.261422992548063,23.832478680328389],[91.261428448915098,23.832487236041651],[91.261431566967445,23.832490088219863],[91.261437802173845,23.83249365282623],[91.261444307773118,23.832495483610639],[91.261448848756885,23.83249696105694],[91.261455914006589,23.832499258576298],[91.261468463471104,23.832500126308929],[91.26147567334958,23.832500158355852],[91.261503725040967,23.832506013907452],[91.261513252572882,23.832509364045414],[91.261529829184795,23.832518447298568],[91.261534027910471,23.832524198491342],[91.261540218201048,23.832539302458532],[91.261541942068092,23.832549777696798],[91.261541735455594,23.832557103296327],[91.261536885451363,23.832580265006872],[91.261523888625817,23.832615898715687],[91.261501844867084,23.832663441537388],[91.260935559488374,23.833439318565354],[91.260892870647766,23.833522891430931],[91.260877503168189,23.833571396142261],[91.260879049168807,23.833586788407587],[91.260909170578614,23.833675386750752],[91.260962900612355,23.83373605515898],[91.261066573382692,23.833895860961345],[91.261132393841891,23.834014433321137],[91.261239555668723,23.834306122508323],[91.261319800376455,23.834602021446667],[91.261327026424567,23.834646919300482],[91.261347628387313,23.83487511914019],[91.261366193869293,23.835066134182856],[91.261363351599741,23.835117233245416],[91.261357135257953,23.835133615475506],[91.261345722162261,23.835145467673016],[91.261318396309662,23.835143578585335],[91.260961318679136,23.835118891435815],[91.25952781230157,23.83505583334831],[91.259161880875638,23.835041809388485],[91.258939278348265,23.835021610347923],[91.25891137218396,23.8350169611663],[91.258758871486364,23.834977009257798],[91.25861065485438,23.834923455718773],[91.258474039065959,23.834864543020416],[91.25765965158223,23.834551229498253],[91.256770708421456,23.834232631652839],[91.256059952385527,23.833991452642266],[91.254894928191874,23.833677355565609],[91.254307421911193,23.833523155199853],[91.254023421330757,23.833459477588573],[91.253864148234257,23.833436082669223],[91.253770692901981,23.833437002163308],[91.251790712591003,23.834478953260088],[91.251619706598561,23.834288161678092],[91.251343649820171,23.833975552609949],[91.250673164360109,23.833229995852687],[91.25038230244752,23.832918878931608],[91.250103394416428,23.832616522397959],[91.249824486385336,23.832314164337767]]]},"properties":{"objectid":12280,"id":"12277","name":"Ward No 36","code":"36","town":"Agartala","district":"West Tripura","state":"Tripura","st_area(shape)":1805209.2068501827,"st_perimeter(shape)":7605.3629440490995}}]}