{"type":"FeatureCollection","features":[{"type":"Feature","id":252,"geometry":{"type":"Polygon","coordinates":[[[76.840272571718046,30.720172286144674],[76.840262756725267,30.720196871712822],[76.840274337805909,30.720232921422134],[76.840743435352337,30.721279901625159],[76.8409076842172,30.721579120250684],[76.840972759972999,30.721701371293239],[76.840454774312192,30.722558449410759],[76.840723691280701,30.723181082665789],[76.841497645593506,30.724956662009088],[76.841797469099376,30.72540953626368],[76.841325632589673,30.725591659903245],[76.840837995612404,30.725725638854115],[76.840259424873878,30.725838065197252],[76.83949874047444,30.725909613658388],[76.839152409389698,30.725914131092424],[76.838777532540163,30.725893671361753],[76.837589803427704,30.72574377580592],[76.83203305594715,30.724887244165544],[76.831244175227567,30.724685314823322],[76.83058114578435,30.724437464070686],[76.829977450065655,30.724130765276421],[76.829128923007829,30.723520094594235],[76.828716260322508,30.723155697825177],[76.828218654740567,30.722568374982789],[76.827825006694837,30.721915078185692],[76.827671283390174,30.721589757161723],[76.827526542340024,30.721206805230704],[76.826870817098353,30.719124096903201],[76.826954476302447,30.71911187194247],[76.827795645259783,30.719002278151027],[76.827909322567422,30.718947306676277],[76.827984662473654,30.718863499482033],[76.829479500428945,30.71720245460742],[76.829659490472508,30.717039573518797],[76.829794483005202,30.716970348451468],[76.83000999782503,30.716952024501371],[76.830199461501621,30.716929628300196],[76.830272171140706,30.716910094174768],[76.830348663585468,30.71688687162078],[76.830436290648151,30.716823755208477],[76.832882736441775,30.714323481999365],[76.832939575544756,30.714221678408581],[76.832963258728896,30.714089333116473],[76.832956152156711,30.713324807747316],[76.832970145213892,30.713254633930898],[76.833365776739726,30.712340913848614],[76.834357203301366,30.712955904607767],[76.834689537735684,30.713134504536335],[76.835117433153286,30.712947377480695],[76.835239918442255,30.71285548742442],[76.835788786385919,30.712276689270919],[76.835927829422218,30.712031355284637],[76.835975218248393,30.711925583396066],[76.836108350370125,30.711413881005111],[76.836195770820339,30.71098293930698],[76.836716035507038,30.709833339345618],[76.837011234485786,30.709019887647493],[76.837391450023077,30.708212312872604],[76.838410042537191,30.705705145441879],[76.838700498411271,30.705881460218777],[76.839005156649989,30.705980889849194],[76.839414448856388,30.706092368344635],[76.839702939216622,30.706164961797544],[76.839868603826375,30.706223551381495],[76.839888480848657,30.706230240865839],[76.839893011052638,30.706230944493587],[76.840295233517722,30.70629188821534],[76.840578764279272,30.706378082136236],[76.841028611827468,30.706654492716023],[76.841339356152261,30.706845428919774],[76.841693389392233,30.707070452168864],[76.841926370156116,30.707164095589501],[76.842051101233338,30.707214228762183],[76.842383490464854,30.70739896104153],[76.842440394246523,30.707423817102271],[76.84268353765124,30.707530022586088],[76.842889714483661,30.707695222130745],[76.842937195836299,30.707733266103745],[76.842937989947046,30.707733902525536],[76.84298958738033,30.707754659604888],[76.843122108647663,30.70780796994304],[76.843456375358159,30.707816754719012],[76.843744701326685,30.707880319585378],[76.843924117346802,30.707981516619931],[76.844029351389068,30.708094222390571],[76.844131945282726,30.708204098901405],[76.844181777526472,30.708293976005432],[76.844283310509766,30.708477100500254],[76.844346451294456,30.708726008687862],[76.844396184723536,30.708922055273558],[76.844500666875945,30.709200233412464],[76.844703382499588,30.709702549705039],[76.844830618978108,30.709854525394015],[76.844975819067372,30.7100279579446],[76.845065947039828,30.710098690191717],[76.845235500456454,30.710231758460317],[76.845352433258668,30.710338204910695],[76.845474563713125,30.71044938333894],[76.845599914627869,30.710555773168814],[76.845824776418212,30.710746619783464],[76.846441356673012,30.711324238506389],[76.846592488338132,30.711480935189382],[76.846883392471526,30.711782550622164],[76.846960841622035,30.711858535699491],[76.847005752894688,30.711902597517348],[76.847084015918853,30.71203395955478],[76.847232262195249,30.712282781332085],[76.847300823414358,30.712593043442798],[76.847330727431867,30.713066238968974],[76.847441043243691,30.713375906968853],[76.847618607836026,30.713653041230231],[76.847806574021035,30.713827347381546],[76.847958743240255,30.71396845716886],[76.848229654468682,30.714212687238287],[76.848282259811739,30.714318361625274],[76.848354514004967,30.714463507520104],[76.848351273781745,30.714567299532799],[76.848323542788904,30.715302934278721],[76.848168438773641,30.715541618214743],[76.848039519750586,30.715740004894744],[76.847543003825081,30.716217207831921],[76.847501209706479,30.716257376097964],[76.846915832433069,30.716770903956398],[76.846873263966685,30.716804845839313],[76.846772221463524,30.71688541509462],[76.846771838781223,30.716885720146493],[76.846917772794072,30.716937907172383],[76.847560335920178,30.717167691929813],[76.848036091779463,30.717325942985308],[76.848080496402289,30.717340712833689],[76.848089036685693,30.717343875318608],[76.848232976438609,30.717397180356773],[76.848974709978833,30.717963981385243],[76.849236744055602,30.71813607567703],[76.849445264592617,30.718273024335787],[76.849213262094068,30.718700333142845],[76.84854575814245,30.718501006521915],[76.848362631181885,30.718446321273856],[76.847474093161296,30.718120671914026],[76.846733681042878,30.717896655233893],[76.846123759100962,30.71767077761816],[76.845228898737417,30.717286563662281],[76.845141583390117,30.717246480003496],[76.845028756787073,30.717194683918652],[76.845027514417012,30.717195889448909],[76.844191151446481,30.71671916013149],[76.841900081857659,30.719794544427604],[76.841717360037293,30.719947278017134],[76.841491242402171,30.720052320591183],[76.841165460279541,30.720133325003008],[76.841103950835404,30.720161659116648],[76.841039266745085,30.720233604869076],[76.840983519095175,30.720308187821569],[76.840960071269635,30.720321879916437],[76.840908078577598,30.720321998071601],[76.840295352993664,30.720165267101279],[76.840272571718046,30.720172286144674]]]},"properties":{"objectid":252,"id":"248","name":"Ward No 5","code":"5","town":"Chandigarh","district":"Chandigarh","state":"Chandigarh","st_area(shape)":3323113.0405152505,"st_perimeter(shape)":9101.2765740884588}},{"type":"Feature","id":253,"geometry":{"type":"Polygon","coordinates":[[[76.780518919840944,30.75295200744582],[76.775833743900179,30.758929517734948],[76.76452016088767,30.751890599054562],[76.753619238763847,30.745089595938385],[76.758243516114888,30.73902563636091],[76.762103016341982,30.743035778161861],[76.76266745837772,30.743537224079262],[76.763308258110925,30.743998284481588],[76.763927806399437,30.744359152096827],[76.765037621034054,30.744810702196816],[76.766240353808399,30.74518502989093],[76.76660493955805,30.745223994803041],[76.767725144107217,30.745271077866757],[76.768329639326538,30.745396089836138],[76.768676557909487,30.745539375383391],[76.769235324389243,30.745881730394274],[76.77968548627652,30.733432322849218],[76.790945099405064,30.740469959984814],[76.780518919840944,30.75295200744582]]]},"properties":{"objectid":253,"id":"254","name":"Ward No 12","code":"12","town":"Chandigarh","district":"Chandigarh","state":"Chandigarh","st_area(shape)":5795207.4850563677,"st_perimeter(shape)":12029.322419730848}},{"type":"Feature","id":257,"geometry":{"type":"Polygon","coordinates":[[[76.805372211751319,30.764973637590138],[76.805160566873738,30.765385810864505],[76.804569380195389,30.765936782985165],[76.804302184398964,30.766215893420203],[76.804157860167081,30.766366653813829],[76.803990865152386,30.766541092327131],[76.80230405093269,30.768303071856494],[76.799521578628941,30.770770509293097],[76.798967241741849,30.771053491197609],[76.798412904854743,30.771336471498056],[76.798368659233731,30.771338118619159],[76.798337696102521,30.771107799256161],[76.796050209893394,30.771029716698969],[76.79577860965712,30.770952917664864],[76.79168576484841,30.768708896924398],[76.787414437369165,30.765050337961796],[76.791719543299735,30.759893341159199],[76.780518919840944,30.75295200744582],[76.790945099405064,30.740469959984814],[76.801341675887357,30.729102750401264],[76.811957520350703,30.735728406040728],[76.812990929677142,30.73452761624571],[76.813373673971924,30.734198630721249],[76.813708574892985,30.734001237940888],[76.813986064484254,30.7338696433015],[76.814397514443954,30.733770946624919],[76.814713278554535,30.733754497555065],[76.815707219500638,30.735570278621548],[76.816701159548458,30.737386024700751],[76.8224703019998,30.748277690386441],[76.816366900024477,30.748413418871614],[76.816355989087029,30.748413660517208],[76.812933866893644,30.748489632161451],[76.813241454538513,30.752709882724943],[76.814761104860267,30.752859389707147],[76.815037693441269,30.752928731044371],[76.815041974811948,30.752922978141651],[76.815159685555173,30.752959314371079],[76.815342703819596,30.75301580966137],[76.813295699306934,30.755420929202462],[76.809992620058381,30.759568559798542],[76.808493611225231,30.761430092668551],[76.807211888689636,30.763021761376731],[76.805899205717793,30.764414507123739],[76.805372211751319,30.764973637590138]]]},"properties":{"objectid":257,"id":"245","name":"Ward No 2","code":"2","town":"Chandigarh","district":"Chandigarh","state":"Chandigarh","st_area(shape)":13223441.03882443,"st_perimeter(shape)":16598.921663838228}},{"type":"Feature","id":258,"geometry":{"type":"Polygon","coordinates":[[[76.818544855549348,30.714835345810204],[76.81860411112045,30.715187492960645],[76.818927051871825,30.715645593645217],[76.819336109617936,30.716182355213622],[76.81952987352976,30.716529397268125],[76.819567549771079,30.716899574906837],[76.819563122873362,30.718189711582344],[76.81959051879457,30.721184854833073],[76.819447822309996,30.721499200515126],[76.819273909369343,30.721721541549734],[76.816214835009816,30.724730767727159],[76.814640705459354,30.726160596566707],[76.813171956376564,30.727515357382956],[76.813987319430709,30.728046715469446],[76.814306258187486,30.728318716505907],[76.814466792518644,30.728533375510938],[76.814707594913727,30.728985691659251],[76.814774483469776,30.729154351675632],[76.814823535975876,30.729319178277329],[76.814868129244886,30.729595165584534],[76.814863670007838,30.729809821746841],[76.81470536170194,30.731256208522318],[76.814690929368567,30.73163624807804],[76.814684457905287,30.731848617951762],[76.815024204338997,30.732952951974127],[76.815183079481827,30.733510437442543],[76.815111018426364,30.73362847595126],[76.814713278554535,30.733754497555065],[76.814397514443954,30.733770946624919],[76.813986064484254,30.7338696433015],[76.813708574892985,30.734001237940888],[76.813373673971924,30.734198630721249],[76.812990929677142,30.73452761624571],[76.811957520350703,30.735728406040728],[76.801341675887357,30.729102750401264],[76.81234041556246,30.717934433382045],[76.815541279108103,30.714782444041209],[76.815897677612256,30.714469610255403],[76.81616732041951,30.714278462085758],[76.818485699691266,30.713368952304922],[76.818544855549348,30.714835345810204]]]},"properties":{"objectid":258,"id":"246","name":"Ward No 3","code":"3","town":"Chandigarh","district":"Chandigarh","state":"Chandigarh","st_area(shape)":2652502.2728327187,"st_perimeter(shape)":7747.374589187526}},{"type":"Feature","id":259,"geometry":{"type":"Polygon","coordinates":[[[76.835239131518065,30.750307268596725],[76.834354880258033,30.750416949541457],[76.833422866472674,30.750239954229912],[76.83285923651394,30.750204467736303],[76.832166968704868,30.749605385103163],[76.831728647440087,30.74922606337979],[76.831289733287193,30.748854873468179],[76.82990407477493,30.747683012588745],[76.828450253895539,30.749567028772304],[76.828041367727664,30.750096901104556],[76.827693366674794,30.750097267040665],[76.828007356612687,30.749579216673187],[76.829384268229049,30.747307423053371],[76.828732166791255,30.747044557914226],[76.828254684369981,30.747495542646089],[76.82782079359616,30.747309018086977],[76.827083673803273,30.747875039488864],[76.82530353360869,30.746707947186007],[76.825260284219326,30.747764260130388],[76.825564252551899,30.747876550361216],[76.825304846945642,30.748214654747848],[76.8224703019998,30.748277690386441],[76.816701159548458,30.737386024700751],[76.815707219500638,30.735570278621548],[76.814713278554535,30.733754497555065],[76.815111018426364,30.73362847595126],[76.815183079481827,30.733510437442543],[76.815024204338997,30.732952951974127],[76.814684457905287,30.731848617951762],[76.814690929368567,30.73163624807804],[76.81470536170194,30.731256208522318],[76.814863670007838,30.729809821746841],[76.814868129244886,30.729595165584534],[76.814823535975876,30.729319178277329],[76.814774483469776,30.729154351675632],[76.814707594913727,30.728985691659251],[76.814466792518644,30.728533375510938],[76.814306258187486,30.728318716505907],[76.813987319430709,30.728046715469446],[76.813171956376564,30.727515357382956],[76.814640705459354,30.726160596566707],[76.816214835009816,30.724730767727159],[76.819273909369343,30.721721541549734],[76.819447822309996,30.721499200515126],[76.81959051879457,30.721184854833073],[76.819563122873362,30.718189711582344],[76.819567549771079,30.716899574906837],[76.81952987352976,30.716529397268125],[76.819336109617936,30.716182355213622],[76.818927051871825,30.715645593645217],[76.81860411112045,30.715187492960645],[76.818544855549348,30.714835345810204],[76.818485699691266,30.713368952304922],[76.819943515378739,30.712885796942039],[76.821708830676187,30.712415373928277],[76.822607900545151,30.715590780893997],[76.823248910484111,30.717590656940018],[76.823954844363641,30.719860402733147],[76.825620405341994,30.719783950565052],[76.825841463665441,30.719738079080681],[76.825926583530176,30.719692207574422],[76.82641951877099,30.718951708596549],[76.826542752356602,30.718879624424019],[76.826687584136607,30.718863241544724],[76.826766352013976,30.718875255707946],[76.826803195517044,30.718913482159824],[76.826870817098353,30.719124096903201],[76.827526542340024,30.721206805230704],[76.827671283390174,30.721589757161723],[76.827825006694837,30.721915078185692],[76.828218654740567,30.722568374982789],[76.828716260322508,30.723155697825177],[76.829128923007829,30.723520094594235],[76.829977450065655,30.724130765276421],[76.83058114578435,30.724437464070686],[76.831244175227567,30.724685314823322],[76.83203305594715,30.724887244165544],[76.837589803427704,30.72574377580592],[76.838777532540163,30.725893671361753],[76.839152409389698,30.725914131092424],[76.83949874047444,30.725909613658388],[76.840259424873878,30.725838065197252],[76.840837995612404,30.725725638854115],[76.841325632589673,30.725591659903245],[76.841797469099376,30.72540953626368],[76.841497645593506,30.724956662009088],[76.840723691280701,30.723181082665789],[76.840454774312192,30.722558449410759],[76.840972759972999,30.721701371293239],[76.8409076842172,30.721579120250684],[76.840743435352337,30.721279901625159],[76.840274337805909,30.720232921422134],[76.840262756725267,30.720196871712822],[76.840272571718046,30.720172286144674],[76.840295352993664,30.720165267101279],[76.840908078577598,30.720321998071601],[76.840960071269635,30.720321879916437],[76.840983519095175,30.720308187821569],[76.841039266745085,30.720233604869076],[76.841103950835404,30.720161659116648],[76.841165460279541,30.720133325003008],[76.841491242402171,30.720052320591183],[76.841717360037293,30.719947278017134],[76.841900081857659,30.719794544427604],[76.844191151446481,30.71671916013149],[76.845027514417012,30.717195889448909],[76.844557158330886,30.717652456117953],[76.84435733168921,30.717920888452639],[76.844190631321936,30.718144818581852],[76.844015871269931,30.718397535374176],[76.843875609219779,30.71860036367903],[76.843574025914279,30.719213590827625],[76.843575008671195,30.719214447269056],[76.84412715995721,30.719696113669315],[76.844428792670044,30.719959239531732],[76.844429793393275,30.719959312124065],[76.844533354772494,30.719966775231111],[76.844615382636007,30.71999012523824],[76.844654091041619,30.720001144592455],[76.844673038307604,30.720047683954817],[76.844681477979691,30.720068415216325],[76.844669571708934,30.720182990397252],[76.844659415356304,30.72028073103381],[76.844655016306362,30.720300008859702],[76.844645043210079,30.720343712355465],[76.844663969814789,30.7203561255903],[76.84479821584749,30.720441142382718],[76.84511892967528,30.720558371357164],[76.845118750012219,30.720559653298508],[76.845086773581372,30.720788873403862],[76.844839945287362,30.721261493546702],[76.845059367778688,30.72146324703786],[76.845158792416001,30.721554664772299],[76.845626025059886,30.721963002799637],[76.846065529405905,30.72228603132816],[76.846681561688413,30.722556928874496],[76.846797793804726,30.722617764206227],[76.846866142123119,30.722653536549554],[76.847150788592231,30.722729003385215],[76.847705765079823,30.722876139026532],[76.84814107249683,30.723016990002058],[76.848667167249729,30.72318721573863],[76.849011428616052,30.723309950475883],[76.849092976779232,30.723339022681625],[76.849158036365381,30.723350438580002],[76.849402058322426,30.723393256488457],[76.849174403669835,30.723775397389812],[76.849102507006066,30.723943861110374],[76.848769595853369,30.724723896509762],[76.848365299178269,30.725449215749446],[76.848143595864471,30.725846949490563],[76.847688680919745,30.72687244703922],[76.847607957410005,30.727054417335555],[76.847360519159935,30.727556787346543],[76.846853951086388,30.728585248128709],[76.84671639476187,30.728921294387312],[76.846599511367003,30.729206832440621],[76.84653875830432,30.729346671100071],[76.846394433174169,30.729678860749857],[76.846395883953335,30.729678806697208],[76.846780546151251,30.729664344522508],[76.847031968429619,30.729705872401532],[76.847411513823673,30.729894427897104],[76.847841319059555,30.730094658347301],[76.847975225529098,30.730157040997828],[76.848051152933536,30.730199591798488],[76.848223662705735,30.730296269804096],[76.84822316593737,30.73029696090148],[76.848205925470452,30.730320936957597],[76.847420127768942,30.73141371524877],[76.847419628305659,30.731414409426751],[76.84701155870637,30.731427417348865],[76.84690822549922,30.731430710640023],[76.846045031647776,30.73161891142599],[76.845631173304795,30.731702631087565],[76.845613304915503,30.731706244817623],[76.84558913394612,30.731701704490067],[76.845291670314523,30.731645820608158],[76.845010663818925,30.73159302767203],[76.843281640458969,30.731136550185948],[76.843194866795784,30.731113640698553],[76.841836500898467,30.73272068915427],[76.841533332964801,30.732825522454739],[76.84122437089755,30.73293235783829],[76.839968867490171,30.733360640984934],[76.839344115261213,30.73355598733648],[76.839288864379668,30.733573262640245],[76.839176124014884,30.733592626605088],[76.839059857762578,30.733612595158959],[76.838893408025299,30.733731543133214],[76.838853786033056,30.733759857807136],[76.838743388474526,30.73372082648638],[76.83871130694078,30.733632631657734],[76.838699314431736,30.733599662430272],[76.838564613851531,30.733655698836902],[76.838331155183894,30.733735688797314],[76.838119831903199,30.733745577699612],[76.838054651044501,30.733748627684918],[76.83794594052209,30.733725355136581],[76.83785676925541,30.733706264538942],[76.837797742754702,30.733693628327909],[76.837513962261511,30.733598413092643],[76.837221596569151,30.733479122891428],[76.837161378902394,30.733454553065105],[76.836729116774194,30.734065104443054],[76.836346744381927,30.734553161013427],[76.836209130565223,30.734731024465169],[76.836010069288179,30.734972908689102],[76.835945624149687,30.735154247526523],[76.834782824184671,30.73655477245509],[76.834636667389617,30.736730806910519],[76.833489958946316,30.738111898772726],[76.83304849447633,30.73879022871316],[76.832025054652902,30.738656299579919],[76.831960578971731,30.738647861974226],[76.831959623164252,30.738647736120466],[76.831500760123845,30.739511245722309],[76.832258964274814,30.739834866320351],[76.832758995308026,30.740048290569362],[76.832759261209375,30.740048466607622],[76.832812804393569,30.740083849521405],[76.833367145772229,30.740450168889584],[76.834624199671808,30.741199213416799],[76.835951451520955,30.742069039711676],[76.836499308859899,30.742416857932152],[76.836702043348154,30.742545567997407],[76.836860891541534,30.742660595919734],[76.836700341040682,30.742949701166715],[76.836699304384865,30.742951568042635],[76.836552265444183,30.742908541870253],[76.836106701961583,30.742544973497605],[76.835213100137778,30.741962209825701],[76.834946405601286,30.741836166529051],[76.834944362832317,30.741835201424859],[76.834746993981241,30.742167273132985],[76.834455037022352,30.743019408653161],[76.834353605548657,30.74345386908033],[76.83415811237991,30.743885148176432],[76.833874374107538,30.744344738449197],[76.83383723955032,30.74453702678505],[76.833788772745791,30.744787995923925],[76.83373038584557,30.745289506065376],[76.833642871072271,30.745554496053376],[76.833582215926,30.745738158152903],[76.833496927177976,30.746162575089969],[76.833467678032306,30.746308122368333],[76.833445198590638,30.746455817259552],[76.833430524610492,30.746552223407949],[76.833452299772972,30.74664153900029],[76.833498474076876,30.746830926816667],[76.833577680332112,30.746944087455457],[76.833782965137488,30.747237375884197],[76.833823675887842,30.747510463823172],[76.833854762986562,30.74771900415104],[76.83382710385898,30.74818850446875],[76.833842465948635,30.749825664081438],[76.834270783574397,30.750000172712689],[76.834396208151006,30.750053831802834],[76.83488082139904,30.750211256075225],[76.835239131518065,30.750307268596725]]]},"properties":{"objectid":259,"id":"247","name":"Ward No 4","code":"4","town":"Chandigarh","district":"Chandigarh","state":"Chandigarh","st_area(shape)":8811004.7730961461,"st_perimeter(shape)":20403.828025189581}},{"type":"Feature","id":260,"geometry":{"type":"MultiPolygon","coordinates":[[[[76.781330150644777,30.789104988808305],[76.781074078686501,30.789226597746548],[76.780379088083819,30.789420004143246],[76.779914032956171,30.789604564923042],[76.779208562607337,30.789824990813781],[76.778638968733461,30.78997345391079],[76.777129112743253,30.790139139490421],[76.776867838641181,30.790188551169845],[76.776507353700822,30.790246989341696],[76.776266978005523,30.790296383216706],[76.775556291139864,30.790512351766402],[76.775535183425632,30.790525690478315],[76.77536111866965,30.790635686743098],[76.775007469010305,30.790859166163173],[76.774416575182698,30.791435968114655],[76.77394426795577,30.791909667664807],[76.773809952752799,30.79204437928118],[76.773557673481662,30.792372392391755],[76.773234521626208,30.792792553185304],[76.772915303493349,30.793306450866549],[76.772914706113681,30.793307308964213],[76.772723205956382,30.793582260953542],[76.77233453278069,30.794140307485467],[76.771779954246796,30.794915615856119],[76.771507978514734,30.795208561334913],[76.771185189578645,30.795090228698513],[76.771189914717027,30.794729494173279],[76.77120659194027,30.79345629990765],[76.771281823150403,30.787712578075308],[76.770688895537006,30.787136845000166],[76.770025693617256,30.786380990858039],[76.769987588879545,30.784443206414085],[76.769978266163491,30.782766342241246],[76.769977374136445,30.781766982080381],[76.76987199726203,30.780191421669514],[76.76959065838976,30.779345216738733],[76.76969673235682,30.778919737468108],[76.76997441778083,30.778527880858494],[76.769973865316913,30.777922330885858],[76.769728469835812,30.777622922975588],[76.769379074597637,30.777196622610234],[76.769029679359448,30.776770320355794],[76.768925220563261,30.776164813346448],[76.768955291667396,30.775728166560494],[76.768958554348515,30.775680798927866],[76.768977566293188,30.775685443692218],[76.768958008172817,30.775080697040661],[76.76895789229016,30.77495364973937],[76.768679431620058,30.774440474430676],[76.768538795870754,30.774075890534331],[76.768678687815026,30.773652565286085],[76.769761039154744,30.772440781912664],[76.770768735104511,30.771931405329145],[76.772269960979756,30.77135422860438],[76.77384136324504,30.770898578644886],[76.774204380536162,30.770803900349016],[76.774888164655707,30.770625562445076],[76.77600547483307,30.770746483100943],[76.77726343243782,30.771322095849978],[76.777856403170333,30.771956632211339],[76.779886353167328,30.77589267883231],[76.780006477683727,30.776484240257826],[76.780123507504001,30.776799448977105],[76.779586178420203,30.777693458965381],[76.779918719466991,30.777817241815448],[76.780593830352473,30.778068537112507],[76.781369536380083,30.778202550351843],[76.781878581108884,30.778290493665025],[76.782907413518956,30.77843097496654],[76.783847455548013,30.778634648563877],[76.784401111512125,30.778682373623511],[76.78495476657794,30.778730098659455],[76.785063212995681,30.778747010065807],[76.786145454740947,30.778915778977741],[76.787299876119292,30.778948132242114],[76.787043999095459,30.779584631884312],[76.786951889439507,30.779813755535844],[76.78687574194781,30.780003171479891],[76.786462198015172,30.780981561698976],[76.786137001594113,30.78170089906693],[76.785881280877149,30.782266549238432],[76.785157040230445,30.783884196028367],[76.785096061690666,30.78402039446464],[76.785094478859122,30.784023662804923],[76.783735314359518,30.78682918441875],[76.783594014755238,30.787122159166508],[76.783336644731392,30.787795683302416],[76.783195997303963,30.78816374732428],[76.782782339285305,30.789173612584761],[76.782780776216725,30.789173508404787],[76.782646537370567,30.789164564358405],[76.782461983885312,30.789158166162121],[76.782380111430314,30.789155327835417],[76.781983213279929,30.789114415946987],[76.781643624051384,30.789064594712194],[76.781330150644777,30.789104988808305]]],[[[76.837856174570675,30.752967729107414],[76.837746222576541,30.753635152769728],[76.837511137059963,30.754048095626644],[76.837453586491279,30.754149185525854],[76.836753586882537,30.754983380806809],[76.835797582689182,30.755808385489853],[76.834324510014937,30.756926405803767],[76.833363336915411,30.757530443631946],[76.830155736903464,30.760122658368605],[76.828807803141544,30.761285763189566],[76.828139047836714,30.761867326154508],[76.826352295143337,30.763300827775044],[76.82563181035286,30.762831578682594],[76.824775476935216,30.762470418258935],[76.82459286201437,30.76220424206285],[76.824504536062392,30.761435092434905],[76.824462860521407,30.761072176808341],[76.824207075125713,30.760963909825641],[76.822222554729308,30.760963108562304],[76.82023803433286,30.760962307298954],[76.82011274809679,30.760849494291509],[76.819992674784373,30.760368362436736],[76.819748039277982,30.759388098303621],[76.819513241222268,30.758995624879585],[76.819229022351209,30.758731768814187],[76.81922152411353,30.758724807387697],[76.818312701235541,30.757881093127253],[76.818130211180517,30.757425545352362],[76.818034122886147,30.756291358117274],[76.818027434030554,30.756212419778617],[76.817948716458844,30.755283256723605],[76.817844702328713,30.75443977168992],[76.817677834874786,30.754092441549311],[76.816498240905545,30.753104255399361],[76.815605522125637,30.75270700472311],[76.815342703819596,30.75301580966137],[76.815159685555173,30.752959314371079],[76.815041974811948,30.752922978141651],[76.815037693441269,30.752928731044371],[76.814761104860267,30.752859389707147],[76.813241454538513,30.752709882724943],[76.812933866893644,30.748489632161451],[76.816355989087029,30.748413660517208],[76.816366900024477,30.748413418871614],[76.8224703019998,30.748277690386441],[76.825304846945642,30.748214654747848],[76.825564252551899,30.747876550361216],[76.825260284219326,30.747764260130388],[76.82530353360869,30.746707947186007],[76.827083673803273,30.747875039488864],[76.82782079359616,30.747309018086977],[76.828254684369981,30.747495542646089],[76.828732166791255,30.747044557914226],[76.829384268229049,30.747307423053371],[76.828007356612687,30.749579216673187],[76.827693366674794,30.750097267040665],[76.828041367727664,30.750096901104556],[76.828450253895539,30.749567028772304],[76.82990407477493,30.747683012588745],[76.831289733287193,30.748854873468179],[76.831728647440087,30.74922606337979],[76.832166968704868,30.749605385103163],[76.83285923651394,30.750204467736303],[76.833422866472674,30.750239954229912],[76.834354880258033,30.750416949541457],[76.835239131518065,30.750307268596725],[76.836363645285672,30.750608588844134],[76.836901357051815,30.750762095793835],[76.837689898208225,30.750857017686606],[76.838326940288582,30.75086170224948],[76.838875137190726,30.751006121468251],[76.839021317341974,30.751195571726932],[76.839073317220482,30.751678196929362],[76.838992825476097,30.751678179945266],[76.838634713884687,30.751678101200799],[76.838149036133103,30.751795225786527],[76.837856174570675,30.752967729107414]]],[[[76.814476811429046,30.779274704341706],[76.813734096928528,30.779964087898069],[76.813515172103891,30.780167292096614],[76.813446795937736,30.780116194339225],[76.813388948026699,30.780072961731669],[76.813013928345029,30.779792699863997],[76.81244999834901,30.77941807993199],[76.812121105360561,30.779246581331826],[76.812120833171051,30.779246642302702],[76.81209464189061,30.779252541042808],[76.811826744509943,30.779312872869234],[76.811530051632857,30.779379689944665],[76.810862054506117,30.779530124860365],[76.810527754557981,30.779588562563045],[76.810000287179349,30.779358305398436],[76.809598241682366,30.779213802143243],[76.80950676623695,30.779244570836152],[76.809491352943326,30.779249754904985],[76.809169837818303,30.779357899440885],[76.80911589847706,30.779301626449165],[76.808867084906296,30.779042045402694],[76.808569886277709,30.778315816125506],[76.808548430915437,30.778263386816512],[76.808538502734919,30.778239127098999],[76.808478498867231,30.778187234143505],[76.808418494101176,30.778135341160059],[76.80827751968701,30.777999911586292],[76.808099994620591,30.777837477502057],[76.807906925106451,30.777693031390502],[76.807760753938368,30.777575717581364],[76.807442171812738,30.777390620471337],[76.807206993769654,30.7775979623053],[76.807024297102132,30.777494147118091],[76.807002631534104,30.777481413231527],[76.806867198826936,30.777401815404399],[76.806846530388881,30.777384392831078],[76.806845724600052,30.777389194959973],[76.806841507908118,30.777386716715746],[76.806815886159598,30.777371658158227],[76.806763252968764,30.777340723701311],[76.806617008138829,30.777286467784226],[76.806611538297062,30.777283500216647],[76.806574443265717,30.777263372465455],[76.806392498488066,30.777164650025966],[76.806408401363555,30.777073455630408],[76.806415773837102,30.777031178688826],[76.806439682498379,30.776894073521575],[76.806350967575867,30.776848848987036],[76.805959285942322,30.776726924165782],[76.80569293546057,30.776707634476971],[76.805630187239643,30.776703090096511],[76.805520495756937,30.776695145919998],[76.80541072432419,30.776825860843825],[76.805301003197073,30.776875382784976],[76.805212179578405,30.776924974934655],[76.804905807354118,30.776803692349883],[76.804684478637796,30.776716075694093],[76.804595988294082,30.776681045062936],[76.804455556462372,30.776621342150108],[76.80427750767808,30.776545646629472],[76.80381804995298,30.776346894279268],[76.803076585009052,30.77603532470091],[76.802126227625592,30.775570315524366],[76.801993819545956,30.775330993039489],[76.801959631462879,30.775269199984923],[76.801891598453139,30.775146232753386],[76.801348690831389,30.774712992787816],[76.80105732586226,30.774558671167064],[76.801001294344729,30.774528993874252],[76.800930933800103,30.774491727251668],[76.800837379653146,30.774272521974826],[76.800820086185624,30.774232000472907],[76.80071724435696,30.773991030670558],[76.800592089274943,30.773688747043654],[76.800477295361389,30.773544375745146],[76.800320783686089,30.773314247674328],[76.800205965518046,30.773129279751604],[76.79997115758087,30.772863070515776],[76.799308111967974,30.772592069752747],[76.799201013023193,30.772541709707205],[76.798741590332355,30.77232567919215],[76.798175069595075,30.772059287893967],[76.798222161078883,30.771973561788876],[76.79837407248165,30.771378388174266],[76.798368659233731,30.771338118619159],[76.798412904854743,30.771336471498056],[76.798967241741849,30.771053491197609],[76.799521578628941,30.770770509293097],[76.80230405093269,30.768303071856494],[76.803990865152386,30.766541092327131],[76.804157860167081,30.766366653813829],[76.804302184398964,30.766215893420203],[76.804569380195389,30.765936782985165],[76.805160566873738,30.765385810864505],[76.805372211751319,30.764973637590138],[76.807350428669409,30.76663885463617],[76.808243320824147,30.766855730007755],[76.811282043850895,30.768354619713801],[76.811589165270121,30.768491977101149],[76.811662009656516,30.768524556941113],[76.811736231160225,30.768557751177909],[76.812314320401768,30.768744926167347],[76.812955025811846,30.768952374625727],[76.812993821354027,30.768964936743117],[76.813731454084973,30.769203765632177],[76.813843613239769,30.769240080279406],[76.814665685810766,30.769506247823898],[76.816451349746004,30.770345942253378],[76.818122169462086,30.771293762888472],[76.818706902643456,30.772248199658076],[76.818771931686868,30.772354342196707],[76.819169782949814,30.773003731861419],[76.819187283029876,30.773032295869392],[76.81928022452577,30.773183998796885],[76.819567593788548,30.773653049222428],[76.819549033696447,30.774052810653199],[76.819548637539441,30.774061342406732],[76.819525295715081,30.77456407931647],[76.819175156671818,30.774906661459962],[76.818818353027524,30.775086430095548],[76.818710453683792,30.775140792992215],[76.818152954726898,30.77542167814585],[76.818132147049951,30.775432161695516],[76.818119782638377,30.77543839100581],[76.818211462001344,30.775871853845338],[76.81823078027152,30.775963189849264],[76.818246596010425,30.77603796737532],[76.818380224002183,30.776669761288527],[76.818645874696315,30.777905569062607],[76.818550926364068,30.777948966264557],[76.818549153089663,30.777949776647993],[76.818410923028694,30.77801295489332],[76.818303138669336,30.778062218444518],[76.81818302942429,30.77811711451184],[76.818065951993304,30.778170625181211],[76.818034578332004,30.778184964303648],[76.817985895033502,30.778181722005876],[76.81544392149425,30.778012426986699],[76.814996839858807,30.778595962668927],[76.81483234305891,30.778810665523594],[76.81479592266237,30.778841665881451],[76.814721092999179,30.778955869394071],[76.814476811429046,30.779274704341706]]]]},"properties":{"objectid":260,"id":"249","name":"Ward No 1","code":"1","town":"Chandigarh","district":"Chandigarh","state":"Chandigarh","st_area(shape)":9610621.7148830164,"st_perimeter(shape)":25042.417798488517}},{"type":"Feature","id":261,"geometry":{"type":"Polygon","coordinates":[[[76.829232427793201,30.695166960893868],[76.829552360984991,30.695544563459663],[76.829942455295466,30.696004969723145],[76.831101653016177,30.69740950145659],[76.831265267670446,30.697577494471382],[76.832267401251954,30.698606435650785],[76.832734210789354,30.699001300078127],[76.832735355243017,30.699002806309664],[76.832763354832124,30.699039651815259],[76.833280222988691,30.699719815421826],[76.833473376046157,30.699996751010989],[76.833597270791813,30.700281732065079],[76.833637096701636,30.700373338263603],[76.833638029152894,30.700374233493068],[76.83375463945994,30.700486181143006],[76.833924185690023,30.700648947288485],[76.833924481235769,30.700649100998739],[76.834166534085696,30.700775361901865],[76.83448828726425,30.700943194575139],[76.834595718585732,30.701018622013692],[76.834885056057246,30.70122176184244],[76.833035797688126,30.701137681261383],[76.82239958662062,30.703617393085885],[76.821184276534012,30.699497034364388],[76.820645986252813,30.698035535885044],[76.818128683146213,30.689835092884508],[76.819863220365377,30.689547096035248],[76.821645150004031,30.689188457408552],[76.821926072956302,30.68909278262111],[76.822956321111235,30.688639628923074],[76.823632443499719,30.68824294918813],[76.823690246495019,30.689340703339653],[76.823711429667696,30.691332117892294],[76.823761980563688,30.692649807020132],[76.824649785558975,30.692446041979213],[76.824722452977284,30.692456909211749],[76.824754047624126,30.692486794867325],[76.824791961020694,30.69257645177855],[76.825171094986345,30.693866955468479],[76.825749274059419,30.69375828158589],[76.82732229598713,30.694139956692979],[76.827565956821431,30.694206558631684],[76.827695493885386,30.694266328850127],[76.828596370266396,30.694652677656205],[76.829232427793201,30.695166960893868]]]},"properties":{"objectid":261,"id":"250","name":"Ward No 7","code":"7","town":"Chandigarh","district":"Chandigarh","state":"Chandigarh","st_area(shape)":1682542.9888200995,"st_perimeter(shape)":6322.1843801587738}},{"type":"Feature","id":262,"geometry":{"type":"Polygon","coordinates":[[[76.820037989400547,30.674472301458316],[76.820839540857193,30.674851231972735],[76.820923113823028,30.674890740644024],[76.820923370741198,30.675738756196651],[76.821044611863513,30.676359537584709],[76.820999552368875,30.677573557641967],[76.821048539297962,30.677681128704442],[76.821986572694058,30.678443819576426],[76.822603613784594,30.678786999995356],[76.82287603148778,30.678975196885943],[76.822937834680999,30.679017892334212],[76.823069448649903,30.679108814114695],[76.823582060588691,30.679462941986987],[76.824094672527465,30.679817067788168],[76.827369962392737,30.682080301856882],[76.827447040539056,30.682133560710277],[76.828581721439065,30.680876117660922],[76.828597277564839,30.680858877726958],[76.829136209243117,30.680932482141436],[76.829160293974212,30.680954813304261],[76.829572273939917,30.681336797068749],[76.829577085316572,30.681341257875033],[76.829218158953239,30.681955196974393],[76.829218120325649,30.681955262642198],[76.82948146414617,30.682082363824438],[76.829598733816582,30.681916405041264],[76.829674628881705,30.681808999389464],[76.829796954270549,30.681864451700534],[76.830137855039439,30.682018987467057],[76.829965732441082,30.682301077373964],[76.830206882484163,30.682415616289955],[76.831598246196805,30.683076461903916],[76.831888195421072,30.683230246354796],[76.831261580984531,30.684041992585417],[76.830457811587422,30.684869764505898],[76.830163621416702,30.685141630051405],[76.830016660629497,30.68527743584113],[76.829630774926159,30.685571560805787],[76.829176630735958,30.685844090297593],[76.828885340326963,30.686172964991183],[76.828259278354338,30.687016264110976],[76.827624419180097,30.687670234508911],[76.827079610723231,30.687288099664347],[76.826212552319419,30.686679925835751],[76.826212230722547,30.686679700258434],[76.825701613942016,30.687557450806917],[76.825156115579006,30.688246237773928],[76.825158497012808,30.688247704775129],[76.825700010449225,30.688581407192803],[76.826324338673388,30.688753057177905],[76.826325210039215,30.688753743937902],[76.826637908199714,30.689000071073796],[76.826870024784284,30.689182920092776],[76.826989798957754,30.689276490489263],[76.827431538312183,30.689621581431084],[76.827478512116713,30.689687924609608],[76.827554866220922,30.689795763367108],[76.827537732653497,30.689994476454892],[76.827442902000527,30.690240251952353],[76.827378490099719,30.690407193719704],[76.827304605464249,30.690663321120326],[76.827182513637339,30.691086559154407],[76.827201624396693,30.691375604311371],[76.827211712477336,30.691528199046807],[76.827381799493224,30.691967856272981],[76.827383942873496,30.691968989505149],[76.827597951218578,30.692082092495554],[76.828318017394139,30.692347109783693],[76.828752567531382,30.692603860061386],[76.828787786880383,30.692624669061665],[76.829720158195258,30.693076137054465],[76.829905519265907,30.693214653876826],[76.830217812286222,30.693448024563558],[76.830215975231482,30.693449269786566],[76.829747910747614,30.693766495242038],[76.829279846263788,30.694083720427287],[76.828950704442008,30.694357714426879],[76.828596370266396,30.694652677656205],[76.827695493885386,30.694266328850127],[76.827565956821431,30.694206558631684],[76.82732229598713,30.694139956692979],[76.825749274059419,30.69375828158589],[76.825171094986345,30.693866955468479],[76.824791961020694,30.69257645177855],[76.824754047624126,30.692486794867325],[76.824722452977284,30.692456909211749],[76.824649785558975,30.692446041979213],[76.823761980563688,30.692649807020132],[76.823711429667696,30.691332117892294],[76.823690246495019,30.689340703339653],[76.823632443499719,30.68824294918813],[76.822956321111235,30.688639628923074],[76.821926072956302,30.68909278262111],[76.821645150004031,30.689188457408552],[76.819863220365377,30.689547096035248],[76.818128683146213,30.689835092884508],[76.816795192497423,30.690076624684597],[76.813488797567146,30.69009382898286],[76.811204807601086,30.690057037226911],[76.808183406787961,30.69010834807645],[76.807746714168772,30.690166080667662],[76.807503631849514,30.690227797762187],[76.807270246843771,30.690312140454399],[76.807044586451156,30.690411825600911],[76.805948422615586,30.691100086221972],[76.805454019527588,30.691398692413884],[76.805324621702496,30.691456486804853],[76.805049569240609,30.691543131204707],[76.804799481858765,30.691607903371921],[76.804458670921434,30.691654273354185],[76.804163460264562,30.691653807545578],[76.803943126881578,30.691622020545314],[76.802780878482153,30.691403533591533],[76.805186382658391,30.684964046728197],[76.805867850022807,30.683186238656216],[76.806257469124461,30.682159871830788],[76.808178237881805,30.67823014927437],[76.808530423287252,30.67750959269603],[76.808779383283408,30.677040540885013],[76.808888328266121,30.676843134651477],[76.809124555541459,30.676415096554145],[76.809695990961686,30.675476177277144],[76.811135548390993,30.673147477003308],[76.811442970745858,30.672654327863341],[76.812207798175393,30.671373080528447],[76.812764202984255,30.670596776071783],[76.81288044767696,30.670654880384905],[76.813158668496868,30.670263136675722],[76.813200777924138,30.670203845326093],[76.813748313666224,30.670462335007755],[76.814084128173945,30.670570107153118],[76.814065765711206,30.670598460456837],[76.814840697391062,30.670821033138303],[76.814846117825468,30.670814647170118],[76.815081773772278,30.670890273541119],[76.816499900093874,30.671380164933005],[76.816905157067978,30.672957769073324],[76.8170318868967,30.673037188945774],[76.817760696374918,30.673220954401788],[76.817970985694714,30.6733037156915],[76.81976476051868,30.674343132763831],[76.820037989400547,30.674472301458316]]]},"properties":{"objectid":262,"id":"251","name":"Ward No 8","code":"8","town":"Chandigarh","district":"Chandigarh","state":"Chandigarh","st_area(shape)":4952447.3657790152,"st_perimeter(shape)":12393.121380719438}},{"type":"Feature","id":263,"geometry":{"type":"Polygon","coordinates":[[[76.81234041556246,30.717934433382045],[76.801341675887357,30.729102750401264],[76.790060841856828,30.721997527442291],[76.795434485733011,30.716417436571131],[76.783733640798161,30.709046355949098],[76.784593790259095,30.708301302536611],[76.787928076082309,30.705974934099629],[76.788220184856513,30.705739300531953],[76.788811499095658,30.705198122324049],[76.790022888036106,30.703970609238311],[76.81234041556246,30.717934433382045]]]},"properties":{"objectid":263,"id":"252","name":"Ward No 10","code":"10","town":"Chandigarh","district":"Chandigarh","state":"Chandigarh","st_area(shape)":4417512.4715934098,"st_perimeter(shape)":10040.223613282215}},{"type":"Feature","id":264,"geometry":{"type":"Polygon","coordinates":[[[76.801341675887357,30.729102750401264],[76.790945099405064,30.740469959984814],[76.77968548627652,30.733432322849218],[76.768431926894678,30.726403090722471],[76.768354816408987,30.726355474109852],[76.773382866717284,30.720490975969884],[76.775884355881615,30.722121815126915],[76.784839191130104,30.727684092558658],[76.790060841856828,30.721997527442291],[76.801341675887357,30.729102750401264]]]},"properties":{"objectid":264,"id":"253","name":"Ward No 11","code":"11","town":"Chandigarh","district":"Chandigarh","state":"Chandigarh","st_area(shape)":4388612.2218386084,"st_perimeter(shape)":9999.2177350051224}},{"type":"Feature","id":266,"geometry":{"type":"Polygon","coordinates":[[[76.79168576484841,30.768708896924398],[76.791523704279584,30.768916283711135],[76.791520153239247,30.768923187282482],[76.790644760266233,30.770624995905337],[76.790472288223285,30.770710554176276],[76.790186979695761,30.770715015479833],[76.788676311628564,30.770738627967354],[76.786873725229995,30.770766785110197],[76.786199561168829,30.770718025701829],[76.784155283043049,30.770570153452038],[76.783923916551757,30.770566784313786],[76.783567773169153,30.770561599005223],[76.783476863662401,30.770567630264679],[76.783422472468573,30.770670868633832],[76.782364592135494,30.772678796378145],[76.781396525364485,30.774420603873246],[76.78041796986426,30.776309514905257],[76.780123507504001,30.776799448977105],[76.780006477683727,30.776484240257826],[76.779886353167328,30.77589267883231],[76.777856403170333,30.771956632211339],[76.77726343243782,30.771322095849978],[76.77600547483307,30.770746483100943],[76.774888164655707,30.770625562445076],[76.774204380536162,30.770803900349016],[76.769015697082054,30.768194589936233],[76.765303682258278,30.766599284741048],[76.76504267226089,30.766480334129756],[76.764792727711196,30.76638144779281],[76.762936583755376,30.76563433974728],[76.760985672028667,30.764845712417511],[76.760903854370895,30.764813504931329],[76.760790566033819,30.764757419495457],[76.760671505122673,30.764685337941057],[76.760543001121277,30.764596133256997],[76.760396661069933,30.764480119572088],[76.757236024082701,30.761926882293174],[76.757153199413509,30.761819663771508],[76.75716500866622,30.761718392804706],[76.757226811859468,30.761549173029287],[76.757928053838242,30.760752479507488],[76.76452016088767,30.751890599054562],[76.775833743900179,30.758929517734948],[76.780518919840944,30.75295200744582],[76.791719543299735,30.759893341159199],[76.787414437369165,30.765050337961796],[76.79168576484841,30.768708896924398]]]},"properties":{"objectid":266,"id":"255","name":"Ward No 13","code":"13","town":"Chandigarh","district":"Chandigarh","state":"Chandigarh","st_area(shape)":6271740.9424875807,"st_perimeter(shape)":12404.755659070279}},{"type":"Feature","id":267,"geometry":{"type":"Polygon","coordinates":[[[76.774204380536162,30.770803900349016],[76.77384136324504,30.770898578644886],[76.772269960979756,30.77135422860438],[76.770768735104511,30.771931405329145],[76.769761039154744,30.772440781912664],[76.768678687815026,30.773652565286085],[76.768538795870754,30.774075890534331],[76.768679431620058,30.774440474430676],[76.76895789229016,30.77495364973937],[76.768958008172817,30.775080697040661],[76.768977566293188,30.775685443692218],[76.768958554348515,30.775680798927866],[76.768955291667396,30.775728166560494],[76.768925220563261,30.776164813346448],[76.769029679359448,30.776770320355794],[76.769379074597637,30.777196622610234],[76.769728469835812,30.777622922975588],[76.769973865316913,30.777922330885858],[76.76997441778083,30.778527880858494],[76.76969673235682,30.778919737468108],[76.76959065838976,30.779345216738733],[76.76987199726203,30.780191421669514],[76.769977374136445,30.781766982080381],[76.769978266163491,30.782766342241246],[76.769987588879545,30.784443206414085],[76.770025693617256,30.786380990858039],[76.770688895537006,30.787136845000166],[76.771281823150403,30.787712578075308],[76.77120659194027,30.79345629990765],[76.771189914717027,30.794729494173279],[76.771185189578645,30.795090228698513],[76.770176341090391,30.794720383965345],[76.76974283838878,30.794530629697682],[76.769413895992997,30.794372554099816],[76.769451373706644,30.794284472703016],[76.769490880714528,30.794191620802291],[76.769492543496099,30.79418771387024],[76.768233737881729,30.79392053814373],[76.767801805435255,30.794349661201174],[76.767789226326329,30.794362158269095],[76.767556103628635,30.794270441559391],[76.76744460563387,30.79422657483429],[76.766588352166309,30.79370273605138],[76.765946224723123,30.79337300202549],[76.765450222633959,30.793101988824173],[76.764458268761217,30.792550934600612],[76.76296486002559,30.791949769641743],[76.761716886296909,30.791466137156448],[76.76116878641281,30.791104878946918],[76.760839874559764,30.790861077639718],[76.760657896544444,30.790193434459209],[76.760548326334273,30.790035513786478],[76.76022473250768,30.789773594909697],[76.759916735231073,30.789633524513839],[76.75967142329327,30.789475460156829],[76.759493953922359,30.789312956706759],[76.759201665485108,30.789145876777908],[76.758971947402358,30.788983270134029],[76.758972170184521,30.788811859586644],[76.759239322861831,30.788189720825159],[76.758738170731135,30.787954836221598],[76.758718165249746,30.787939852631354],[76.757919447977812,30.787341643077507],[76.757590260341956,30.787095091077759],[76.757261072706086,30.786848537674139],[76.756540635526292,30.786500601386273],[76.756380623116314,30.786417715753473],[76.756232274432008,30.786340870352326],[76.757549064501333,30.785037946518951],[76.759089816249102,30.783513397526669],[76.761026472610567,30.78186149369175],[76.760266998241804,30.781771496122865],[76.760213922181578,30.780355525757798],[76.760074947417209,30.777721524544688],[76.758302839957906,30.777751525006725],[76.756766432462854,30.777789025764111],[76.753846155899595,30.778471711572806],[76.753768383355563,30.77823389666824],[76.752782760808969,30.778331814576347],[76.74980192432082,30.778627949441422],[76.749079697696999,30.778505366223378],[76.748065687489117,30.778333251650629],[76.747790815588573,30.778143021264711],[76.747395557761891,30.777869473016523],[76.747172189869843,30.777719642907012],[76.747031307982155,30.777433980859293],[76.746667277391367,30.777169965412867],[76.746610832648827,30.7771329691716],[76.74646046095846,30.777034407904708],[76.746162801494123,30.776963239326097],[76.745807220456911,30.776842110378311],[76.745674896818926,30.77678507568886],[76.745394012494188,30.77690680053967],[76.745179048341654,30.776864132220922],[76.743969870155141,30.776216700446618],[76.743682914117414,30.776086814389448],[76.743308243880392,30.775917224711272],[76.74372055801939,30.775130910655754],[76.744456189303889,30.775123086752767],[76.744571303915976,30.774637128280673],[76.744818198685266,30.774425372961751],[76.744969927730011,30.774309704553634],[76.745024641419036,30.774267994459436],[76.745098487426972,30.773832087736739],[76.745074406289135,30.773814744786925],[76.744974423798027,30.77374274025285],[76.74494124542133,30.773649887813871],[76.745171680359704,30.773227421283622],[76.74522696807216,30.773126061210323],[76.745390768677694,30.772608986869173],[76.74539390200141,30.772599098097928],[76.745498653648383,30.772268422622876],[76.744886525444102,30.771876025646179],[76.74445918698197,30.771710066245802],[76.744134015713769,30.771583782479357],[76.743923888989016,30.771494814199414],[76.743848591303575,30.771487653787933],[76.743851528794579,30.771464176557217],[76.743735879684877,30.771415210647454],[76.743750479104875,30.769850470422675],[76.74661947264525,30.769223060684741],[76.746744227976933,30.769182299322118],[76.746832533267693,30.769169315023358],[76.749767402064435,30.769168327037175],[76.751398350056604,30.771436211808119],[76.751833767068092,30.772239446225782],[76.752062647022697,30.772826082652156],[76.752258667502531,30.772963645911183],[76.757739472307264,30.772902293597213],[76.757923427514527,30.772884221868164],[76.757997704713802,30.772818146645672],[76.75796433679254,30.772197254377879],[76.756758803071179,30.772210258335889],[76.756798949679521,30.771184317985846],[76.756811535974961,30.770421394886451],[76.756771170177672,30.767708702990625],[76.756662862998795,30.767439784904187],[76.756431450693412,30.76721087261037],[76.755640200218124,30.766598525978303],[76.755284025394502,30.766420112354961],[76.755108965305169,30.766313906922871],[76.75484730762247,30.766080295778725],[76.754426080399242,30.765789407433569],[76.754542087038402,30.765620438733247],[76.754920676625019,30.765137881875539],[76.757236024082701,30.761926882293174],[76.760396661069933,30.764480119572088],[76.760543001121277,30.764596133256997],[76.760671505122673,30.764685337941057],[76.760790566033819,30.764757419495457],[76.760903854370895,30.764813504931329],[76.760985672028667,30.764845712417511],[76.762936583755376,30.76563433974728],[76.764792727711196,30.76638144779281],[76.76504267226089,30.766480334129756],[76.765303682258278,30.766599284741048],[76.769015697082054,30.768194589936233],[76.774204380536162,30.770803900349016]]]},"properties":{"objectid":267,"id":"256","name":"Ward No 15","code":"15","town":"Chandigarh","district":"Chandigarh","state":"Chandigarh","st_area(shape)":6119257.7296903934,"st_perimeter(shape)":16185.456912618005}},{"type":"Feature","id":268,"geometry":{"type":"Polygon","coordinates":[[[76.768431926894678,30.726403090722471],[76.77968548627652,30.733432322849218],[76.769235324389243,30.745881730394274],[76.768676557909487,30.745539375383391],[76.768329639326538,30.745396089836138],[76.767725144107217,30.745271077866757],[76.76660493955805,30.745223994803041],[76.766240353808399,30.74518502989093],[76.765037621034054,30.744810702196816],[76.763927806399437,30.744359152096827],[76.763308258110925,30.743998284481588],[76.76266745837772,30.743537224079262],[76.762103016341982,30.743035778161861],[76.758243516114888,30.73902563636091],[76.75852279604851,30.738718345453748],[76.763013991583392,30.732905390331595],[76.768354816408987,30.726355474109852],[76.768431926894678,30.726403090722471]]]},"properties":{"objectid":268,"id":"264","name":"Ward No 17","code":"17","town":"Chandigarh","district":"Chandigarh","state":"Chandigarh","st_area(shape)":3221664.6189858471,"st_perimeter(shape)":7111.5082053200385}},{"type":"Feature","id":269,"geometry":{"type":"Polygon","coordinates":[[[76.795434485733011,30.716417436571131],[76.790060841856828,30.721997527442291],[76.784839191130104,30.727684092558658],[76.775884355881615,30.722121815126915],[76.773382866717284,30.720490975969884],[76.783733640798161,30.709046355949098],[76.795434485733011,30.716417436571131]]]},"properties":{"objectid":269,"id":"265","name":"Ward No 18","code":"18","town":"Chandigarh","district":"Chandigarh","state":"Chandigarh","st_area(shape)":2989312.9984912691,"st_perimeter(shape)":6947.4577110242089}},{"type":"Feature","id":270,"geometry":{"type":"Polygon","coordinates":[[[76.798719191739067,30.694907364742257],[76.797123659826966,30.696467759105783],[76.790022888036106,30.703970609238311],[76.778661260427228,30.696843609314659],[76.778354033006821,30.696700977479658],[76.777571124287235,30.696601983215089],[76.778377475442468,30.695855142034699],[76.779515240258831,30.694630235337215],[76.78020938554684,30.693922872059073],[76.781258374355261,30.692826466229487],[76.781403226796527,30.692627821542178],[76.781512144829762,30.69224930299082],[76.78539215988306,30.692107526455828],[76.786211497083997,30.690936696793933],[76.788249460053322,30.688104183434874],[76.789233533904351,30.68687231605216],[76.793651768271886,30.689383989804927],[76.79418880989482,30.689831322312951],[76.798719191739067,30.694907364742257]]]},"properties":{"objectid":270,"id":"266","name":"Ward No 19","code":"19","town":"Chandigarh","district":"Chandigarh","state":"Chandigarh","st_area(shape)":2601345.8670176836,"st_perimeter(shape)":6668.1538269264965}},{"type":"Feature","id":272,"geometry":{"type":"Polygon","coordinates":[[[76.754920676625019,30.765137881875539],[76.754542087038402,30.765620438733247],[76.754426080399242,30.765789407433569],[76.75484730762247,30.766080295778725],[76.755108965305169,30.766313906922871],[76.755284025394502,30.766420112354961],[76.755640200218124,30.766598525978303],[76.756431450693412,30.76721087261037],[76.756662862998795,30.767439784904187],[76.756771170177672,30.767708702990625],[76.756811535974961,30.770421394886451],[76.756798949679521,30.771184317985846],[76.756758803071179,30.772210258335889],[76.75796433679254,30.772197254377879],[76.757997704713802,30.772818146645672],[76.757923427514527,30.772884221868164],[76.757739472307264,30.772902293597213],[76.752258667502531,30.772963645911183],[76.752062647022697,30.772826082652156],[76.751833767068092,30.772239446225782],[76.751398350056604,30.771436211808119],[76.749767402064435,30.769168327037175],[76.746832533267693,30.769169315023358],[76.746744227976933,30.769182299322118],[76.74661947264525,30.769223060684741],[76.743750479104875,30.769850470422675],[76.743245095010849,30.769566209094073],[76.742989557550189,30.76942247688682],[76.742901903538041,30.769398018887017],[76.742402531868237,30.769258680647518],[76.741684829160207,30.768901155903642],[76.741445038268125,30.768815634617276],[76.741106144335632,30.768794505526607],[76.741076878121987,30.768802967506456],[76.740783916846581,30.768887678344271],[76.740593794704907,30.768866414964616],[76.740370516644418,30.768766586313703],[76.740097487188535,30.768531049134214],[76.739896214259232,30.768400834691313],[76.73979971453646,30.768338403480154],[76.739633986146316,30.768268854030371],[76.73922059043575,30.768147758905531],[76.738889828053161,30.768012299063788],[76.738443255762476,30.76779120105347],[76.738298996209338,30.76790922225171],[76.738294628600414,30.767912794485927],[76.738271049620835,30.767900592696517],[76.738046527393692,30.767784404691625],[76.737376795620136,30.767556353860574],[76.736737764669726,30.767288321465781],[76.736266406063734,30.767067237229849],[76.736158746570197,30.766881563376501],[76.735885832098688,30.766731756294043],[76.735521864389966,30.766647752920274],[76.735083923112526,30.766546676145087],[76.734960688628576,30.766511598585915],[76.734585536894599,30.766404816655733],[76.73421038516058,30.766298034607019],[76.733879620981384,30.766148272157704],[76.73340661666181,30.765937508561926],[76.732887341020245,30.765706124184412],[76.732799728330562,30.765661023297334],[76.732374626673504,30.76544219156964],[76.731787421328491,30.765078289900597],[76.734278810734097,30.759681521747659],[76.738652402425274,30.759010190723664],[76.743861016800594,30.758210680950882],[76.74406980413724,30.758174066484496],[76.744217940819155,30.758157681021842],[76.744539485588589,30.758145219391647],[76.744807695582978,30.75814514760004],[76.745231908806232,30.758155917882295],[76.74534079719507,30.758162426985756],[76.745559448931857,30.758190068284041],[76.745676288309298,30.758208961813558],[76.745811938408764,30.758233403357913],[76.745863982304769,30.758245009654104],[76.745965468575662,30.758271367173133],[76.746076974655239,30.758307538502493],[76.746288403937157,30.758389673314991],[76.746740776649631,30.758616035998298],[76.746903504666705,30.75870735209871],[76.747242138087785,30.758961797437035],[76.74879661878802,30.760072653064512],[76.752468473528722,30.762740843887251],[76.752798508275887,30.763005681645112],[76.752901363579284,30.763096005533093],[76.754920676625019,30.765137881875539]]]},"properties":{"objectid":272,"id":"257","name":"Ward No 14","code":"14","town":"Chandigarh","district":"Chandigarh","state":"Chandigarh","st_area(shape)":3122491.4731671121,"st_perimeter(shape)":8086.4992365888802}},{"type":"Feature","id":273,"geometry":{"type":"Polygon","coordinates":[[[76.802523185963111,30.691723741381232],[76.802780878482153,30.691403533591533],[76.803943126881578,30.691622020545314],[76.804163460264562,30.691653807545578],[76.804458670921434,30.691654273354185],[76.804799481858765,30.691607903371921],[76.805049569240609,30.691543131204707],[76.805324621702496,30.691456486804853],[76.805454019527588,30.691398692413884],[76.805948422615586,30.691100086221972],[76.807044586451156,30.690411825600911],[76.807270246843771,30.690312140454399],[76.807503631849514,30.690227797762187],[76.807746714168772,30.690166080667662],[76.808183406787961,30.69010834807645],[76.811204807601086,30.690057037226911],[76.813488797567146,30.69009382898286],[76.816795192497423,30.690076624684597],[76.818128683146213,30.689835092884508],[76.820645986252813,30.698035535885044],[76.821184276534012,30.699497034364388],[76.82239958662062,30.703617393085885],[76.822516701780842,30.704035467296087],[76.824668565738321,30.711716836630838],[76.824627732817063,30.711726993471551],[76.821708830676187,30.712415373928277],[76.819943515378739,30.712885796942039],[76.818485699691266,30.713368952304922],[76.81616732041951,30.714278462085758],[76.815897677612256,30.714469610255403],[76.815541279108103,30.714782444041209],[76.81234041556246,30.717934433382045],[76.790022888036106,30.703970609238311],[76.797123659826966,30.696467759105783],[76.798719191739067,30.694907364742257],[76.799978035082688,30.693955453942468],[76.801629728768035,30.692577136193933],[76.802523185963111,30.691723741381232]]]},"properties":{"objectid":273,"id":"258","name":"Ward No 9","code":"9","town":"Chandigarh","district":"Chandigarh","state":"Chandigarh","st_area(shape)":8523151.9602303114,"st_perimeter(shape)":11572.772993221828}},{"type":"Feature","id":274,"geometry":{"type":"Polygon","coordinates":[[[76.746998532050725,30.731963380666301],[76.758243516114888,30.73902563636091],[76.753619238763847,30.745089595938385],[76.749160066372198,30.751247307851273],[76.737927673095086,30.744157891241976],[76.742418149079427,30.738016427700714],[76.746998532050725,30.731963380666301]]]},"properties":{"objectid":274,"id":"259","name":"Ward No 25","code":"25","town":"Chandigarh","district":"Chandigarh","state":"Chandigarh","st_area(shape)":2900743.3120660558,"st_perimeter(shape)":6854.8343400267477}},{"type":"Feature","id":275,"geometry":{"type":"Polygon","coordinates":[[[76.738652402425274,30.759010190723664],[76.734278810734097,30.759681521747659],[76.734270287518669,30.759599270702299],[76.734203949629872,30.758959061660128],[76.733265107750043,30.758967084495488],[76.733226277173571,30.758633402529686],[76.733250802079127,30.75818732167793],[76.733242552849887,30.757910036793572],[76.733082562897792,30.751195008932818],[76.733549837762482,30.750467265578056],[76.737927673095086,30.744157891241976],[76.749160066372198,30.751247307851273],[76.747897804040619,30.752955743897886],[76.747596407584695,30.753364381187037],[76.747324857654107,30.753653549260431],[76.74710643678435,30.753838718274007],[76.746737482527465,30.754082226641827],[76.746285882366138,30.754391684899083],[76.745863798150125,30.754708751570604],[76.745179018697257,30.755089230507053],[76.744591643570629,30.755497609394556],[76.744296479626129,30.755738577639452],[76.744024928797231,30.756131735181985],[76.743844879464817,30.756474160614076],[76.743747475138591,30.756781074511608],[76.743700248907444,30.757090524094945],[76.743712055465224,30.757280759045141],[76.743753142609705,30.757682229663899],[76.743861016800594,30.758210680950882],[76.738652402425274,30.759010190723664]]]},"properties":{"objectid":275,"id":"260","name":"Ward No 26","code":"26","town":"Chandigarh","district":"Chandigarh","state":"Chandigarh","st_area(shape)":2223679.4297219091,"st_perimeter(shape)":6041.5401280666647}},{"type":"Feature","id":276,"geometry":{"type":"Polygon","coordinates":[[[76.731082959787699,30.730963232817288],[76.737025224662318,30.734664506872804],[76.742418149079427,30.738016427700714],[76.737927673095086,30.744157891241976],[76.733549837762482,30.750467265578056],[76.726472830004141,30.74604709043588],[76.731434610695587,30.740148093407925],[76.726565870314744,30.737117285214723],[76.731082959787699,30.730963232817288]]]},"properties":{"objectid":276,"id":"261","name":"Ward No 27","code":"27","town":"Chandigarh","district":"Chandigarh","state":"Chandigarh","st_area(shape)":2345249.0940348972,"st_perimeter(shape)":6976.9788995731724}},{"type":"Feature","id":277,"geometry":{"type":"Polygon","coordinates":[[[76.737272264060408,30.729402902253121],[76.737692365694585,30.72960100018728],[76.738283345760465,30.729815845520658],[76.738834614900867,30.729978485726395],[76.739514359296578,30.730100967036758],[76.742999505493657,30.730472426113138],[76.744508489219697,30.730674219012528],[76.744853195252134,30.730780612009866],[76.745057736252434,30.73086627363822],[76.745456858631471,30.731065366207879],[76.745704464866492,30.7312032933702],[76.746998532050725,30.731963380666301],[76.742418149079427,30.738016427700714],[76.737025224662318,30.734664506872804],[76.731082959787699,30.730963232817288],[76.733769380628047,30.727358146988006],[76.737272264060408,30.729402902253121]]]},"properties":{"objectid":277,"id":"262","name":"Ward No 30","code":"30","town":"Chandigarh","district":"Chandigarh","state":"Chandigarh","st_area(shape)":1111674.189810873,"st_perimeter(shape)":4671.3977677963849}},{"type":"Feature","id":278,"geometry":{"type":"Polygon","coordinates":[[[76.757928053838242,30.760752479507488],[76.757226811859468,30.761549173029287],[76.75716500866622,30.761718392804706],[76.757153199413509,30.761819663771508],[76.757236024082701,30.761926882293174],[76.754920676625019,30.765137881875539],[76.752901363579284,30.763096005533093],[76.752798508275887,30.763005681645112],[76.752468473528722,30.762740843887251],[76.74879661878802,30.760072653064512],[76.747242138087785,30.758961797437035],[76.746903504666705,30.75870735209871],[76.746740776649631,30.758616035998298],[76.746288403937157,30.758389673314991],[76.746076974655239,30.758307538502493],[76.745965468575662,30.758271367173133],[76.745863982304769,30.758245009654104],[76.745811938408764,30.758233403357913],[76.745676288309298,30.758208961813558],[76.745559448931857,30.758190068284041],[76.74534079719507,30.758162426985756],[76.745231908806232,30.758155917882295],[76.744807695582978,30.75814514760004],[76.744539485588589,30.758145219391647],[76.744217940819155,30.758157681021842],[76.74406980413724,30.758174066484496],[76.743861016800594,30.758210680950882],[76.743753142609705,30.757682229663899],[76.743712055465224,30.757280759045141],[76.743700248907444,30.757090524094945],[76.743747475138591,30.756781074511608],[76.743844879464817,30.756474160614076],[76.744024928797231,30.756131735181985],[76.744296479626129,30.755738577639452],[76.744591643570629,30.755497609394556],[76.745179018697257,30.755089230507053],[76.745863798150125,30.754708751570604],[76.746285882366138,30.754391684899083],[76.746737482527465,30.754082226641827],[76.74710643678435,30.753838718274007],[76.747324857654107,30.753653549260431],[76.747596407584695,30.753364381187037],[76.747897804040619,30.752955743897886],[76.749160066372198,30.751247307851273],[76.753619238763847,30.745089595938385],[76.76452016088767,30.751890599054562],[76.757928053838242,30.760752479507488]]]},"properties":{"objectid":278,"id":"263","name":"Ward No 16","code":"16","town":"Chandigarh","district":"Chandigarh","state":"Chandigarh","st_area(shape)":2926881.6633342165,"st_perimeter(shape)":7194.463492448338}},{"type":"Feature","id":279,"geometry":{"type":"Polygon","coordinates":[[[76.777571124287235,30.696601983215089],[76.775052785423114,30.699329283370087],[76.772534447457275,30.702056505675152],[76.761187529761216,30.694938534238364],[76.766576991172926,30.689283835459516],[76.762249651939086,30.686634234831505],[76.762389718156484,30.68658722587675],[76.762589941853534,30.686404076063592],[76.762724930792984,30.686273909770154],[76.762779729821929,30.68622106804834],[76.762825953533195,30.686179843589997],[76.762904551628978,30.68619681991413],[76.763384840387218,30.686516342747744],[76.763549095540299,30.686625616537739],[76.763913479168963,30.686297179091845],[76.764031795376738,30.686190534618746],[76.764118663363035,30.686243981247152],[76.764311546027571,30.686362654688853],[76.764571756524333,30.686034341498374],[76.764920258837122,30.685682274121575],[76.765230837871883,30.68525403726003],[76.76571151739725,30.684422026599798],[76.765752491353993,30.684362560848616],[76.766502785838881,30.683273624403203],[76.766743722981232,30.68292393570044],[76.767229717838134,30.682385049982049],[76.767269899480794,30.682298797549127],[76.76872489715322,30.681092650660425],[76.769032468628438,30.680845088095264],[76.769408978615118,30.680542037091165],[76.769906352431747,30.680094268302231],[76.769963517623182,30.680042804568302],[76.770178707252839,30.679823353498374],[76.770333212091828,30.679424297388643],[76.770335138079801,30.679243838807604],[76.770527727893551,30.678929968878492],[76.770565929649337,30.678735484574005],[76.770490861034276,30.678339557601408],[76.770539662012098,30.678153949204827],[76.771262539914517,30.677729100014858],[76.771293185940422,30.677692595588923],[76.771487611910615,30.677193756269741],[76.771598690392139,30.676989255540281],[76.771799207838271,30.676824131688168],[76.771968664236852,30.67667296389325],[76.772034268202034,30.676550277216368],[76.772032456300096,30.676451064501141],[76.771847293757105,30.676313755165065],[76.77172092325452,30.676252327403667],[76.771843258524854,30.67609278130676],[76.772046190642484,30.675774257737679],[76.772221028847937,30.67563203670867],[76.772530940434407,30.675456397566926],[76.772850215161128,30.675221990579374],[76.773038560435168,30.674962303712441],[76.773336824465673,30.674434979911609],[76.773781604617383,30.673644027830534],[76.774251969686659,30.672825661564698],[76.774395294093637,30.672101975647564],[76.77501275649405,30.671908597154637],[76.775963123758984,30.671656535115218],[76.776197601116124,30.671066925430186],[76.776535062235752,30.670972094966363],[76.77687329770319,30.670349489485108],[76.776941068404852,30.670339998182335],[76.777061342041591,30.670323151967583],[76.777123139844946,30.67031449667596],[76.777731624482414,30.670486602545768],[76.777625203765666,30.67065946917236],[76.778650965734087,30.671105528558552],[76.778986430797147,30.671186639737094],[76.779389379999301,30.671532962795467],[76.779614371147062,30.671850145905822],[76.779607740681953,30.672057734176132],[76.779634240084491,30.672079924452177],[76.779801518966835,30.672095675527309],[76.779854601315293,30.672144567509608],[76.779835716931373,30.672253084921678],[76.779594065628373,30.672450359142999],[76.779558620802206,30.672509485314578],[76.779591329360017,30.672585720742628],[76.779728464374642,30.672665035842311],[76.779880425184743,30.672699040370091],[76.780055735904043,30.672868047586586],[76.780731563645105,30.673296330874138],[76.780499766860757,30.67346189729345],[76.780739341258837,30.673720238411747],[76.780879087676013,30.673857196025953],[76.780957220444492,30.673933769573658],[76.78135292024227,30.674207928151763],[76.781448800127507,30.674274358410415],[76.781726972438378,30.674076579526155],[76.781890032832138,30.673862335544705],[76.781912169117348,30.673803500709329],[76.781949742052447,30.673703639255066],[76.782323479838197,30.673878943173101],[76.78316925625461,30.674183089806053],[76.783694037670543,30.674305568563245],[76.7836986029088,30.674306634011813],[76.78465621778146,30.674223157358227],[76.784865695024237,30.674204897144548],[76.785171614497628,30.674381124210527],[76.785683000236048,30.674662785216078],[76.78621740350701,30.674777228114682],[76.78678683568414,30.67480999338914],[76.787251755166167,30.674835172298987],[76.788184919693435,30.675065910290044],[76.788977137654285,30.675294073373021],[76.789597935499359,30.675565189399595],[76.789913228892715,30.675593331086304],[76.789948160780853,30.675596449355282],[76.790172090119952,30.675570809393321],[76.794587132773259,30.679270854539755],[76.794377488443843,30.679598408101512],[76.793793583509171,30.680510711522224],[76.793713227410379,30.680636261733209],[76.793356643853301,30.681193387521503],[76.790534941222774,30.684983368693405],[76.789792356977969,30.686061207777502],[76.789233533904351,30.68687231605216],[76.788249460053322,30.688104183434874],[76.786211497083997,30.690936696793933],[76.78539215988306,30.692107526455828],[76.781512144829762,30.69224930299082],[76.781403226796527,30.692627821542178],[76.781258374355261,30.692826466229487],[76.78020938554684,30.693922872059073],[76.779515240258831,30.694630235337215],[76.778377475442468,30.695855142034699],[76.777571124287235,30.696601983215089]]]},"properties":{"objectid":279,"id":"267","name":"Ward No 21","code":"21","town":"Chandigarh","district":"Chandigarh","state":"Chandigarh","st_area(shape)":7757726.5518460581,"st_perimeter(shape)":12694.070395068486}},{"type":"Feature","id":280,"geometry":{"type":"Polygon","coordinates":[[[76.783733640798161,30.709046355949098],[76.773382866717284,30.720490975969884],[76.762093436707801,30.713485421428164],[76.767192362295361,30.707751295992914],[76.772534447457275,30.702056505675152],[76.775052785423114,30.699329283370087],[76.777571124287235,30.696601983215089],[76.778354033006821,30.696700977479658],[76.778661260427228,30.696843609314659],[76.790022888036106,30.703970609238311],[76.788811499095658,30.705198122324049],[76.788220184856513,30.705739300531953],[76.787928076082309,30.705974934099629],[76.784593790259095,30.708301302536611],[76.783733640798161,30.709046355949098]]]},"properties":{"objectid":280,"id":"268","name":"Ward No 22","code":"22","town":"Chandigarh","district":"Chandigarh","state":"Chandigarh","st_area(shape)":4445582.5358694028,"st_perimeter(shape)":8866.1370529654851}},{"type":"Feature","id":281,"geometry":{"type":"Polygon","coordinates":[[[76.768354816408987,30.726355474109852],[76.763013991583392,30.732905390331595],[76.762827840893593,30.732797017555988],[76.740427201237154,30.718898679344804],[76.745842626655502,30.712257761246875],[76.757140285232964,30.719343961359797],[76.757147461873771,30.719348331599125],[76.762093436707801,30.713485421428164],[76.773382866717284,30.720490975969884],[76.768354816408987,30.726355474109852]]]},"properties":{"objectid":281,"id":"269","name":"Ward No 23","code":"23","town":"Chandigarh","district":"Chandigarh","state":"Chandigarh","st_area(shape)":4687082.1806462482,"st_perimeter(shape)":10175.230951547879}},{"type":"Feature","id":282,"geometry":{"type":"Polygon","coordinates":[[[76.728704380815515,30.715881228499505],[76.728553168302014,30.715782855529959],[76.72888910767557,30.715396677056109],[76.730039147071977,30.714074640000678],[76.730078895726678,30.71402894574765],[76.731366665720756,30.712580219880202],[76.73379308627004,30.716258970873181],[76.734610029460796,30.7175482032867],[76.734766576170401,30.71775221032717],[76.735052665333896,30.717896725510908],[76.735541647089136,30.718033613499884],[76.736074908601353,30.718115864512278],[76.736390863154782,30.718130106777068],[76.737266649589884,30.717834598272393],[76.737476121442796,30.717777481521257],[76.737752404596634,30.717744167069139],[76.738195016215201,30.717757362954515],[76.738438794728808,30.717798763903655],[76.738829426231788,30.717927340809581],[76.740427201237154,30.718898679344804],[76.762827840893593,30.732797017555988],[76.763013991583392,30.732905390331595],[76.75852279604851,30.738718345453748],[76.758243516114888,30.73902563636091],[76.746998532050725,30.731963380666301],[76.745704464866492,30.7312032933702],[76.745456858631471,30.731065366207879],[76.745057736252434,30.73086627363822],[76.744853195252134,30.730780612009866],[76.744508489219697,30.730674219012528],[76.742999505493657,30.730472426113138],[76.739514359296578,30.730100967036758],[76.738834614900867,30.729978485726395],[76.738283345760465,30.729815845520658],[76.737692365694585,30.72960100018728],[76.737272264060408,30.729402902253121],[76.733769380628047,30.727358146988006],[76.731082959787699,30.730963232817288],[76.725755666285266,30.727833047651899],[76.726772801731997,30.726970851937971],[76.728159751123357,30.725350597710364],[76.729570695414253,30.723484604436599],[76.729572404908239,30.723482343345978],[76.730506161425268,30.72413899333576],[76.730507596034769,30.724140001861777],[76.731096912420725,30.723557735398888],[76.73100072620997,30.721623067196216],[76.730765293943691,30.721082021354615],[76.730676067879784,30.720617605524247],[76.730893501501043,30.719011831856818],[76.730902468484189,30.718913748591962],[76.730909737651473,30.718834235176708],[76.730945036950587,30.718448104446967],[76.730965792525211,30.718294729813824],[76.73116434176255,30.717572533127694],[76.731210126197652,30.71740599746737],[76.729998332117049,30.716721535678811],[76.728708113315506,30.715883655810938],[76.728704380815515,30.715881228499505]]]},"properties":{"objectid":282,"id":"270","name":"Ward No 24","code":"24","town":"Chandigarh","district":"Chandigarh","state":"Chandigarh","st_area(shape)":4771970.2316356236,"st_perimeter(shape)":12594.928567886625}},{"type":"Feature","id":283,"geometry":{"type":"Polygon","coordinates":[[[76.745842626655502,30.712257761246875],[76.740427201237154,30.718898679344804],[76.738829426231788,30.717927340809581],[76.738438794728808,30.717798763903655],[76.738195016215201,30.717757362954515],[76.737752404596634,30.717744167069139],[76.737476121442796,30.717777481521257],[76.737266649589884,30.717834598272393],[76.736390863154782,30.718130106777068],[76.736074908601353,30.718115864512278],[76.735541647089136,30.718033613499884],[76.735052665333896,30.717896725510908],[76.734766576170401,30.71775221032717],[76.734610029460796,30.7175482032867],[76.73379308627004,30.716258970873181],[76.731366665720756,30.712580219880202],[76.73075551039193,30.712210905335102],[76.729089945820263,30.711774713849113],[76.729656484523886,30.709510310036151],[76.730155992737608,30.708147879327672],[76.730029494674255,30.706828019069434],[76.730029353638741,30.706826543082247],[76.730583372522261,30.706793823429528],[76.731501104891237,30.706739618905232],[76.733499873466386,30.706458351927445],[76.735132491426654,30.70601059135446],[76.735133039398988,30.706010440742233],[76.73516953884733,30.706002898545758],[76.736119273698307,30.705806628218685],[76.737559836342442,30.705769310288105],[76.739104709560692,30.705749886668759],[76.740608492041261,30.708966104530628],[76.745842626655502,30.712257761246875]]]},"properties":{"objectid":283,"id":"271","name":"Ward No 31","code":"31","town":"Chandigarh","district":"Chandigarh","state":"Chandigarh","st_area(shape)":1919573.4916165802,"st_perimeter(shape)":5640.8792420481805}},{"type":"Feature","id":284,"geometry":{"type":"Polygon","coordinates":[[[76.742810432584221,30.700337522897371],[76.743154298691834,30.700510955563932],[76.743588079871174,30.700744986013692],[76.743806792693434,30.700909015387325],[76.744543127358753,30.701798113696213],[76.745099630982338,30.702790634657347],[76.74526974135442,30.702953616275721],[76.745462938429313,30.703084209609575],[76.750846806930056,30.706457374883492],[76.762093436707801,30.713485421428164],[76.757147461873771,30.719348331599125],[76.757140285232964,30.719343961359797],[76.745842626655502,30.712257761246875],[76.740608492041261,30.708966104530628],[76.739104709560692,30.705749886668759],[76.739641342450184,30.704928674430253],[76.739144546250316,30.704094695391401],[76.73906003454502,30.703242380271792],[76.739359282230751,30.700328623122857],[76.742258789744668,30.700126477059921],[76.742810432584221,30.700337522897371]]]},"properties":{"objectid":284,"id":"272","name":"Ward No 32","code":"32","town":"Chandigarh","district":"Chandigarh","state":"Chandigarh","st_area(shape)":2638321.3697744221,"st_perimeter(shape)":7552.6918426675456}},{"type":"Feature","id":285,"geometry":{"type":"Polygon","coordinates":[[[76.764078392787141,30.705763434079799],[76.764172636840229,30.709810077242949],[76.757475703583665,30.709834598259349],[76.757428240197285,30.704743703389411],[76.762354507790619,30.704682794991552],[76.764078392787141,30.705763434079799]]]},"properties":{"objectid":285,"id":"273","name":"Ward No 33","code":"33","town":"Chandigarh","district":"Chandigarh","state":"Chandigarh","st_area(shape)":478059.90125256329,"st_perimeter(shape)":2714.6381273569241}},{"type":"Feature","id":286,"geometry":{"type":"Polygon","coordinates":[[[76.762093436707801,30.713485421428164],[76.750846806930056,30.706457374883492],[76.761187529761216,30.694938534238364],[76.772534447457275,30.702056505675152],[76.767192362295361,30.707751295992914],[76.762093436707801,30.713485421428164]],[[76.757428240197285,30.704743703389411],[76.757475703583665,30.709834598259349],[76.764172636840229,30.709810077242949],[76.764078392787141,30.705763434079799],[76.762354507790619,30.704682794991552],[76.757428240197285,30.704743703389411]]]},"properties":{"objectid":286,"id":"274","name":"Ward No 34","code":"34","town":"Chandigarh","district":"Chandigarh","state":"Chandigarh","st_area(shape)":2437780.8479455495,"st_perimeter(shape)":9591.591699653065}},{"type":"Feature","id":288,"geometry":{"type":"Polygon","coordinates":[[[76.761187529761216,30.694938534238364],[76.750846806930056,30.706457374883492],[76.745462938429313,30.703084209609575],[76.74526974135442,30.702953616275721],[76.745099630982338,30.702790634657347],[76.744543127358753,30.701798113696213],[76.743806792693434,30.700909015387325],[76.743588079871174,30.700744986013692],[76.743154298691834,30.700510955563932],[76.742810432584221,30.700337522897371],[76.742258789744668,30.700126477059921],[76.739359282230751,30.700328623122857],[76.737897292970487,30.699806813123825],[76.738496336314313,30.698805059536642],[76.739119957564327,30.698170531019354],[76.739121860196107,30.698168595302008],[76.739366347480484,30.698241282773921],[76.739409026439617,30.69825397229447],[76.739549840055361,30.698177205613398],[76.73962277247665,30.698064360033882],[76.739455618460127,30.697947244302615],[76.739590199564432,30.696982019540155],[76.739504566761639,30.695263821561046],[76.739086439624458,30.694668852220655],[76.739268861407538,30.694479208970062],[76.739319079926844,30.692855632595865],[76.739828355522661,30.692791778967614],[76.740007881137259,30.692769269783],[76.741484072762177,30.69314967344755],[76.741490438224304,30.69315130800096],[76.743197572335703,30.69365039318226],[76.745150448677933,30.694455864374223],[76.746570995060907,30.695293367239298],[76.747166416397548,30.695498540633427],[76.747171447861447,30.695500274021239],[76.74734166603136,30.693962231566061],[76.747661598324868,30.691116113063767],[76.747801321385836,30.690128258427645],[76.747487851572487,30.689862460230728],[76.747904132671806,30.688928531540313],[76.747992119958909,30.688400754056573],[76.747709875584874,30.687990549701297],[76.747678232428981,30.68772907789209],[76.747766653602369,30.687544027532926],[76.748131861884531,30.68748958275771],[76.748362342636995,30.687480549697792],[76.748366775822888,30.687480375881105],[76.748633015811848,30.68757025451966],[76.74881563432595,30.687601717624169],[76.748857469767074,30.687646713677431],[76.748946864714227,30.687698094562084],[76.749942550188635,30.688302343023345],[76.749949044109826,30.688306284379784],[76.749999897738078,30.688301786042157],[76.750259827960477,30.688307508811331],[76.751382326806905,30.686880490895437],[76.752023257694134,30.686244841843941],[76.752402798596592,30.685296960148072],[76.752704474428583,30.684616410609845],[76.752758850351057,30.684493741749527],[76.753258870604512,30.684726065095035],[76.753484953205316,30.684817739362849],[76.753898227643347,30.684870799708879],[76.754284680183616,30.68488362309137],[76.754684423298542,30.685054144019926],[76.754983233504745,30.6851267896078],[76.755854632568003,30.685403702947585],[76.756349120995935,30.685618045704839],[76.75673313550854,30.685784261559537],[76.756870108826433,30.685854582050428],[76.756869628227761,30.686116215759743],[76.758662010663016,30.68623630076825],[76.758766696732977,30.686252925581986],[76.759179834627076,30.686485344350569],[76.759283457990065,30.686543639189885],[76.759309793000938,30.686556814622094],[76.759427006975841,30.686506778098558],[76.759920934855018,30.686295928368853],[76.760263275623274,30.686178518702643],[76.760355085241926,30.686173663357458],[76.760607415717047,30.686160321006636],[76.760901013897978,30.686233024474408],[76.761373661586404,30.686393514070506],[76.76184133889636,30.68656760140232],[76.762028245967642,30.686612970294906],[76.762087731507435,30.686627409569372],[76.762249651939086,30.686634234831505],[76.766576991172926,30.689283835459516],[76.761187529761216,30.694938534238364]]]},"properties":{"objectid":288,"id":"275","name":"Ward No 35","code":"35","town":"Chandigarh","district":"Chandigarh","state":"Chandigarh","st_area(shape)":4316505.1197261438,"st_perimeter(shape)":10301.095288374785}},{"type":"Feature","id":289,"geometry":{"type":"Polygon","coordinates":[[[76.728703456449054,30.764650142374666],[76.72800938751783,30.764807886277293],[76.727381526219673,30.765051312868],[76.726842387030558,30.765222314969346],[76.726704042883526,30.765266194923299],[76.726636064671055,30.766094883707432],[76.726040859828402,30.765966743124054],[76.725677686230398,30.766424299837773],[76.7250162279406,30.766167599470251],[76.724781541275988,30.766055109038071],[76.722814240685238,30.765112117509439],[76.722747631505257,30.765065088916945],[76.721904467389678,30.764469766052493],[76.721229677202757,30.764213691117536],[76.721077682256706,30.764156010577612],[76.721176851772469,30.763970588152667],[76.721391152968351,30.763569896369923],[76.720944576186085,30.763284433922085],[76.720696510013639,30.763156010164678],[76.720448529181155,30.763113324941546],[76.720167886503248,30.763470777013591],[76.719506406653878,30.763156889372912],[76.719306481197492,30.763341563839877],[76.71925869262104,30.763385707100859],[76.719213905315925,30.763421388661261],[76.718892963316051,30.76367708438147],[76.718845782898995,30.763714673218388],[76.718465789245627,30.763900715977254],[76.717346673454543,30.763487033434846],[76.717076832119616,30.763387284886115],[76.716349165298453,30.762987689108428],[76.715785655713972,30.762730554249629],[76.715736311255412,30.762987804895506],[76.715157588701615,30.762773864122082],[76.715091740394641,30.763059705549598],[76.713918193883899,30.763089100771836],[76.713867984347729,30.762417516392972],[76.713752123235622,30.762246120261054],[76.713619719647596,30.762060444054413],[76.713605353789575,30.761998606969733],[76.713393783472156,30.76197052059408],[76.712479060459387,30.761889746648627],[76.711898441562028,30.761663142331418],[76.711784597167735,30.761618711124427],[76.710759228661402,30.760976358740116],[76.710160508711056,30.760432338054692],[76.71013062535485,30.760405185262837],[76.710198835332662,30.760232758873229],[76.710328526008539,30.759904912518031],[76.722125850004929,30.743399441963085],[76.726565870314744,30.737117285214723],[76.731434610695587,30.740148093407925],[76.726472830004141,30.74604709043588],[76.733549837762482,30.750467265578056],[76.733082562897792,30.751195008932818],[76.733242552849887,30.757910036793572],[76.733250802079127,30.75818732167793],[76.733226277173571,30.758633402529686],[76.733265107750043,30.758967084495488],[76.734203949629872,30.758959061660128],[76.734270287518669,30.759599270702299],[76.734278810734097,30.759681521747659],[76.731787421328491,30.765078289900597],[76.731506252237807,30.764928480011275],[76.731349175522169,30.764885740769426],[76.730191108780403,30.764648937438],[76.729665929410785,30.764649364298997],[76.728703456449054,30.764650142374666]]]},"properties":{"objectid":289,"id":"276","name":"Ward No 28","code":"28","town":"Chandigarh","district":"Chandigarh","state":"Chandigarh","st_area(shape)":5441853.8161211852,"st_perimeter(shape)":11321.132458066628}},{"type":"Feature","id":12310,"geometry":{"type":"Polygon","coordinates":[[[76.826542752356602,30.718879624424019],[76.82641951877099,30.718951708596549],[76.825926583530176,30.719692207574422],[76.825841463665441,30.719738079080681],[76.825620405341994,30.719783950565052],[76.823954844363641,30.719860402733147],[76.823248910484111,30.717590656940018],[76.822607900545151,30.715590780893997],[76.821708830676187,30.712415373928277],[76.824627732817063,30.711726993471551],[76.824668565738321,30.711716836630838],[76.822516701780842,30.704035467296087],[76.82239958662062,30.703617393085885],[76.833035797688126,30.701137681261383],[76.834885056057246,30.70122176184244],[76.835277633311165,30.701554514918467],[76.835360988884688,30.701733876692501],[76.83544632524341,30.701917497936201],[76.835517254421632,30.702229064756622],[76.835370235243914,30.702861310419262],[76.83538919149305,30.702949049105175],[76.835421729370935,30.703099649759359],[76.835452859588784,30.703365341214649],[76.835550895430686,30.703580468999689],[76.835552201581095,30.70358159282684],[76.835736624810636,30.703740227651551],[76.835856075590598,30.703808888330148],[76.836364654992053,30.704101222822388],[76.836724484162275,30.704357752595914],[76.836857464468736,30.70443558411041],[76.837078156279517,30.704564751166156],[76.837332758593988,30.70477766109051],[76.837604045318187,30.705044463238853],[76.83788496288058,30.705327995082744],[76.837886111825838,30.705329155191183],[76.8381988953263,30.705581836050875],[76.838310536153173,30.705647033642176],[76.838410042537191,30.705705145441879],[76.837391450023077,30.708212312872604],[76.837011234485786,30.709019887647493],[76.836716035507038,30.709833339345618],[76.836195770820339,30.71098293930698],[76.836108350370125,30.711413881005111],[76.835975218248393,30.711925583396066],[76.835927829422218,30.712031355284637],[76.835788786385919,30.712276689270919],[76.835239918442255,30.71285548742442],[76.835117433153286,30.712947377480695],[76.834689537735684,30.713134504536335],[76.834357203301366,30.712955904607767],[76.833365776739726,30.712340913848614],[76.832970145213892,30.713254633930898],[76.832956152156711,30.713324807747316],[76.832963258728896,30.714089333116473],[76.832939575544756,30.714221678408581],[76.832882736441775,30.714323481999365],[76.830436290648151,30.716823755208477],[76.830348663585468,30.71688687162078],[76.830272171140706,30.716910094174768],[76.830199461501621,30.716929628300196],[76.83000999782503,30.716952024501371],[76.829794483005202,30.716970348451468],[76.829659490472508,30.717039573518797],[76.829479500428945,30.71720245460742],[76.827984662473654,30.718863499482033],[76.827909322567422,30.718947306676277],[76.827795645259783,30.719002278151027],[76.826954476302447,30.71911187194247],[76.826870817098353,30.719124096903201],[76.826803195517044,30.718913482159824],[76.826766352013976,30.718875255707946],[76.826687584136607,30.718863241544724],[76.826542752356602,30.718879624424019]]]},"properties":{"objectid":12310,"id":"12307","name":"Ward No 6","code":"6","town":"Chandigarh","district":"Chandigarh","state":"Chandigarh","st_area(shape)":2832760.5015657563,"st_perimeter(shape)":7479.0402230038835}},{"type":"Feature","id":12311,"geometry":{"type":"Polygon","coordinates":[[[76.726565870314744,30.737117285214723],[76.722125850004929,30.743399441963085],[76.710328526008539,30.759904912518031],[76.709150816704778,30.759177448048042],[76.708086751470944,30.758420278837608],[76.707979379438299,30.75834387269995],[76.707926952860007,30.758306566615779],[76.707488609137329,30.757906734372121],[76.707435628298484,30.757860469582482],[76.706930844279086,30.757419669204943],[76.706405262464244,30.757035748037772],[76.706329582096501,30.75697974684585],[76.705942184528553,30.756693085294053],[76.705611419451046,30.756450366302779],[76.7053300347647,30.756021758134224],[76.705289595305572,30.755853386777162],[76.705230519397503,30.755607417206896],[76.705246821124973,30.755335900810536],[76.70536233638569,30.755121482161531],[76.706456576029908,30.754389490924222],[76.706836469970298,30.75410345391623],[76.707067612781117,30.753817511012912],[76.707182842377563,30.753274425672323],[76.707264474982367,30.752347571879241],[76.707495330332293,30.751732963682265],[76.707643362809648,30.750904060940098],[76.707759015512593,30.750861117065178],[76.707906490136153,30.75000008933478],[76.707923064053134,30.749852738794896],[76.707937154128373,30.749727458542704],[76.707748059659352,30.749546715343509],[76.707669210933631,30.749471348254342],[76.707669157034701,30.749398656165091],[76.707669085169499,30.749304449272703],[76.707715441831425,30.748569296362444],[76.70715316114223,30.747824077448392],[76.70715082731914,30.74782098544674],[76.707128282300445,30.747814261018341],[76.706064443442088,30.747496966284118],[76.70590246551825,30.747397873614474],[76.705902355025472,30.747172333031273],[76.706225315539797,30.746265649709333],[76.706704718559166,30.745097263238897],[76.706641616402024,30.744646288895503],[76.70650574891026,30.744369162666842],[76.70642719842516,30.744208943237464],[76.706050874389703,30.743812338377168],[76.705664182897564,30.743402156564038],[76.705183370421523,30.742919864345886],[76.705814441400207,30.742013010514089],[76.706747719115199,30.740451896836955],[76.70742051773712,30.739567581354965],[76.707466823195062,30.739456141560108],[76.707467407099998,30.739454735561601],[76.708053231734453,30.739644542860699],[76.708203770511432,30.739693317235218],[76.708302175560917,30.739734577506315],[76.709546210177081,30.740256178417326],[76.710469393523184,30.74058447076656],[76.710710883129451,30.740670346042645],[76.711184212639168,30.740789520792571],[76.711729268132771,30.74092675150845],[76.712454642453352,30.74113373874933],[76.712580513492611,30.741169656321976],[76.712616810819995,30.741179874915279],[76.712832281622354,30.741240530949522],[76.712836427347398,30.741241698346787],[76.713293860269843,30.740490541700343],[76.713295288591169,30.740488196078363],[76.714184613535892,30.740923137352134],[76.714188510427604,30.740925042871869],[76.714365313248578,30.740104082331545],[76.714818609429159,30.739161193349773],[76.715344794013575,30.737911596186851],[76.715720087681404,30.737212237540632],[76.716361525218446,30.736467677411667],[76.716388498033169,30.736441512361758],[76.716846860711925,30.735996876066334],[76.716933038792106,30.735826111612017],[76.71694744237935,30.735789922573328],[76.716989996472648,30.735715539999418],[76.717489866707467,30.73475432379556],[76.717570960323116,30.734514003382746],[76.717753411750593,30.73416659984337],[76.718486075001351,30.733253206113936],[76.71849696976912,30.733235926892068],[76.718512599556746,30.733219310173801],[76.718968299629026,30.732623236790552],[76.720129121503803,30.731403260108799],[76.720288287700782,30.731235979259512],[76.720316472342816,30.731206357334944],[76.72054856916445,30.730962427443494],[76.720689362118932,30.730745844961987],[76.721268045146857,30.729965195763583],[76.722107868427898,30.729229433507545],[76.723213783475842,30.728412276746884],[76.723473419949173,30.728363022536826],[76.723714930216644,30.728317208415586],[76.72445682635194,30.728349254364804],[76.724842613240597,30.728365916709784],[76.725496917347442,30.727597403396135],[76.725499627564687,30.727594221942617],[76.725754593696834,30.727832047658627],[76.725755666285266,30.727833047651899],[76.731082959787699,30.730963232817288],[76.726565870314744,30.737117285214723]]]},"properties":{"objectid":12311,"id":"12308","name":"Ward No 29","code":"29","town":"Chandigarh","district":"Chandigarh","state":"Chandigarh","st_area(shape)":4666495.2789098015,"st_perimeter(shape)":11547.146855291394}},{"type":"Feature","id":12312,"geometry":{"type":"Polygon","coordinates":[[[76.794377488443843,30.679598408101512],[76.794587132773259,30.679270854539755],[76.790172090119952,30.675570809393321],[76.790424149303817,30.675231282840045],[76.790553736673445,30.675042299082556],[76.790907903762431,30.674721662022193],[76.791100167487727,30.674394234856617],[76.791400105079646,30.673397728740543],[76.79152304401785,30.672990063657878],[76.792162949029006,30.672318152042543],[76.792763024537138,30.671750535859623],[76.793416813909346,30.670983699406463],[76.79387096438775,30.670427115078866],[76.794208668052491,30.669781921230079],[76.794313222968441,30.669509830098189],[76.794984721728156,30.668855511873524],[76.795868937055559,30.668135100940315],[76.796522636596222,30.667647919871904],[76.796723673268616,30.667514326968671],[76.79679672786078,30.667483261430689],[76.796800304053917,30.667481740799186],[76.79691006111365,30.667435065591267],[76.797057386616885,30.667500689194863],[76.797465181331674,30.667824334296498],[76.79845056043483,30.668622634980245],[76.800262095850243,30.670072562340774],[76.80033971118911,30.670122081972128],[76.800462767806621,30.670200593986056],[76.800468067866802,30.670205031354325],[76.800934761521546,30.669566972328301],[76.800941366833825,30.669557941455206],[76.800958140176803,30.669558433640944],[76.801150212560955,30.669564067119378],[76.801058709267821,30.669132302653953],[76.801669256437165,30.668289344196005],[76.801693500170074,30.668189771430104],[76.801509178450175,30.667817934222082],[76.801549825420125,30.667758730229657],[76.801675448524435,30.667779542266032],[76.80224776519195,30.667126562970566],[76.802166833273063,30.666983341721867],[76.802359378171062,30.666673938253492],[76.802542808762169,30.666528371231223],[76.802590785984862,30.666490297109622],[76.802711189877357,30.666511179733725],[76.802820122283649,30.666587123956372],[76.802869788339066,30.666621748771867],[76.80296369103236,30.666620445251414],[76.803182649094651,30.666431616958153],[76.80326670625243,30.666359125754123],[76.803414454862136,30.666459717262438],[76.803493961154672,30.666513847046993],[76.803716104642973,30.66639348330153],[76.803888263173917,30.666375930162278],[76.804023392250528,30.666362152371345],[76.804516032843921,30.66647710039534],[76.805808071632214,30.667207933246981],[76.806056568995999,30.667253537629605],[76.806059401384118,30.667254057643529],[76.806262857219522,30.667251228860394],[76.807025870052186,30.667033123330498],[76.807233453646361,30.666989148431401],[76.807322136229516,30.666970361426113],[76.807463493326011,30.666995459702221],[76.807844899131013,30.667301394353046],[76.808046723625907,30.667367141676138],[76.808070650253498,30.667374935694173],[76.808435575566321,30.667356324162199],[76.808617031660447,30.667333833001447],[76.808763563052963,30.66731567116128],[76.809245012434559,30.667949494570664],[76.809299906684913,30.66799426256944],[76.809408723208549,30.668083005741465],[76.809451663577434,30.66811802485703],[76.809584439966315,30.668242476210033],[76.810361074851926,30.6687549027701],[76.810776994828487,30.669231757003438],[76.811397388431701,30.669759887276324],[76.811668839547622,30.67004478992159],[76.811984971967462,30.670207278240333],[76.812764202984255,30.670596776071783],[76.812207798175393,30.671373080528447],[76.811442970745858,30.672654327863341],[76.811135548390993,30.673147477003308],[76.809695990961686,30.675476177277144],[76.809124555541459,30.676415096554145],[76.808888328266121,30.676843134651477],[76.808779383283408,30.677040540885013],[76.808530423287252,30.67750959269603],[76.808178237881805,30.67823014927437],[76.806257469124461,30.682159871830788],[76.805867850022807,30.683186238656216],[76.805186382658391,30.684964046728197],[76.802780878482153,30.691403533591533],[76.802523185963111,30.691723741381232],[76.801629728768035,30.692577136193933],[76.799978035082688,30.693955453942468],[76.798719191739067,30.694907364742257],[76.79418880989482,30.689831322312951],[76.793651768271886,30.689383989804927],[76.789233533904351,30.68687231605216],[76.789792356977969,30.686061207777502],[76.790534941222774,30.684983368693405],[76.793356643853301,30.681193387521503],[76.793713227410379,30.680636261733209],[76.793793583509171,30.680510711522224],[76.794377488443843,30.679598408101512]]]},"properties":{"objectid":12312,"id":"12309","name":"Ward No 20","code":"20","town":"Chandigarh","district":"Chandigarh","state":"Chandigarh","st_area(shape)":5339088.7469146848,"st_perimeter(shape)":10757.733136794066}}]}