{"type":"FeatureCollection","features":[{"type":"Feature","properties":{"objectid":"1","townname":"Gurugram","towncensuscode2011":"800429","town_lgd_code":"248576","ward_lgd_code":"64204","ward_lgd_name":"Gurgaon (M Cl ) - Ward No.1","state":"Haryana","sourcewardcode":"1"},"geometry":{"type":"Polygon","coordinates":[[[77.0417242765381,28.5254552965506],[77.033466636358,28.5156902175631],[77.0143933771751,28.4933137189273],[77.0134515672616,28.4936363930179],[77.0129338987061,28.4938070643608],[77.0120995156225,28.4941004007444],[77.011630435144,28.4943230936962],[77.0112369469984,28.4945117115405],[77.0110573971293,28.4945948533209],[77.0110205706943,28.4946119056281],[77.010852839061,28.4943086916852],[77.0103402271223,28.4944858042294],[77.0099357992931,28.4946191405614],[77.0094494747545,28.4947875863111],[77.0094159118988,28.4947244567861],[77.0093023549655,28.4947671628931],[77.0091756898155,28.4948225466714],[77.0091680604237,28.4948676188499],[77.0089269337369,28.4949711963643],[77.0085866195679,28.4950925286542],[77.0084063761994,28.4951599212108],[77.0084000520598,28.4951490554449],[77.008355533351,28.4951687153513],[77.0080519288361,28.4952909150637],[77.0074718282666,28.4954882495014],[77.0067869248462,28.4957316706602],[77.00646945214,28.4959176127899],[77.0063191657896,28.496005634847],[77.0058621595669,28.4961892064651],[77.0046186136342,28.4966235319425],[77.0045279305029,28.4966607314489],[77.0041891982672,28.4967978079524],[77.0041324229446,28.4968207841514],[77.0029013240685,28.4957261363578],[77.0021313106649,28.4950399753463],[77.0007733633825,28.4955870365841],[76.9993697241915,28.4961321552248],[76.9995182687085,28.4964126094906],[76.9997790783816,28.4968532743498],[77.0001630830127,28.4973516969296],[77.0009528961836,28.4984074182116],[77.0010822311266,28.4985735660968],[77.0015578252892,28.4992433536198],[77.0012781015878,28.4994476547482],[77.0009787299345,28.4996663070271],[77.0006051224045,28.4998808607883],[77.0004719561468,28.4999832618315],[77.0002962501687,28.5001425508299],[76.9999577847326,28.5004822601383],[76.9991879644668,28.5012983932492],[76.9991482032357,28.5013389588795],[76.9990017805393,28.501478659733],[76.9989167945235,28.501549931483],[76.9984962805626,28.5018689908051],[76.9979333899174,28.5023398683346],[76.9975088883349,28.5027275863507],[76.996922606458,28.503067093926],[76.996197302206,28.5034834339614],[76.9978114184647,28.505450903446],[76.9987820651972,28.5064884568217],[76.9988877672617,28.5065387877764],[76.9992524922502,28.5070105656976],[77.0002686656014,28.5080797442449],[77.0005337287973,28.5083032878692],[77.0007064370972,28.5082961288664],[77.0018107324827,28.5095783428035],[77.0030635319611,28.5107185288052],[77.0034497293798,28.5109223625073],[77.0036784099084,28.5109949729686],[77.003887382298,28.5110407936685],[77.0041255418495,28.5110649468773],[77.0046493297287,28.5106862252217],[77.0048055701129,28.5108123372567],[77.0053747507617,28.5107597033679],[77.0056806118446,28.5105504700203],[77.0061522561148,28.5103173560079],[77.0066126013755,28.5102034724334],[77.0074480615391,28.510773450321],[77.0087717021608,28.512824321731],[77.0087866052114,28.5128484792675],[77.0091605181686,28.5135004022904],[77.0092280633932,28.5136230985881],[77.0093158782038,28.51378261406],[77.009321939137,28.5137972589013],[77.0093272418921,28.5138125699532],[77.0093295146298,28.5138218890364],[77.0093295505624,28.5138653238786],[77.0093296251225,28.5139575389902],[77.0093238444637,28.5146043993996],[77.0095184213509,28.5146026028491],[77.0104739458439,28.5145937771758],[77.0105137483975,28.515054910312],[77.0122882229175,28.5168794945174],[77.012387391535,28.5169774856625],[77.0124503077409,28.5170351097333],[77.0127380920253,28.5172599115065],[77.0132578123329,28.5176109406298],[77.0135967215368,28.5178976792054],[77.0143815176168,28.5185466892227],[77.0153071740249,28.5193090623726],[77.0159401709915,28.5198571059575],[77.0159852592323,28.5198940273292],[77.0170290243373,28.5207935189394],[77.0175184956744,28.5206488181904],[77.0178594656135,28.5205247685226],[77.0179366461678,28.5204933503819],[77.0183410847767,28.5204609148218],[77.0183358691581,28.5202006777763],[77.0191779346341,28.520183590929],[77.0193270675477,28.5201751366957],[77.0193658118859,28.5201729408523],[77.0198489276423,28.5202383914883],[77.0199516877243,28.5202523132205],[77.0201877443197,28.5203215658786],[77.0202157744515,28.5203281305094],[77.0202620125358,28.5203476318099],[77.0202860568427,28.520365507933],[77.0203082506201,28.5203947594772],[77.0203267460335,28.5204353864332],[77.0203470910781,28.5204711386465],[77.0211091004925,28.5208936612319],[77.0218012901482,28.5212962745157],[77.0218677582927,28.5213419802385],[77.0219544555991,28.5213826068294],[77.0220498225463,28.5214130775517],[77.0221076201517,28.5214410083158],[77.0221769781764,28.5214816348685],[77.0222289960213,28.5215298796689],[77.0228293643802,28.5220790246087],[77.0228860480746,28.5221308714518],[77.0232397687009,28.5224911063831],[77.0238186736127,28.5230940011705],[77.0241682368358,28.5234986384449],[77.0243069519871,28.523679017741],[77.0243920305293,28.5238090211579],[77.0245825335567,28.524080401748],[77.024628771641,28.5241486534598],[77.02466946173,28.524228280138],[77.0248029388049,28.5245311421051],[77.0249313610596,28.5247414013887],[77.025146216516,28.5251348989441],[77.0252569823838,28.5252919676419],[77.0255904603734,28.5257116942816],[77.0256865657358,28.5258326542016],[77.026146032444,28.5264753755105],[77.0266709638786,28.5271435012832],[77.0268730533765,28.5273941902104],[77.0270399513732,28.5277332892688],[77.0271605726579,28.528149713461],[77.0273203883369,28.5286329318235],[77.0277258698898,28.5290974769913],[77.0280335779089,28.5292157756678],[77.0284172250106,28.5296821556003],[77.0286574965013,28.5299276232522],[77.0287397597234,28.5302035190523],[77.0287739199587,28.5302860123688],[77.0289759968802,28.5305826646641],[77.029114252094,28.5307573312686],[77.0291897815448,28.5308324299115],[77.0292734362573,28.5309352886448],[77.0294094142419,28.5311603322709],[77.0297162014878,28.5317630725091],[77.0322032520306,28.5311744009344],[77.0327174459026,28.5307832770251],[77.0329514426611,28.5306487473204],[77.0368403465441,28.5285606286838],[77.0394334135617,28.5271182254948],[77.0407030295023,28.526438150212],[77.0404412424621,28.525933095573],[77.0409232398161,28.5257856323584],[77.0413616140815,28.5256497103292],[77.0415555989788,28.5256022393136],[77.04180804354,28.5255453065843],[77.0417242765381,28.5254552965506]]]}},{"type":"Feature","properties":{"objectid":"2","townname":"Gurugram","towncensuscode2011":"800429","town_lgd_code":"248576","ward_lgd_code":"64208","ward_lgd_name":"Gurgaon (M Cl ) - Ward No.5","state":"Haryana","sourcewardcode":"5"},"geometry":{"type":"Polygon","coordinates":[[[77.056117211581,28.5037079938445],[77.0568249007686,28.503278293588],[77.0570974083033,28.5031097721847],[77.0573565399234,28.5029536840787],[77.0566880127906,28.5021408028381],[77.0566866015373,28.5017718176953],[77.0566847150752,28.5012788323759],[77.0569806524692,28.5012875857448],[77.057401035276,28.5013008357924],[77.0574029567724,28.5011023619995],[77.0574062922171,28.5007580285154],[77.058368272902,28.5007623728541],[77.0588048685031,28.5007616599816],[77.0588340197324,28.5003115072238],[77.0600844341838,28.5003310738026],[77.0600938682908,28.5008317669897],[77.0614411597573,28.5008887975321],[77.0614440864685,28.501305478519],[77.063191232441,28.5013276556078],[77.0632062118484,28.5010105761616],[77.0635735033237,28.5010118716445],[77.0636407413243,28.5010121084787],[77.0637544339033,28.5009098576395],[77.0637747942193,28.5008915463907],[77.0640901900206,28.5006078901754],[77.0643109716629,28.5004254133183],[77.0647038794968,28.5000988498175],[77.0651678207135,28.4997876631292],[77.0640421768653,28.4984369340011],[77.0612972352758,28.4953670495112],[77.0593199597921,28.4931752002087],[77.0584828278637,28.4922770710601],[77.058027876088,28.4917434128713],[77.0574495263351,28.4910136412025],[77.0568855280671,28.4902921071557],[77.0561607654992,28.4894394314258],[77.0559319511216,28.4891514540931],[77.0554152042376,28.4885706366608],[77.0538219154188,28.4867081695931],[77.0520866397844,28.4847493391503],[77.0503875357133,28.4829009587381],[77.0497927378075,28.4822274622615],[77.0496044158897,28.4820099045516],[77.0492040682086,28.4815609012205],[77.0488513402207,28.4816925396728],[77.0484706674409,28.4818059644689],[77.0483676288812,28.4818236639375],[77.048341446584,28.4818281614465],[77.0483129044124,28.4818281614465],[77.0482638474148,28.481825025192],[77.0474497321205,28.4816563360946],[77.0463908411828,28.4814633059324],[77.0463469557861,28.4814536523621],[77.0439810637207,28.4809672276618],[77.0427681404578,28.480697345367],[77.0423195541442,28.4805939859907],[77.0420734849267,28.4805174231907],[77.041879678794,28.480438946342],[77.041418027383,28.4802513677395],[77.0406776431123,28.4799317171971],[77.0395888427672,28.479453196575],[77.0393519192975,28.4793522861388],[77.0393045349629,28.4793302362979],[77.0392292768033,28.4793118605057],[77.0389157027854,28.4792395843591],[77.0385575310069,28.4791611839427],[77.0379150514241,28.4790313315952],[77.0371025450126,28.4788647289306],[77.0360071240838,28.4786491249063],[77.0356537007998,28.4785790110618],[77.0355498762142,28.4785629818752],[77.0351157195391,28.4784986321679],[77.0347278198129,28.4785285088508],[77.0338813957112,28.4785714915575],[77.0336355250213,28.4785882850901],[77.0332283240929,28.4786160984843],[77.033138237443,28.4786309945657],[77.0329955265853,28.4786600026353],[77.0324889010196,28.4787877977067],[77.0323088319243,28.478837174595],[77.0320277652415,28.4789030472588],[77.0319002170476,28.4789406801895],[77.0314872462401,28.4790919942833],[77.03085931667,28.4793271978807],[77.0305959036793,28.479414857127],[77.0295795425803,28.4797099903728],[77.0293245018879,28.479794516145],[77.0292283390334,28.4798202415039],[77.0290889726036,28.4798422912425],[77.0288534433193,28.4798704667353],[77.0282109637365,28.4799390676292],[77.0280005208048,28.4799733672697],[77.0279196877006,28.4799941922999],[77.027812375855,28.4800260425703],[77.0274659684135,28.4801380336573],[77.0265833305277,28.4803879586258],[77.026073137752,28.4805204552568],[77.025721711423,28.4806239434097],[77.025446100209,28.4807070471719],[77.0252124106743,28.4807925030828],[77.0250857545074,28.4808505188162],[77.0246888383907,28.4810935583988],[77.0244899352171,28.4811946937852],[77.0240746620276,28.4813943238652],[77.0237895529261,28.4815235503185],[77.0228712429404,28.4819240974687],[77.0226786989407,28.4820467136235],[77.0220505816227,28.4826194847531],[77.0218122280351,28.4828728148476],[77.0211802237069,28.4835445290788],[77.0209122526643,28.4838427182855],[77.0208099049091,28.483972594721],[77.0203993299085,28.484605270361],[77.0200948504345,28.4850595192614],[77.0197272373623,28.4854981462779],[77.0197724513672,28.4864020202739],[77.0198015765454,28.487801162849],[77.019805045839,28.4881118408819],[77.0197965567596,28.4883510139455],[77.0197910941043,28.4885429190542],[77.0197092000898,28.4893292108657],[77.019659883479,28.4899875638686],[77.0196546660638,28.4908641221978],[77.0196719218021,28.4914394635416],[77.0197487430303,28.4922129981445],[77.0197758487956,28.4924709949177],[77.0198016538005,28.4927166107653],[77.0198381712151,28.4929527756363],[77.0198733106141,28.4931156690789],[77.0198967359817,28.493211346151],[77.0201028535254,28.4937611848589],[77.0203033790563,28.4942789623663],[77.0203609628627,28.494404115037],[77.0204291090601,28.4945221447283],[77.0204602895836,28.4945695523628],[77.0207176578109,28.4949154913405],[77.0225954125375,28.4973415348113],[77.0226126754623,28.4973645085235],[77.0227599183205,28.4975433243599],[77.0229455434959,28.4977575279645],[77.0230490635526,28.4978667102542],[77.0231936662622,28.4980018983584],[77.0232721799163,28.4980628990927],[77.0234364341711,28.4981884317476],[77.0261867872119,28.5000950754374],[77.027244302829,28.5008694552602],[77.0281324114548,28.5015019593742],[77.028888297054,28.5020702143522],[77.0295583073053,28.5026753818279],[77.0296161624028,28.5027204230224],[77.0296372225064,28.5027368187861],[77.0296730509132,28.5027543781733],[77.0297556887328,28.5027921841722],[77.0302685234538,28.5029708242411],[77.0309932806317,28.5032017148722],[77.031399344293,28.5033083014089],[77.0317219859053,28.5033549875049],[77.0329628737231,28.5034988909759],[77.033130368201,28.5035127580789],[77.033333745883,28.5035295957994],[77.0336298027529,28.5035340308082],[77.034247150169,28.5035074223311],[77.0346407721636,28.5035133351512],[77.0356370918486,28.5035590777897],[77.0357666127428,28.5035672238991],[77.0359933079947,28.5035814809707],[77.0360540359045,28.5035867519816],[77.036088336277,28.5035908625332],[77.0361208283408,28.5035974116275],[77.0361407844149,28.5036055229992],[77.0361683159817,28.503616599461],[77.0361852519198,28.5036253115857],[77.036205496353,28.5036394415515],[77.0362197005143,28.5036526581479],[77.0362434178344,28.5036747265918],[77.0362665108254,28.5036980336423],[77.0378295111478,28.5055559665111],[77.0386929870703,28.5065568091227],[77.0389290804966,28.5068362086685],[77.0404565686192,28.5086287050424],[77.0410658302994,28.5093825574383],[77.041331294144,28.509664332646],[77.0418066592361,28.5101252205246],[77.0425787064256,28.5098566615778],[77.042703711489,28.5098100959768],[77.0450251135916,28.5090075303906],[77.0478652406687,28.5080327413243],[77.0490071781595,28.5076420683535],[77.0506729924628,28.5070288293097],[77.0510276769814,28.5068419500015],[77.0512610053933,28.5066954713156],[77.0531156868918,28.5055700543795],[77.054430744111,28.5047476073779],[77.0560938266375,28.5037208749258],[77.056117211581,28.5037079938445]]]}},{"type":"Feature","properties":{"objectid":"3","townname":"Gurugram","towncensuscode2011":"800429","town_lgd_code":"248576","ward_lgd_code":"64206","ward_lgd_name":"Gurgaon (M Cl ) - Ward No.3","state":"Haryana","sourcewardcode":"3"},"geometry":{"type":"Polygon","coordinates":[[[77.0801429062814,28.512867299156],[77.0811212515758,28.5121012688832],[77.0800594231471,28.5109547315365],[77.0791501340434,28.5099848711983],[77.0778733261908,28.510959257011],[77.0774492647828,28.5112558705437],[77.0773888620631,28.5112884012914],[77.0773115719144,28.5113123720989],[77.0772557155683,28.511321503533],[77.076812759895,28.5113152256722],[77.0765412710498,28.5113266399643],[77.0764503480683,28.5113372933025],[77.0764397084221,28.5113385397178],[77.0763366806422,28.5113506107632],[77.0762849808009,28.5113611101719],[77.0761693676239,28.5113858734901],[77.0759382373895,28.5114353803747],[77.0758250613418,28.5114693145652],[77.0750647650145,28.5116817438176],[77.0746112002377,28.5118138688454],[77.0744711762411,28.5114779644706],[77.0743805119744,28.5112604686274],[77.0743323398173,28.5111365018507],[77.0742371983472,28.5109302814982],[77.0737995508189,28.5102029348667],[77.0730309109393,28.509116049006],[77.0725987332528,28.5084844509741],[77.0721422687142,28.5078510074995],[77.0720813198188,28.5077664268309],[77.0719154674612,28.5075500032318],[77.0716765227821,28.5072381983149],[77.0714794027644,28.5069787590916],[77.0710821614575,28.506520746692],[77.0706820033209,28.5060601351466],[77.0702232660447,28.5055168692326],[77.0685460817648,28.5036348336625],[77.0683813549962,28.5037383212612],[77.0683089292248,28.5037346488473],[77.0669806083804,28.5037349559344],[77.0669315684508,28.504792587692],[77.0661921435809,28.5047794580745],[77.0661322582908,28.5065038920819],[77.066077813198,28.5080083940194],[77.0654249625653,28.5080001914164],[77.0653769754611,28.5085149980472],[77.0635450123561,28.5085643270876],[77.0635481250186,28.5087133923767],[77.0635036108013,28.5087150753554],[77.0632674374249,28.5087240033518],[77.0623543053285,28.5087531633985],[77.0622316412747,28.5088782112809],[77.0628230489387,28.509424090903],[77.0628171173629,28.5095007835098],[77.0613091738859,28.5094434173978],[77.0612624345417,28.5122135330028],[77.0612964824876,28.5122123750067],[77.0615782579411,28.5122210840534],[77.0616521479664,28.5122280407128],[77.0617547203005,28.5122479003033],[77.0619107666485,28.5122917944135],[77.062653563794,28.5124725930876],[77.0630221066225,28.5125416937721],[77.063816016111,28.5126606511969],[77.0640978292938,28.5126784844189],[77.0642037478523,28.5126846074841],[77.0643347527634,28.5126772593323],[77.0645605263438,28.512657665837],[77.0651243548302,28.5125785640285],[77.0654880952651,28.5125027845826],[77.065645277982,28.5124637853915],[77.0658659751826,28.5124017810209],[77.0659548643783,28.512377939127],[77.0663318738283,28.5122902756794],[77.066539233742,28.5122465307582],[77.066613492975,28.5122331415786],[77.0670996207825,28.5121936773526],[77.067135132084,28.5121917434118],[77.0674480108059,28.5121669558125],[77.0674750033836,28.5126757224484],[77.0677096343527,28.5131002086148],[77.0680658621769,28.5135350857024],[77.0683547612706,28.5138838973081],[77.0687283122067,28.5143130783885],[77.0688767156883,28.5145073272165],[77.0691812867904,28.5148897695354],[77.0698392191927,28.5156659257008],[77.0710208927619,28.5170846644831],[77.0714145138581,28.5176449154567],[77.0720318019854,28.5191662207827],[77.0722332599676,28.5200775873756],[77.0721840394766,28.5201051088445],[77.072301776271,28.5202430412744],[77.0748746904836,28.5187191009656],[77.0749879258201,28.5186731802014],[77.0765456332688,28.5185499925103],[77.077408760645,28.5184803977039],[77.0804398982975,28.5180202235735],[77.0801572218338,28.5176094669637],[77.0796491679467,28.5170218395608],[77.0792805083373,28.5166698139205],[77.0789814591791,28.5163842575831],[77.0781008829269,28.5156369838438],[77.0789203414005,28.5153224788197],[77.0795674940194,28.5150741039549],[77.079534165624,28.5146419643481],[77.0795255480855,28.5143924243829],[77.0807245124272,28.5135429626613],[77.0801429062814,28.512867299156]]]}},{"type":"Feature","properties":{"objectid":"4","townname":"Gurugram","towncensuscode2011":"800429","town_lgd_code":"248576","ward_lgd_code":"64205","ward_lgd_name":"Gurgaon (M Cl ) - Ward No.2","state":"Haryana","sourcewardcode":"2"},"geometry":{"type":"Polygon","coordinates":[[[77.0595524473809,28.5123891638573],[77.0603056928315,28.5122398440622],[77.0605257091092,28.5124609500046],[77.0609006766885,28.5124327611086],[77.0609108303462,28.5123440225949],[77.0609125128907,28.5123277633053],[77.060917559626,28.5123070693733],[77.0609276521982,28.5122893316014],[77.0609444731519,28.5122730723034],[77.0609579308132,28.5122642038096],[77.0611785956745,28.5122163770794],[77.0612624345417,28.5122135330028],[77.0613091738859,28.5094434173978],[77.0628171173629,28.5095007835098],[77.0628230489387,28.509424090903],[77.0622316412747,28.5088782112809],[77.0623543053285,28.5087531633985],[77.0632674374249,28.5087240033518],[77.0635036108013,28.5087150753554],[77.0635481250186,28.5087133923767],[77.0635450123561,28.5085643270876],[77.0653769754611,28.5085149980472],[77.0654249625653,28.5080001914164],[77.066077813198,28.5080083940194],[77.0661322582908,28.5065038920819],[77.0661921435809,28.5047794580745],[77.0669315684508,28.504792587692],[77.0669806083804,28.5037349559344],[77.0683089292248,28.5037346488473],[77.0683813549962,28.5037383212612],[77.0685460817648,28.5036348336625],[77.0658903743241,28.5006546895681],[77.0651678207135,28.4997876631292],[77.0647038794968,28.5000988498175],[77.0643109716629,28.5004254133183],[77.0640901900206,28.5006078901754],[77.0637747942193,28.5008915463907],[77.0637544339033,28.5009098576395],[77.0636407413243,28.5010121084787],[77.0635735033237,28.5010118716445],[77.0632062118484,28.5010105761616],[77.063191232441,28.5013276556078],[77.0614440864685,28.501305478519],[77.0614411597573,28.5008887975321],[77.0600938682908,28.5008317669897],[77.0600844341838,28.5003310738026],[77.0588340197324,28.5003115072238],[77.0588048685031,28.5007616599816],[77.058368272902,28.5007623728541],[77.0574062922171,28.5007580285154],[77.0574029567724,28.5011023619995],[77.057401035276,28.5013008357924],[77.0569806524692,28.5012875857448],[77.0566847150752,28.5012788323759],[77.0566866015373,28.5017718176953],[77.0566880127906,28.5021408028381],[77.0573565399234,28.5029536840787],[77.0570974083033,28.5031097721847],[77.0568249007686,28.503278293588],[77.056117211581,28.5037079938445],[77.0560938266375,28.5037208749258],[77.054430744111,28.5047476073779],[77.0531156868918,28.5055700543795],[77.0512610053933,28.5066954713156],[77.0510276769814,28.5068419500015],[77.0506729924628,28.5070288293097],[77.0490071781595,28.5076420683535],[77.0478652406687,28.5080327413243],[77.0450251135916,28.5090075303906],[77.042703711489,28.5098100959768],[77.0425787064256,28.5098566615778],[77.0418066592361,28.5101252205246],[77.0415122076557,28.5102332209473],[77.0413961830502,28.5102732945172],[77.0407905595469,28.510500607501],[77.0404881614694,28.5106285361105],[77.0403563193285,28.5106994433033],[77.040258757797,28.510763860213],[77.0399852836751,28.510954694436],[77.0395373926576,28.5113169109775],[77.0387187121251,28.5119970324872],[77.037911808506,28.5126229260919],[77.0376467650729,28.5128096309718],[77.037440846057,28.5129393770404],[77.0372127718912,28.5130830819386],[77.0364608532523,28.5136063335204],[77.0357495788884,28.5141146882767],[77.0349858483019,28.5146368225528],[77.0346599718561,28.5148699704324],[77.0340450382132,28.5153099227846],[77.033466636358,28.5156902175631],[77.0417242765381,28.5254552965506],[77.04180804354,28.5255453065843],[77.0423280872411,28.5253401309829],[77.0432380366065,28.5249404636951],[77.0433620427432,28.5248860546894],[77.0434139932145,28.5248054561284],[77.0434114455923,28.5241547648091],[77.0434129871013,28.5240491606752],[77.0434932767248,28.5237846017246],[77.0444241981588,28.5229838623334],[77.0452895443736,28.5224509285343],[77.0455482897182,28.5222741565516],[77.0457834803377,28.5221559929461],[77.0471055417211,28.52144529892],[77.047193175072,28.5213981898759],[77.0482842679178,28.5208610150524],[77.0479465579648,28.520372868178],[77.0475955772002,28.5199796551521],[77.0471695251255,28.5191113959869],[77.0466568053889,28.5180013051502],[77.0463761672026,28.5173780790205],[77.0461852662216,28.5169541341863],[77.0460663768886,28.5166602148767],[77.0473140523766,28.5163895729463],[77.0481870854754,28.5162284630175],[77.0492300160455,28.5160200551126],[77.0495580340749,28.5159269364364],[77.0500223058716,28.5157746947894],[77.0514353082028,28.5153179677404],[77.0521855442972,28.5150785179555],[77.0535505002354,28.5146206796505],[77.0556132414353,28.5139272026712],[77.0557324460768,28.5137811513912],[77.0562060935901,28.5136135063712],[77.0565770474968,28.5134423453007],[77.0575766469309,28.5128899411146],[77.0586531313736,28.5126613947741],[77.0590645274343,28.5125448977883],[77.0595524473809,28.5123891638573]]]}},{"type":"Feature","properties":{"objectid":"5","townname":"Gurugram","towncensuscode2011":"800429","town_lgd_code":"248576","ward_lgd_code":"64210","ward_lgd_name":"Gurgaon (M Cl ) - Ward No.7","state":"Haryana","sourcewardcode":"7"},"geometry":{"type":"Polygon","coordinates":[[[77.0103402271223,28.4944858042294],[77.010852839061,28.4943086916852],[77.0110205706943,28.4946119056281],[77.0110573971293,28.4945948533209],[77.0112369469984,28.4945117115405],[77.011630435144,28.4943230936962],[77.0120995156225,28.4941004007444],[77.0129338987061,28.4938070643608],[77.0134515672616,28.4936363930179],[77.0143933771751,28.4933137189273],[77.013301972614,28.492024783582],[77.0105914463813,28.4890802695042],[77.0084982693614,28.4863092907641],[77.0056714517236,28.4828394525943],[77.0054049404435,28.4829933769875],[77.0046264981475,28.4833448296326],[77.0040477549324,28.4835548251744],[77.004112308767,28.4837558412368],[77.003620797356,28.4839746965689],[77.0036826355835,28.484111251846],[77.0034487457246,28.4842049710419],[77.0034925080519,28.4843128250767],[77.0034589200435,28.4843280085485],[77.0035438440755,28.4845109174951],[77.0028589702995,28.48480652919],[77.0031578029636,28.4854550684845],[77.0033728641342,28.4859899641181],[77.0033651718604,28.4860094117596],[77.0032512600925,28.4861162012053],[77.0031392392783,28.4861926130883],[77.0028942758868,28.4862875795168],[77.0028615610408,28.4862811304117],[77.0026902280616,28.4863420992312],[77.0024105232248,28.4864416315291],[77.0023321559961,28.4864695186523],[77.0002162848371,28.4872121140306],[76.9995205971417,28.4874206799037],[76.9980029599446,28.4880114061301],[76.9983483307303,28.4887950861586],[76.9975748839656,28.4890787670162],[76.9971300544066,28.4892636818372],[76.9959668349283,28.489924264882],[76.9965843943468,28.4905814804158],[76.9962151661038,28.490891564441],[76.9959563048766,28.4909558047479],[76.9957767738721,28.4910035384776],[76.9957768017198,28.4908770269534],[76.9954501904522,28.4908756010747],[76.9954357230846,28.4908770372172],[76.9954677273632,28.4923432621979],[76.9934257902471,28.4923925419538],[76.9934444805949,28.4939120024357],[76.9927676377575,28.4939172123486],[76.9928236926312,28.4961874846019],[76.9940785564381,28.4962123801674],[76.9941310081693,28.4962134941282],[76.9945480591248,28.4962223537079],[76.9947339385234,28.4964930631696],[76.9947758054055,28.4965824213371],[76.9948176713893,28.4967059449488],[76.994841595322,28.4968294684159],[76.9948595382714,28.4969871587461],[76.9948804717125,28.4972079240232],[76.9948894431873,28.4978597037005],[76.9963461710149,28.4978554263473],[76.9979909449776,28.4978542831935],[76.9979883605246,28.4977995878462],[76.9979713329584,28.4974391509484],[76.9979402027405,28.4969046733275],[76.9988938946703,28.4962471087372],[76.999060969635,28.4961319120638],[76.9993697241915,28.4961321552248],[77.0007733633825,28.4955870365841],[77.0021313106649,28.4950399753463],[77.0029013240685,28.4957261363578],[77.0041324229446,28.4968207841514],[77.0041891982672,28.4967978079524],[77.0045279305029,28.4966607314489],[77.0046186136342,28.4966235319425],[77.0058621595669,28.4961892064651],[77.0063191657896,28.496005634847],[77.00646945214,28.4959176127899],[77.0067869248462,28.4957316706602],[77.0074718282666,28.4954882495014],[77.0080519288361,28.4952909150637],[77.008355533351,28.4951687153513],[77.0084000520598,28.4951490554449],[77.0084063761994,28.4951599212108],[77.0085866195679,28.4950925286542],[77.0089269337369,28.4949711963643],[77.0091680604237,28.4948676188499],[77.0091756898155,28.4948225466714],[77.0093023549655,28.4947671628931],[77.0094159118988,28.4947244567861],[77.0094494747545,28.4947875863111],[77.0099357992931,28.4946191405614],[77.0103402271223,28.4944858042294]]]}},{"type":"Feature","properties":{"objectid":"6","townname":"Gurugram","towncensuscode2011":"800429","town_lgd_code":"248576","ward_lgd_code":"64207","ward_lgd_name":"Gurgaon (M Cl ) - Ward No.4","state":"Haryana","sourcewardcode":"4"},"geometry":{"type":"Polygon","coordinates":[[[77.0934672755309,28.5104773193196],[77.0937826776204,28.5099461071009],[77.0942925775454,28.5091261878874],[77.094570746263,28.5086525872533],[77.094603147597,28.5085934571816],[77.0947630522091,28.5083016427747],[77.0949102402701,28.5079528837537],[77.0949688274946,28.507780472566],[77.0949853636824,28.5077241641],[77.0950009755037,28.5076561464705],[77.0950508194255,28.507438988504],[77.0950874060104,28.5071850187454],[77.0951054738257,28.5070595938899],[77.0951088380165,28.5068748183963],[77.0951138847518,28.5066028291018],[77.0951071563703,28.5064830943846],[77.0950835279833,28.5063294923769],[77.0950638225393,28.5062013927779],[77.0950433696969,28.5060684271037],[77.0949583199007,28.5057571743431],[77.0949001854271,28.5055764770448],[77.0948183659727,28.5053778036785],[77.0947203975045,28.5051639936728],[77.0945384563201,28.5048555762036],[77.0943758944913,28.504628520248],[77.0942059179682,28.5044146313605],[77.094017381353,28.504177386945],[77.0928345166178,28.5027227644851],[77.090820818941,28.5003959265052],[77.0895600765588,28.4990304769589],[77.0888895470813,28.4982773447988],[77.0807831221096,28.4898762661715],[77.0752326116321,28.4840058113345],[77.0722620509725,28.480909183567],[77.0706123102245,28.4791893904121],[77.0559319511216,28.4891514540931],[77.0561607654992,28.4894394314258],[77.0568855280671,28.4902921071557],[77.0574495263351,28.4910136412025],[77.058027876088,28.4917434128713],[77.0584828278637,28.4922770710601],[77.0593199597921,28.4931752002087],[77.0612972352758,28.4953670495112],[77.0640421768653,28.4984369340011],[77.0651678207135,28.4997876631292],[77.0658903743241,28.5006546895681],[77.0685460817648,28.5036348336625],[77.0702232660447,28.5055168692326],[77.0706820033209,28.5060601351466],[77.0710821614575,28.506520746692],[77.0714794027644,28.5069787590916],[77.0716765227821,28.5072381983149],[77.0719154674612,28.5075500032318],[77.0720813198188,28.5077664268309],[77.0721422687142,28.5078510074995],[77.0725987332528,28.5084844509741],[77.0730309109393,28.509116049006],[77.0737995508189,28.5102029348667],[77.0742371983472,28.5109302814982],[77.0743323398173,28.5111365018507],[77.0743805119744,28.5112604686274],[77.0744711762411,28.5114779644706],[77.0746112002377,28.5118138688454],[77.0750647650145,28.5116817438176],[77.0758250613418,28.5114693145652],[77.0759382373895,28.5114353803747],[77.0761693676239,28.5113858734901],[77.0762849808009,28.5113611101719],[77.0763366806422,28.5113506107632],[77.0764397084221,28.5113385397178],[77.0764503480683,28.5113372933025],[77.0765412710498,28.5113266399643],[77.076812759895,28.5113152256722],[77.0772557155683,28.511321503533],[77.0773115719144,28.5113123720989],[77.0773888620631,28.5112884012914],[77.0774492647828,28.5112558705437],[77.0778733261908,28.510959257011],[77.0791501340434,28.5099848711983],[77.0800594231471,28.5109547315365],[77.0811212515758,28.5121012688832],[77.0801429062814,28.512867299156],[77.0807245124272,28.5135429626613],[77.0795255480855,28.5143924243829],[77.079534165624,28.5146419643481],[77.0795674940194,28.5150741039549],[77.0789203414005,28.5153224788197],[77.0781008829269,28.5156369838438],[77.0789814591791,28.5163842575831],[77.0792805083373,28.5166698139205],[77.0796491679467,28.5170218395608],[77.0801572218338,28.5176094669637],[77.0804398982975,28.5180202235735],[77.0814021637483,28.5176017639596],[77.0819528588653,28.5173935624146],[77.0821366658505,28.5173205466988],[77.0827069136979,28.5170974097454],[77.0833627161947,28.516858401289],[77.0844514482679,28.5165537823318],[77.0853548120839,28.5163082527545],[77.0863178518826,28.516014824979],[77.0870409642452,28.5157196511625],[77.0872170439224,28.5156624723487],[77.0881184943268,28.5154068497797],[77.0904934638683,28.5148020047714],[77.0908074654842,28.5147193288399],[77.0932891369151,28.5140671402367],[77.0932035068073,28.5138797240096],[77.0931076916008,28.5136328210474],[77.0930183361795,28.5133547001036],[77.0929705170603,28.5130755996238],[77.0929416047828,28.5128908346683],[77.0929126925054,28.5125166860233],[77.0929179494464,28.5121587022243],[77.0929731446324,28.5117383588136],[77.093128218105,28.5112233208411],[77.0933043175451,28.5108052834109],[77.0934672755309,28.5104773193196]]]}},{"type":"Feature","properties":{"objectid":"7","townname":"Gurugram","towncensuscode2011":"800429","town_lgd_code":"248576","ward_lgd_code":"64209","ward_lgd_name":"Gurgaon (M Cl ) - Ward No.6","state":"Haryana","sourcewardcode":"6"},"geometry":{"type":"Polygon","coordinates":[[[77.0356370918486,28.5035590777897],[77.0346407721636,28.5035133351512],[77.034247150169,28.5035074223311],[77.0336298027529,28.5035340308082],[77.033333745883,28.5035295957994],[77.033130368201,28.5035127580789],[77.0329628737231,28.5034988909759],[77.0317219859053,28.5033549875049],[77.031399344293,28.5033083014089],[77.0309932806317,28.5032017148722],[77.0302685234538,28.5029708242411],[77.0297556887328,28.5027921841722],[77.0296730509132,28.5027543781733],[77.0296372225064,28.5027368187861],[77.0296161624028,28.5027204230224],[77.0295583073053,28.5026753818279],[77.028888297054,28.5020702143522],[77.0281324114548,28.5015019593742],[77.027244302829,28.5008694552602],[77.0261867872119,28.5000950754374],[77.0234364341711,28.4981884317476],[77.0232721799163,28.4980628990927],[77.0231936662622,28.4980018983584],[77.0230490635526,28.4978667102542],[77.0229455434959,28.4977575279645],[77.0227599183205,28.4975433243599],[77.0226126754623,28.4973645085235],[77.0225954125375,28.4973415348113],[77.0207176578109,28.4949154913405],[77.0204602895836,28.4945695523628],[77.0204291090601,28.4945221447283],[77.0203609628627,28.494404115037],[77.0203033790563,28.4942789623663],[77.0201028535254,28.4937611848589],[77.0198967359817,28.493211346151],[77.0198733106141,28.4931156690789],[77.0198381712151,28.4929527756363],[77.0198016538005,28.4927166107653],[77.0197758487956,28.4924709949177],[77.0197487430303,28.4922129981445],[77.0196719218021,28.4914394635416],[77.0196546660638,28.4908641221978],[77.019659883479,28.4899875638686],[77.0197092000898,28.4893292108657],[77.0197910941043,28.4885429190542],[77.0197965567596,28.4883510139455],[77.019805045839,28.4881118408819],[77.0198015765454,28.487801162849],[77.0197724513672,28.4864020202739],[77.0197272373623,28.4854981462779],[77.0193483917559,28.4857595545749],[77.0183280062044,28.4851277535841],[77.0157022414087,28.4834117306749],[77.0152246395115,28.4830759853968],[77.01462423522,28.4827212479767],[77.0141303558499,28.4821897586494],[77.0152907276687,28.4815749354411],[77.0145262532771,28.4807799176716],[77.012814059854,28.4845957378821],[77.0121897648674,28.486040663309],[77.0118118606954,28.4868892158091],[77.0112217070796,28.488169932338],[77.010914336827,28.4888311570154],[77.0105914463813,28.4890802695042],[77.013301972614,28.492024783582],[77.0143933771751,28.4933137189273],[77.033466636358,28.5156902175631],[77.0340450382132,28.5153099227846],[77.0346599718561,28.5148699704324],[77.0349858483019,28.5146368225528],[77.0357495788884,28.5141146882767],[77.0364608532523,28.5136063335204],[77.0372127718912,28.5130830819386],[77.037440846057,28.5129393770404],[77.0376467650729,28.5128096309718],[77.037911808506,28.5126229260919],[77.0387187121251,28.5119970324872],[77.0395373926576,28.5113169109775],[77.0399852836751,28.510954694436],[77.040258757797,28.510763860213],[77.0403563193285,28.5106994433033],[77.0404881614694,28.5106285361105],[77.0407905595469,28.510500607501],[77.0413961830502,28.5102732945172],[77.0415122076557,28.5102332209473],[77.0418066592361,28.5101252205246],[77.041331294144,28.509664332646],[77.0410658302994,28.5093825574383],[77.0404565686192,28.5086287050424],[77.0389290804966,28.5068362086685],[77.0386929870703,28.5065568091227],[77.0378295111478,28.5055559665111],[77.0362665108254,28.5036980336423],[77.0362434178344,28.5036747265918],[77.0362197005143,28.5036526581479],[77.036205496353,28.5036394415515],[77.0361852519198,28.5036253115857],[77.0361683159817,28.503616599461],[77.0361407844149,28.5036055229992],[77.0361208283408,28.5035974116275],[77.036088336277,28.5035908625332],[77.0360540359045,28.5035867519816],[77.0359933079947,28.5035814809707],[77.0357666127428,28.5035672238991],[77.0356370918486,28.5035590777897]]]}},{"type":"Feature","properties":{"objectid":"12","townname":"Gurugram","towncensuscode2011":"800429","town_lgd_code":"248576","ward_lgd_code":"64215","ward_lgd_name":"Gurgaon (M Cl ) - Ward No.12","state":"Haryana","sourcewardcode":"12"},"geometry":{"type":"Polygon","coordinates":[[[77.0195335569938,28.4699907771548],[77.0218464816952,28.4649289620272],[77.0216046094066,28.464785715151],[77.0213372770663,28.4643000176365],[77.0210531579082,28.4644636139023],[77.0206141179912,28.4640006376387],[77.02069463938,28.4639576805927],[77.0205512871253,28.4637764852982],[77.0216767144796,28.4631161422617],[77.0222359597614,28.4628019032445],[77.0229899678816,28.4625135658183],[77.0225464570494,28.4619160497498],[77.0228786738044,28.4616965714152],[77.0223225869991,28.4610567550995],[77.0226788759088,28.4609345489427],[77.0225598967444,28.4606956881386],[77.0221355856048,28.4597977092517],[77.0224427788892,28.459671113753],[77.0221663043942,28.4591427875439],[77.0218591111098,28.4585216202863],[77.0215960763098,28.4586127701783],[77.0213349612095,28.4580878149386],[77.0210390202223,28.4574696765786],[77.0198968338981,28.4578863567292],[77.0190073382735,28.4581968384314],[77.0191984261041,28.4586127362184],[77.0189489980856,28.4587199403446],[77.018474218695,28.4589182900418],[77.0184358193099,28.4588440200094],[77.0183481931455,28.4588817414306],[77.0182769612351,28.4587579848233],[77.0178772369848,28.458937053995],[77.0178263159829,28.458849757634],[77.0172805373455,28.4590849928692],[77.0171556275035,28.4588871070752],[77.0167157575432,28.4581386222932],[77.0161088557373,28.4583933355296],[77.0154859657159,28.4586677045866],[77.0150848347039,28.4588263680254],[77.0149315066579,28.4588870154628],[77.0147174237527,28.4589765089097],[77.0142401147062,28.45918178748],[77.013842413462,28.4593528280366],[77.0137199102066,28.4594028789845],[77.0132912440345,28.4595882019392],[77.0127352758069,28.4598569866966],[77.012634054539,28.4597470377427],[77.0124871530406,28.459484325943],[77.0123573743298,28.4592522340496],[77.0122136079517,28.4593170511702],[77.0124858585682,28.4597740781877],[77.012608736421,28.4599276800093],[77.0125492832206,28.4599675325903],[77.0122412185703,28.4601740341423],[77.0119510151228,28.4603581008303],[77.0120530709256,28.4603673116984],[77.0123359890361,28.4604090918955],[77.0124400732348,28.4604292360683],[77.012487661487,28.4604447783607],[77.013770673105,28.4610768414974],[77.0122707030746,28.4621739815415],[77.0109066472482,28.463059296647],[77.0106198511106,28.4632624824022],[77.0103128527606,28.4634799792167],[77.0115421029038,28.4646375726113],[77.0124889703324,28.4642890120734],[77.0128559860249,28.4641670094537],[77.0131196855782,28.4640728515566],[77.0131171002268,28.4640258479952],[77.0132925681513,28.46397092111],[77.0138186718873,28.4637801117185],[77.0143136615752,28.4642891099989],[77.0137208157085,28.4652343341203],[77.0136892875369,28.4652911651399],[77.0136454856837,28.4653901810596],[77.0136298801505,28.4654381308804],[77.0135760315392,28.4656570723382],[77.0135638485873,28.4657512880523],[77.0135617339531,28.4657855883509],[77.0135808536956,28.4660395740007],[77.0136055178401,28.46619183448],[77.0138576713471,28.4674195265744],[77.01406166707,28.4686721949094],[77.0154402890786,28.4683070136122],[77.0158793568434,28.4681706708618],[77.0160148524327,28.468112571564],[77.0165707452019,28.4678463356166],[77.0173272308757,28.4674663272534],[77.0187325732724,28.4690704090994],[77.0195335569938,28.4699907771548]]]}},{"type":"Feature","properties":{"objectid":"8","townname":"Gurugram","towncensuscode2011":"800429","town_lgd_code":"248576","ward_lgd_code":"64211","ward_lgd_name":"Gurgaon (M Cl ) - Ward No.8","state":"Haryana","sourcewardcode":"8"},"geometry":{"type":"Polygon","coordinates":[[[76.9935368121347,28.489795955881],[76.9952510222756,28.4892476195328],[76.9959668349283,28.489924264882],[76.9971300544066,28.4892636818372],[76.9975748839656,28.4890787670162],[76.9983483307303,28.4887950861586],[76.9980029599446,28.4880114061301],[76.9995205971417,28.4874206799037],[77.0002162848371,28.4872121140306],[77.0023321559961,28.4864695186523],[77.0024105232248,28.4864416315291],[77.0026902280616,28.4863420992312],[77.0028615610408,28.4862811304117],[77.0028942758868,28.4862875795168],[77.0031392392783,28.4861926130883],[77.0032512600925,28.4861162012053],[77.0033651718604,28.4860094117596],[77.0033728641342,28.4859899641181],[77.0031578029636,28.4854550684845],[77.0028589702995,28.48480652919],[77.0035438440755,28.4845109174951],[77.0034589200435,28.4843280085485],[77.0034925080519,28.4843128250767],[77.0034487457246,28.4842049710419],[77.0036826355835,28.484111251846],[77.003620797356,28.4839746965689],[77.004112308767,28.4837558412368],[77.0040477549324,28.4835548251744],[77.0046264981475,28.4833448296326],[77.0054049404435,28.4829933769875],[77.0056473157886,28.4828533926846],[77.0056714517236,28.4828394525943],[77.0030634313497,28.4797685854822],[77.0008276126425,28.4771337671817],[76.9998848316501,28.4760227198692],[76.998058466846,28.4738532788298],[76.9971183251039,28.4728214929284],[76.9954589813656,28.4714323401973],[76.9942256241249,28.4707070366982],[76.9925601008757,28.4697275806848],[76.9903729124664,28.4685452065092],[76.9900899359654,28.4683869367121],[76.9882019521226,28.46733097607],[76.9884675336465,28.4663975152117],[76.9889975136129,28.4651591042835],[76.9891227207972,28.4648665293464],[76.9898544480035,28.46359315743],[76.9908103830266,28.4613415576577],[76.9911097286287,28.4605362993563],[76.99118100276,28.460323840627],[76.9912008043238,28.4602648137952],[76.9912258906764,28.4601288121092],[76.9912231032041,28.4599487016909],[76.991205292307,28.4598823804748],[76.9911270301811,28.4595909645091],[76.9910657839433,28.4593691333942],[76.9907626752985,28.4586217442692],[76.9905597863,28.4582034511534],[76.9905056259732,28.4580917898418],[76.990369979467,28.4577979814639],[76.9903520625686,28.4577591737213],[76.990345094337,28.4577113886379],[76.9903506692816,28.45751166958],[76.9903869046253,28.4572825436962],[76.9904064160332,28.4571881980178],[76.9904279154129,28.4571375789626],[76.9904886415261,28.4569946050565],[76.9905721525082,28.4568462130838],[76.9906865421798,28.4566429502326],[76.9909610942801,28.4562447334439],[76.9911687506378,28.4559849730503],[76.9913889492735,28.4557877022245],[76.9916161170392,28.4556345406166],[76.991843558791,28.4555140586154],[76.9920712898004,28.455393423258],[76.9933252490038,28.4547456598024],[76.9933983161724,28.4546961342315],[76.9934389433794,28.4546628807598],[76.9928834719202,28.4545351978828],[76.9886920846197,28.4538490022539],[76.9855293859989,28.4535359646195],[76.9811237918258,28.4528988300633],[76.9795797477525,28.4512952617978],[76.9787096171104,28.4503915763433],[76.9807964852621,28.449429417384],[76.9806733621693,28.4493027336456],[76.9793097177713,28.4478996438124],[76.9794037920428,28.4478141502422],[76.9779109681104,28.4462735314825],[76.974992671434,28.4427696710959],[76.9726699901304,28.4438116822485],[76.9724877578918,28.44387741877],[76.9723288881389,28.4439061788802],[76.9721466559003,28.443918504865],[76.9720111495313,28.443955482021],[76.9718662988867,28.4440130014013],[76.9713663280406,28.4443006002033],[76.9709177552018,28.4445224621436],[76.9708102852528,28.4446128500325],[76.9707168326154,28.4446868030561],[76.9706187078403,28.4447607568179],[76.9682485344042,28.4459009618655],[76.9672777807722,28.446391830584],[76.9648153072373,28.4481296983489],[76.9640770331092,28.4487007640435],[76.9617490715083,28.451231480741],[76.9613799429783,28.4513099421612],[76.9603172916927,28.4518237330602],[76.9627255878328,28.4532313730173],[76.9642592653477,28.4541277917562],[76.964760424665,28.4552995047492],[76.9657858910877,28.4574510016093],[76.9663239999092,28.4586566557897],[76.9666022845094,28.4591152478088],[76.9671964778491,28.4601352422773],[76.9672704783672,28.4602548021097],[76.9683694224886,28.4620303250056],[76.9689681029131,28.4627042685132],[76.9715161436738,28.4649507155713],[76.9732704591005,28.466576949709],[76.9730346288806,28.4667313763606],[76.9746545356796,28.4683318083532],[76.9746442131387,28.4686498522335],[76.9738305532903,28.4689364379748],[76.9753637582914,28.4704382653214],[76.9768463162767,28.471747651976],[76.9784666731317,28.4731787241649],[76.9779844565889,28.4734658503791],[76.9772571742466,28.4738988961322],[76.9783912712417,28.4756545357214],[76.9785721964315,28.4757021887186],[76.97847779158,28.4766019038777],[76.9786703050369,28.4770942850923],[76.9787619457723,28.4779652667734],[76.9788506660847,28.4794895043472],[76.9782958306326,28.4794967829557],[76.9783038795376,28.4797497257377],[76.9783145209804,28.4800841084698],[76.97824751744,28.4800911754235],[76.9780808898363,28.4801087512117],[76.9781135983941,28.4832712139602],[76.978108925358,28.4858627209798],[76.9781957187841,28.4862556482313],[76.9788529954163,28.4882705674829],[76.9788157629427,28.4884192398246],[76.9788415760324,28.48862669322],[76.9789663008214,28.488860138597],[76.9789069958429,28.4890241152832],[76.978734042303,28.4891202310982],[76.9790940717975,28.4894620894654],[76.9789896031198,28.4897024058703],[76.9790984367115,28.4898840864715],[76.9791954044565,28.4900459598404],[76.9793653908611,28.4905798382032],[76.9796026610804,28.4915359813908],[76.9799196513914,28.4922364064156],[76.9802860912637,28.4930803670864],[76.9804519436214,28.4932667986431],[76.980534481728,28.4936788327134],[76.9806946791909,28.4941962640351],[76.9810866222342,28.494775152572],[76.9815134145207,28.4948911015341],[76.9819414078546,28.4949056297845],[76.9823049829996,28.4947626580403],[76.9823233804966,28.4946808127423],[76.9832038435611,28.4942166212457],[76.983548588221,28.4939998051055],[76.9836874632724,28.4939124635039],[76.9838161756829,28.4938247689231],[76.9842550413268,28.4935356398256],[76.9845157225408,28.4933997299202],[76.9847638156626,28.4932703829967],[76.985159374425,28.4931039109603],[76.9853949126925,28.4930047836445],[76.9854574938267,28.4929817047684],[76.9866179994945,28.4925537190755],[76.9868286714966,28.4924617844801],[76.9873074322206,28.4923547835476],[76.9876863425057,28.4921890466831],[76.988493785114,28.4918558960316],[76.9890374329476,28.4916783519459],[76.9896458726693,28.4914707695395],[76.989944624485,28.4913688442124],[76.9910240679782,28.4911266193806],[76.991682452233,28.4908574807286],[76.9918968100228,28.4907178645062],[76.9926221807501,28.4901240734719],[76.9928939867006,28.4901038307432],[76.9931697452382,28.4899470586167],[76.9935368121347,28.489795955881]]]}},{"type":"Feature","properties":{"objectid":"9","townname":"Gurugram","towncensuscode2011":"800429","town_lgd_code":"248576","ward_lgd_code":"64212","ward_lgd_name":"Gurgaon (M Cl ) - Ward No.9","state":"Haryana","sourcewardcode":"9"},"geometry":{"type":"Polygon","coordinates":[[[77.0042700044219,28.4659629177324],[77.0050817050447,28.465379448851],[77.0052519115365,28.4654233624517],[77.0055008293118,28.4652269747679],[77.0069664073417,28.4641320879074],[77.0072847918379,28.4638745036351],[77.0073131040408,28.4638473418317],[77.0075750590658,28.4635960336159],[77.00720289962,28.4632490277795],[77.0075877181248,28.4629428523205],[77.007693650158,28.4628585689386],[77.0074880976547,28.462652364833],[77.0069194263506,28.4620884679239],[77.0079315977071,28.4612230833743],[77.0085000767717,28.4608545009548],[77.0088614510442,28.4605733773174],[77.0087524862986,28.4604640206317],[77.0086980618671,28.4604413721665],[77.0084685800413,28.4604101825414],[77.0082753146944,28.4602323794687],[77.0081322840365,28.4601726141671],[77.0079908164473,28.4602989571345],[77.0076339014119,28.4599142281211],[77.0072878793476,28.4600870831353],[77.0071915287452,28.4599455410942],[77.0069932795451,28.4600277228952],[77.0067765043889,28.4598614661867],[77.0066128699717,28.4600138540298],[77.0063277761416,28.4597350492491],[77.0067329414876,28.4593515975925],[77.0064138293559,28.4590891012044],[77.0071098575128,28.4586028215174],[77.0073742128363,28.4586151734309],[77.0077128920714,28.4579846150897],[77.0075678069665,28.4578460508253],[77.0079584869785,28.4569505765953],[77.0003187529666,28.4571437984428],[77.000358019226,28.4573064635847],[77.0003839437068,28.4574138656892],[77.0002975302681,28.4574742138233],[76.9992817476841,28.458183582975],[76.9992254583501,28.4581303984408],[76.9982346147951,28.4571942295286],[76.9944320965031,28.4573088534409],[76.9949819229491,28.4579433180629],[76.9944292353689,28.4582737980746],[76.9947121678525,28.4586046316572],[76.9940431376631,28.4590349646738],[76.9950240144101,28.4601155213561],[76.9958015395261,28.460972596573],[76.996210360117,28.4614572321695],[76.9952489678286,28.4621364176633],[76.9949702134094,28.4623333457417],[76.9941926613439,28.4614247934704],[76.9933771806104,28.4620794799121],[76.9922396439661,28.4610204828491],[76.9921740876116,28.4609594520293],[76.9931549652569,28.460423122608],[76.9928290025729,28.4600603104968],[76.9919677445909,28.4590691431598],[76.9922772645119,28.4588871347169],[76.9921382547133,28.4587336917051],[76.9917083847987,28.4590036980269],[76.9912525508774,28.4583908074889],[76.9912149312299,28.4584085432607],[76.9907626752985,28.4586217442692],[76.9910657839433,28.4593691333942],[76.9911270301811,28.4595909645091],[76.991205292307,28.4598823804748],[76.9912231032041,28.4599487016909],[76.9912258906764,28.4601288121092],[76.9912008043238,28.4602648137952],[76.99118100276,28.460323840627],[76.9911097286287,28.4605362993563],[76.9908103830266,28.4613415576577],[76.9898544480035,28.46359315743],[76.9891227207972,28.4648665293464],[76.9889975136129,28.4651591042835],[76.9884675336465,28.4663975152117],[76.9882019521226,28.46733097607],[76.9900899359654,28.4683869367121],[76.9903729124664,28.4685452065092],[76.9925601008757,28.4697275806848],[76.9942256241249,28.4707070366982],[76.9954589813656,28.4714323401973],[76.9971183251039,28.4728214929284],[76.998058466846,28.4738532788298],[76.9998848316501,28.4760227198692],[77.0008276126425,28.4771337671817],[77.0010998201399,28.477004823571],[77.0020320935384,28.4769564518111],[77.0031943104968,28.476896149546],[77.0032135865461,28.4767938666615],[77.0021554663628,28.4764077874206],[77.0038575923666,28.4725665317674],[77.0054199764447,28.4690989625662],[77.0054869674087,28.4689502835582],[77.0062947334105,28.4671574703446],[77.0058488914501,28.4668812833194],[77.0048775880492,28.4663052016879],[77.0042700044219,28.4659629177324]]]}},{"type":"Feature","properties":{"objectid":"10","townname":"Gurugram","towncensuscode2011":"800429","town_lgd_code":"248576","ward_lgd_code":"64213","ward_lgd_name":"Gurgaon (M Cl ) - Ward No.10","state":"Haryana","sourcewardcode":"10"},"geometry":{"type":"Polygon","coordinates":[[[77.0020320935384,28.4769564518111],[77.0010998201399,28.477004823571],[77.0008276126425,28.4771337671817],[77.0030634313497,28.4797685854822],[77.0056714517236,28.4828394525943],[77.0084982693614,28.4863092907641],[77.0105914463813,28.4890802695042],[77.010914336827,28.4888311570154],[77.0112217070796,28.488169932338],[77.0118118606954,28.4868892158091],[77.0121897648674,28.486040663309],[77.012814059854,28.4845957378821],[77.0145262532771,28.4807799176716],[77.0160138777606,28.4775925774942],[77.0164187673238,28.476732473826],[77.0168806855344,28.4758028847026],[77.017287764292,28.4749733658829],[77.0174694359818,28.4745874387068],[77.0177409302168,28.473923763788],[77.0178940094294,28.4735985696891],[77.0177267907343,28.4735078307074],[77.0168790038882,28.4731748153706],[77.01409368662,28.472114638397],[77.0117912506478,28.4712574577052],[77.0102904622521,28.4707052544043],[77.008132593057,28.4698862030401],[77.0054869674087,28.4689502835582],[77.0054199764447,28.4690989625662],[77.0038575923666,28.4725665317674],[77.0021554663628,28.4764077874206],[77.0032135865461,28.4767938666615],[77.0031943104968,28.476896149546],[77.0020320935384,28.4769564518111]]]}},{"type":"Feature","properties":{"objectid":"11","townname":"Gurugram","towncensuscode2011":"800429","town_lgd_code":"248576","ward_lgd_code":"64214","ward_lgd_name":"Gurgaon (M Cl ) - Ward No.11","state":"Haryana","sourcewardcode":"11"},"geometry":{"type":"Polygon","coordinates":[[[77.0187325732724,28.4690704090994],[77.0173272308757,28.4674663272534],[77.0165707452019,28.4678463356166],[77.0160148524327,28.468112571564],[77.0158793568434,28.4681706708618],[77.0154402890786,28.4683070136122],[77.01406166707,28.4686721949094],[77.0138576713471,28.4674195265744],[77.0136055178401,28.46619183448],[77.0135808536956,28.4660395740007],[77.0135617339531,28.4657855883509],[77.0135638485873,28.4657512880523],[77.0135760315392,28.4656570723382],[77.0136298801505,28.4654381308804],[77.0136454856837,28.4653901810596],[77.0136892875369,28.4652911651399],[77.0137208157085,28.4652343341203],[77.0143136615752,28.4642891099989],[77.0138186718873,28.4637801117185],[77.0132925681513,28.46397092111],[77.0131171002268,28.4640258479952],[77.0131196855782,28.4640728515566],[77.0128559860249,28.4641670094537],[77.0124889703324,28.4642890120734],[77.0115421029038,28.4646375726113],[77.0103128527606,28.4634799792167],[77.0106198511106,28.4632624824022],[77.0109066472482,28.463059296647],[77.0122707030746,28.4621739815415],[77.013770673105,28.4610768414974],[77.012487661487,28.4604447783607],[77.0124400732348,28.4604292360683],[77.0123359890361,28.4604090918955],[77.0120530709256,28.4603673116984],[77.0119510151228,28.4603581008303],[77.0114021229247,28.4603376288972],[77.0106477357154,28.4602618909233],[77.0105486766923,28.460189638073],[77.0098273385023,28.4596634957629],[77.0097963142857,28.45964086687],[77.0097732689054,28.4596240576895],[77.0096478003114,28.4597348897185],[77.0094180678555,28.4599859670298],[77.0093202619823,28.4601048012479],[77.0092249399509,28.4602021532798],[77.0092190047818,28.4602082138395],[77.0088614510442,28.4605733773174],[77.0085000767717,28.4608545009548],[77.0079315977071,28.4612230833743],[77.0069194263506,28.4620884679239],[77.0074880976547,28.462652364833],[77.007693650158,28.4628585689386],[77.0075877181248,28.4629428523205],[77.00720289962,28.4632490277795],[77.0075750590658,28.4635960336159],[77.0073131040408,28.4638473418317],[77.0072847918379,28.4638745036351],[77.0069664073417,28.4641320879074],[77.0055008293118,28.4652269747679],[77.0052519115365,28.4654233624517],[77.0050817050447,28.465379448851],[77.0042700044219,28.4659629177324],[77.0048775880492,28.4663052016879],[77.0058488914501,28.4668812833194],[77.0062947334105,28.4671574703446],[77.0054869674087,28.4689502835582],[77.008132593057,28.4698862030401],[77.0102904622521,28.4707052544043],[77.0117912506478,28.4712574577052],[77.01409368662,28.472114638397],[77.0168790038882,28.4731748153706],[77.0177267907343,28.4735078307074],[77.0178940094294,28.4735985696891],[77.0195335569938,28.4699907771548],[77.0187325732724,28.4690704090994]]]}},{"type":"Feature","properties":{"objectid":"13","townname":"Gurugram","towncensuscode2011":"800429","town_lgd_code":"248576","ward_lgd_code":"64216","ward_lgd_name":"Gurgaon (M Cl ) - Ward No.13","state":"Haryana","sourcewardcode":"13"},"geometry":{"type":"Polygon","coordinates":[[[77.0287114502156,28.4655078254221],[77.026841411119,28.4642891099989],[77.0270004075343,28.4640781261195],[77.0265624168496,28.4638249460138],[77.0264544186912,28.4639541734269],[77.0258664309135,28.4635954997604],[77.025647435122,28.4638697795003],[77.0247084540033,28.4631656180834],[77.0250637044605,28.4627956904151],[77.0258304309286,28.4619972799628],[77.0268394914192,28.4609741950202],[77.0270504796283,28.4607406801125],[77.0273616371781,28.4603963010901],[77.0275542719076,28.4601830989223],[77.0275937923902,28.4601443781383],[77.0265006118597,28.4593192893471],[77.0268954555631,28.4588441984957],[77.0272210822771,28.4583987391078],[77.0275386879341,28.4579642501054],[77.0276329966658,28.4578549396862],[77.027501282984,28.4577683761284],[77.0272346037188,28.4575968796791],[77.0271742135755,28.4575461360356],[77.027141078318,28.4575052582067],[77.0271132880363,28.4574516950299],[77.0270959298901,28.4573681591338],[77.0270907106783,28.457274096271],[77.0271138225339,28.4567610094877],[77.0267119683781,28.456614570311],[77.0265592520849,28.4565603551147],[77.0265163251907,28.4565532139274],[77.0263289042831,28.4565453240284],[77.0257374723646,28.4566745263813],[77.0240014196876,28.457028386155],[77.0237111084423,28.4571146454655],[77.0236892138038,28.4571613259232],[77.0236635615126,28.4571942153127],[77.0236328346383,28.457225257409],[77.0235907862965,28.4572587035695],[77.0235413969221,28.4572851088828],[77.0235100286507,28.4572927373113],[77.0234886703065,28.45729508452],[77.0234354406344,28.4572834890559],[77.0231928344222,28.4572087921863],[77.0224740986516,28.4570370357825],[77.0223850037417,28.4570197001971],[77.0223389381339,28.457010737027],[77.021985266915,28.4569606936341],[77.0218617629365,28.4569472729594],[77.0213833193179,28.4569090335439],[77.0207995320625,28.4568833397259],[77.0208613954428,28.4570692839127],[77.0210390202223,28.4574696765786],[77.0213349612095,28.4580878149386],[77.0215960763098,28.4586127701783],[77.0218591111098,28.4585216202863],[77.0221663043942,28.4591427875439],[77.0224427788892,28.459671113753],[77.0221355856048,28.4597977092517],[77.0225598967444,28.4606956881386],[77.0226788759088,28.4609345489427],[77.0223225869991,28.4610567550995],[77.0228786738044,28.4616965714152],[77.0225464570494,28.4619160497498],[77.0229899678816,28.4625135658183],[77.0222359597614,28.4628019032445],[77.0216767144796,28.4631161422617],[77.0205512871253,28.4637764852982],[77.02069463938,28.4639576805927],[77.0206141179912,28.4640006376387],[77.0210531579082,28.4644636139023],[77.0213372770663,28.4643000176365],[77.0216046094066,28.464785715151],[77.0218464816952,28.4649289620272],[77.0195335569938,28.4699907771548],[77.0178940094294,28.4735985696891],[77.0181237643431,28.4736984803958],[77.01815801441,28.4736864374197],[77.0185165050904,28.4734239995374],[77.0199660437008,28.4724013173962],[77.0210577482993,28.4716125234354],[77.0218590733805,28.4710453016524],[77.0235385438728,28.469851371828],[77.0235622180738,28.4698345429501],[77.0241471309182,28.4693994178838],[77.0251159819184,28.468699664241],[77.0258644231789,28.4681657850321],[77.0266663240802,28.4676260996432],[77.0267276098438,28.4675801163717],[77.0268443737628,28.4674925081115],[77.02709966778,28.4672569299062],[77.027454860745,28.4668917129195],[77.0280510761923,28.4662532768746],[77.0286937965236,28.465526872502],[77.0287114502156,28.4655078254221]]]}},{"type":"Feature","properties":{"objectid":"14","townname":"Gurugram","towncensuscode2011":"800429","town_lgd_code":"248576","ward_lgd_code":"64218","ward_lgd_name":"Gurgaon (M Cl ) - Ward No.15","state":"Haryana","sourcewardcode":"15"},"geometry":{"type":"Polygon","coordinates":[[[77.0235385438728,28.469851371828],[77.0236095844421,28.4699249265722],[77.0237642150452,28.4701158749073],[77.0240394669331,28.4704865603088],[77.0241378459315,28.470713332768],[77.0241866738587,28.47085248979],[77.0242482174388,28.470992054889],[77.0242823354533,28.4710463945576],[77.0244141192038,28.4712562866249],[77.0245058138381,28.4714382342825],[77.0249697110373,28.47221625223],[77.025237576977,28.4720938710381],[77.0250474467505,28.4716442562038],[77.0251979235437,28.4715856068386],[77.0250308872065,28.4712075505638],[77.0249698197335,28.4710701928804],[77.0255505284624,28.4709258408915],[77.0255908214962,28.4706478719451],[77.0256975656064,28.4699114577938],[77.0259111158107,28.4698618698371],[77.0263830152025,28.4709610484229],[77.0258805712944,28.4711232469248],[77.0261017338224,28.4714373001048],[77.0269870954001,28.472302047458],[77.0271933414029,28.4719435671662],[77.0276339578632,28.4716757362693],[77.0282386327456,28.4725698767671],[77.0278391734983,28.4727505618674],[77.0281416254747,28.4732059254214],[77.0282239425957,28.4733298593648],[77.0283255483426,28.4732890294925],[77.0284361830563,28.4735622630506],[77.0285042807448,28.4736823391277],[77.0285859798249,28.4738334570244],[77.0286194115265,28.4739059729755],[77.028659951597,28.4740403784228],[77.0287465671567,28.4744113753889],[77.0295932930923,28.474123271791],[77.0307135838798,28.4756890057356],[77.0314916929008,28.4770075004059],[77.0317871299331,28.4776641906959],[77.032106829563,28.4783748069389],[77.0323088319243,28.478837174595],[77.0324889010196,28.4787877977067],[77.0329955265853,28.4786600026353],[77.033138237443,28.4786309945657],[77.0332283240929,28.4786160984843],[77.0336355250213,28.4785882850901],[77.0338813957112,28.4785714915575],[77.0347278198129,28.4785285080612],[77.0351157195391,28.4784986321679],[77.0348039520333,28.4763011271327],[77.0342736585547,28.4715975489768],[77.0352227448221,28.4715532494255],[77.0353012602728,28.4715513021053],[77.0363536204585,28.4714854659196],[77.0367756651487,28.4714546672811],[77.0391620325144,28.4701235316278],[77.0433767508594,28.4749149828961],[77.043439563759,28.4748718794654],[77.04467829562,28.4739996222626],[77.0447317732272,28.4739619662508],[77.0446857687049,28.4738912396853],[77.044647919987,28.4738330527233],[77.0451833617104,28.473632725303],[77.0453289893978,28.4735762896479],[77.0468189800438,28.4730391066786],[77.0467159855015,28.4729002841928],[77.04673240401,28.4717511786248],[77.0466905380261,28.4707627489659],[77.047079300135,28.4707627489659],[77.0471212379841,28.4711658117503],[77.0474177269436,28.4711465761659],[77.0481216620716,28.4711159558942],[77.0481235754831,28.4714507600023],[77.0487934429023,28.4715012324311],[77.0488291617146,28.4709196403848],[77.0488300366737,28.4709053820608],[77.0484738034596,28.4707488072799],[77.0478893137217,28.4704919056223],[77.0473724051409,28.4702657849613],[77.046992686372,28.4700751969906],[77.0463067418042,28.4697220158012],[77.0459457798584,28.4695334871317],[77.0455700909318,28.4693173010172],[77.0454642631032,28.4692519522543],[77.0444190229644,28.46858890084],[77.0433389156163,28.4679127126417],[77.0427746703116,28.4675911065879],[77.0419929141305,28.4671455221767],[77.0409741455466,28.4665978753035],[77.0402215666459,28.4661849940322],[77.0396543272564,28.4658667010818],[77.0388236075025,28.465396789383],[77.0387472516017,28.4653552164832],[77.0380974543425,28.4649858903461],[77.0379324437064,28.4648933647346],[77.0376987559683,28.4647843497284],[77.037629823745,28.4647521931901],[77.0376068484333,28.4647423864667],[77.037364666226,28.4646448048598],[77.0371244818718,28.4645473510975],[77.0367541109717,28.4644214902],[77.0366293807928,28.4643834809281],[77.0358041048296,28.4641682682718],[77.0349979441172,28.4639643553425],[77.0348219336103,28.4639058075376],[77.0346257406539,28.4638325952929],[77.0342910472437,28.4637076993793],[77.0341158739667,28.4636425122002],[77.0339779277733,28.463591178374],[77.0339350610663,28.4635774742394],[77.0338876479856,28.4635671967295],[77.0338252959217,28.4635620579742],[77.0337116347838,28.4635671967295],[77.0336629227391,28.4635734774301],[77.0332333986759,28.4634672630173],[77.033117996603,28.4634387254028],[77.0330667324446,28.4633319517264],[77.0329858140005,28.4631634131565],[77.0327727381067,28.4630109429839],[77.0324531247151,28.4626929334649],[77.0322573916962,28.4624860095873],[77.0320269729275,28.4624751183469],[77.0319377783046,28.462468584076],[77.031841151021,28.462448980471],[77.0318015919109,28.4624332876337],[77.0317579544493,28.4624216895743],[77.0317214199667,28.4624181207582],[77.0316757523126,28.462426150002],[77.0316250109738,28.4624457780931],[77.031586447197,28.4624689742053],[77.0314565481119,28.4625983391108],[77.0311328842167,28.4629705790145],[77.030967270811,28.4631517259377],[77.0307725483967,28.4633647112598],[77.030453094007,28.4636701028777],[77.0301108754096,28.4639972536713],[77.0296531846707,28.4644834793208],[77.0291457667908,28.4650321535164],[77.028756070434,28.4654594926221],[77.0287114502156,28.4655078254221],[77.0286937965236,28.465526872502],[77.0280510761923,28.4662532768746],[77.027454860745,28.4668917129195],[77.02709966778,28.4672569299062],[77.0268443737628,28.4674925081115],[77.0267276098438,28.4675801163717],[77.0266663240802,28.4676260996432],[77.0258644231789,28.4681657850321],[77.0251159819184,28.468699664241],[77.0241471309182,28.4693994178838],[77.0235622171755,28.4698345421604],[77.0235385438728,28.469851371828]]]}},{"type":"Feature","properties":{"objectid":"15","townname":"Gurugram","towncensuscode2011":"800429","town_lgd_code":"248576","ward_lgd_code":"64217","ward_lgd_name":"Gurgaon (M Cl ) - Ward No.14","state":"Haryana","sourcewardcode":"14"},"geometry":{"type":"Polygon","coordinates":[[[77.0307135838798,28.4756890057356],[77.0295932930923,28.474123271791],[77.0287465671567,28.4744113753889],[77.028659951597,28.4740403784228],[77.0286194115265,28.4739059729755],[77.0285859798249,28.4738334570244],[77.0285042807448,28.4736823391277],[77.0284361830563,28.4735622630506],[77.0283255483426,28.4732890294925],[77.0282239425957,28.4733298593648],[77.0281416254747,28.4732059254214],[77.0278391734983,28.4727505618674],[77.0282386327456,28.4725698767671],[77.0276339578632,28.4716757362693],[77.0271933414029,28.4719435671662],[77.0269870954001,28.472302047458],[77.0261017338224,28.4714373001048],[77.0258805712944,28.4711232469248],[77.0263830152025,28.4709610484229],[77.0259111158107,28.4698618698371],[77.0256975656064,28.4699114577938],[77.0255908214962,28.4706478719451],[77.0255505284624,28.4709258408915],[77.0249698197335,28.4710701928804],[77.0250308872065,28.4712075505638],[77.0251979235437,28.4715856068386],[77.0250474467505,28.4716442562038],[77.025237576977,28.4720938710381],[77.0249697110373,28.47221625223],[77.0245058138381,28.4714382342825],[77.0244141192038,28.4712562866249],[77.0242823354533,28.4710463945576],[77.0242482174388,28.470992054889],[77.0241866738587,28.47085248979],[77.0241378459315,28.470713332768],[77.0240394669331,28.4704865603088],[77.0237642150452,28.4701158749073],[77.0236095844421,28.4699249265722],[77.0235385438728,28.469851371828],[77.0218590733805,28.4710453016524],[77.0210577482993,28.4716125234354],[77.0199660437008,28.4724013173962],[77.0185165050904,28.4734239995374],[77.01815801441,28.4736864374197],[77.0181237643431,28.4736984803958],[77.0178940094294,28.4735985696891],[77.0177409302168,28.473923763788],[77.0174694359818,28.4745874387068],[77.017287764292,28.4749733658829],[77.0168806855344,28.4758028847026],[77.0164187673238,28.476732473826],[77.0160138777606,28.4775925774942],[77.0145262532771,28.4807799176716],[77.0152907276687,28.4815749354411],[77.0141303558499,28.4821897586494],[77.01462423522,28.4827212479767],[77.0152246395115,28.4830759853968],[77.0157022414087,28.4834117306749],[77.0183280062044,28.4851277535841],[77.0193483917559,28.4857595545749],[77.0197272373623,28.4854981462779],[77.0200948504345,28.4850595192614],[77.0203993299085,28.484605270361],[77.0208099049091,28.483972594721],[77.0209122526643,28.4838427182855],[77.0211802237069,28.4835445290788],[77.0218122280351,28.4828728148476],[77.0220505816227,28.4826194847531],[77.0226786989407,28.4820467136235],[77.0228712429404,28.4819240974687],[77.0237895529261,28.4815235503185],[77.0240746620276,28.4813943238652],[77.0244899352171,28.4811946937852],[77.0246888383907,28.4810935583988],[77.0250857545074,28.4808505188162],[77.0252124106743,28.4807925030828],[77.025446100209,28.4807070471719],[77.025721711423,28.4806239434097],[77.026073137752,28.4805204552568],[77.0265833305277,28.4803879586258],[77.0274659684135,28.4801380336573],[77.027812375855,28.4800260425703],[77.0279196877006,28.4799941922999],[77.0280005208048,28.4799733672697],[77.0282109637365,28.4799390676292],[77.0288534433193,28.4798704667353],[77.0290889726036,28.4798422912425],[77.0292283390334,28.4798202415039],[77.0293245018879,28.479794516145],[77.0295795425803,28.4797099903728],[77.0305959036793,28.479414857127],[77.03085931667,28.4793271978807],[77.0314872462401,28.4790919942833],[77.0319002170476,28.4789406801895],[77.0320277652415,28.4789030472588],[77.0323088319243,28.478837174595],[77.032106829563,28.4783748069389],[77.0317871299331,28.4776641906959],[77.0314916929008,28.4770075004059],[77.0307135838798,28.4756890057356]]]}},{"type":"Feature","properties":{"objectid":"16","townname":"Gurugram","towncensuscode2011":"800429","town_lgd_code":"248576","ward_lgd_code":"64219","ward_lgd_name":"Gurgaon (M Cl ) - Ward No.16","state":"Haryana","sourcewardcode":"16"},"geometry":{"type":"Polygon","coordinates":[[[77.0463512973439,28.4783064363869],[77.0457082248731,28.4775678954738],[77.0450618510935,28.4768334704659],[77.0438851775473,28.4755066516286],[77.0433767508594,28.4749149828961],[77.0391620325144,28.4701235316278],[77.0367756651487,28.4714546672811],[77.0363536204585,28.4714854659196],[77.0353012602728,28.4715513021053],[77.0352227448221,28.4715532494255],[77.0342736585547,28.4715975489768],[77.0348039520333,28.4763011271327],[77.0351157195391,28.4784986321679],[77.0355498762142,28.4785629818752],[77.0356537007998,28.4785790110618],[77.0360071240838,28.4786491249063],[77.0371025450126,28.4788647289306],[77.0379150514241,28.4790313315952],[77.0385575310069,28.4791611839427],[77.0389157027854,28.4792395843591],[77.0392292768033,28.4793118605057],[77.0393045349629,28.4793302362979],[77.0393519192975,28.4793522861388],[77.0395888427672,28.479453196575],[77.0406776431123,28.4799317171971],[77.041418027383,28.4802513677395],[77.041879678794,28.480438946342],[77.0420734849267,28.4805174231907],[77.0423195541442,28.4805939859907],[77.0427681404578,28.480697345367],[77.0439810637207,28.4809672276618],[77.0463469557861,28.4814536523621],[77.0463908411828,28.4814633059324],[77.0474497321205,28.4816563360946],[77.0482638474148,28.481825025192],[77.0483129044124,28.4818281614465],[77.048341446584,28.4818281614465],[77.0483676288812,28.4818236639375],[77.0484706674409,28.4818059644689],[77.0488513402207,28.4816925396728],[77.0492040682086,28.4815609012205],[77.0486979034786,28.4809932188293],[77.046554905893,28.4785476649192],[77.0463512973439,28.4783064363869]]]}},{"type":"Feature","properties":{"objectid":"17","townname":"Gurugram","towncensuscode2011":"800429","town_lgd_code":"248576","ward_lgd_code":"64220","ward_lgd_name":"Gurgaon (M Cl ) - Ward No.17","state":"Haryana","sourcewardcode":"17"},"geometry":{"type":"Polygon","coordinates":[[[77.0623322094674,28.4725938468926],[77.0590584916539,28.4699659077836],[77.057643105194,28.4688143633312],[77.0573421345395,28.4685532984628],[77.0572003085224,28.4684256228885],[77.0570004944572,28.4682457445646],[77.0567808761331,28.4679846877677],[77.0565246604444,28.4676521098872],[77.0564820533505,28.467587212591],[77.0557155855972,28.4664318997992],[77.0555904314135,28.4662455606456],[77.0555027441637,28.4661190889571],[77.0552667854847,28.4658201500326],[77.0552524582542,28.4658042571094],[77.0549805894217,28.4655051988375],[77.0537826437695,28.4642584616792],[77.0531251120158,28.4635562108333],[77.0494866251963,28.459747964916],[77.0419646800811,28.4519072630696],[77.0410294925479,28.4527605829543],[77.0400133883671,28.4537442881684],[77.0391023197008,28.4546356376099],[77.038373921651,28.4553503181827],[77.0378944117322,28.4558140541998],[77.0376615064267,28.4559927231993],[77.0381448512536,28.4565176019672],[77.0396524668455,28.4581803093888],[77.0403964488688,28.4591015699457],[77.0408870170489,28.4597090275795],[77.0417524252475,28.4607806311055],[77.0413359662818,28.4614720722294],[77.041296867109,28.4615714092035],[77.0412033650644,28.4620006782096],[77.0410937175991,28.4620793598718],[77.0411325841082,28.4621196633717],[77.0409977523739,28.4622476624596],[77.0413052537805,28.462512654464],[77.0416436096222,28.4627989306896],[77.0419979599675,28.4631516990869],[77.0416588216932,28.4633355118247],[77.0413546117138,28.4635079900717],[77.0405248657336,28.4639662514705],[77.0411241615041,28.4646557859047],[77.0404557763052,28.4651499080479],[77.0405212634894,28.4652151029841],[77.0396543272564,28.4658667010818],[77.0402215666459,28.4661849940322],[77.0409741455466,28.4665978753035],[77.0419929141305,28.4671455221767],[77.0427746703116,28.4675911065879],[77.0433389156163,28.4679127126417],[77.0444190229644,28.46858890084],[77.0454642631032,28.4692519522543],[77.0455700909318,28.4693173010172],[77.0459457798584,28.4695334871317],[77.0463067418042,28.4697220158012],[77.046992686372,28.4700751969906],[77.0473724051409,28.4702657849613],[77.0478893137217,28.4704919056223],[77.0484738034596,28.4707488072799],[77.0488300366737,28.4709053820608],[77.0488291617146,28.4709196403848],[77.0487934429023,28.4715012324311],[77.0481235754831,28.4714507600023],[77.0481216620716,28.4711159558942],[77.0474177269436,28.4711465761659],[77.0471212379841,28.4711658117503],[77.047079300135,28.4707627489659],[77.0466905380261,28.4707627489659],[77.04673240401,28.4717511786248],[77.0467159855015,28.4729002841928],[77.0468189800438,28.4730391066786],[77.0453289893978,28.4735762896479],[77.0451833617104,28.473632725303],[77.044647919987,28.4738330527233],[77.0446857687049,28.4738912396853],[77.0447317732272,28.4739619662508],[77.04467829562,28.4739996222626],[77.043439563759,28.4748718794654],[77.0433767508594,28.4749149828961],[77.0438851775473,28.4755066516286],[77.0450618510935,28.4768334704659],[77.0457082248731,28.4775678954738],[77.0463512973439,28.4783064363869],[77.046554905893,28.4785476649192],[77.0486979034786,28.4809932188293],[77.0492040682086,28.4815609012205],[77.0496044158897,28.4820099045516],[77.0497927378075,28.4822274622615],[77.0503875357133,28.4829009587381],[77.0520866397844,28.4847493391503],[77.0538219154188,28.4867081695931],[77.0554152042376,28.4885706366608],[77.0559319511216,28.4891514540931],[77.0706123102245,28.4791893904121],[77.0689069233364,28.477715605333],[77.0687904882008,28.4776218756404],[77.0623322094674,28.4725938468926]]]}},{"type":"Feature","properties":{"objectid":"18","townname":"Gurugram","towncensuscode2011":"800429","town_lgd_code":"248576","ward_lgd_code":"64222","ward_lgd_name":"Gurgaon (M Cl ) - Ward No.19","state":"Haryana","sourcewardcode":"19"},"geometry":{"type":"Polygon","coordinates":[[[77.0284673545967,28.4567452810557],[77.0286616341415,28.4564091761861],[77.0290100744705,28.4556899741378],[77.0297711451455,28.4540056178688],[77.0287594337265,28.4540673295606],[77.028117670101,28.4541121261163],[77.0267300415833,28.4542687681946],[77.0262570633149,28.4523389857724],[77.0263900885371,28.4521505540446],[77.0259208050394,28.4512246337963],[77.0251881705347,28.4499079507585],[77.0250957267054,28.4497285811646],[77.0250744114803,28.449678084911],[77.0249772586824,28.449410218125],[77.0244926319596,28.4479909576712],[77.0239974581172,28.4481424116541],[77.0237783392564,28.4481951533723],[77.0233330201156,28.4482769778209],[77.0231138213048,28.4483010687729],[77.0227184808331,28.4483251605092],[77.0224523109127,28.4483240128701],[77.0221143799742,28.448290743967],[77.021883438386,28.4482551805636],[77.0215650790426,28.4481829068701],[77.0214437364106,28.448155374548],[77.0210656094564,28.4480264058464],[77.0210478740177,28.448018535847],[77.0207845544518,28.448242142647],[77.0195171205191,28.4484598220142],[77.0179052985576,28.4487800369252],[77.0164492202119,28.4490724699851],[77.0153243938306,28.4493211770533],[77.0146025462958,28.4494744733901],[77.0144656717926,28.4495117234651],[77.0142652495679,28.4495604339883],[77.013769826892,28.4496805863057],[77.0136799486512,28.4497090731361],[77.0130844186185,28.4499482731157],[77.0127302524278,28.4500640477651],[77.0124986820189,28.4501132856388],[77.0123382474007,28.4501359078829],[77.0120711090965,28.4501565350182],[77.0124731411188,28.450975771661],[77.0130525392057,28.4521214439198],[77.0133859893476,28.4529281903427],[77.0136957904413,28.453764038711],[77.0138237788097,28.4541210650484],[77.0143143577695,28.4539568864892],[77.0146208063506,28.4538716987298],[77.0149366324449,28.4537987030486],[77.0154285409114,28.4537150844961],[77.0171928743502,28.4534695690877],[77.0172224361095,28.4533883496974],[77.0173148143618,28.4532486515682],[77.0174552300239,28.4531219487113],[77.0191808622436,28.4519361307804],[77.02067000488,28.4535475399597],[77.0220593797226,28.4550777064877],[77.0237111084423,28.4571146454655],[77.0240014196876,28.457028386155],[77.0257374723646,28.4566745263813],[77.0263289042831,28.4565453240284],[77.0265163251907,28.4565532139274],[77.0265592520849,28.4565603551147],[77.0267119683781,28.456614570311],[77.0271138225339,28.4567610094877],[77.0270907106783,28.457274096271],[77.0270959298901,28.4573681591338],[77.0271132880363,28.4574516950299],[77.027141078318,28.4575052582067],[77.0271742135755,28.4575461360356],[77.0272346037188,28.4575968796791],[77.027501282984,28.4577683761284],[77.0276329966658,28.4578549396862],[77.0279675679052,28.4574256893834],[77.0283628463932,28.4568940072458],[77.0284673545967,28.4567452810557]]]}},{"type":"Feature","properties":{"objectid":"19","townname":"Gurugram","towncensuscode2011":"800429","town_lgd_code":"248576","ward_lgd_code":"64221","ward_lgd_name":"Gurgaon (M Cl ) - Ward No.18","state":"Haryana","sourcewardcode":"18"},"geometry":{"type":"Polygon","coordinates":[[[77.0405248657336,28.4639662514705],[77.0413546117138,28.4635079900717],[77.0416588216932,28.4633355118247],[77.0419979599675,28.4631516990869],[77.0416436096222,28.4627989306896],[77.0413052537805,28.462512654464],[77.0409977523739,28.4622476624596],[77.0411325841082,28.4621196633717],[77.0410937175991,28.4620793598718],[77.0412033650644,28.4620006782096],[77.041296867109,28.4615714092035],[77.0413359662818,28.4614720722294],[77.0417524252475,28.4607806311055],[77.0408870170489,28.4597090275795],[77.0403964488688,28.4591015699457],[77.0396524668455,28.4581803093888],[77.0381448512536,28.4565176019672],[77.0376615064267,28.4559927231993],[77.0378944117322,28.4558140541998],[77.038373921651,28.4553503181827],[77.0391023197008,28.4546356376099],[77.0400133883671,28.4537442881684],[77.0410294925479,28.4527605829543],[77.0419646800811,28.4519072630696],[77.0383164707954,28.4481003011941],[77.0371066404319,28.4468502467445],[77.0364471341813,28.4463391819594],[77.0359148159001,28.4460451521468],[77.0358985186642,28.4460374028483],[77.0356575779286,28.4459307261261],[77.0354388516317,28.4458465863634],[77.0352867686507,28.4457970037038],[77.0350560803874,28.4457293916669],[77.0349022888108,28.4456933321594],[77.0346596394795,28.4456452517439],[77.0344836325659,28.4456167045793],[77.0343144618316,28.4455941674633],[77.0341675046376,28.4455791419268],[77.033979536656,28.4455671226018],[77.033753975078,28.445565619495],[77.0335232868148,28.4455686249188],[77.0332840546748,28.4455881574069],[77.0330038117472,28.4456167045793],[77.0327047715723,28.4456662873234],[77.0323783911717,28.4457504264397],[77.0300843966683,28.4463989274359],[77.0293482820902,28.4466152196643],[77.0257586187064,28.4476322709146],[77.0251131701916,28.4478151430772],[77.0244926319596,28.4479909576712],[77.0249772586824,28.449410218125],[77.0250744114803,28.449678084911],[77.0250957267054,28.4497285811646],[77.0251881705347,28.4499079507585],[77.0259208050394,28.4512246337963],[77.0263900885371,28.4521505540446],[77.0262570633149,28.4523389857724],[77.0267300415833,28.4542687681946],[77.028117670101,28.4541121261163],[77.0287594337265,28.4540673295606],[77.0297711451455,28.4540056178688],[77.0290100744705,28.4556899741378],[77.0286616341415,28.4564091761861],[77.0284673545967,28.4567452810557],[77.0283628463932,28.4568940072458],[77.0279675679052,28.4574256893834],[77.0276329966658,28.4578549396862],[77.0275386879341,28.4579642501054],[77.0272210822771,28.4583987391078],[77.0268954555631,28.4588441984957],[77.0265006118597,28.4593192893471],[77.0275937923902,28.4601443781383],[77.0275542719076,28.4601830989223],[77.0273616371781,28.4603963010901],[77.0270504796283,28.4607406801125],[77.0268394914192,28.4609741950202],[77.0258304309286,28.4619972799628],[77.0250637044605,28.4627956904151],[77.0247084540033,28.4631656180834],[77.025647435122,28.4638697795003],[77.0258664309135,28.4635954997604],[77.0264544186912,28.4639541734269],[77.0265624168496,28.4638249460138],[77.0270004075343,28.4640781261195],[77.026841411119,28.4642891099989],[77.0287114502156,28.4655078254221],[77.028756070434,28.4654594926221],[77.0291457667908,28.4650321535164],[77.0296531846707,28.4644834793208],[77.0301108754096,28.4639972536713],[77.030453094007,28.4636701028777],[77.0307725483967,28.4633647112598],[77.030967270811,28.4631517259377],[77.0311328842167,28.4629705790145],[77.0314565481119,28.4625983391108],[77.031586447197,28.4624689742053],[77.0316250109738,28.4624457780931],[77.0316757523126,28.462426150002],[77.0317214199667,28.4624181207582],[77.0317579544493,28.4624216895743],[77.0318015919109,28.4624332876337],[77.031841151021,28.462448980471],[77.0319377783046,28.462468584076],[77.0320269729275,28.4624751183469],[77.0322573916962,28.4624860095873],[77.0324531247151,28.4626929334649],[77.0327727381067,28.4630109429839],[77.0329858140005,28.4631634131565],[77.0330667324446,28.4633319517264],[77.033117996603,28.4634387254028],[77.0332333986759,28.4634672630173],[77.0336629227391,28.4635734774301],[77.0337116347838,28.4635671967295],[77.0338252959217,28.4635620579742],[77.0338876479856,28.4635671967295],[77.0339350610663,28.4635774742394],[77.0339779277733,28.463591178374],[77.0341158739667,28.4636425122002],[77.0342910472437,28.4637076993793],[77.0346257406539,28.4638325952929],[77.0348219336103,28.4639058075376],[77.0349979441172,28.4639643553425],[77.0358041048296,28.4641682682718],[77.0366293807928,28.4643834809281],[77.0367541109717,28.4644214902],[77.0371244818718,28.4645473510975],[77.037364666226,28.4646448048598],[77.0376068484333,28.4647423864667],[77.037629823745,28.4647521931901],[77.0376987559683,28.4647843497284],[77.0379324437064,28.4648933647346],[77.0380974543425,28.4649858903461],[77.0387472516017,28.4653552164832],[77.0388236075025,28.465396789383],[77.0396543272564,28.4658667010818],[77.0405212634894,28.4652151029841],[77.0404557763052,28.4651499080479],[77.0411241615041,28.4646557859047],[77.0405248657336,28.4639662514705]]]}},{"type":"Feature","properties":{"objectid":"20","townname":"Gurugram","towncensuscode2011":"800429","town_lgd_code":"248576","ward_lgd_code":"64223","ward_lgd_name":"Gurgaon (M Cl ) - Ward No.20","state":"Haryana","sourcewardcode":"20"},"geometry":{"type":"Polygon","coordinates":[[[77.0196057563899,28.4470750708047],[77.0194320671297,28.4468922502824],[77.0189661136867,28.4463452559514],[77.0185519328486,28.4458547945842],[77.0172907799363,28.4443257496983],[77.0171929300457,28.4442045802611],[77.0166973034523,28.4436139139964],[77.0155583735211,28.442254869388],[77.0142089719119,28.4406828715203],[77.0140323703136,28.4409174978768],[77.0139413548057,28.4410345999577],[77.0136322570928,28.4413865175899],[77.0135896832365,28.4413500174213],[77.0133121190851,28.4416857807406],[77.013436598634,28.441809677393],[77.0136319381909,28.4420199655875],[77.0136612879478,28.4420454371092],[77.0137078431375,28.4427369691614],[77.0124770047728,28.4428080957179],[77.012345436618,28.4429078862427],[77.0119670545422,28.4435067609037],[77.0114065749752,28.4434672520339],[77.0110826200259,28.4434412382087],[77.0106733781251,28.4434018912394],[77.0095545839309,28.4432943240354],[77.0086018127743,28.4432198005353],[77.0086301195872,28.4432734001471],[77.0093533999349,28.4445923339774],[77.0095467470284,28.4449340512865],[77.0084386364979,28.4449078127101],[77.0084197161814,28.4452878934813],[77.0084378783198,28.4456964497398],[77.0084386347012,28.4465073200401],[77.0084599193836,28.446956461266],[77.0084646490136,28.4474513454102],[77.0084835675334,28.4479607832716],[77.0096045266675,28.4474409486452],[77.0106007143001,28.4469181179261],[77.0120711090965,28.4501565350182],[77.0123382474007,28.4501359078829],[77.0124986820189,28.4501132856388],[77.0127302524278,28.4500640477651],[77.0130844186185,28.4499482731157],[77.0136799486512,28.4497090731361],[77.013769826892,28.4496805863057],[77.0142652495679,28.4495604339883],[77.0144656717926,28.4495117234651],[77.0146025462958,28.4494744733901],[77.0153243938306,28.4493211770533],[77.0164492202119,28.4490724699851],[77.0179052985576,28.4487800369252],[77.0195171205191,28.4484598220142],[77.0207845544518,28.448242142647],[77.0210478740177,28.448018535847],[77.0210219881645,28.4480089913789],[77.0208800309934,28.4479487855431],[77.0206863012175,28.4478577433544],[77.0204725300277,28.4477439409032],[77.0203080269396,28.4476433532473],[77.0201034410236,28.4475082578664],[77.0199289172285,28.4473731623129],[77.0197969807644,28.4472593593403],[77.0196992808924,28.4471705186592],[77.0196057563899,28.4470750708047]]]}},{"type":"Feature","properties":{"objectid":"26","townname":"Gurugram","towncensuscode2011":"800429","town_lgd_code":"248576","ward_lgd_code":"64228","ward_lgd_name":"Gurgaon (M Cl ) - Ward No.25","state":"Haryana","sourcewardcode":"25"},"geometry":{"type":"Polygon","coordinates":[[[77.0912369419368,28.4130522361933],[77.0912524774013,28.4129565892712],[77.091319780979,28.4127129174118],[77.0916950620704,28.4113541997227],[77.0911087918716,28.4110666220016],[77.0908210902322,28.4111621702854],[77.0893446901981,28.410435761285],[77.088705047495,28.4109660863944],[77.0879624363007,28.4116800403418],[77.0875490190306,28.4112119516901],[77.0868680358581,28.4103935986838],[77.0865205010308,28.4105619558523],[77.0864183221589,28.4103962542913],[77.0857439380105,28.410730297741],[77.0851395398092,28.4110799426206],[77.0836719486548,28.4118160490087],[77.0818538869788,28.4118042036245],[77.0813752358494,28.4118327456886],[77.0786459536919,28.4122864231495],[77.0780903941977,28.4123914579663],[77.0779427614707,28.4124061468879],[77.0777067452994,28.4130365139046],[77.074639485491,28.4119795044293],[77.0748227175545,28.411558376049],[77.0745415646335,28.4112840207109],[77.0740056315316,28.410732809538],[77.0737653393796,28.4103090103194],[77.0736991173735,28.4102481477733],[77.0733680118345,28.4101959623532],[77.0733230044422,28.4097461768054],[77.0730286292185,28.4091420210636],[77.0725775680464,28.4085394800786],[77.0725909655205,28.4083997551309],[77.0725993872263,28.4079064811972],[77.0725312751648,28.4064213879305],[77.0725193131985,28.4050535650741],[77.0725223036901,28.404543256925],[77.0724670105877,28.4044303102686],[77.071696931607,28.4044248865504],[77.0705547488761,28.4044268264147],[77.0701478623581,28.4044275170222],[77.0701478623581,28.4044893326947],[77.0701478623581,28.4045511483313],[77.0696542641606,28.4045434410341],[77.0682071501031,28.4046208869395],[77.067617841802,28.4046094690214],[77.0662081749154,28.4045980518923],[77.0655254085871,28.4046026190602],[77.0655383883446,28.4043034754708],[77.0642113862271,28.4042839922556],[77.0641825512048,28.4049751483726],[77.0633355494864,28.4052429569602],[77.0626417581346,28.4052534787656],[77.0622380426694,28.4051535215719],[77.0621463435436,28.4050796468065],[77.0612780993636,28.4043801685204],[77.0600996193053,28.4038764534909],[77.0598426077092,28.403739440591],[77.0586821640252,28.4031594174049],[77.0586172616443,28.403122880349],[77.0585705330798,28.4030840596639],[77.0582797726769,28.4027849117869],[77.0577527706255,28.402099838458],[77.0571972111313,28.401467283906],[77.0569947173916,28.4011909680409],[77.0567269008593,28.4007415235541],[77.0558204728898,28.399561051526],[77.0552223772686,28.3986350820643],[77.0552074248107,28.3985824705308],[77.0552014438275,28.3984982907585],[77.0552014438275,28.3984404171262],[77.0552014438275,28.3983878054961],[77.0550483511402,28.3980318365067],[77.0548867073897,28.3977289658701],[77.0546193121672,28.3971854488989],[77.0543259556331,28.3966510641616],[77.0540274077349,28.3961235272396],[77.05466604163,28.3959020071779],[77.0561847433308,28.395326507869],[77.0559914106103,28.3945829344972],[77.0580809018426,28.3946042607599],[77.0584491051079,28.392605563453],[77.0586404956708,28.3926502864519],[77.0586379705065,28.392311958113],[77.058631524196,28.391448025189],[77.0588259052504,28.3914585483642],[77.0600490297817,28.3919225501232],[77.0604347834327,28.3920688883656],[77.0612164866132,28.3916249378324],[77.0614009242158,28.3915626784294],[77.0618348069047,28.3913957246136],[77.0620360430031,28.3913482833598],[77.0626540120533,28.3912025953028],[77.0629323218065,28.39113398664],[77.0632177192672,28.3910636306493],[77.0635822044055,28.3908401014197],[77.0636398861282,28.3908436931971],[77.0641494905074,28.3908754225339],[77.0645656602156,28.3907861259613],[77.0654960848813,28.3905778128352],[77.0659237718897,28.3904325283392],[77.066326747143,28.3903063635357],[77.0663133496689,28.3900588565322],[77.0673963217445,28.3900510912811],[77.0673851377192,28.3892574015433],[77.0675823278055,28.3892491810312],[77.0675737084704,28.3889935316364],[77.0675295760371,28.3885413255287],[77.0674568852626,28.3885436094587],[77.0674172956097,28.3882257214986],[77.0674294641886,28.3879045497128],[77.0673929575537,28.3877439638501],[77.0672428715276,28.3873050262319],[77.0671130685623,28.3868232643998],[77.0668980810536,28.3863843237601],[77.0666587554889,28.3857562426024],[77.0664306337124,28.3854687250189],[77.0663130433433,28.3853070804014],[77.066203483913,28.3850948444608],[77.0659550539228,28.3847052337207],[77.0657538654352,28.3843897099485],[77.0656479226221,28.3842402195871],[77.0661123561156,28.3838989291535],[77.066203632135,28.383837976358],[77.0664119864837,28.3836988400349],[77.0665353629014,28.3834988667165],[77.0665573464731,28.3832046252331],[77.0662830009853,28.3821527216918],[77.0664624807858,28.3818521371798],[77.0666511162157,28.3817756230419],[77.0666613839594,28.3817543819259],[77.0667624336491,28.381545351604],[77.0671171244558,28.380777855831],[77.0674235353077,28.3802350320224],[77.0685706003822,28.3791267639483],[77.0686043491891,28.3788069927823],[77.0687401385275,28.3786452779426],[77.0691041852879,28.3782117261397],[77.0695374993433,28.3778600854207],[77.0698089262047,28.377639817869],[77.0698773167439,28.3775943274133],[77.0706083962649,28.3771329644428],[77.071003119594,28.376920319327],[77.071646944853,28.3765799838222],[77.0722933671416,28.3762693409652],[77.0724575836671,28.3761829730932],[77.0736168191171,28.3755937365785],[77.0746036777455,28.375225371299],[77.0748638496147,28.375075393787],[77.0757550125126,28.3747359700056],[77.0757507509048,28.3744811692792],[77.0757483497081,28.3743376363705],[77.0757292551184,28.3740878450007],[77.0757182893837,28.3739443969225],[77.0755002664676,28.3739558363229],[77.0753010578669,28.3739662885176],[77.0738717780627,28.3732884942795],[77.0734460224321,28.3732770729864],[77.0731500706651,28.3732245366033],[77.0723977612591,28.3730725518018],[77.0712214452423,28.3728678025864],[77.0711692674973,28.3723565340621],[77.0711026196898,28.3722452137587],[77.0706159178587,28.3714867127894],[77.0705238692882,28.3713432588228],[77.0703748702236,28.3710842125206],[77.0699958431574,28.371164161618],[77.0697466208533,28.3707438582917],[77.0690780407199,28.3705826575797],[77.0683765418229,28.370574700411],[77.0683746275131,28.3704517661491],[77.0683497468747,28.3704248214502],[77.0682876283728,28.3703920813673],[77.0676230340643,28.3703052795106],[77.0666313344148,28.370232182739],[77.0661017362323,28.3702070559592],[77.0657772270225,28.3701910656841],[77.0653281071097,28.3701408113086],[77.0649438886795,28.3700837047174],[77.0643415997225,28.3699694906525],[77.0640664161066,28.3699078153067],[77.0638197890352,28.3698415712596],[77.0632226932389,28.3696633971109],[77.0628151096282,28.3695651729653],[77.0620877940483,28.3694818419973],[77.0619282918814,28.3694862280889],[77.061288132647,28.3694569553303],[77.0599386627659,28.3694966443643],[77.0587764529941,28.3695768689367],[77.0583361590289,28.3696309603175],[77.0577225908252,28.369660399018],[77.0572723345436,28.3697567671524],[77.0564367243613,28.3700280256034],[77.0555362117979,28.3703349749114],[77.0542260072779,28.3707097374434],[77.0534508591041,28.3708975885121],[77.052883102285,28.3709854806611],[77.0506947900832,28.3714232393416],[77.0506409612348,28.3713443005902],[77.0495528552873,28.371886393715],[77.0491338882253,28.3720414185525],[77.0490978738673,28.3720547448669],[77.048945359695,28.3720626386918],[77.0489110135084,28.3717510530811],[77.0488586354391,28.3712758877486],[77.0483920837182,28.3713450751973],[77.0477940249279,28.371433764504],[77.047740567982,28.371001475559],[77.0477248690241,28.3709597067072],[77.0476990388664,28.370926233281],[77.0475506255033,28.3707773183383],[77.0474118097408,28.3706646463398],[77.0467176815208,28.3701672233338],[77.0464861766889,28.3700032489336],[77.0457313564917,28.3694725299502],[77.0455240307139,28.3693267572992],[77.0453607933521,28.3693762651039],[77.0452361790559,28.3694140587176],[77.0451621785377,28.369316388433],[77.0450989901423,28.3692329892924],[77.0449497251764,28.3693074225799],[77.044438006163,28.369556892435],[77.0428276304892,28.3702029157192],[77.0427296772922,28.370245407316],[77.0419550528362,28.370546072146],[77.0412478343659,28.3709192080415],[77.0407183224217,28.3711880029539],[77.0406124901014,28.3712390559441],[77.0404137450313,28.3713605349298],[77.0401920381242,28.3714747783235],[77.0396101112798,28.3717221469083],[77.0391687923369,28.371933951172],[77.0383210126775,28.3723158462317],[77.0375421912924,28.3726727559937],[77.036556495084,28.3730939084744],[77.0356722087896,28.3734294013188],[77.0353233615238,28.3735436108686],[77.0349866828368,28.3736399762663],[77.034674343104,28.3737006495893],[77.0329179390942,28.3740754002321],[77.0315550016705,28.3744215974192],[77.0310127776666,28.3745559016046],[77.0305966861119,28.3746782130254],[77.0304964502958,28.3747076771986],[77.0304367150244,28.3747252365078],[77.030492527353,28.3748091798612],[77.0305159661954,28.3748444335996],[77.031361817172,28.3761427498929],[77.0319259043732,28.3769569191603],[77.032648444509,28.3783677597209],[77.0330180635192,28.3790010567455],[77.0331825396578,28.3794009820313],[77.0333290728469,28.3797509152218],[77.0334815879176,28.3801929348595],[77.0336932768126,28.3807532097079],[77.0338024948831,28.3809826269239],[77.0340442620688,28.38144046799],[77.0340650850171,28.3814674098908],[77.0340773344443,28.3814846527353],[77.0340846835617,28.3814954290178],[77.0341153062314,28.3815223709046],[77.0341545033205,28.3815590118282],[77.0341741009667,28.3815794871447],[77.0341912498055,28.3816031965241],[77.0343568407534,28.3818722765466],[77.0343231467437,28.3818962624784],[77.0342678473532,28.3819356283528],[77.0332486889004,28.3826569493587],[77.033166390644,28.3827983916511],[77.0327577739707,28.3832732769629],[77.0326840869645,28.3833534784711],[77.0324534624816,28.3835582485422],[77.0322680960211,28.3837228342472],[77.0322111176792,28.3838882598088],[77.0321357876545,28.3839604817679],[77.0311440664454,28.3845442399507],[77.0299330601873,28.3852185054353],[77.0296522692874,28.3853939126585],[77.0294943697149,28.385510005278],[77.0281882210885,28.3861487941571],[77.0279860857765,28.3862660010693],[77.0275125155183,28.3865122587664],[77.0263879083259,28.3870970555772],[77.0262329570242,28.3871776303747],[77.0258717785844,28.3873252183032],[77.0252317999114,28.3875998395739],[77.0244847285818,28.3879204140319],[77.0235314732332,28.3884177387653],[77.0223389471171,28.3889215904953],[77.0221280164002,28.3891000175859],[77.0212072225727,28.3895318099655],[77.019199323521,28.3903133139956],[77.0183393743844,28.3906487523686],[77.0182298526832,28.3906237726744],[77.0180513727076,28.3906523204443],[77.0178201607266,28.3907807861037],[77.0172826115555,28.3910581280104],[77.0170827139469,28.3906127815755],[77.0170778459764,28.3905452662677],[77.0167289987105,28.3897958800535],[77.0158852758428,28.3881828988608],[77.0154228509823,28.387155144832],[77.0152200320524,28.3866805195279],[77.0148636353449,28.3861053550326],[77.0146013191971,28.3856288195944],[77.0144757868227,28.3854007709741],[77.0144372284358,28.3853307225613],[77.0140464576939,28.3842341704834],[77.0139158183971,28.3839480247223],[77.0136903924647,28.3834542607768],[77.0136660364424,28.3834138830593],[77.0133604538373,28.3828957539394],[77.0133463502873,28.3828718393632],[77.0132732391013,28.3827478769071],[77.0132234778245,28.3826805233507],[77.0130406095787,28.3825030646786],[77.0128140508708,28.3822832082594],[77.0120996961838,28.3825774428156],[77.0117826645504,28.3827371418491],[77.0112793420899,28.3827423928045],[77.0110642809193,28.3828848244753],[77.0097723382508,28.3836293049986],[77.0092335691675,28.3839888116227],[77.0087533082571,28.3843657182581],[77.0083323298672,28.3845286193343],[77.0073101270239,28.3849390183557],[77.0071148368744,28.385040996479],[77.006328435505,28.3854935099309],[77.0056137825773,28.385835993338],[77.0050064765295,28.3860463895438],[77.0040730874234,28.386369753728],[77.0027697172861,28.3865128752022],[77.002719955111,28.3863478646931],[77.002635743443,28.386369753728],[77.0021381270812,28.3865229784264],[77.0016577368134,28.3867587071442],[77.0011983994625,28.3869860162853],[77.0008864325306,28.3871813337081],[77.0009170444206,28.3875069357072],[77.0007225959925,28.3875084364772],[77.0002074373299,28.3852209435477],[76.9993412565801,28.3834229631076],[76.9990878813643,28.3830618762799],[76.9982865248421,28.38184765913],[76.9981916564599,28.3816666053954],[76.9979128184974,28.3807743980713],[76.9976526466282,28.3803639536892],[76.9973446268936,28.3799087793638],[76.9971039565509,28.3800422696534],[76.9968482079862,28.3801903037863],[76.9965641121843,28.3803639536892],[76.9962680544161,28.3805323411783],[76.9961544166344,28.3806112730923],[76.9959002257483,28.3808191260611],[76.9957118247787,28.3810032991472],[76.9955174437243,28.3811953650588],[76.9953439961109,28.3813558580951],[76.9952333488207,28.3814584687749],[76.9951645675144,28.3815084577671],[76.9938803988662,28.3822406693224],[76.9934566446821,28.3825323449018],[76.9926127538295,28.3831148543257],[76.9917763531297,28.3834766151201],[76.9904399824821,28.3841384690961],[76.9892917684624,28.384663230009],[76.9883571828003,28.3849327369395],[76.9881772592321,28.3849994821045],[76.9861378634499,28.3857905316879],[76.9859024527432,28.3859033456803],[76.9850545922353,28.3861912730437],[76.984534009545,28.3863916435487],[76.9840711948157,28.3866378566971],[76.9832232462729,28.3870388959541],[76.9823862463968,28.3876149033707],[76.981949238469,28.3876786065878],[76.981791380219,28.3877016175647],[76.9816019030677,28.3877319253141],[76.9814641024014,28.3877672838174],[76.9812306051063,28.387841369805],[76.9809320356486,28.3879861726132],[76.9804918369048,28.3882185306539],[76.9800784331094,28.3884710934732],[76.9799827373788,28.3885350759375],[76.9798985257108,28.3886142121107],[76.9798372812697,28.3886899808159],[76.9796190957586,28.3890940786087],[76.9795008082969,28.3893036203771],[76.9791980356219,28.3898399728061],[76.9790162148118,28.3897254789192],[76.9789359799856,28.3899017701185],[76.9781977049592,28.3905183677677],[76.9774430150177,28.3909229430263],[76.9777346863123,28.3912350974135],[76.9783795527188,28.3918893377776],[76.9792031048151,28.3927455526274],[76.9797984875242,28.3934292647676],[76.9801977850747,28.3938620707861],[76.980786036957,28.3945018682655],[76.9825507917057,28.3963020615323],[76.9835026905982,28.3972241002668],[76.9846114551023,28.3983342993173],[76.985517006316,28.3992782723273],[76.986244299438,28.4000152556631],[76.9871035038713,28.4008870855013],[76.9877452324625,28.4015362485772],[76.9879484466511,28.4017871313303],[76.9881873122784,28.4021101424842],[76.9882871375644,28.4022449915939],[76.9883798311253,28.4023704326007],[76.9884582648294,28.4025084176158],[76.9888145582306,28.4031354228511],[76.9894551729109,28.4043261146194],[76.9902100290408,28.4057589358695],[76.9904052392402,28.4056719124836],[76.9906400417875,28.40556912138],[76.9910065436436,28.4054086760643],[76.9930479588385,28.4045149878753],[76.9952789580843,28.4037300209279],[76.997473449797,28.4030164084879],[76.9997774632107,28.4023848582003],[77.0020855334163,28.4018781878648],[77.0033795125656,28.4016177155856],[77.0048683003675,28.401433601227],[77.0052851599818,28.4013774565564],[77.0059680763288,28.4012854774374],[77.0067045888605,28.4011622113379],[77.0075046509104,28.401037511683],[77.0078028403808,28.4009916448612],[77.0079690448781,28.4009687110477],[77.0081662080149,28.4009414777798],[77.0083405593335,28.4009228449862],[77.0085589065414,28.4009070782267],[77.0088685019209,28.400884144395],[77.0090265595968,28.4008726778723],[77.0092709768126,28.4008569111053],[77.0095528726403,28.4008425777506],[77.0124809870045,28.4007882067566],[77.0140315187107,28.4007827725794],[77.0144681322782,28.4007761341433],[77.017255294686,28.4007193111358],[77.0203286558518,28.4007011097505],[77.022614780215,28.4006650238395],[77.0261559839808,28.4006150699567],[77.0264812989794,28.4006064212483],[77.0281518357262,28.4005463931081],[77.029195728392,28.4005124517416],[77.0304815616183,28.4004619983816],[77.0310106010487,28.4004467119941],[77.0311709539202,28.4004420790606],[77.031371008734,28.4004491623994],[77.0316776504528,28.4004750200587],[77.0333153636574,28.4006184188123],[77.0333757636821,28.4006233630757],[77.03555730618,28.4007895445582],[77.0368804221855,28.4009042113992],[77.0384247141939,28.4010567758213],[77.0386998331311,28.401082860118],[77.0392248570921,28.4011430562654],[77.0397443582108,28.4011882379245],[77.0399733306919,28.4012036024341],[77.0403117440257,28.4012263102016],[77.0407062194198,28.4012437845196],[77.0418945081827,28.4012756735226],[77.043149056681,28.4013114494705],[77.0437092586685,28.4013059829222],[77.044481818796,28.4013050465447],[77.0451266825076,28.4013640177689],[77.0451660556665,28.4013696344506],[77.0452267108128,28.4013789950592],[77.045273532802,28.4013920995938],[77.045310777852,28.4014052041268],[77.045366406026,28.4014236882795],[77.0457365873815,28.4015466925219],[77.0461173401113,28.4016748051952],[77.0483483384588,28.4023670182153],[77.0490987658943,28.4026132163813],[77.0496544870853,28.4028237325816],[77.0508041231381,28.4033667647018],[77.0511931727079,28.4035442595635],[77.051380951145,28.4036228393098],[77.0520233283198,28.4038778062668],[77.0543476975579,28.4047504774575],[77.0568261350538,28.4056995641102],[77.0591463738382,28.4065701485145],[77.0619371510667,28.4076226883915],[77.0651741277851,28.4088429092555],[77.0682691311627,28.4099953263311],[77.0713560227533,28.4111691375501],[77.0742279268352,28.4121859550696],[77.0744655707537,28.4122726483688],[77.0745138498104,28.4122902607143],[77.0765359970408,28.4130279436405],[77.0796807634919,28.4141562488552],[77.0827520899735,28.414978524029],[77.0864028980854,28.4160240544912],[77.089687314834,28.4169682593874],[77.0907280678879,28.4172682686833],[77.0909856777619,28.4173214247781],[77.0910978845274,28.4173314436877],[77.0909951226488,28.4164285442191],[77.0909117428207,28.4157286842065],[77.0909076860289,28.4155467339249],[77.0909890042234,28.4148378807987],[77.0910017980297,28.414726354643],[77.0910902227964,28.4139555508065],[77.0912135057893,28.413196528912],[77.0912369419368,28.4130522361933]]]}},{"type":"Feature","properties":{"objectid":"21","townname":"Gurugram","towncensuscode2011":"800429","town_lgd_code":"248576","ward_lgd_code":"64224","ward_lgd_name":"Gurgaon (M Cl ) - Ward No.21","state":"Haryana","sourcewardcode":"21"},"geometry":{"type":"Polygon","coordinates":[[[77.0122136079517,28.4593170511702],[77.0123573743298,28.4592522340496],[77.0124871530406,28.459484325943],[77.012634054539,28.4597470377427],[77.0127352758069,28.4598569866966],[77.0132912440345,28.4595882019392],[77.0137199102066,28.4594028789845],[77.013842413462,28.4593528280366],[77.0142401147062,28.45918178748],[77.0147174237527,28.4589765089097],[77.0149315066579,28.4588870154628],[77.0150848347039,28.4588263680254],[77.0154859657159,28.4586677045866],[77.0161088557373,28.4583933355296],[77.0167157575432,28.4581386222932],[77.0171556275035,28.4588871070752],[77.0172805373455,28.4590849928692],[77.0178263159829,28.458849757634],[77.0178772369848,28.458937053995],[77.0182769612351,28.4587579848233],[77.0183481931455,28.4588817414306],[77.0184358193099,28.4588440200094],[77.018474218695,28.4589182900418],[77.0189489980856,28.4587199403446],[77.0191984261041,28.4586127362184],[77.0190073382735,28.4581968384314],[77.0198968338981,28.4578863567292],[77.0210390202223,28.4574696765786],[77.0208613954428,28.4570692839127],[77.0207995320625,28.4568833397259],[77.0213833193179,28.4569090335439],[77.0218617629365,28.4569472729594],[77.021985266915,28.4569606936341],[77.0223389381339,28.457010737027],[77.0223850037417,28.4570197001971],[77.0224740986516,28.4570370357825],[77.0231928344222,28.4572087921863],[77.0234354406344,28.4572834890559],[77.0234886703065,28.45729508452],[77.0235100286507,28.4572927373113],[77.0235413969221,28.4572851088828],[77.0235907862965,28.4572587035695],[77.0236328346383,28.457225257409],[77.0236635615126,28.4571942153127],[77.0236892138038,28.4571613259232],[77.0237111084423,28.4571146454655],[77.0220593797226,28.4550777064877],[77.02067000488,28.4535475399597],[77.0191808622436,28.4519361307804],[77.0174552300239,28.4531219487113],[77.0173148143618,28.4532486515682],[77.0172224361095,28.4533883496974],[77.0171928743502,28.4534695690877],[77.0154285409114,28.4537150844961],[77.0149366324449,28.4537987030486],[77.0146208063506,28.4538716987298],[77.0143143577695,28.4539568864892],[77.0138237788097,28.4541210650484],[77.0136957904413,28.453764038711],[77.0133859893476,28.4529281903427],[77.0130525392057,28.4521214439198],[77.0124731411188,28.450975771661],[77.0120711090965,28.4501565350182],[77.0106007143001,28.4469181179261],[77.0096045266675,28.4474409486452],[77.0084835675334,28.4479607832716],[77.0084492177536,28.4479752547893],[77.0076494108253,28.4483425962503],[77.0069881061474,28.4486521020943],[77.0069451397273,28.4486734782858],[77.0069267161792,28.4486846078997],[77.0070043153484,28.4492412908761],[77.0077744563128,28.4492210521608],[77.0077768296618,28.449670769496],[77.0077806133658,28.4499211551238],[77.0077816572081,28.4499902359317],[77.0081967094121,28.4499889279754],[77.0082088510415,28.4503821355566],[77.0082095678971,28.4504053414243],[77.0092197845195,28.4504086681696],[77.0092210466525,28.4503554094296],[77.0098441882021,28.4503433029768],[77.0098629935343,28.4507230348572],[77.0105515423181,28.4507176316766],[77.0105754114535,28.4511303601144],[77.0107146467293,28.4514766301319],[77.0105674550751,28.4515885559107],[77.0104172882006,28.4517725806807],[77.0103061504303,28.4519490505593],[77.0101492237333,28.4521547977073],[77.0100783924714,28.4522304522406],[77.0098616433664,28.4524226583305],[77.0094534785457,28.4527570856845],[77.0092974851983,28.4528848970779],[77.0094670089705,28.4529330666093],[77.0091762620423,28.4534687792851],[77.0089454165739,28.4538659308226],[77.0088708896429,28.454390512129],[77.0089615548079,28.4544814341729],[77.0088978256267,28.4546355681081],[77.0085283521436,28.4553455604958],[77.0090188978658,28.455664821817],[77.0087495515026,28.4559258513909],[77.0082822496884,28.4561883959128],[77.0084558634901,28.4565291169577],[77.008800776135,28.4563578514834],[77.0093488535612,28.456084249629],[77.0096963973716,28.4568630724619],[77.0097684036298,28.4570068481688],[77.0091969241922,28.4572694373925],[77.009072555136,28.4575022381165],[77.0090022287274,28.4576338781145],[77.0095621980513,28.457858410725],[77.0097929968073,28.4578634004911],[77.0102433384289,28.4578830452248],[77.0102886458586,28.4578850220184],[77.010746366242,28.4584710200343],[77.010780192304,28.4585143268068],[77.0109148713247,28.4586975655536],[77.0110106928194,28.4588597520779],[77.0106901918923,28.4590307955248],[77.0106554136161,28.4590468403109],[77.0106797894013,28.4591026929853],[77.0105096170455,28.4591988747262],[77.0102046336166,28.4593712515268],[77.0098599168044,28.4595660847928],[77.0098141395559,28.45959671236],[77.0097732689054,28.4596240576895],[77.0097963142857,28.45964086687],[77.0098273385023,28.4596634957629],[77.0105486766923,28.460189638073],[77.0106477357154,28.4602618909233],[77.0114021229247,28.4603376288972],[77.0119510151228,28.4603581008303],[77.0122412185703,28.4601740341423],[77.0125492832206,28.4599675325903],[77.012608736421,28.4599276800093],[77.0124858585682,28.4597740781877],[77.0122136079517,28.4593170511702]]]}},{"type":"Feature","properties":{"objectid":"27","townname":"Gurugram","towncensuscode2011":"800429","town_lgd_code":"248576","ward_lgd_code":"64229","ward_lgd_name":"Gurgaon (M Cl ) - Ward No.26","state":"Haryana","sourcewardcode":"26"},"geometry":{"type":"Polygon","coordinates":[[[77.0267035826049,28.426241322902],[77.0267222540881,28.4262412770817],[77.0269060826329,28.4262461759087],[77.0272389506665,28.4262910324373],[77.0276596155444,28.4263919263769],[77.029511123295,28.4268549432665],[77.0325100716159,28.4275737765393],[77.0348385677144,28.4281469423984],[77.0370397896051,28.4286370924457],[77.0370530783832,28.4286400517411],[77.0376174431638,28.42658959726],[77.0386113373975,28.423218343145],[77.0392329706758,28.4209686039174],[77.0403686424175,28.417141334697],[77.04205938497,28.4177012001227],[77.0442892298806,28.4185195172039],[77.0442809447187,28.4185240355776],[77.0428978059808,28.419278353205],[77.0422853705527,28.419571555946],[77.0427658290925,28.420347179291],[77.0450000002896,28.4192994011368],[77.0446078209894,28.4187694037594],[77.0446714890851,28.4186573358111],[77.0470632993432,28.4194174846891],[77.0478680955147,28.4196313592002],[77.0478868963552,28.4202425971638],[77.0490176435326,28.4202515515986],[77.0496246252886,28.4202517364705],[77.0496479518416,28.420067685312],[77.0506026247317,28.4203694168254],[77.0513592873736,28.420655518757],[77.0516326878337,28.4207771560074],[77.0519289665874,28.4209372541236],[77.0522751772979,28.4202618380581],[77.0535381322306,28.4203363200536],[77.0535402145254,28.4197584442622],[77.0538558142443,28.4197550106859],[77.0549246980413,28.4197611336072],[77.0561146594673,28.4197647868185],[77.0561178880124,28.4200913473686],[77.0554039627201,28.4200835843185],[77.0553859820414,28.4203379325457],[77.0547444645543,28.4203290026096],[77.0547013588954,28.4216840705098],[77.0560419156922,28.4217320527883],[77.0560371177903,28.4226962317387],[77.0542931572438,28.4226991959404],[77.0537219203512,28.4226848268296],[77.0541759666251,28.4232593471989],[77.0549328736087,28.4241932338882],[77.0554285792538,28.4241753596554],[77.0567485664273,28.4241676640565],[77.0567313645879,28.4246659112525],[77.0573521291953,28.4246710100269],[77.0573860037664,28.4240776426522],[77.0580823005195,28.4240923489132],[77.0581099075448,28.423626167738],[77.0588581251248,28.4236330219991],[77.058855527197,28.4241014049354],[77.0594719017376,28.4240947979815],[77.0594766646052,28.4244305828741],[77.059646771384,28.4245870911524],[77.0601829721839,28.4241757301754],[77.0601285369726,28.423146358879],[77.0587728543431,28.423136133532],[77.0588258917757,28.4205498798494],[77.0595204377124,28.4205518794621],[77.06022712977,28.4205563234845],[77.0602104255973,28.420949354461],[77.0609073835104,28.4209482902697],[77.0609031551404,28.4192563911717],[77.0611402681546,28.4192631793508],[77.0611377609566,28.4193955274251],[77.061582158426,28.4194007591829],[77.0615771700812,28.4194767997754],[77.0622737560919,28.4194742313018],[77.0622666737742,28.4210671620277],[77.0615866491041,28.421083592584],[77.0615842541956,28.4214812883785],[77.062683594474,28.4214798236415],[77.0640016987786,28.4204395882363],[77.0641350896151,28.4203353348611],[77.0649809253203,28.4197079487151],[77.0654447147217,28.4193691916592],[77.0650343112994,28.4193828430579],[77.0650378865942,28.4182586868611],[77.0658994068842,28.4182699705768],[77.0660778769784,28.4185235125555],[77.0664538174332,28.4185181164211],[77.0664702808574,28.4164902051435],[77.0682219893733,28.41651990736],[77.0682401056976,28.4170390572113],[77.0689895171385,28.4170636419617],[77.0692390008525,28.4167953070468],[77.0696976231444,28.4163325772037],[77.070891133814,28.4153480769365],[77.0721446645211,28.4143206977639],[77.0727998112476,28.4137920968554],[77.0735348388643,28.4131983951361],[77.0743258135567,28.4125193118014],[77.0745138498104,28.4122902607143],[77.0744655707537,28.4122726483688],[77.0742279268352,28.4121859550696],[77.0713560227533,28.4111691375501],[77.0682691311627,28.4099953263311],[77.0651741277851,28.4088429092555],[77.0619371510667,28.4076226883915],[77.0591463738382,28.4065701485145],[77.0568261350538,28.4056995641102],[77.0543476975579,28.4047504774575],[77.0520233283198,28.4038778062668],[77.051380951145,28.4036228393098],[77.0511931727079,28.4035442595635],[77.0508041231381,28.4033667647018],[77.0496544870853,28.4028237325816],[77.0490987658943,28.4026132163813],[77.0483483384588,28.4023670182153],[77.0461173401113,28.4016748051952],[77.0457365873815,28.4015466925219],[77.045366406026,28.4014236882795],[77.045310777852,28.4014052041268],[77.045273532802,28.4013920995938],[77.0452267108128,28.4013789950592],[77.0451660556665,28.4013696344506],[77.0451266825076,28.4013640177689],[77.044481818796,28.4013050465447],[77.0437092586685,28.4013059829222],[77.043149056681,28.4013114494705],[77.0418945081827,28.4012756735226],[77.0407062194198,28.4012437845196],[77.0403117440257,28.4012263102016],[77.0399733306919,28.4012036024341],[77.0397443582108,28.4011882379245],[77.0392248570921,28.4011430562654],[77.0386998331311,28.401082860118],[77.0384247141939,28.4010567758213],[77.0368804221855,28.4009042113992],[77.03555730618,28.4007895445582],[77.0333757636821,28.4006233630757],[77.0333153636574,28.4006184188123],[77.0316776504528,28.4004750200587],[77.031371008734,28.4004491623994],[77.0311709539202,28.4004420790606],[77.0310106010487,28.4004467119941],[77.0304815616183,28.4004619983816],[77.029195728392,28.4005124517416],[77.0281518357262,28.4005463931081],[77.0264812989794,28.4006064212483],[77.0261559839808,28.4006150699567],[77.022614780215,28.4006650238395],[77.0203286558518,28.4007011097505],[77.017255294686,28.4007193111358],[77.0144681322782,28.4007761341433],[77.0140315187107,28.4007827725794],[77.0124809870045,28.4007882067566],[77.0095528726403,28.4008425777506],[77.0092709768126,28.4008569111053],[77.0090265595968,28.4008726778723],[77.0088685019209,28.400884144395],[77.0085589065414,28.4009070782267],[77.0083405593335,28.4009228449862],[77.0081662080149,28.4009414777798],[77.0079690448781,28.4009687110477],[77.0078028403808,28.4009916448612],[77.0075046509104,28.401037511683],[77.0067045888605,28.4011622113379],[77.0059680763288,28.4012854774374],[77.0052851599818,28.4013774565564],[77.0048683003675,28.401433601227],[77.0033795125656,28.4016177155856],[77.0020855334163,28.4018781878648],[76.9997774632107,28.4023848582003],[76.997473449797,28.4030164084879],[76.9952789580843,28.4037300209279],[76.9930479588385,28.4045149878753],[76.9910065436436,28.4054086760643],[76.9906400417875,28.40556912138],[76.9904052392402,28.4056719124836],[76.9902100290408,28.4057589358695],[76.9908570244544,28.4069478985405],[76.9916833990574,28.4084664823578],[76.9927139535378,28.4103381698737],[76.9942068655051,28.4130672465957],[76.9954880957639,28.4154483934805],[76.9967804669289,28.4178196891825],[76.9975660283735,28.4192702685416],[76.9988707594585,28.4216733528266],[76.999569091794,28.4229595342154],[77.0000985183983,28.4238750697218],[77.0002339942246,28.4240663279545],[77.000442632441,28.4243261928054],[77.0006352977132,28.4245707306614],[77.0013817536968,28.425423153196],[77.0024290195365,28.4266625840681],[77.0041113305017,28.4286711164381],[77.0046205557919,28.4292669078019],[77.0059892469251,28.4309144259159],[77.0068803541274,28.4319973404227],[77.0072051013908,28.4323468866354],[77.0080115064449,28.4331644301028],[77.0082138052503,28.433369522583],[77.009221070907,28.4345433424616],[77.0099618477414,28.4354097708448],[77.0102637804916,28.435757368075],[77.0103408855874,28.4358488812103],[77.0109990829927,28.4354100109859],[77.011555096136,28.4350392728954],[77.0122464009512,28.4345783235469],[77.0134462052177,28.4337783120896],[77.0164334206427,28.4318161077398],[77.0188733275994,28.4302044338388],[77.0201991223811,28.4293128587568],[77.0210582908818,28.4287484657007],[77.0211619259228,28.4286745923846],[77.0211822278483,28.4286581669564],[77.0212384444188,28.4286084198234],[77.0213094436655,28.4285335336438],[77.0216298853038,28.4281241819431],[77.0217967249099,28.4279416881183],[77.0219353520263,28.4278014902845],[77.0220531858387,28.4276942074179],[77.0221644880008,28.4276055999452],[77.0222813767855,28.4275204668027],[77.0224549834007,28.4274218206908],[77.0226341478925,28.4273239597449],[77.0237642842155,28.4267066741178],[77.0239085293956,28.4266246678747],[77.0243441781724,28.4263992378717],[77.0244705441834,28.4263436728687],[77.0245511563021,28.4263146188425],[77.0246248954105,28.4262978083153],[77.0246551048552,28.4262924947377],[77.0247864583127,28.4262778725229],[77.0249410907124,28.4262705610197],[77.0256244625052,28.4262588634036],[77.0267035826049,28.426241322902]]]}},{"type":"Feature","properties":{"objectid":"28","townname":"Gurugram","towncensuscode2011":"800429","town_lgd_code":"248576","ward_lgd_code":"64231","ward_lgd_name":"Gurgaon (M Cl ) - Ward No.28","state":"Haryana","sourcewardcode":"28"},"geometry":{"type":"Polygon","coordinates":[[[77.0522955232408,28.4481124150123],[77.0523371745273,28.4466083471455],[77.0531277386897,28.4466395432118],[77.0531522537138,28.4464110659345],[77.053439900556,28.4466622759887],[77.053469996813,28.4466788921361],[77.0534972939195,28.446689353744],[77.0535418566458,28.4466977498845],[77.0535678269407,28.4466970840382],[77.0536294684371,28.4466955027519],[77.0536771087916,28.4466903939808],[77.0537491509824,28.4466801772276],[77.054146106625,28.4466036159203],[77.0545673194752,28.4465237979873],[77.055155564171,28.4464040709748],[77.0554177320968,28.4463409820411],[77.0555978371248,28.4462980723191],[77.0556780126622,28.4462735520188],[77.0557291384799,28.4462459662793],[77.0558139619006,28.4462050998787],[77.0558976237997,28.4461489078611],[77.0560312499948,28.4460559352895],[77.0561404743536,28.4459650060009],[77.0562104099951,28.4458948293983],[77.0563011883478,28.4457894684392],[77.0563828892246,28.4456729332133],[77.0565934956497,28.4453313091257],[77.0567133228237,28.4451477249493],[77.0567677903744,28.445058327219],[77.0568567532319,28.4449545625362],[77.0569874742754,28.4448188697405],[77.0570496897954,28.444771042475],[77.0581370788872,28.4439351293422],[77.0582277745949,28.4438679205307],[77.0492592696828,28.4346112871049],[77.0475060331326,28.435935807122],[77.0452499538224,28.437620869844],[77.0427989050613,28.4394675501034],[77.0406375261484,28.4410986754759],[77.0404620411559,28.4412283382532],[77.0391724673448,28.442181180856],[77.0381066935153,28.4430181133682],[77.0374616663104,28.4434940249246],[77.0373701720004,28.443564722859],[77.0372814498913,28.44364151622],[77.0372232264845,28.4436951487928],[77.0371760927798,28.4437524392509],[77.0371234146732,28.4438146047853],[77.0370277611635,28.4439438116357],[77.0368819744744,28.4441588000666],[77.0368036108389,28.4442853975518],[77.036303626518,28.4452571977901],[77.0358985186642,28.4460374028483],[77.0359148159001,28.4460451521468],[77.0364471341813,28.4463391819594],[77.0371066404319,28.4468502467445],[77.0383164707954,28.4481003011941],[77.0419646800811,28.4519072630696],[77.0494866251963,28.459747964916],[77.0503063729274,28.4590798073],[77.0515639424599,28.4581525996029],[77.052493103196,28.4574671651011],[77.0531445829996,28.457028202927],[77.0532807532236,28.4569436960606],[77.0533635230956,28.456901442997],[77.0535744529142,28.4568310209234],[77.0539076146969,28.4567353187928],[77.0541137924276,28.4566760925125],[77.0543006932107,28.4566174071978],[77.0547038625001,28.4564929947915],[77.0550109129524,28.4563662350095],[77.0551577632468,28.4562958125795],[77.0552351926344,28.4562512112353],[77.0552966032639,28.4562089578949],[77.0555034610193,28.4560530729344],[77.0557077828307,28.4558990990227],[77.0560949324636,28.4556103660385],[77.0565782090185,28.4552710217943],[77.0546704415783,28.4532106082661],[77.0527465700399,28.4511784625206],[77.0516306926754,28.4499388275504],[77.0508708607772,28.4491255398108],[77.0516054482193,28.4486123013264],[77.0519416858335,28.4483773595157],[77.0522955232408,28.4481124150123]]]}},{"type":"Feature","properties":{"objectid":"22","townname":"Gurugram","towncensuscode2011":"800429","town_lgd_code":"248576","ward_lgd_code":"64225","ward_lgd_name":"Gurgaon (M Cl ) - Ward No.22","state":"Haryana","sourcewardcode":"22"},"geometry":{"type":"Polygon","coordinates":[[[76.996210360117,28.4614572321695],[76.9958015395261,28.460972596573],[76.9950240144101,28.4601155213561],[76.9940431376631,28.4590349646738],[76.9947121678525,28.4586046316572],[76.9944292353689,28.4582737980746],[76.9949819229491,28.4579433180629],[76.9944320965031,28.4573088534409],[76.9982346147951,28.4571942295286],[76.9992254583501,28.4581303984408],[76.9992817476841,28.458183582975],[77.0002975302681,28.4574742138233],[77.0003839437068,28.4574138656892],[77.000358019226,28.4573064635847],[77.0003187529666,28.4571437984428],[77.0079584869785,28.4569505765953],[77.0075678069665,28.4578460508253],[77.0077128920714,28.4579846150897],[77.0073742128363,28.4586151734309],[77.0071098575128,28.4586028215174],[77.0064138293559,28.4590891012044],[77.0067329414876,28.4593515975925],[77.0063277761416,28.4597350492491],[77.0066128699717,28.4600138540298],[77.0067765043889,28.4598614661867],[77.0069932795451,28.4600277228952],[77.0071915287452,28.4599455410942],[77.0072878793476,28.4600870831353],[77.0076339014119,28.4599142281211],[77.0079908164473,28.4602989571345],[77.0081322840365,28.4601726141671],[77.0082753146944,28.4602323794687],[77.0084685800413,28.4604101825414],[77.0086980618671,28.4604413721665],[77.0087524862986,28.4604640206317],[77.0088614510442,28.4605733773174],[77.0092190047818,28.4602082138395],[77.0092249399509,28.4602021532798],[77.0093202619823,28.4601048012479],[77.0094180678555,28.4599859670298],[77.0096478003114,28.4597348897185],[77.0097732689054,28.4596240576895],[77.0098141395559,28.45959671236],[77.0098599168044,28.4595660847928],[77.0102046336166,28.4593712515268],[77.0105096170455,28.4591988747262],[77.0106797894013,28.4591026929853],[77.0106554136161,28.4590468403109],[77.0106901918923,28.4590307955248],[77.0110106928194,28.4588597520779],[77.0109148713247,28.4586975655536],[77.010780192304,28.4585143268068],[77.010746366242,28.4584710200343],[77.0102886458586,28.4578850220184],[77.0102433384289,28.4578830452248],[77.0097929968073,28.4578634004911],[77.0095621980513,28.457858410725],[77.0090022287274,28.4576338781145],[77.009072555136,28.4575022381165],[77.0091969241922,28.4572694373925],[77.0097684036298,28.4570068481688],[77.0096963973716,28.4568630724619],[77.0093488535612,28.456084249629],[77.008800776135,28.4563578514834],[77.0084558634901,28.4565291169577],[77.0082822496884,28.4561883959128],[77.0087495515026,28.4559258513909],[77.0090188978658,28.455664821817],[77.0085283521436,28.4553455604958],[77.0088978256267,28.4546355681081],[77.0089615548079,28.4544814341729],[77.0088708896429,28.454390512129],[77.0089454165739,28.4538659308226],[77.0091762620423,28.4534687792851],[77.0094670089705,28.4529330666093],[77.0092974851983,28.4528848970779],[77.0094534785457,28.4527570856845],[77.0098616433664,28.4524226583305],[77.0100783924714,28.4522304522406],[77.0101492237333,28.4521547977073],[77.0103061504303,28.4519490505593],[77.0104172882006,28.4517725806807],[77.0105674550751,28.4515885559107],[77.0107146467293,28.4514766301319],[77.0105754114535,28.4511303601144],[77.0105515423181,28.4507176316766],[77.0098629935343,28.4507230348572],[77.0098441882021,28.4503433029768],[77.0092210466525,28.4503554094296],[77.0092197845195,28.4504086681696],[77.0082095678971,28.4504053414243],[77.0082088510415,28.4503821355566],[77.0081967094121,28.4499889279754],[77.0077816572081,28.4499902359317],[77.0077806133658,28.4499211551238],[77.0077768296618,28.449670769496],[77.0077744563128,28.4492210521608],[77.0070043153484,28.4492412908761],[77.0069267161792,28.4486846078997],[77.0059268957595,28.4492310972745],[77.00548797981,28.4488570745083],[77.0052382185166,28.4490217743795],[77.0052515989228,28.4492100031665],[77.0052560590582,28.4495158732437],[77.0046254120843,28.4498689568793],[77.004251484754,28.4498890343453],[77.0042510275116,28.449927483235],[77.0037395169073,28.4499692446529],[77.0037048078014,28.4491645331743],[77.0033951612179,28.4491687493126],[77.0033238008483,28.448654257564],[77.0025816540831,28.4486718251538],[77.0023533014396,28.4487094712206],[77.0023195104118,28.4477636720306],[77.0016244641136,28.4477797611783],[77.0009260958454,28.4477959277283],[77.0009403682786,28.4488550351488],[77.0009542005374,28.4492477059098],[77.000455551113,28.4492516558707],[77.0004491604981,28.4494032541671],[77.0004379917442,28.4496681812195],[76.9995531242399,28.4492791768496],[76.9980859570903,28.4486668057299],[76.9966872954643,28.4480795291165],[76.9952772171493,28.447482209492],[76.9938385939679,28.4468924161513],[76.9930768675227,28.4465816358618],[76.9923621499164,28.4462492860467],[76.9915058263802,28.4459081124607],[76.9897218198366,28.4449473289405],[76.9888699564359,28.4445002675979],[76.9877638725046,28.4439865366925],[76.9864972272928,28.443406136043],[76.9855204836945,28.4429747544355],[76.9852082823023,28.4428414184778],[76.9844267803445,28.4425541000666],[76.9837960911498,28.4423721398139],[76.9834611578894,28.4429050545173],[76.9830198955403,28.4437371433154],[76.9823712939389,28.4450039631316],[76.9814568718618,28.4467756159603],[76.981366492361,28.4470093410097],[76.981366492361,28.4471262033407],[76.9813960262726,28.4473620775824],[76.9814302898142,28.4476357209631],[76.9814515556319,28.4480003291652],[76.9813718094892,28.4484817969433],[76.9813292778537,28.4485612619201],[76.9807254303198,28.4485212415426],[76.9806733621693,28.4493027336456],[76.9807964852621,28.449429417384],[76.9787096171104,28.4503915763433],[76.9795797477525,28.4512952617978],[76.9811237918258,28.4528988300633],[76.9855293859989,28.4535359646195],[76.9886920846197,28.4538490022539],[76.9928834719202,28.4545351978828],[76.9934389433794,28.4546628807598],[76.9933983161724,28.4546961342315],[76.9933252490038,28.4547456598024],[76.9920712898004,28.455393423258],[76.991843558791,28.4555140586154],[76.9916161170392,28.4556345406166],[76.9913889492735,28.4557877022245],[76.9911687506378,28.4559849730503],[76.9909610942801,28.4562447334439],[76.9906865421798,28.4566429502326],[76.9905721525082,28.4568462130838],[76.9904886415261,28.4569946050565],[76.9904279154129,28.4571375789626],[76.9904064160332,28.4571881980178],[76.9903869046253,28.4572825436962],[76.9903506692816,28.45751166958],[76.990345094337,28.4577113886379],[76.9903520625686,28.4577591737213],[76.990369979467,28.4577979814639],[76.9905056259732,28.4580917898418],[76.9905597863,28.4582034511534],[76.9907626752985,28.4586217442692],[76.9912149312299,28.4584085432607],[76.9912525508774,28.4583908074889],[76.9917083847987,28.4590036980269],[76.9921382547133,28.4587336917051],[76.9922772645119,28.4588871347169],[76.9919677445909,28.4590691431598],[76.9928290025729,28.4600603104968],[76.9931549652569,28.460423122608],[76.9921740876116,28.4609594520293],[76.9922396439661,28.4610204828491],[76.9933771806104,28.4620794799121],[76.9941926613439,28.4614247934704],[76.9949702134094,28.4623333457417],[76.9952489678286,28.4621364176633],[76.996210360117,28.4614572321695]]]}},{"type":"Feature","properties":{"objectid":"23","townname":"Gurugram","towncensuscode2011":"800429","town_lgd_code":"248576","ward_lgd_code":"64226","ward_lgd_name":"Gurgaon (M Cl ) - Ward No.23","state":"Haryana","sourcewardcode":"23"},"geometry":{"type":"Polygon","coordinates":[[[77.0133121190851,28.4416857807406],[77.0135896832365,28.4413500174213],[77.0136322570928,28.4413865175899],[77.0139413548057,28.4410345999577],[77.0140323703136,28.4409174978768],[77.0142089719119,28.4406828715203],[77.0130298046425,28.4392373290132],[77.0124855522427,28.4384923039919],[77.0116863067614,28.4374533969709],[77.0103408855874,28.4358488812103],[77.0102637804916,28.435757368075],[77.0099618477414,28.4354097708448],[77.009221070907,28.4345433424616],[77.0082138052503,28.433369522583],[77.0080115064449,28.4331644301028],[77.0072051013908,28.4323468866354],[77.0068803541274,28.4319973404227],[77.0059892469251,28.4309144259159],[77.0046205557919,28.4292669078019],[77.0041113305017,28.4286711164381],[77.0024290195365,28.4266625840681],[77.0013817536968,28.425423153196],[77.0006352977132,28.4245707306614],[77.000442632441,28.4243261928054],[77.0003197465033,28.4243687559296],[76.9985779122691,28.4250155638402],[76.9985333827805,28.4250322947795],[76.997532012767,28.4253958614346],[76.9966973539005,28.425818988807],[76.9951237381864,28.4267231954392],[76.9944619241637,28.4273531525337],[76.9934205467807,28.4277841032975],[76.9933596050719,28.4278110357857],[76.993241459544,28.4278777144415],[76.9929407116717,28.4281049930372],[76.9917379258968,28.4287659046685],[76.9915127047803,28.4288925798218],[76.9901350969696,28.4296174828982],[76.9892119333864,28.4300763438262],[76.9883548750284,28.4305250073605],[76.9894885965276,28.4317195061116],[76.9899386848243,28.4322234094304],[76.9904749269467,28.4328620793966],[76.991595607603,28.4343592695458],[76.991845168572,28.4346633712277],[76.9898522965384,28.4358306613747],[76.9897699228235,28.4358794690408],[76.9872010869623,28.4374015472486],[76.9874421004614,28.4377787725732],[76.9882755870265,28.4390833029701],[76.9877892669794,28.4391157982879],[76.9877942535275,28.4393988787038],[76.9878175621142,28.4407219375075],[76.9871613086632,28.44071897855],[76.9871668368954,28.440754625057],[76.986244350642,28.4407807264316],[76.9846753953875,28.4407706070548],[76.9843765456555,28.4407686797049],[76.9844016634491,28.4415738041969],[76.9844267803445,28.4425541000666],[76.9852082823023,28.4428414184778],[76.9855204836945,28.4429747544355],[76.9864972272928,28.443406136043],[76.9877638725046,28.4439865366925],[76.9888699564359,28.4445002675979],[76.9897218198366,28.4449473289405],[76.9915058263802,28.4459081124607],[76.9923621499164,28.4462492860467],[76.9930768675227,28.4465816358618],[76.9938385939679,28.4468924161513],[76.9952772171493,28.447482209492],[76.9966872954643,28.4480795291165],[76.9980859570903,28.4486668057299],[76.9995531242399,28.4492791768496],[77.0004379917442,28.4496681812195],[77.0004491604981,28.4494032541671],[77.000455551113,28.4492516558707],[77.0009542005374,28.4492477059098],[77.0009403682786,28.4488550351488],[77.0009260958454,28.4477959277283],[77.0016244641136,28.4477797611783],[77.0023195104118,28.4477636720306],[77.0023533014396,28.4487094712206],[77.0025816540831,28.4486718251538],[77.0033238008483,28.448654257564],[77.0033951612179,28.4491687493126],[77.0037048078014,28.4491645331743],[77.0037395169073,28.4499692446529],[77.0042510275116,28.449927483235],[77.004251484754,28.4498890343453],[77.0046254120843,28.4498689568793],[77.0052560590582,28.4495158732437],[77.0052515989228,28.4492100031665],[77.0052382185166,28.4490217743795],[77.00548797981,28.4488570745083],[77.0059268957595,28.4492310972745],[77.0069267161792,28.4486846078997],[77.0069451397273,28.4486734782858],[77.0069881061474,28.4486521020943],[77.0076494108253,28.4483425962503],[77.0084492177536,28.4479752547893],[77.0084835675334,28.4479607832716],[77.0084646490136,28.4474513454102],[77.0084599193836,28.446956461266],[77.0084386347012,28.4465073200401],[77.0084378783198,28.4456964497398],[77.0084197161814,28.4452878934813],[77.0084386364979,28.4449078127101],[77.0095467470284,28.4449340512865],[77.0093533999349,28.4445923339774],[77.0086301195872,28.4432734001471],[77.0086018127743,28.4432198005353],[77.0095545839309,28.4432943240354],[77.0106733781251,28.4434018912394],[77.0110826200259,28.4434412382087],[77.0114065749752,28.4434672520339],[77.0119670545422,28.4435067609037],[77.012345436618,28.4429078862427],[77.0124770047728,28.4428080957179],[77.0137078431375,28.4427369691614],[77.0136612879478,28.4420454371092],[77.0136319381909,28.4420199655875],[77.013436598634,28.441809677393],[77.0133121190851,28.4416857807406]]]}},{"type":"Feature","properties":{"objectid":"24","townname":"Gurugram","towncensuscode2011":"800429","town_lgd_code":"248576","ward_lgd_code":"64227","ward_lgd_name":"Gurgaon (M Cl ) - Ward No.24","state":"Haryana","sourcewardcode":"24"},"geometry":{"type":"Polygon","coordinates":[[[76.9577494987756,28.4520089626764],[76.9580780647773,28.4516808514848],[76.9594166641451,28.4517343480815],[76.9602763249225,28.4517997882367],[76.9603172916927,28.4518237330602],[76.9613799429783,28.4513099421612],[76.9617490715083,28.451231480741],[76.9640770331092,28.4487007640435],[76.9648153072373,28.4481296983489],[76.9672777807722,28.446391830584],[76.9682485344042,28.4459009618655],[76.9706187078403,28.4447607568179],[76.9707168326154,28.4446868030561],[76.9708102852528,28.4446128500325],[76.9709177552018,28.4445224621436],[76.9713663280406,28.4443006002033],[76.9718662988867,28.4440130014013],[76.9720111495313,28.443955482021],[76.9721466559003,28.443918504865],[76.9723288881389,28.4439061788802],[76.9724877578918,28.44387741877],[76.9726699901304,28.4438116822485],[76.974992671434,28.4427696710959],[76.9779109681104,28.4462735314825],[76.9794037920428,28.4478141502422],[76.9793097177713,28.4478996438124],[76.9806733621693,28.4493027336456],[76.9807254303198,28.4485212415426],[76.9813292778537,28.4485612619201],[76.9813718094892,28.4484817969433],[76.9814515556319,28.4480003291652],[76.9814302898142,28.4476357209631],[76.9813960262726,28.4473620775824],[76.981366492361,28.4471262033407],[76.981366492361,28.4470093410097],[76.9814568718618,28.4467756159603],[76.9823712939389,28.4450039631316],[76.9830198955403,28.4437371433154],[76.9834611578894,28.4429050545173],[76.9837960911498,28.4423721398139],[76.9844267803445,28.4425541000666],[76.9844016634491,28.4415738041969],[76.9843765456555,28.4407686797049],[76.9846753953875,28.4407706070548],[76.986244350642,28.4407807264316],[76.9871668368954,28.440754625057],[76.9871613086632,28.44071897855],[76.9878175621142,28.4407219375075],[76.9877942535275,28.4393988787038],[76.9877892669794,28.4391157982879],[76.9882755870265,28.4390833029701],[76.9874421004614,28.4377787725732],[76.9872010869623,28.4374015472486],[76.9897699228235,28.4358794690408],[76.9898522965384,28.4358306613747],[76.991845168572,28.4346633712277],[76.991595607603,28.4343592695458],[76.9904749269467,28.4328620793966],[76.9899386848243,28.4322234094304],[76.9894885965276,28.4317195061116],[76.9883548750284,28.4305250073605],[76.9892119333864,28.4300763438262],[76.9901350969696,28.4296174828982],[76.9915127047803,28.4288925798218],[76.9917379258968,28.4287659046685],[76.9929407116717,28.4281049930372],[76.993241459544,28.4278777144415],[76.9933596050719,28.4278110357857],[76.9934205467807,28.4277841032975],[76.9944619241637,28.4273531525337],[76.9951237381864,28.4267231954392],[76.9966973539005,28.425818988807],[76.997532012767,28.4253958614346],[76.9985333827805,28.4250322947795],[76.9985779122691,28.4250155638402],[77.0003197465033,28.4243687559296],[77.000442632441,28.4243261928054],[77.0002339942246,28.4240663279545],[77.0000985183983,28.4238750697218],[76.999569091794,28.4229595342154],[76.9988707594585,28.4216733528266],[76.9975660283735,28.4192702685416],[76.9967804669289,28.4178196891825],[76.9954880957639,28.4154483934805],[76.9942068655051,28.4130672465957],[76.9927139535378,28.4103381698737],[76.9916833990574,28.4084664823578],[76.9908570244544,28.4069478985405],[76.9902100290408,28.4057589358695],[76.9894551729109,28.4043261146194],[76.9888145582306,28.4031354228511],[76.9884582648294,28.4025084176158],[76.9883798311253,28.4023704326007],[76.9882871375644,28.4022449915939],[76.9881873122784,28.4021101424842],[76.9879484466511,28.4017871313303],[76.9877452324625,28.4015362485772],[76.9871035038713,28.4008870855013],[76.986244299438,28.4000152556631],[76.985517006316,28.3992782723273],[76.9846114551023,28.3983342993173],[76.9835026905982,28.3972241002668],[76.9825507917057,28.3963020615323],[76.980786036957,28.3945018682655],[76.9801977850747,28.3938620707861],[76.9797984875242,28.3934292647676],[76.9792031048151,28.3927455526274],[76.9783795527188,28.3918893377776],[76.9777346863123,28.3912350974135],[76.9774430150177,28.3909229430263],[76.977383239322,28.3909536773905],[76.975926809735,28.3918255414689],[76.9754128206789,28.3921215031326],[76.9741707803227,28.3928371479823],[76.9738801995828,28.3930176049665],[76.9733579361446,28.3933883329318],[76.9729569416765,28.3937240745126],[76.9723829505493,28.3942321501679],[76.9723223430137,28.3942791942186],[76.9717093434436,28.3945865403721],[76.9713059864063,28.394170764727],[76.9710074699492,28.393863057015],[76.9711367168573,28.3937504956794],[76.971306518209,28.3936026148209],[76.9709057941337,28.3932185276001],[76.9710074699492,28.393129082063],[76.9702179828668,28.3924266720591],[76.9696189305398,28.3916634331753],[76.9692533737114,28.3912677630994],[76.9691825595175,28.3913048052717],[76.9684667585429,28.3906986698549],[76.9675254301263,28.3916857818364],[76.9668251744978,28.3924036692202],[76.9663385831595,28.3929025091766],[76.9656645322861,28.3925481741917],[76.9655722726114,28.3924996752986],[76.9655255512335,28.3925654784548],[76.9654236454493,28.3927090048687],[76.965180753573,28.3926461945033],[76.9647920561428,28.392921350427],[76.9641355861978,28.3931534953458],[76.9641905648897,28.3932042398371],[76.9642261525481,28.3932521591531],[76.9642445257906,28.3932995711058],[76.9642489850276,28.3933921561664],[76.9642519755192,28.3937578276034],[76.9639678797173,28.3942971256531],[76.9633548316382,28.3941997888496],[76.9633488506551,28.3941287592339],[76.9621711871654,28.394137560198],[76.9617627618332,28.394147596315],[76.9611558285863,28.3945289656861],[76.9608919520648,28.394685518942],[76.9610939023238,28.3949118161746],[76.9613623351004,28.3952126094253],[76.9618047544795,28.3958471587192],[76.9618770104694,28.3959782677298],[76.961918704875,28.3960593478466],[76.9619464116133,28.3961281113676],[76.9620685663222,28.3965376270539],[76.9624915398704,28.3972666324015],[76.9625125927874,28.3973104067479],[76.962529817983,28.3973592313817],[76.9625432154571,28.3974147902567],[76.9625432154571,28.3974754001928],[76.9625393877357,28.3975629471146],[76.9625279045714,28.3976437605054],[76.9625164205088,28.3977043703105],[76.9624972819017,28.397751510807],[76.9623296365068,28.3978959626548],[76.9621526585143,28.3980484555472],[76.9613809284301,28.3984968106896],[76.9614709216553,28.3989020975019],[76.9615805107301,28.399187324978],[76.9618418818502,28.4023514207701],[76.9614705784989,28.4040650960282],[76.9614733417167,28.4051557316587],[76.9615518113534,28.4054452905579],[76.9615068830128,28.4059439845796],[76.9615034307871,28.4060763793249],[76.9614977435531,28.4068445547794],[76.9614042909157,28.4068527747169],[76.9610383298454,28.4068683146086],[76.9607267608672,28.4068815448883],[76.9607483105526,28.4072729538752],[76.960766538268,28.4076040046233],[76.9609066952152,28.4090217207881],[76.9614521648322,28.4104359675074],[76.9617658996485,28.4110882072663],[76.9624860619438,28.4123675903408],[76.9638250026714,28.4144342074831],[76.9649112634793,28.4156394709946],[76.9650449570481,28.4158158502362],[76.964446106842,28.4162661591134],[76.9622731073226,28.4179001410715],[76.9616087187283,28.4185422599726],[76.9611049507035,28.4188761600095],[76.9600171052675,28.4201154344678],[76.9588653851232,28.4212515851392],[76.958620707396,28.4215153620735],[76.9580820506021,28.422163208935],[76.9579026273955,28.4222902151146],[76.9578277528166,28.4223432154213],[76.9575426095791,28.4225187563308],[76.9573763107588,28.4226116950729],[76.9570623369905,28.4227433863948],[76.9565985529791,28.4229181911221],[76.9559474127386,28.4230968872459],[76.9558696599575,28.4231152973008],[76.9557320982431,28.4231337073524],[76.9547721540389,28.4232257575626],[76.9543037365172,28.4234965837248],[76.9537093626161,28.4237448745341],[76.9521676918919,28.4245638061494],[76.9518888170984,28.4247310252853],[76.9515592377971,28.4248759483227],[76.9507733179247,28.42503759341],[76.9497469468985,28.4251466335907],[76.9491157789018,28.4253421453246],[76.9485376249816,28.4255080375917],[76.9477331944244,28.4257351782839],[76.9472429056204,28.4259410806995],[76.9462243149029,28.4263468415796],[76.9459615370211,28.4264598770437],[76.9455372393562,28.4266353700466],[76.9448529539767,28.4269183953708],[76.9445987747688,28.427148093424],[76.9442904909296,28.4273371582392],[76.9435438588761,28.4280722004609],[76.9434960110108,28.4280856658792],[76.9434385942911,28.428089032036],[76.9433658657874,28.4280856658792],[76.9433371565292,28.4280789327753],[76.9432299776344,28.4280570523569],[76.9430806929055,28.4280250734582],[76.9428816468998,28.427972896799],[76.9421983820065,28.4276817160139],[76.9413085782597,28.4272984894192],[76.940986665181,28.4272710922816],[76.9401948631401,28.4272208657574],[76.940088424457,28.427216299565],[76.9386521476751,28.4273763982132],[76.93688763098,28.427640373975],[76.9365070094042,28.4276761686672],[76.9356338343716,28.4277686233546],[76.9353203115577,28.427819378915],[76.9348291585744,28.427932239008],[76.9343786911887,28.4280457728443],[76.9341348479964,28.4281249995848],[76.9337372437701,28.4282623143132],[76.9336245582026,28.4283088076378],[76.9333426632732,28.4284458677512],[76.9330877285821,28.4285762356942],[76.9328487551569,28.4287142734658],[76.932540309621,28.4289161000784],[76.9319915467802,28.4293191896809],[76.930756125211,28.4302579136483],[76.9304177334367,28.4305190991447],[76.9298904061953,28.430936454258],[76.9297240956968,28.4310934079391],[76.9288600906667,28.43197448363],[76.9282151290388,28.4326486629341],[76.9297727718088,28.4337651507363],[76.9307990314439,28.4343893798901],[76.9321335749182,28.4352989646665],[76.9330178612125,28.4358875153087],[76.9332247360359,28.4360551628657],[76.9333314478069,28.4361540576582],[76.9334326870411,28.4360650330748],[76.9336177956852,28.4362381790629],[76.9337738357449,28.436384134581],[76.9339091516711,28.4365141807228],[76.9343355298342,28.4368388917253],[76.9348054187964,28.4372361049228],[76.9350883908058,28.4374735186596],[76.9355349154858,28.4378182243236],[76.9358672121909,28.4380830303099],[76.9368017978529,28.4387838499874],[76.9368463974101,28.4388156526442],[76.9372183951592,28.4391044741392],[76.9376576371971,28.4395252093679],[76.9382916187173,28.4400800511061],[76.9387760765568,28.4404534500839],[76.9392096960394,28.4407427023412],[76.9415956007727,28.4418803962003],[76.9416747324678,28.4419236039228],[76.9423922995303,28.4428843659366],[76.9423859475429,28.4431644418344],[76.9423833514117,28.4432762942631],[76.9423599871294,28.443541086587],[76.9427961272847,28.4435639132354],[76.9433828394547,28.4437830516521],[76.9442343507159,28.4446276419052],[76.9447224125962,28.4450545003205],[76.9455972881397,28.4454745089063],[76.9468174419423,28.4460885398353],[76.9478558701562,28.4465998491066],[76.948987758194,28.4474188802978],[76.9493244359827,28.4476186089425],[76.9499450595546,28.4479003673098],[76.951214700648,28.4483212199918],[76.9522774669179,28.4489096981844],[76.9534822065286,28.4494589421221],[76.9540379277195,28.4497727935045],[76.9541758442685,28.4498013261202],[76.9543340429799,28.4498227249846],[76.9544719586305,28.4498512567969],[76.9545571422756,28.4498762225214],[76.9551128643649,28.4501330092157],[76.9564149561996,28.4510888226743],[76.9570964244623,28.4515560265136],[76.9577494987756,28.4520089626764]]]}},{"type":"Feature","properties":{"objectid":"25","townname":"Gurugram","towncensuscode2011":"800429","town_lgd_code":"248576","ward_lgd_code":"64230","ward_lgd_name":"Gurgaon (M Cl ) - Ward No.27","state":"Haryana","sourcewardcode":"27"},"geometry":{"type":"Polygon","coordinates":[[[77.0335232868148,28.4455686249188],[77.033753975078,28.445565619495],[77.033979536656,28.4455671226018],[77.0341675046376,28.4455791419268],[77.0343144618316,28.4455941674633],[77.0344836325659,28.4456167045793],[77.0346596394795,28.4456452517439],[77.0349022888108,28.4456933321594],[77.0350560803874,28.4457293916669],[77.0352867686507,28.4457970037038],[77.0354388516317,28.4458465863634],[77.0356575779286,28.4459307261261],[77.0358985186642,28.4460374028483],[77.036303626518,28.4452571977901],[77.0368036108389,28.4442853975518],[77.0368819744744,28.4441588000666],[77.0370277611635,28.4439438116357],[77.0371234146732,28.4438146047853],[77.0371760927798,28.4437524392509],[77.0372232264845,28.4436951487928],[77.0372814498913,28.44364151622],[77.0373701720004,28.443564722859],[77.0374616663104,28.4434940249246],[77.0381066935153,28.4430181133682],[77.0391724673448,28.442181180856],[77.0404620411559,28.4412283382532],[77.0406375261484,28.4410986754759],[77.0427989050613,28.4394675501034],[77.0452499538224,28.437620869844],[77.0475060331326,28.435935807122],[77.0492592696828,28.4346112871049],[77.0489768088147,28.4343089579116],[77.0480425456479,28.4333623900991],[77.0465367662125,28.4317983714581],[77.0455567051358,28.4307769471542],[77.0453903317553,28.430644144065],[77.0451900101419,28.430522499983],[77.0451172376207,28.4304896378479],[77.0450965826574,28.4304831260897],[77.0448822967329,28.4304248773165],[77.0419387996178,28.4297592693457],[77.0394618057146,28.4291918427618],[77.0370530783832,28.4286400517411],[77.0370397896051,28.4286370924457],[77.0348385677144,28.4281469423984],[77.0325100716159,28.4275737765393],[77.029511123295,28.4268549432665],[77.0276596155444,28.4263919263769],[77.0272389506665,28.4262910324373],[77.0269060826329,28.4262461759087],[77.0267222540881,28.4262412770817],[77.0267035826049,28.426241322902],[77.0256244625052,28.4262588634036],[77.0249410907124,28.4262705610197],[77.0247864583127,28.4262778725229],[77.0246551048552,28.4262924947377],[77.0246248954105,28.4262978083153],[77.0245511563021,28.4263146188425],[77.0244705441834,28.4263436728687],[77.0243441781724,28.4263992378717],[77.0239085293956,28.4266246678747],[77.0237642842155,28.4267066741178],[77.0226341478925,28.4273239597449],[77.0224549834007,28.4274218206908],[77.0222813767855,28.4275204668027],[77.0221644880008,28.4276055999452],[77.0220531858387,28.4276942074179],[77.0219353520263,28.4278014902845],[77.0217967249099,28.4279416881183],[77.0216298853038,28.4281241819431],[77.0213094436655,28.4285335336438],[77.0212384444188,28.4286084198234],[77.0211822278483,28.4286581669564],[77.0211619259228,28.4286745923846],[77.0210582908818,28.4287484657007],[77.0201991223811,28.4293128587568],[77.0188733275994,28.4302044338388],[77.0164334206427,28.4318161077398],[77.0134462052177,28.4337783120896],[77.0122464009512,28.4345783235469],[77.011555096136,28.4350392728954],[77.0109990829927,28.4354100109859],[77.0103408855874,28.4358488812103],[77.0116863067614,28.4374533969709],[77.0124855522427,28.4384923039919],[77.0130298046425,28.4392373290132],[77.0142089719119,28.4406828715203],[77.0155583735211,28.442254869388],[77.0166973034523,28.4436139139964],[77.0171929300457,28.4442045802611],[77.0172907799363,28.4443257496983],[77.0185519328486,28.4458547945842],[77.0189661136867,28.4463452559514],[77.0194320671297,28.4468922502824],[77.0196057563899,28.4470750708047],[77.0196992808924,28.4471705186592],[77.0197969807644,28.4472593593403],[77.0199289172285,28.4473731623129],[77.0201034410236,28.4475082578664],[77.0203080269396,28.4476433532473],[77.0204725300277,28.4477439409032],[77.0206863012175,28.4478577433544],[77.0208800309934,28.4479487855431],[77.0210219881645,28.4480089913789],[77.0210478740177,28.448018535847],[77.0210656094564,28.4480264058464],[77.0214437364106,28.448155374548],[77.0215650790426,28.4481829068701],[77.021883438386,28.4482551805636],[77.0221143799742,28.448290743967],[77.0224523109127,28.4483240128701],[77.0227184808331,28.4483251605092],[77.0231138213048,28.4483010687729],[77.0233330201156,28.4482769778209],[77.0237783392564,28.4481951533723],[77.0239974581172,28.4481424116541],[77.0244926319596,28.4479909576712],[77.0251131701916,28.4478151430772],[77.0257586187064,28.4476322709146],[77.0293482820902,28.4466152196643],[77.0300843966683,28.4463989274359],[77.0323783911717,28.4457504264397],[77.0327047715723,28.4456662873234],[77.0330038117472,28.4456167045793],[77.0332840546748,28.4455881574069],[77.0335232868148,28.4455686249188]]]}},{"type":"Feature","properties":{"objectid":"29","townname":"Gurugram","towncensuscode2011":"800429","town_lgd_code":"248576","ward_lgd_code":"64232","ward_lgd_name":"Gurgaon (M Cl ) - Ward No.29","state":"Haryana","sourcewardcode":"29"},"geometry":{"type":"Polygon","coordinates":[[[77.0770675257028,28.4503630067651],[77.0777225960726,28.4494517609635],[77.0782058753224,28.4487728865241],[77.0784777207987,28.4483795023535],[77.0786551748983,28.4481487825233],[77.0788307416374,28.4479512601241],[77.0790874837389,28.4476773829756],[77.0794802792834,28.447308206755],[77.0787246254496,28.4469002878141],[77.0777424865696,28.4463426715429],[77.0776635731652,28.4463017569984],[77.0771533076259,28.4460204287943],[77.0770248611167,28.4459706029398],[77.0769824022448,28.4459541320151],[77.0769068350648,28.4459248187706],[77.0768488416267,28.4459141959558],[77.0767823905502,28.4459025099895],[77.0767014415633,28.4458961358256],[77.0765939114271,28.4459035723502],[77.0763253735477,28.4459358365137],[77.0762421455349,28.4459431545567],[77.0760125307584,28.4459514591328],[77.0759750278919,28.445950948884],[77.075938478138,28.44594711017],[77.0758996610362,28.445939502249],[77.0758597497865,28.445925354295],[77.0758099058646,28.4458982352714],[77.0757765217737,28.4458739312999],[77.0756865465148,28.4457908625422],[77.0740135843168,28.4440755198557],[77.0685742646102,28.4384726951516],[77.0682579444425,28.4381481866426],[77.0678361845183,28.437638243366],[77.0672668080367,28.4369057748133],[77.0667185204047,28.4373322765362],[77.0641769762602,28.4392804841015],[77.0631960438177,28.4400217775994],[77.0630270796959,28.4401506280974],[77.0620243622095,28.4409152901162],[77.0626291763307,28.4415516532664],[77.0623005824812,28.4418104356872],[77.0628453559038,28.4424038007924],[77.0624014731691,28.4427433300877],[77.0628049451908,28.4431943948564],[77.0624938891506,28.4434267297362],[77.0629434824756,28.4439406568796],[77.0625199016663,28.4442362959821],[77.062292697968,28.4444033663416],[77.063406907161,28.445472105355],[77.06354075524,28.4461109007077],[77.0638833223837,28.4465230815892],[77.0644867423196,28.4475583807687],[77.0654809842013,28.4490277171047],[77.0640638936373,28.4499648792689],[77.0582277745949,28.4438679205307],[77.0581370788872,28.4439351293422],[77.0570496897954,28.444771042475],[77.0569874742754,28.4448188697405],[77.0568567532319,28.4449545625362],[77.0567677903744,28.445058327219],[77.0567133228237,28.4451477249493],[77.0565934956497,28.4453313091257],[77.0563828892246,28.4456729332133],[77.0563011883478,28.4457894684392],[77.0562104099951,28.4458948293983],[77.0561404743536,28.4459650060009],[77.0560312499948,28.4460559352895],[77.0558976237997,28.4461489078611],[77.0558139619006,28.4462050998787],[77.0557291384799,28.4462459662793],[77.0556780126622,28.4462735520188],[77.0555978371248,28.4462980723191],[77.0554177320968,28.4463409820411],[77.055155564171,28.4464040709748],[77.0545673194752,28.4465237979873],[77.054146106625,28.4466036159203],[77.0537491509824,28.4466801772276],[77.0536771087916,28.4466903939808],[77.0536294684371,28.4466955027519],[77.0535678269407,28.4466970840382],[77.0535418566458,28.4466977498845],[77.0534972939195,28.446689353744],[77.053469996813,28.4466788921361],[77.053439900556,28.4466622759887],[77.0531522537138,28.4464110659345],[77.0531277386897,28.4466395432118],[77.0523371745273,28.4466083471455],[77.0522955232408,28.4481124150123],[77.0519416858335,28.4483773595157],[77.0516054482193,28.4486123013264],[77.0508708607772,28.4491255398108],[77.0516306926754,28.4499388275504],[77.0527465700399,28.4511784625206],[77.0546704415783,28.4532106082661],[77.0565782090185,28.4552710217943],[77.0560949324636,28.4556103660385],[77.0557077828307,28.4558990990227],[77.0555034610193,28.4560530729344],[77.0552966032639,28.4562089578949],[77.0552351926344,28.4562512112353],[77.0551577632468,28.4562958125795],[77.0550109129524,28.4563662350095],[77.0547038625001,28.4564929947915],[77.0543006932107,28.4566174071978],[77.0541137924276,28.4566760925125],[77.0539076146969,28.4567353187928],[77.0535744529142,28.4568310209234],[77.0533635230956,28.456901442997],[77.0532807532236,28.4569436960606],[77.0531445829996,28.457028202927],[77.052493103196,28.4574671651011],[77.0515639424599,28.4581525996029],[77.0503063729274,28.4590798073],[77.0494866251963,28.459747964916],[77.0531251120158,28.4635562108333],[77.0537826437695,28.4642584616792],[77.0549805894217,28.4655051988375],[77.0552524582542,28.4658042571094],[77.0552667854847,28.4658201500326],[77.0555027441637,28.4661190889571],[77.0555904314135,28.4662455606456],[77.0557155855972,28.4664318997992],[77.0564820533505,28.467587212591],[77.0565246604444,28.4676521098872],[77.0567808761331,28.4679846877677],[77.0570004944572,28.4682457445646],[77.0572003085224,28.4684256228885],[77.0573421345395,28.4685532984628],[77.057643105194,28.4688143633312],[77.0590584916539,28.4699659077836],[77.0623322094674,28.4725938468926],[77.0687904882008,28.4776218756404],[77.071456525369,28.4780823996742],[77.0714767203949,28.4779178390492],[77.0728557152044,28.4692195104199],[77.0732032365569,28.4670273300052],[77.0738195688767,28.4629106178283],[77.0738808169111,28.4624351545689],[77.0739677396946,28.4617603801175],[77.0740772326497,28.4606832677601],[77.0741436837262,28.4591245045913],[77.0741886129651,28.4581772569374],[77.0741897888598,28.4569192737919],[77.0741937791763,28.4567803456231],[77.0743061072144,28.454424280633],[77.0743176254129,28.4543108896246],[77.074324059147,28.4542656398097],[77.0743339567848,28.4542338781291],[77.0743575348661,28.4541809238082],[77.0744113753926,28.4540825995182],[77.0745114288507,28.4539282412637],[77.0749482984379,28.4533179987355],[77.0749944089615,28.453253588635],[77.0757441698471,28.4522004125289],[77.0764237821904,28.451264285095],[77.0770675257028,28.4503630067651]]]}},{"type":"Feature","properties":{"objectid":"33","townname":"Gurugram","towncensuscode2011":"800429","town_lgd_code":"248576","ward_lgd_code":"64236","ward_lgd_name":"Jharsa (OG) - Ward No.33","state":"Haryana","sourcewardcode":"33"},"geometry":{"type":"Polygon","coordinates":[[[77.0800962046664,28.4787903639504],[77.080522669966,28.4784347530326],[77.0806056572303,28.478444883807],[77.0811692826974,28.4784843961865],[77.0814943174218,28.4781095349192],[77.0817352123433,28.4778167368475],[77.0818320318663,28.4778754988275],[77.0822343639258,28.4781464511594],[77.0828250753954,28.4785168801839],[77.0831114259687,28.4786593527826],[77.0836337019833,28.47886672902],[77.0841127537614,28.4790598571023],[77.0843474503074,28.4789710715745],[77.0848257466024,28.4788208130204],[77.0848490830368,28.4788134814612],[77.0849035523841,28.4789388751357],[77.0853001630736,28.4788151096438],[77.0857012123389,28.4786899590236],[77.0854616648903,28.4780672997936],[77.0851663096047,28.4773549316745],[77.085558916503,28.4772092917085],[77.0854256460407,28.4768325260706],[77.0852286913129,28.4762961437646],[77.0858193003746,28.4761238103643],[77.0858109523307,28.4760916857039],[77.0857003903804,28.4756662476153],[77.0855264989993,28.4749977523939],[77.085794841046,28.4749233475781],[77.0859119023073,28.4753428632061],[77.0860096201456,28.4756455717628],[77.0861792067999,28.4761506034118],[77.0861998123559,28.4762119665793],[77.0870007727211,28.4759771437553],[77.0878538524408,28.4757270409467],[77.0879517337725,28.4756948727357],[77.0881201319556,28.4756467514804],[77.0881163859809,28.4756293478803],[77.0881116743172,28.4756074567689],[77.088323373992,28.4755423298368],[77.0882639423511,28.4753840231432],[77.0892796782227,28.4748869363724],[77.0899172143764,28.4745877332443],[77.0905025224796,28.4743281071645],[77.0904809108105,28.4742901133009],[77.0903350342898,28.4740194037647],[77.0904881152991,28.4739592466977],[77.0903458401244,28.473648958968],[77.0906564514985,28.4735222671416],[77.0907566154493,28.4734856714639],[77.0914822386032,28.4732690149055],[77.0918928558246,28.4731154530061],[77.0920441348134,28.4734130770485],[77.0923953203939,28.4740304857],[77.0928653683579,28.4738278497159],[77.0927266945292,28.4735286435882],[77.0924313392436,28.4728684878394],[77.0928167425516,28.4727291739617],[77.0936289704854,28.472464160197],[77.0936198534836,28.4723915745556],[77.0928203438976,28.4720927599815],[77.0912517174265,28.4715544971003],[77.0906124241681,28.4713377789356],[77.0901682422944,28.4715050836416],[77.0895390146587,28.4717840508393],[77.0889483031891,28.4720864276694],[77.0886997725876,28.4719534450808],[77.0882603401069,28.471741306219],[77.0878947482441,28.4716526511521],[77.0877074495073,28.4717365571666],[77.0876408142762,28.4715734949205],[77.0873778755959,28.4708769143668],[77.0878932211081,28.4703141021384],[77.0877714149455,28.4702391491465],[77.0876808000861,28.4701644716989],[77.0875977364651,28.4700914533131],[77.0875297753205,28.4699935418218],[77.0873995169094,28.4697977193566],[77.0872941526114,28.4695896572442],[77.0871850135926,28.4693096126508],[77.0871260194313,28.4691566254153],[77.0871083217219,28.4690503123755],[77.0871083217219,28.4689336266886],[77.0871171710257,28.4688506502797],[77.0871407679716,28.4687443361424],[77.0872027122004,28.4686380226877],[77.0877889168221,28.4679614399566],[77.0854243785178,28.4679704148331],[77.0855943730072,28.4682407529196],[77.0861656116964,28.4681962261088],[77.0863175437604,28.4684955263072],[77.0863442300126,28.4685480967747],[77.0863665765036,28.4685386299703],[77.0863809046323,28.4685325604121],[77.0865313886121,28.4686770720292],[77.0866151987332,28.4687575563176],[77.086668213708,28.4688005351031],[77.086792320456,28.4688771490389],[77.0867972953261,28.4688984516484],[77.0869352226548,28.469489139334],[77.0869113166885,28.4694973954694],[77.0862697282345,28.4698016590735],[77.0863203806401,28.4698882380455],[77.0856422271607,28.4702210236799],[77.0853230144178,28.4696385717301],[77.0851962998604,28.4693850819657],[77.0851071609331,28.4691470188911],[77.0849260192493,28.4686632437832],[77.0848939682583,28.4685903009598],[77.084862298153,28.468518225166],[77.0831715331426,28.469084287832],[77.0840155560476,28.4704643040912],[77.0844580113593,28.4711571127402],[77.0842939134114,28.4712733758673],[77.0828322924604,28.4723089301514],[77.0826233685798,28.4720610976279],[77.0820380604767,28.4723460600481],[77.0806405235414,28.4729444773652],[77.0796391957487,28.4733165078893],[77.079642797993,28.4731961913412],[77.079646399339,28.47251228764],[77.0789534227591,28.4727736980725],[77.0787715309821,28.4722982247043],[77.0787248823677,28.4721741316182],[77.0787080335663,28.4721293127103],[77.0797004285118,28.4717128103222],[77.0797040298577,28.4713233595755],[77.0797189643493,28.4706289924095],[77.0797196075431,28.4705700613564],[77.0797217877543,28.4703702505147],[77.0794782607689,28.4704631827517],[77.0787014974242,28.4708410411131],[77.0786954984748,28.4705966978775],[77.0786702854597,28.4700505116344],[77.0787927500874,28.4699650209736],[77.0789967889295,28.4698457390384],[77.0791561500609,28.4698457248241],[77.0794007002273,28.4698457035028],[77.07940687345,28.4697132992992],[77.0797169422416,28.4695587482872],[77.0797337631953,28.4692775838392],[77.0787199137859,28.468738340037],[77.0788028741007,28.4686127407802],[77.0798029640149,28.468305804594],[77.0798085066202,28.4677479703387],[77.0798192908952,28.466662507077],[77.0798138875288,28.4659532287881],[77.0797842530059,28.4641607153631],[77.0797734902904,28.4635097156267],[77.0797746464222,28.4634233280709],[77.0791569280019,28.4634085309303],[77.079081819861,28.4634067319289],[77.0790837081197,28.4628739939934],[77.079687807182,28.4626482850667],[77.0799388863039,28.4625669629551],[77.0801352184992,28.4628922494466],[77.0804358657602,28.4633677422387],[77.081136355849,28.4630607987154],[77.0810619456991,28.4629339938973],[77.0806742355174,28.4623251411693],[77.0810473633471,28.46214347871],[77.0811975805272,28.4620848517122],[77.0815161150421,28.4619605326122],[77.0815229575096,28.461979248641],[77.0815269891486,28.4619902733984],[77.0823120089091,28.4617310846805],[77.0824652408353,28.4616814131211],[77.0829115849539,28.4615367268813],[77.0838749732989,28.461262486892],[77.084031661044,28.4612359325207],[77.084036305334,28.461264514166],[77.084058090378,28.4613985779398],[77.0841241641621,28.4616325881415],[77.0841694715918,28.461698973808],[77.0841883496875,28.4617205487457],[77.0844102470374,28.4616505136971],[77.0845915576044,28.4615932874283],[77.084717215743,28.4615443289415],[77.0846652068813,28.461364194084],[77.0845677998601,28.4610268158243],[77.0847395900818,28.4608210188138],[77.0849206563071,28.4606180060587],[77.085234330038,28.4603245908909],[77.0854812445702,28.4601100096696],[77.0858095994679,28.4598246541233],[77.0858401556622,28.4596216133925],[77.0858534336604,28.4594134372635],[77.0858811421954,28.4588864689473],[77.0859630047689,28.4588822531965],[77.0870154341249,28.4587758737475],[77.0886672427946,28.4586694941914],[77.0894045063179,28.4586348590926],[77.0908350500517,28.4588631622719],[77.0913594865145,28.4589776682796],[77.0914021331343,28.4591965457243],[77.0914344060093,28.4593688103829],[77.0919588424721,28.4593323314262],[77.0922078051632,28.4593282775938],[77.0923929569264,28.4598173978522],[77.0928037978284,28.4609083901524],[77.0925336555578,28.4609578685871],[77.0925854524171,28.4612869673881],[77.0921906635109,28.4611724504564],[77.0920402280402,28.4611102137827],[77.0919517376965,28.4610583495967],[77.091869145691,28.4610090789124],[77.0917865536855,28.4609598074153],[77.0917216602876,28.460923502752],[77.0916715154302,28.4608975706164],[77.0915977727285,28.4608794182756],[77.0913293498334,28.4608457063261],[77.091237908524,28.460843112795],[77.0911140209649,28.4608457063261],[77.0897011120584,28.4608742320048],[77.0896830720909,28.4611728082109],[77.0896164557244,28.4622753553773],[77.0944781182791,28.4630037564279],[77.0951970247296,28.463096151019],[77.0953367028748,28.4631246429217],[77.0959820534733,28.4608628793858],[77.0965103742514,28.4591517671182],[77.0968608519595,28.4579264280561],[77.0974748666259,28.4557671204158],[77.0964967899277,28.4549573683838],[77.0964092778493,28.4550006473735],[77.0963229102246,28.4550433600654],[77.0959343960508,28.4545942918873],[77.0958901791759,28.4545361227325],[77.0956386976087,28.4542052882645],[77.0955676175135,28.4541117801849],[77.0958125359892,28.4533695705428],[77.0958230040573,28.4533378465036],[77.0953286979873,28.4528962892543],[77.095271943326,28.452827800331],[77.0948614473771,28.4521984332596],[77.0932995582707,28.452567684026],[77.0930896076158,28.4526173187977],[77.0928764356022,28.4514583861343],[77.0959372931176,28.4508085331842],[77.0959968846586,28.4507556371743],[77.0961435957142,28.4505430379456],[77.0962684534538,28.4504128013266],[77.0962835559304,28.4503796049548],[77.0962854441891,28.4503563674884],[77.09628166857,28.4503181912447],[77.096272229073,28.4502899746991],[77.0962022619904,28.4500885134782],[77.0956831139096,28.4501663178203],[77.0954348599893,28.4502029894983],[77.0953050309729,28.4502159513498],[77.095223763084,28.4502240652421],[77.0951417990009,28.4502261045752],[77.0949098243501,28.4502131869553],[77.0944582484433,28.450185992418],[77.0940689419554,28.4501545983613],[77.0935898910756,28.450115967104],[77.0924406520781,28.4500242696438],[77.0918595085646,28.4499775291672],[77.0917169405391,28.4499690306093],[77.0914946317608,28.4499594705207],[77.091226411885,28.449956283561],[77.0907262173584,28.4499350379505],[77.0903649661551,28.4499244147488],[77.0896948022919,28.4499049241326],[77.088123033514,28.4498385184226],[77.0878884591388,28.4498385018361],[77.0875203367219,28.4498351821814],[77.0874429360804,28.4498401620584],[77.0869755848589,28.4498576939089],[77.0869378924478,28.4494165707517],[77.0869018430555,28.4489946711568],[77.0878141864311,28.44840201913],[77.0881082714989,28.4482109818064],[77.0880300453057,28.4481006471453],[77.0880187184482,28.4480790686381],[77.0880065606492,28.4480313976562],[77.0879960979711,28.4479616363029],[77.0879775639301,28.4478380572657],[77.0879582330835,28.447763695726],[77.087941318705,28.447719078935],[77.0879244034282,28.4476872094486],[77.0876779308671,28.4473770136128],[77.0875479392556,28.4472427898852],[77.0874423324125,28.4471337432492],[77.0873879627782,28.4470742533094],[77.0873444681488,28.4470147633362],[77.0867900719729,28.4461306187122],[77.0856662175687,28.4467161969059],[77.0855804104928,28.4465879373179],[77.0841876409167,28.4472148181621],[77.0839965476962,28.4470264491796],[77.0839122695529,28.4471357281422],[77.0838586140793,28.4472053004764],[77.0835391785541,28.4476194951501],[77.0837289135219,28.4476949989083],[77.0837805819221,28.4477155601727],[77.0839995687305,28.4477271788017],[77.0841938590551,28.4477600655969],[77.0843191372063,28.4477775061702],[77.0844641208016,28.4476797730494],[77.0848724455224,28.4479799962211],[77.085182434364,28.4481143003668],[77.0856482171271,28.4478866295472],[77.0858987069541,28.448522249378],[77.0859100338116,28.4485753645007],[77.085911921172,28.4486069019871],[77.0859044732399,28.4486587446373],[77.0858624967633,28.4489509268646],[77.0858239159185,28.449219477231],[77.0857819268655,28.4495117463703],[77.0846365299625,28.4490776615739],[77.0848096658605,28.4486522095123],[77.0847890683893,28.4486433751664],[77.0846828533867,28.448597819628],[77.0847091434819,28.4485454690811],[77.0837282173276,28.4482123371752],[77.0834180658909,28.4481119569035],[77.0832180146704,28.4485172702288],[77.0825837097567,28.4483048094612],[77.0818357562815,28.4480627575901],[77.0813717189451,28.4479128681745],[77.0801031261856,28.4475030970046],[77.0799499355819,28.4474479956663],[77.0794802792834,28.447308206755],[77.0790874837389,28.4476773829756],[77.0788307416374,28.4479512601241],[77.0786551748983,28.4481487825233],[77.0784777207987,28.4483795023535],[77.0782058753224,28.4487728865241],[77.0777225960726,28.4494517609635],[77.0770675257028,28.4503630067651],[77.0764237821904,28.451264285095],[77.0757441698471,28.4522004125289],[77.0749944089615,28.453253588635],[77.0749482984379,28.4533179987355],[77.0745114288507,28.4539282412637],[77.0744113753926,28.4540825995182],[77.0743575348661,28.4541809238082],[77.0743339567848,28.4542338781291],[77.074324059147,28.4542656398097],[77.0743176254129,28.4543108896246],[77.0743061072144,28.454424280633],[77.0741937791763,28.4567803456231],[77.0741897888598,28.4569192737919],[77.0741886129651,28.4581772569374],[77.0741436837262,28.4591245045913],[77.0740772326497,28.4606832677601],[77.0739677396946,28.4617603801175],[77.0738808169111,28.4624351545689],[77.0738195688767,28.4629106178283],[77.0732032365569,28.4670273300052],[77.0728557152044,28.4692195104199],[77.0714767203949,28.4779178390492],[77.071456525369,28.4780823996742],[77.0714716619815,28.4780837451845],[77.0746711924273,28.4786702170872],[77.0773884452448,28.4791494519065],[77.0792952146568,28.4794619430681],[77.0794484393965,28.4793263103597],[77.0797262173469,28.4790892377505],[77.0798495470523,28.479029463374],[77.0800962046664,28.4787903639504]]]}},{"type":"Feature","properties":{"objectid":"30","townname":"Gurugram","towncensuscode2011":"800429","town_lgd_code":"248576","ward_lgd_code":"64233","ward_lgd_name":"Gurgaon (M Cl ) - Ward No.30","state":"Haryana","sourcewardcode":"30"},"geometry":{"type":"Polygon","coordinates":[[[77.0848231711325,28.4295252526006],[77.0849991780461,28.4295162357516],[77.0852537884454,28.4295252526006],[77.0856842171121,28.4295529848968],[77.0858849492555,28.4295681904553],[77.0869282400501,28.429647218561],[77.0874836171863,28.4296897621661],[77.0890893809095,28.4297971678266],[77.0898525608288,28.4298399365155],[77.0906553052482,28.4298588565139],[77.0909765598617,28.429861861594],[77.0912945014886,28.4298722284875],[77.0912843388478,28.4296023334355],[77.0912516770023,28.4274815270809],[77.091214083406,28.4256541635412],[77.091207248125,28.4242595751141],[77.0911884508777,28.4230257695603],[77.0911491486857,28.4215244451774],[77.091133769528,28.4204934932855],[77.0911098464937,28.4185427719337],[77.0910910492464,28.4175147972294],[77.0910978845274,28.4173314436877],[77.0909856777619,28.4173214247781],[77.0907280678879,28.4172682686833],[77.089687314834,28.4169682593874],[77.0864028980854,28.4160240544912],[77.0827520899735,28.414978524029],[77.0796807634919,28.4141562488552],[77.0765359970408,28.4130279436405],[77.0745138498104,28.4122902607143],[77.0743258135567,28.4125193118014],[77.0735348388643,28.4131983951361],[77.0727998112476,28.4137920968554],[77.0721446645211,28.4143206977639],[77.070891133814,28.4153480769365],[77.0696976231444,28.4163325772037],[77.0692390008525,28.4167953070468],[77.0689895171385,28.4170636419617],[77.0682401056976,28.4170390572113],[77.0682219893733,28.41651990736],[77.0664702808574,28.4164902051435],[77.0664538174332,28.4185181164211],[77.0660778769784,28.4185235125555],[77.0658994068842,28.4182699705768],[77.0650378865942,28.4182586868611],[77.0650343112994,28.4193828430579],[77.0654447147217,28.4193691916592],[77.0649809253203,28.4197079487151],[77.0641350896151,28.4203353348611],[77.0640016987786,28.4204395882363],[77.062683594474,28.4214798236415],[77.0615842541956,28.4214812883785],[77.0615866491041,28.421083592584],[77.0622666737742,28.4210671620277],[77.0622737560919,28.4194742313018],[77.0615771700812,28.4194767997754],[77.061582158426,28.4194007591829],[77.0611377609566,28.4193955274251],[77.0611402681546,28.4192631793508],[77.0609031551404,28.4192563911717],[77.0609073835104,28.4209482902697],[77.0602104255973,28.420949354461],[77.06022712977,28.4205563234845],[77.0595204377124,28.4205518794621],[77.0588258917757,28.4205498798494],[77.0587728543431,28.423136133532],[77.0601285369726,28.423146358879],[77.0601829721839,28.4241757301754],[77.059646771384,28.4245870911524],[77.0594766646052,28.4244305828741],[77.0594719017376,28.4240947979815],[77.058855527197,28.4241014049354],[77.0588581251248,28.4236330219991],[77.0581099075448,28.423626167738],[77.0580823005195,28.4240923489132],[77.0573860037664,28.4240776426522],[77.0573521291953,28.4246710100269],[77.0567313645879,28.4246659112525],[77.0567485664273,28.4241676640565],[77.0554285792538,28.4241753596554],[77.0549328736087,28.4241932338882],[77.0541759666251,28.4232593471989],[77.0537219203512,28.4226848268296],[77.0542931572438,28.4226991959404],[77.0560371177903,28.4226962317387],[77.0560419156922,28.4217320527883],[77.0547013588954,28.4216840705098],[77.0547444645543,28.4203290026096],[77.0553859820414,28.4203379325457],[77.0554039627201,28.4200835843185],[77.0561178880124,28.4200913473686],[77.0561146594673,28.4197647868185],[77.0549246980413,28.4197611336072],[77.0538558142443,28.4197550106859],[77.0535402145254,28.4197584442622],[77.0535381322306,28.4203363200536],[77.0522751772979,28.4202618380581],[77.0519289665874,28.4209372541236],[77.0516326878337,28.4207771560074],[77.0513592873736,28.420655518757],[77.0506026247317,28.4203694168254],[77.0496479518416,28.420067685312],[77.0496246252886,28.4202517364705],[77.0490176435326,28.4202515515986],[77.0478868963552,28.4202425971638],[77.0478680955147,28.4196313592002],[77.0470632993432,28.4194174846891],[77.0446714890851,28.4186573358111],[77.0446078209894,28.4187694037594],[77.0450000002896,28.4192994011368],[77.0427658290925,28.420347179291],[77.0422853705527,28.419571555946],[77.0428978059808,28.419278353205],[77.0442809447187,28.4185240355776],[77.0442892298806,28.4185195172039],[77.04205938497,28.4177012001227],[77.0403686424175,28.417141334697],[77.0392329706758,28.4209686039174],[77.0386113373975,28.423218343145],[77.0376174431638,28.42658959726],[77.0370530783832,28.4286400517411],[77.0394618057146,28.4291918427618],[77.0419387996178,28.4297592693457],[77.0448822967329,28.4304248773165],[77.0450965826574,28.4304831260897],[77.0451172376207,28.4304896378479],[77.0451900101419,28.430522499983],[77.0453903317553,28.430644144065],[77.0455567051358,28.4307769471542],[77.0465367662125,28.4317983714581],[77.0480425456479,28.4333623900991],[77.0489768088147,28.4343089579116],[77.0492592696828,28.4346112871049],[77.0582277745949,28.4438679205307],[77.0640638936373,28.4499648792689],[77.0654809842013,28.4490277171047],[77.0644867423196,28.4475583807687],[77.0638833223837,28.4465230815892],[77.06354075524,28.4461109007077],[77.063406907161,28.445472105355],[77.062292697968,28.4444033663416],[77.0625199016663,28.4442362959821],[77.0629434824756,28.4439406568796],[77.0624938891506,28.4434267297362],[77.0628049451908,28.4431943948564],[77.0624014731691,28.4427433300877],[77.0628453559038,28.4424038007924],[77.0623005824812,28.4418104356872],[77.0626291763307,28.4415516532664],[77.0620243622095,28.4409152901162],[77.0630270796959,28.4401506280974],[77.0631960438177,28.4400217775994],[77.0641769762602,28.4392804841015],[77.0667185204047,28.4373322765362],[77.0672668080367,28.4369057748133],[77.0673225179574,28.4368731405796],[77.0688033709403,28.4356696576106],[77.0704421154108,28.4343748535874],[77.071376077642,28.4336468446237],[77.0720978748712,28.4330727045178],[77.0728896643356,28.4324495135033],[77.0734660081506,28.431993658405],[77.0745846828688,28.4311050734222],[77.0751911274323,28.4306257890378],[77.0752383913926,28.4305974740223],[77.0752599338915,28.430586652965],[77.0752800920864,28.4305795621621],[77.0753114486798,28.4305724713588],[77.0755854671808,28.4305135590564],[77.0757527927755,28.4304837454296],[77.0758577815777,28.4304722046941],[77.0760655717844,28.4304548939834],[77.0767403422084,28.4303885337312],[77.0779830104869,28.4302657383604],[77.0796938187079,28.4300862698913],[77.0823252437882,28.4297894133881],[77.0825274958812,28.4297662598761],[77.0826625791437,28.4297506838456],[77.0842661024686,28.4295838581505],[77.0845315133125,28.4295559362669],[77.0848231711325,28.4295252526006]]]}},{"type":"Feature","properties":{"objectid":"31","townname":"Gurugram","towncensuscode2011":"800429","town_lgd_code":"248576","ward_lgd_code":"64234","ward_lgd_name":"Gurgaon (M Cl ) - Ward No.31","state":"Haryana","sourcewardcode":"31"},"geometry":{"type":"Polygon","coordinates":[[[77.0811776828437,28.4459144139569],[77.0817500956309,28.4454168718414],[77.0819961729333,28.4451713055717],[77.0823165822322,28.4448462955093],[77.0830394206087,28.4441371070136],[77.08370304294,28.4434853670804],[77.0846035276556,28.4426271477432],[77.0850609174589,28.442273444356],[77.0855326003567,28.4419323077084],[77.0868414681836,28.4409555748273],[77.0875030486442,28.440456431956],[77.0879931083778,28.4409519839594],[77.0883913638826,28.4406539343864],[77.0892125623928,28.4415224154213],[77.0894659340154,28.4418160928775],[77.0901994785134,28.4413178877206],[77.0903777401984,28.4415065686085],[77.090598593706,28.4413433965363],[77.0904783658833,28.4411802242123],[77.0910537871284,28.4408668410167],[77.0917645135199,28.441303407393],[77.0919203757133,28.4411330066801],[77.0923105364991,28.4406562329907],[77.0912894799061,28.4404675750729],[77.0908897107401,28.4400392210285],[77.0907736376256,28.4398964941512],[77.0905814601386,28.4399931001628],[77.090554048946,28.4400068792356],[77.0899971491653,28.4392994758735],[77.0894887880545,28.4388049904099],[77.0893679359027,28.4387126591119],[77.0896569607605,28.4383076407696],[77.0897081476637,28.4382185089897],[77.0897401303828,28.4381628166963],[77.0898406078457,28.4379878554659],[77.089966259696,28.4377328774291],[77.0900846639386,28.437452400089],[77.0901822847589,28.4371422532307],[77.0902685293144,28.4368741121894],[77.0903570232513,28.4365289010544],[77.0904192738056,28.4362290190183],[77.0907327418223,28.4343195044771],[77.0910173936813,28.4326140517014],[77.0911711726815,28.4317036444011],[77.0912972952491,28.4310412699212],[77.0913152903009,28.4307287311939],[77.0913085421565,28.4301867312559],[77.0912950997666,28.4299207473998],[77.0912945014886,28.4298722284875],[77.0909765598617,28.429861861594],[77.0906553052482,28.4298588565139],[77.0898525608288,28.4298399365155],[77.0890893809095,28.4297971678266],[77.0874836171863,28.4296897621661],[77.0869282400501,28.429647218561],[77.0858849492555,28.4295681904553],[77.0856842171121,28.4295529848968],[77.0852537884454,28.4295252526006],[77.0849991780461,28.4295162357516],[77.0848231711325,28.4295252526006],[77.0845315133125,28.4295559362669],[77.0842661024686,28.4295838581505],[77.0826625791437,28.4297506838456],[77.0825274958812,28.4297662598761],[77.0823252437882,28.4297894133881],[77.0796938187079,28.4300862698913],[77.0779830104869,28.4302657383604],[77.0767403422084,28.4303885337312],[77.0760655717844,28.4304548939834],[77.0758577815777,28.4304722046941],[77.0757527927755,28.4304837454296],[77.0755854671808,28.4305135590564],[77.0753114486798,28.4305724713588],[77.0752800920864,28.4305795621621],[77.0752599338915,28.430586652965],[77.0752383913926,28.4305974740223],[77.0751911274323,28.4306257890378],[77.0745846828688,28.4311050734222],[77.0734660081506,28.431993658405],[77.0728896643356,28.4324495135033],[77.0720978748712,28.4330727045178],[77.071376077642,28.4336468446237],[77.0704421154108,28.4343748535874],[77.0688033709403,28.4356696576106],[77.0673225179574,28.4368731405796],[77.0672668080367,28.4369057748133],[77.0678361845183,28.437638243366],[77.0682579444425,28.4381481866426],[77.0685742646102,28.4384726951516],[77.0740135843168,28.4440755198557],[77.0756865465148,28.4457908625422],[77.0757765217737,28.4458739312999],[77.0758099058646,28.4458982352714],[77.0758597497865,28.445925354295],[77.0758996610362,28.445939502249],[77.075938478138,28.44594711017],[77.0759750278919,28.445950948884],[77.0760125307584,28.4459514591328],[77.0762421455349,28.4459431545567],[77.0763253735477,28.4459358365137],[77.0765939114271,28.4459035723502],[77.0767014415633,28.4458961358256],[77.0767823905502,28.4459025099895],[77.0768488416267,28.4459141959558],[77.0769068350648,28.4459248187706],[77.0769824022448,28.4459541320151],[77.0770248611167,28.4459706029398],[77.0771533076259,28.4460204287943],[77.0776635731652,28.4463017569984],[77.0777424865696,28.4463426715429],[77.0787246254496,28.4469002878141],[77.0794802792834,28.447308206755],[77.0795067265837,28.4472869503445],[77.0799918743293,28.446908480946],[77.0803779082547,28.4466113959816],[77.0805141683102,28.4465001773839],[77.0806271709831,28.4464081221433],[77.0811776828437,28.4459144139569]]]}},{"type":"Feature","properties":{"objectid":"32","townname":"Gurugram","towncensuscode2011":"800429","town_lgd_code":"248576","ward_lgd_code":"64235","ward_lgd_name":"Silokhra (OG) - Ward No.32","state":"Haryana","sourcewardcode":"32"},"geometry":{"type":"Polygon","coordinates":[[[77.1103665362677,28.4667276442214],[77.1105829206567,28.4667194921105],[77.1112289818225,28.4667656889764],[77.1120146923874,28.4668233989015],[77.1124129128579,28.4668526471242],[77.1139184299853,28.4668548993563],[77.1142453044593,28.4667653343996],[77.1144915218989,28.4666459146026],[77.1148099054969,28.4664220032052],[77.1150051812733,28.4662055540697],[77.1156627112304,28.4652206246707],[77.1162016420104,28.464427954065],[77.1172380490149,28.4627059261642],[77.1176733402622,28.4619679048278],[77.1197254247478,28.4591615569856],[77.1205832170294,28.4577978227201],[77.1209691126143,28.4571843123252],[77.1217153260528,28.4561364479643],[77.1219122430513,28.4556899638706],[77.1220573398343,28.4552708140797],[77.1220884323229,28.4544507332522],[77.1222438929693,28.4517808690027],[77.1224304461044,28.446176669764],[77.1223993545141,28.4425223893703],[77.1246723239483,28.4422706402596],[77.1294443687736,28.4408752968617],[77.1305881738619,28.4405933973457],[77.1313266752638,28.4402974163032],[77.1324818377522,28.4397023031705],[77.1327019052339,28.4395852422696],[77.1336147759206,28.4391456647764],[77.1346852263794,28.4386726389575],[77.1347667323218,28.4386439706342],[77.1348618234862,28.4386176910018],[77.1358426157915,28.4385818557753],[77.136460306364,28.4383811724369],[77.1371956214415,28.438142273323],[77.137722695358,28.4379654849772],[77.1382981642139,28.4379066549927],[77.1400259290341,28.4374736395177],[77.1408548225131,28.4370385858428],[77.1418931034033,28.4365201051925],[77.1421050195721,28.4366419477615],[77.1421457725433,28.4366682278846],[77.142401159087,28.4368617419378],[77.1428440105557,28.4371412626652],[77.1428929139415,28.4371699313957],[77.1429798546913,28.4371914323461],[77.1431564517981,28.437212934082],[77.143452591313,28.4372416027932],[77.1439443461675,28.4372750497447],[77.1442595039153,28.4373108854138],[77.1444768539932,28.4373634445313],[77.1448110299738,28.4374924538816],[77.1450473982846,28.43751634428],[77.1455011166734,28.437521122517],[77.1458841969381,28.4374852861291],[77.1459792872042,28.4374661739632],[77.1460933966015,28.4374470617939],[77.1462102225042,28.4374327270722],[77.1463460657414,28.4374279488312],[77.1466259044272,28.4374470617939],[77.1468921587892,28.4374231713799],[77.1475643492517,28.4373325759171],[77.1476229553408,28.4373246774748],[77.1479785354797,28.4371397302114],[77.1481364440353,28.4370624984616],[77.1483686872823,28.4369489103146],[77.1489434015533,28.43667300537],[77.1492639932102,28.4365463845559],[77.1494351564078,28.4364317097012],[77.1496851090424,28.4362143033846],[77.1499377790807,28.4359682275729],[77.1502623224265,28.4357344591688],[77.1504321884568,28.4356334753937],[77.1506109972158,28.4355472617563],[77.15096747567,28.4354091799715],[77.1511812396733,28.4352765375235],[77.1514542314,28.4350150738609],[77.1517359170219,28.4347581967479],[77.1517533048126,28.4347291450316],[77.1517637378463,28.4346970354386],[77.1517654769847,28.434660338636],[77.1517706935015,28.4344707378918],[77.1517816125238,28.4343696123003],[77.1518050226201,28.4342941329983],[77.1518171669444,28.4342549753737],[77.1518281057297,28.4342353349402],[77.151847250625,28.4342144922045],[77.1518820495625,28.4341832940538],[77.1519758714074,28.4340991812847],[77.1522424446713,28.4339203165179],[77.1528244074483,28.4336649321237],[77.1528661386849,28.4336389387967],[77.1528991760261,28.433608357428],[77.1529287350905,28.4335747189392],[77.1529443846411,28.4335502541461],[77.1529548176748,28.4335288472501],[77.1529722054654,28.433495207946],[77.1531228259891,28.4333031025421],[77.1531999885771,28.433204687747],[77.153224332023,28.4331771649556],[77.1532608467426,28.4331435255397],[77.1532956223239,28.4331160027324],[77.1533616970063,28.4330701308444],[77.1533825621754,28.4330624856595],[77.1535149990011,28.4330186565729],[77.1537059799322,28.4329554514323],[77.1538398675371,28.4329034636334],[77.153928546527,28.4328728828422],[77.1539720160036,28.432849946453],[77.1540346133075,28.4328101910865],[77.154274567693,28.4326114132402],[77.1543232545848,28.4325793022146],[77.1543684631997,28.4325517792606],[77.1544380152606,28.4325181396459],[77.1544814856355,28.4324952039698],[77.154549298558,28.4324630936989],[77.1545927689329,28.4324340413525],[77.1546501488217,28.4323744080628],[77.1546936191966,28.4323117160119],[77.1549149326416,28.4319657521664],[77.1552170746992,28.4320059510193],[77.1555635719723,28.4320520508779],[77.1556534376366,28.4320640069615],[77.1557090792854,28.4320640069615],[77.1558238399612,28.4320288378238],[77.1558673103361,28.432002844095],[77.1559194746063,28.4319630876203],[77.1559641559103,28.4319181734584],[77.1563412578868,28.4315391055775],[77.1565667808372,28.4314282787567],[77.1584109816913,28.4306919303187],[77.1605731142907,28.429835863383],[77.1618267518973,28.4292233891869],[77.1630936549256,28.4291592251087],[77.1638299186241,28.4290367300859],[77.1644069891761,28.4288967351491],[77.1647320068324,28.4286459110826],[77.1649309971425,28.4283834190599],[77.1655168945405,28.4270765336902],[77.1656886829656,28.4265607961025],[77.1657724787136,28.42471846164],[77.1657934283243,28.4236498929914],[77.1657305812887,28.4220838679172],[77.1655420392836,28.4205730922608],[77.1651440074593,28.4197439989071],[77.1641175034825,28.4188596256126],[77.1632376431876,28.4184911341647],[77.1615198209209,28.4182147647372],[77.1607566957988,28.4182306750829],[77.1583734464855,28.4184500721695],[77.1572483874405,28.4185536424161],[77.1571714431431,28.4187156463642],[77.1571082987652,28.4188485931991],[77.1568535913478,28.419158477644],[77.1567177472122,28.4192742172515],[77.1563696473447,28.4194944954588],[77.1560724891403,28.419610234699],[77.1557710854978,28.4196774383766],[77.1555036426647,28.4197185070063],[77.1547819720981,28.4198081118086],[77.1536613884598,28.4199714442862],[77.1532707084478,28.4200283889052],[77.1533650719768,28.4210910995864],[77.1534811900071,28.4223988054353],[77.151525698669,28.4225617776111],[77.1509917697086,28.4232362910121],[77.1488804700761,28.4259034573408],[77.1483378768647,28.4265282289888],[77.1482359944368,28.426483429441],[77.1481638273801,28.4264572960994],[77.1480619440538,28.4264460969967],[77.1478454428838,28.4264498297678],[77.1477605404114,28.42646102966],[77.1476671479612,28.4264759631112],[77.1471747139803,28.4266439605394],[77.1470049090354,28.4266775601511],[77.1467756724497,28.4266738265981],[77.1466950154152,28.4266588931748],[77.1466186029205,28.4266364942209],[77.1465252104703,28.4266028945963],[77.1464403079979,28.4265618286372],[77.1462958157811,28.4264226030514],[77.1459521185567,28.4260914341693],[77.1458876455705,28.4261318003649],[77.1449122153091,28.4269447245187],[77.1445411464181,28.4267559584134],[77.1442691931439,28.4268842894448],[77.1435926269877,28.4271292851209],[77.1427830724401,28.4272629323888],[77.1424293877465,28.4272770701986],[77.142186430293,28.4272867816468],[77.1410256551307,28.4274792779601],[77.1409593253267,28.4274792779601],[77.1408598297225,28.4274617779506],[77.1407934999185,28.4274326120517],[77.1407139037945,28.4273801135715],[77.1404950149025,28.4271584511033],[77.1404154187784,28.4270767864902],[77.1403291894943,28.426995121024],[77.1402363279484,28.4269251222285],[77.1401699972461,28.4268842894448],[77.1399940056039,28.4268630289306],[77.1396788478561,28.4269347073089],[77.1395728897717,28.4269562111289],[77.139431611727,28.426980103906],[77.1393664066138,28.4269848826188],[77.1393012015006,28.4269872715801],[77.1392006773253,28.4269872715801],[77.1391463400304,28.4269896613313],[77.1390485323606,28.427027889444],[77.1385515448195,28.4273742802299],[77.1384785818556,28.4273976128045],[77.1383392890876,28.427426778713],[77.1380540694933,28.4274442787283],[77.1364223507466,28.4275026105116],[77.1361304988906,28.4274384453902],[77.1360509027665,28.4273917794638],[77.1359779398025,28.4273392809633],[77.1358917105184,28.4272576156996],[77.1357855826524,28.4271526177495],[77.1357590509105,28.4270942857733],[77.1355069971165,28.426353464193],[77.1354738313162,28.4262892983749],[77.1354274009924,28.4262192991127],[77.1353080068063,28.4261084675112],[77.1344921469838,28.4257176369055],[77.134366120536,28.4256593041385],[77.13425335951,28.4255834710194],[77.1340742677816,28.4254609718583],[77.1339814062358,28.425385138597],[77.1338553788896,28.4252684726644],[77.1337824159256,28.4252159731108],[77.1336696548996,28.4252101396499],[77.1334308665274,28.4252684726644],[77.1332186107954,28.4253151395269],[77.1328272633352,28.4254318054081],[77.1327012368873,28.4254376388568],[77.132263458205,28.4254084724001],[77.1321108991169,28.4253793059355],[77.131978239509,28.4253793059355],[77.1318986433849,28.425385138597],[77.131799148679,28.4254201385098],[77.1312813597493,28.4257803455027],[77.1309911652849,28.4262087264598],[77.1302760452333,28.4257165435318],[77.1294987402045,28.4263181003964],[77.1290634489572,28.4263181003964],[77.1263791562258,28.4264548170656],[77.1264212602631,28.4282013609673],[77.1251581391421,28.4281443970449],[77.123212357694,28.4327355061594],[77.1208279414691,28.4340680905329],[77.1204859519421,28.4336022921841],[77.1201855508195,28.4331931346689],[77.1211509972048,28.4316270501357],[77.1209205577748,28.429821649287],[77.1202920856223,28.4263949868557],[77.1208815421454,28.4256945788841],[77.1216109040875,28.4249248637433],[77.1225118810798,28.4239589385993],[77.1232669851447,28.4234382418336],[77.1236616985924,28.423219397043],[77.1244511263859,28.4218685873513],[77.123510332467,28.4208198066736],[77.123216668709,28.4202244236246],[77.1232259420177,28.4197785629948],[77.1232228509148,28.4193163889581],[77.1231364338828,28.4184331758566],[77.1231177965356,28.4180910838005],[77.1231045796228,28.4179710931256],[77.1230806826397,28.4177541505821],[77.1230739407834,28.41773773057],[77.123060411257,28.4177309549342],[77.1229205390756,28.4177120785921],[77.1228841141875,28.4177078770017],[77.1225591082093,28.4176542857723],[77.1224522760641,28.4176386257923],[77.1223553352686,28.4176264460696],[77.1222722437997,28.4176177466053],[77.1221416718765,28.4176229666],[77.1221040827718,28.4176316660638],[77.1220328616411,28.4176508063036],[77.1219398779244,28.417676905476],[77.1215659595772,28.4177366805677],[77.121340411474,28.4177382930995],[77.1206872518208,28.417739129783],[77.1203634882126,28.4177395445695],[77.1204314942729,28.4170952070125],[77.1205180316792,28.4155062293787],[77.1202251853882,28.4148403522036],[77.1199795509552,28.4144349944168],[77.1199402999672,28.4143926769689],[77.1198693950434,28.4143525867811],[77.1195065637036,28.4141849001087],[77.1192163872056,28.4140507907166],[77.1189142882671,28.4139139521562],[77.118026538069,28.4136066739163],[77.1152561705637,28.4127555191792],[77.1147033015238,28.4130178413627],[77.1135756418561,28.4135528854565],[77.1133893627072,28.4135635131001],[77.1131188287711,28.4135674620227],[77.1124277323652,28.4135775508163],[77.1119590004331,28.4135843930863],[77.1114847851845,28.4141189468283],[77.1114208925099,28.4141529683759],[77.1110410371971,28.414355231228],[77.109926218048,28.4147214481721],[77.1092347847738,28.4149485819828],[77.1087738250656,28.4151452044518],[77.1081177692439,28.4154454938629],[77.1066385565847,28.4131574891092],[77.1053864559956,28.4121528154443],[77.1047164726937,28.4116504750379],[77.1030744637455,28.412302550876],[77.10205328049,28.4135549918648],[77.1011179869556,28.414702078276],[77.1007075547871,28.4152054479149],[77.0999935109172,28.4158284394305],[77.0992954534661,28.4158284394305],[77.0989215414072,28.4158307709674],[77.0989180640288,28.4156207918009],[77.098904547977,28.4148046487725],[77.098549187027,28.4148003182818],[77.0968131559095,28.414779160423],[77.0968121740509,28.4146972784664],[77.0968029779973,28.4139303087633],[77.0945798102642,28.4127140117099],[77.0937760480536,28.4122503127406],[77.0925395664724,28.4116847881406],[77.0916950620704,28.4113541997227],[77.091319780979,28.4127129174118],[77.0912524774013,28.4129565892712],[77.0912369419368,28.4130522361933],[77.0912135057893,28.413196528912],[77.0910902227964,28.4139555508065],[77.0910017980297,28.414726354643],[77.0909890042234,28.4148378807987],[77.0909076860289,28.4155467339249],[77.0909117428207,28.4157286842065],[77.0909951226488,28.4164285442191],[77.0910978845274,28.4173314436877],[77.0910910492464,28.4175147972294],[77.0911098464937,28.4185427719337],[77.091133769528,28.4204934932855],[77.0911491486857,28.4215244451774],[77.0911884508777,28.4230257695603],[77.091207248125,28.4242595751141],[77.091214083406,28.4256541635412],[77.0912516770023,28.4274815270809],[77.0912843388478,28.4296023334355],[77.0912945014886,28.4298722284875],[77.0912950997666,28.4299207473998],[77.0913085421565,28.4301867312559],[77.0913152903009,28.4307287311939],[77.0912972952491,28.4310412699212],[77.0911711726815,28.4317036444011],[77.0910173936813,28.4326140517014],[77.0907327418223,28.4343195044771],[77.0904192738056,28.4362290190183],[77.0903570232513,28.4365289010544],[77.0902685293144,28.4368741121894],[77.0901822847589,28.4371422532307],[77.0900846639386,28.437452400089],[77.089966259696,28.4377328774291],[77.0898406078457,28.4379878554659],[77.0897401303828,28.4381628166963],[77.0897081476637,28.4382185089897],[77.0896569607605,28.4383076407696],[77.0893679359027,28.4387126591119],[77.0894887880545,28.4388049904099],[77.0899971491653,28.4392994758735],[77.090554048946,28.4400068792356],[77.0905814601386,28.4399931001628],[77.0907736376256,28.4398964941512],[77.0908897107401,28.4400392210285],[77.0912894799061,28.4404675750729],[77.0923105364991,28.4406562329907],[77.0919203757133,28.4411330066801],[77.0917645135199,28.441303407393],[77.0910537871284,28.4408668410167],[77.0904783658833,28.4411802242123],[77.090598593706,28.4413433965363],[77.0903777401984,28.4415065686085],[77.0901994785134,28.4413178877206],[77.0894659340154,28.4418160928775],[77.0892125623928,28.4415224154213],[77.0883913638826,28.4406539343864],[77.0879931083778,28.4409519839594],[77.0875030486442,28.440456431956],[77.0868414681836,28.4409555748273],[77.0855326003567,28.4419323077084],[77.0850609174589,28.442273444356],[77.0846035276556,28.4426271477432],[77.08370304294,28.4434853670804],[77.0830394206087,28.4441371070136],[77.0823165822322,28.4448462955093],[77.0819961729333,28.4451713055717],[77.0817500956309,28.4454168718414],[77.0811776828437,28.4459144139569],[77.0806271709831,28.4464081221433],[77.0805141683102,28.4465001773839],[77.0803779082547,28.4466113959816],[77.0799918743293,28.446908480946],[77.0795067265837,28.4472869503445],[77.0794802792834,28.447308206755],[77.0799499355819,28.4474479956663],[77.0801031261856,28.4475030970046],[77.0813717189451,28.4479128681745],[77.0818357562815,28.4480627575901],[77.0825837097567,28.4483048094612],[77.0832180146704,28.4485172702288],[77.0834180658909,28.4481119569035],[77.0837282173276,28.4482123371752],[77.0847091434819,28.4485454690811],[77.0846828533867,28.448597819628],[77.0847890683893,28.4486433751664],[77.0848096658605,28.4486522095123],[77.0846365299625,28.4490776615739],[77.0857819268655,28.4495117463703],[77.0858239159185,28.449219477231],[77.0858624967633,28.4489509268646],[77.0859044732399,28.4486587446373],[77.085911921172,28.4486069019871],[77.0859100338116,28.4485753645007],[77.0858987069541,28.448522249378],[77.0856482171271,28.4478866295472],[77.085182434364,28.4481143003668],[77.0848724455224,28.4479799962211],[77.0844641208016,28.4476797730494],[77.0843191372063,28.4477775061702],[77.0841938590551,28.4477600655969],[77.0839995687305,28.4477271788017],[77.0837805819221,28.4477155601727],[77.0837289135219,28.4476949989083],[77.0835391785541,28.4476194951501],[77.0838586140793,28.4472053004764],[77.0839122695529,28.4471357281422],[77.0839965476962,28.4470264491796],[77.0841876409167,28.4472148181621],[77.0855804104928,28.4465879373179],[77.0856662175687,28.4467161969059],[77.0867900719729,28.4461306187122],[77.0873444681488,28.4470147633362],[77.0873879627782,28.4470742533094],[77.0874423324125,28.4471337432492],[77.0875479392556,28.4472427898852],[77.0876779308671,28.4473770136128],[77.0879244034282,28.4476872094486],[77.087941318705,28.447719078935],[77.0879582330835,28.447763695726],[77.0879775639301,28.4478380572657],[77.0879960979711,28.4479616363029],[77.0880065606492,28.4480313976562],[77.0880187184482,28.4480790686381],[77.0880300453057,28.4481006471453],[77.0881082714989,28.4482109818064],[77.0878141864311,28.44840201913],[77.0869018430555,28.4489946711568],[77.0869378924478,28.4494165707517],[77.0869755848589,28.4498576939089],[77.0874429360804,28.4498401620584],[77.0875203367219,28.4498351821814],[77.0878884591388,28.4498385018361],[77.088123033514,28.4498385184226],[77.0896948022919,28.4499049241326],[77.0903649661551,28.4499244147488],[77.0907262173584,28.4499350379505],[77.091226411885,28.449956283561],[77.0914946317608,28.4499594705207],[77.0917169405391,28.4499690306093],[77.0918595085646,28.4499775291672],[77.0924406520781,28.4500242696438],[77.0935898910756,28.450115967104],[77.0940689419554,28.4501545983613],[77.0944582484433,28.450185992418],[77.0949098243501,28.4502131869553],[77.0951417990009,28.4502261045752],[77.095223763084,28.4502240652421],[77.0953050309729,28.4502159513498],[77.0954348599893,28.4502029894983],[77.0956831139096,28.4501663178203],[77.0962022619904,28.4500885134782],[77.096272229073,28.4502899746991],[77.09628166857,28.4503181912447],[77.0962854441891,28.4503563674884],[77.0962835559304,28.4503796049548],[77.0962684534538,28.4504128013266],[77.0961435957142,28.4505430379456],[77.0959968846586,28.4507556371743],[77.0959372931176,28.4508085331842],[77.0928764356022,28.4514583861343],[77.0930896076158,28.4526173187977],[77.0932995582707,28.452567684026],[77.0948614473771,28.4521984332596],[77.095271943326,28.452827800331],[77.0953286979873,28.4528962892543],[77.0958230040573,28.4533378465036],[77.0958125359892,28.4533695705428],[77.0955676175135,28.4541117801849],[77.0956386976087,28.4542052882645],[77.0958901791759,28.4545361227325],[77.0959343960508,28.4545942918873],[77.0963229102246,28.4550433600654],[77.0964092778493,28.4550006473735],[77.0964967899277,28.4549573683838],[77.0974748666259,28.4557671204158],[77.0968608519595,28.4579264280561],[77.0965103742514,28.4591517671182],[77.0959820534733,28.4608628793858],[77.0953367028748,28.4631246429217],[77.0961924999982,28.463269568645],[77.0970917863612,28.4634104886671],[77.0978416442648,28.4635251350584],[77.0985597592996,28.4636099801943],[77.103643857295,28.4639850453268],[77.1051287967142,28.4641058817354],[77.1055214458333,28.4641337407977],[77.1060488979406,28.4641711641851],[77.1061480099642,28.4641849219439],[77.1062001742344,28.4641940937821],[77.1062523376064,28.464213965569],[77.106344494873,28.4642582950478],[77.1064070912787,28.4643026245081],[77.1064383894815,28.4643469539497],[77.1064557781704,28.4643928122728],[77.1064714268227,28.4645120435037],[77.106542718022,28.46493888956],[77.1066595654842,28.4655307602571],[77.1066884993212,28.4657234846961],[77.1067285614879,28.465850662859],[77.1067931054411,28.4660062111691],[77.1068776809268,28.4661744774945],[77.107005663007,28.4663851823709],[77.1071034976263,28.4665462530911],[77.1073250392433,28.4669160183772],[77.1076231101361,28.4673965479262],[77.1076733565032,28.467477551232],[77.1080419514339,28.4680238644913],[77.1087605650337,28.4675116567047],[77.1091856963351,28.4672086334427],[77.1096153740103,28.4669477580841],[77.1098410317079,28.4668363429212],[77.1101686993943,28.4667521013398],[77.1103665362677,28.4667276442214]]]}},{"type":"Feature","properties":{"objectid":"34","townname":"Gurugram","towncensuscode2011":"800429","town_lgd_code":"248576","ward_lgd_code":"1302006","ward_lgd_name":"Gurgaon (M CI) - Ward.35","state":"Haryana","sourcewardcode":"35"},"geometry":{"type":"Polygon","coordinates":[[[77.0958363853617,28.5068362749785],[77.0959119785929,28.5069086569573],[77.09703237089,28.5055427580474],[77.0976091198451,28.504866137044],[77.097655260013,28.5048154539999],[77.0977648427996,28.5047520999632],[77.0981166589975,28.5046076519225],[77.0991922963288,28.5041616363643],[77.0999997452253,28.5038347260272],[77.1010090563459,28.5034951435579],[77.1021337165389,28.5031530259214],[77.1029382818433,28.5028210442947],[77.1033333546171,28.5026411140353],[77.1035496356998,28.5025346768174],[77.1036447996278,28.5024611842585],[77.103754381516,28.502359815046],[77.1039447093719,28.502200159148],[77.1042330838494,28.501994886022],[77.1045849009457,28.5017490644074],[77.1048300188473,28.5015767362357],[77.1050116950287,28.5014677630399],[77.1052539293383,28.5013511873791],[77.1061738446135,28.5009381040866],[77.107782974324,28.5002538503332],[77.1090431714288,28.4997469934837],[77.1111299102231,28.4989052342491],[77.1148673437761,28.4975263001579],[77.1171949271863,28.4966710641604],[77.1192863758477,28.49603231548],[77.1207449299503,28.4956662174494],[77.1224929535768,28.4953056927378],[77.1198095501775,28.4896965870203],[77.1181261540475,28.4861776406967],[77.1151609536352,28.4814641934355],[77.1150788476182,28.4814782442504],[77.1143636817525,28.4815897710962],[77.1141502842618,28.4816252577475],[77.1140003293898,28.481653139826],[77.1138849803174,28.4816886256664],[77.1137407926294,28.4817418544046],[77.1135014419119,28.4818077576299],[77.1134293485171,28.4818178967662],[77.1132361370691,28.4818229659392],[77.1130112052102,28.4818255005256],[77.1125728758606,28.4818052230431],[77.111840403951,28.4817672018645],[77.1111079329396,28.4817748064172],[77.1109464436993,28.4817900147312],[77.1107993724193,28.4818229659392],[77.110617696238,28.4818787299844],[77.110294716859,28.4820308128766],[77.1100034587894,28.4821676872924],[77.1096429900187,28.4823653952582],[77.1093401966825,28.4824997346701],[77.1089912640767,28.4825833794013],[77.1086192609378,28.4826670248557],[77.1084306767119,28.4826893385108],[77.1080194414495,28.4827379966328],[77.1076820432119,28.4827481348902],[77.1074109711851,28.4827075802755],[77.1066929181341,28.4825681712015],[77.1062517051924,28.483148616598],[77.1055760535211,28.4834793565078],[77.1029162102368,28.4834489695785],[77.1028601320069,28.4839833795215],[77.1031386780169,28.4839982922166],[77.1033691650576,28.4845032555008],[77.1028545381976,28.4849034265687],[77.1022898392437,28.4848996966506],[77.1017576027092,28.4848961807052],[77.1017465875672,28.4847108974018],[77.100799285354,28.4848335166373],[77.1001929557749,28.483594720956],[77.098973824255,28.484114531735],[77.0983038723943,28.4843919251769],[77.097951362697,28.4845638763568],[77.0974899637125,28.4847926035698],[77.0974797750206,28.4850452944288],[77.09702963013,28.4852148213684],[77.096386665457,28.4854804039993],[77.0961770525686,28.4853548878138],[77.0960901890739,28.4853028744578],[77.0960465579005,28.485338483823],[77.0960240425263,28.4853568601456],[77.0959496305797,28.4852989542687],[77.0958785684508,28.4852436555044],[77.0958317859875,28.4852629422121],[77.0957931449555,28.4852788708966],[77.0957486307382,28.4852559016601],[77.0956337541797,28.4851966258316],[77.0952444485901,28.4852245069671],[77.095241564998,28.4853765850408],[77.0952376546316,28.4854161066703],[77.0952184953632,28.4856097715214],[77.0951694716032,28.4858024032713],[77.0950714240832,28.4860178466233],[77.094996446198,28.4861293694642],[77.0949474233364,28.4862079431476],[77.0948782126353,28.4862890504622],[77.0947369094377,28.4864233848825],[77.0945552332563,28.4865577191318],[77.091937330516,28.4881624135166],[77.0917169360476,28.4883013122664],[77.0904730029411,28.4890685733095],[77.090159251955,28.4892680921804],[77.090072005778,28.4893571003844],[77.0900512016943,28.4893809127407],[77.0900323325818,28.489406851307],[77.0899863702803,28.4894787146745],[77.089952987986,28.4895480262224],[77.0899250611604,28.4896102840411],[77.0899058470948,28.4896799444758],[77.0898956395383,28.4897501322715],[77.0898944384907,28.4898266520589],[77.0898980416333,28.4898978953593],[77.0899064471695,28.4899728328218],[77.0899202803265,28.4900202472365],[77.0899304645269,28.4900551578563],[77.0899661465083,28.4901477143276],[77.0900409078995,28.4903023212719],[77.0902197498961,28.4906308604743],[77.0914035695405,28.4928706983985],[77.0918318925562,28.4936739070095],[77.0923541254517,28.4946421780258],[77.0925098789489,28.4949501713885],[77.0926266940718,28.4951575124736],[77.0926770850676,28.4953064759118],[77.0926839562812,28.4954272567529],[77.0926564705285,28.4955882973962],[77.0926175321542,28.4956970003428],[77.0925579792408,28.495779533285],[77.0924823931961,28.4958741445053],[77.092390773122,28.4959566780984],[77.0916142954415,28.4964478495785],[77.0908240744355,28.4969349932257],[77.0901208920958,28.4973758359039],[77.0899284909282,28.4974805106937],[77.0897887705622,28.4975811590678],[77.0895682018206,28.4977936376008],[77.0901864394671,28.498612976208],[77.092078697494,28.5006613517359],[77.0925959905537,28.5012606340819],[77.092616346378,28.5012939849875],[77.093197117989,28.5022323295467],[77.0938351940302,28.5030540635623],[77.0943476936796,28.5037558583778],[77.0946600208359,28.5040473395908],[77.0951768719245,28.5050075052135],[77.0951940773571,28.5050519415084],[77.0952918230432,28.5053908819096],[77.0953182442924,28.505389810674],[77.0955444993697,28.5053806360981],[77.095664728989,28.5059826743107],[77.0958363853617,28.5068362749785]]]}},{"type":"Feature","properties":{"objectid":"35","townname":"Gurugram","towncensuscode2011":"800429","town_lgd_code":"248576","ward_lgd_code":"1302005","ward_lgd_name":"Gurgaon (M CI) - Ward.34","state":"Haryana","sourcewardcode":"34"},"geometry":{"type":"Polygon","coordinates":[[[77.095664728989,28.5059826743107],[77.0955444993697,28.5053806360981],[77.0953182442924,28.505389810674],[77.0952918230432,28.5053908819096],[77.0951940773571,28.5050519415084],[77.0951768719245,28.5050075052135],[77.0946600208359,28.5040473395908],[77.0943476936796,28.5037558583778],[77.0938351940302,28.5030540635623],[77.093197117989,28.5022323295467],[77.092616346378,28.5012939849875],[77.0925959905537,28.5012606340819],[77.092078697494,28.5006613517359],[77.0901864394671,28.498612976208],[77.0895682018206,28.4977936376008],[77.0897887705622,28.4975811590678],[77.0899284909282,28.4974805106937],[77.0901208920958,28.4973758359039],[77.0908240744355,28.4969349932257],[77.0916142954415,28.4964478495785],[77.092390773122,28.4959566780984],[77.0924823931961,28.4958741445053],[77.0925579792408,28.495779533285],[77.0926175321542,28.4956970003428],[77.0926564705285,28.4955882973962],[77.0926839562812,28.4954272567529],[77.0926770850676,28.4953064759118],[77.0926266940718,28.4951575124736],[77.0925098789489,28.4949501713885],[77.0923541254517,28.4946421780258],[77.0918318925562,28.4936739070095],[77.0914035695405,28.4928706983985],[77.0902197498961,28.4906308604743],[77.0900409078995,28.4903023212719],[77.0899661465083,28.4901477143276],[77.0899304645269,28.4900551578563],[77.0899202803265,28.4900202472365],[77.0899064471695,28.4899728328218],[77.0898980416333,28.4898978953593],[77.0898944384907,28.4898266520589],[77.0898956395383,28.4897501322715],[77.0899058470948,28.4896799444758],[77.0899250611604,28.4896102840411],[77.089952987986,28.4895480262224],[77.0899863702803,28.4894787146745],[77.0900323325818,28.489406851307],[77.0900512016943,28.4893809127407],[77.090072005778,28.4893571003844],[77.090159251955,28.4892680921804],[77.0904730029411,28.4890685733095],[77.0917169360476,28.4883013122664],[77.091937330516,28.4881624135166],[77.0945552332563,28.4865577191318],[77.0947369094377,28.4864233848825],[77.0948782126353,28.4862890504622],[77.0949474233364,28.4862079431476],[77.094996446198,28.4861293694642],[77.0950714240832,28.4860178466233],[77.0951694716032,28.4858024032713],[77.0952184953632,28.4856097715214],[77.0952376546316,28.4854161066703],[77.095241564998,28.4853765850408],[77.0952444485901,28.4852245069671],[77.0956337541797,28.4851966258316],[77.0957486307382,28.4852559016601],[77.0957931449555,28.4852788708966],[77.0958317859875,28.4852629422121],[77.0958785684508,28.4852436555044],[77.0959496305797,28.4852989542687],[77.0960240425263,28.4853568601456],[77.0960465579005,28.485338483823],[77.0960901890739,28.4853028744578],[77.0961770525686,28.4853548878138],[77.096386665457,28.4854804039993],[77.09702963013,28.4852148213684],[77.0974797750206,28.4850452944288],[77.0974899637125,28.4847926035698],[77.097951362697,28.4845638763568],[77.0983038723943,28.4843919251769],[77.098973824255,28.484114531735],[77.1001929557749,28.483594720956],[77.100799285354,28.4848335166373],[77.1017465875672,28.4847108974018],[77.1017576027092,28.4848961807052],[77.1022898392437,28.4848996966506],[77.1028545381976,28.4849034265687],[77.1033691650576,28.4845032555008],[77.1031386780169,28.4839982922166],[77.1028601320069,28.4839833795215],[77.1029162102368,28.4834489695785],[77.1055760535211,28.4834793565078],[77.1062517051924,28.483148616598],[77.1066929181341,28.4825681712015],[77.1074109711851,28.4827075802755],[77.1076820432119,28.4827481348902],[77.1080194414495,28.4827379966328],[77.1084306767119,28.4826893385108],[77.1086192609378,28.4826670248557],[77.1089912640767,28.4825833794013],[77.1093401966825,28.4824997346701],[77.1096429900187,28.4823653952582],[77.1100034587894,28.4821676872924],[77.110294716859,28.4820308128766],[77.110617696238,28.4818787299844],[77.1107993724193,28.4818229659392],[77.1109464436993,28.4817900147312],[77.1111079329396,28.4817748064172],[77.111840403951,28.4817672018645],[77.1125728758606,28.4818052230431],[77.1130112052102,28.4818255005256],[77.1132361370691,28.4818229659392],[77.1134293485171,28.4818178967662],[77.1135014419119,28.4818077576299],[77.1137407926294,28.4817418544046],[77.1138849803174,28.4816886256664],[77.1140003293898,28.481653139826],[77.1141502842618,28.4816252577475],[77.1143636817525,28.4815897710962],[77.1150788485165,28.4814782442504],[77.1151609536352,28.4814641934355],[77.1151487922429,28.4812998212656],[77.1140860529224,28.4756881205529],[77.113191948042,28.4755397295596],[77.1112313893074,28.471384668691],[77.1124129128579,28.4668526471242],[77.1120146923874,28.4668233989015],[77.1112289818225,28.4667656889764],[77.1105829206567,28.4667194921105],[77.1103665362677,28.4667276442214],[77.1101686993943,28.4667521013398],[77.1098410317079,28.4668363429212],[77.1096153740103,28.4669477580841],[77.1091856963351,28.4672086334427],[77.1087605650337,28.4675116567047],[77.1080419514339,28.4680238644913],[77.1076733565032,28.467477551232],[77.1076231101361,28.4673965479262],[77.1073250392433,28.4669160183772],[77.1071034976263,28.4665462530911],[77.107005663007,28.4663851823709],[77.1068776809268,28.4661744774945],[77.1067931054411,28.4660062111691],[77.1067285614879,28.465850662859],[77.1066884993212,28.4657234846961],[77.1066595654842,28.4655307602571],[77.106542718022,28.46493888956],[77.1064714268227,28.4645120435037],[77.1064557781704,28.4643928122728],[77.1064383894815,28.4643469539497],[77.1064070912787,28.4643026245081],[77.106344494873,28.4642582950478],[77.1062523376064,28.464213965569],[77.1062001742344,28.4641940937821],[77.1061480099642,28.4641849219439],[77.1060488979406,28.4641711641851],[77.1055214458333,28.4641337407977],[77.1051287967142,28.4641058817354],[77.103643857295,28.4639850453268],[77.0985597592996,28.4636099801943],[77.0978416442648,28.4635251350584],[77.0970917863612,28.4634104886671],[77.0961924999982,28.463269568645],[77.0953367028748,28.4631246429217],[77.0951970247296,28.463096151019],[77.0944781182791,28.4630037564279],[77.0896164557244,28.4622753553773],[77.0896830720909,28.4611728082109],[77.0897011120584,28.4608742320048],[77.0911140209649,28.4608457063261],[77.091237908524,28.460843112795],[77.0913293498334,28.4608457063261],[77.0915977727285,28.4608794182756],[77.0916715154302,28.4608975706164],[77.0917216602876,28.460923502752],[77.0917865536855,28.4609598074153],[77.091869145691,28.4610090789124],[77.0919517376965,28.4610583495967],[77.0920402280402,28.4611102137827],[77.0921906635109,28.4611724504564],[77.0925854524171,28.4612869673881],[77.0925336555578,28.4609578685871],[77.0928037978284,28.4609083901524],[77.0923929569264,28.4598173978522],[77.0922078051632,28.4593282775938],[77.0919588424721,28.4593323314262],[77.0914344060093,28.4593688103829],[77.0914021331343,28.4591965457243],[77.0913594865145,28.4589776682796],[77.0908350500517,28.4588631622719],[77.0894045063179,28.4586348590926],[77.0886672427946,28.4586694941914],[77.0870154341249,28.4587758737475],[77.0859630047689,28.4588822531965],[77.0858811421954,28.4588864689473],[77.0858534336604,28.4594134372635],[77.0858401556622,28.4596216133925],[77.0858095994679,28.4598246541233],[77.0854812445702,28.4601100096696],[77.085234330038,28.4603245908909],[77.0849206563071,28.4606180060587],[77.0847395900818,28.4608210188138],[77.0845677998601,28.4610268158243],[77.0846652068813,28.461364194084],[77.084717215743,28.4615443289415],[77.0845915576044,28.4615932874283],[77.0844102470374,28.4616505136971],[77.0841883496875,28.4617205487457],[77.0841694715918,28.461698973808],[77.0841241641621,28.4616325881415],[77.084058090378,28.4613985779398],[77.084036305334,28.461264514166],[77.084031661044,28.4612359325207],[77.0838749732989,28.461262486892],[77.0829115849539,28.4615367268813],[77.0824652408353,28.4616814131211],[77.0823120089091,28.4617310846805],[77.0815269891486,28.4619902733984],[77.0815229575096,28.461979248641],[77.0815161150421,28.4619605326122],[77.0811975805272,28.4620848517122],[77.0810473633471,28.46214347871],[77.0806742355174,28.4623251411693],[77.0810619456991,28.4629339938973],[77.081136355849,28.4630607987154],[77.0804358657602,28.4633677422387],[77.0801352184992,28.4628922494466],[77.0799388863039,28.4625669629551],[77.079687807182,28.4626482850667],[77.0790837081197,28.4628739939934],[77.079081819861,28.4634067319289],[77.0791569280019,28.4634085309303],[77.0797746464222,28.4634233280709],[77.0797734902904,28.4635097156267],[77.0797842530059,28.4641607153631],[77.0798138875288,28.4659532287881],[77.0798192908952,28.466662507077],[77.0798085066202,28.4677479703387],[77.0798029640149,28.468305804594],[77.0788028741007,28.4686127407802],[77.0787199137859,28.468738340037],[77.0797337631953,28.4692775838392],[77.0797169422416,28.4695587482872],[77.07940687345,28.4697132992992],[77.0794007002273,28.4698457035028],[77.0791561500609,28.4698457248241],[77.0789967889295,28.4698457390384],[77.0787927500874,28.4699650209736],[77.0786702854597,28.4700505116344],[77.0786954984748,28.4705966978775],[77.0787014974242,28.4708410411131],[77.0794782607689,28.4704631827517],[77.0797217877543,28.4703702505147],[77.0797196075431,28.4705700613564],[77.0797189643493,28.4706289924095],[77.0797040298577,28.4713233595755],[77.0797004285118,28.4717128103222],[77.0787080335663,28.4721293127103],[77.0787248823677,28.4721741316182],[77.0787715309821,28.4722982247043],[77.0789534227591,28.4727736980725],[77.079646399339,28.47251228764],[77.079642797993,28.4731961913412],[77.0796391957487,28.4733165078893],[77.0806405235414,28.4729444773652],[77.0820380604767,28.4723460600481],[77.0826233685798,28.4720610976279],[77.0828322924604,28.4723089301514],[77.0842939134114,28.4712733758673],[77.0844580113593,28.4711571127402],[77.0840155560476,28.4704643040912],[77.0831715331426,28.469084287832],[77.084862298153,28.468518225166],[77.0848939682583,28.4685903009598],[77.0849260192493,28.4686632437832],[77.0851071609331,28.4691470188911],[77.0851962998604,28.4693850819657],[77.0853230144178,28.4696385717301],[77.0856422271607,28.4702210236799],[77.0863203806401,28.4698882380455],[77.0862697282345,28.4698016590735],[77.0869113166885,28.4694973954694],[77.0869352226548,28.469489139334],[77.0867972953261,28.4688984516484],[77.086792320456,28.4688771490389],[77.086668213708,28.4688005351031],[77.0866151987332,28.4687575563176],[77.0865313886121,28.4686770720292],[77.0863809046323,28.4685325604121],[77.0863665765036,28.4685386299703],[77.0863442300126,28.4685480967747],[77.0863175437604,28.4684955263072],[77.0861656116964,28.4681962261088],[77.0855943730072,28.4682407529196],[77.0854243785178,28.4679704148331],[77.0877889168221,28.4679614399566],[77.0872027122004,28.4686380226877],[77.0871407679716,28.4687443361424],[77.0871171710257,28.4688506502797],[77.0871083217219,28.4689336266886],[77.0871083217219,28.4690503123755],[77.0871260194313,28.4691566254153],[77.0871850135926,28.4693096126508],[77.0872941526114,28.4695896572442],[77.0873995169094,28.4697977193566],[77.0875297753205,28.4699935418218],[77.0875977364651,28.4700914533131],[77.0876808000861,28.4701644716989],[77.0877714149455,28.4702391491465],[77.0878932211081,28.4703141021384],[77.0873778755959,28.4708769143668],[77.0876408142762,28.4715734949205],[77.0877074495073,28.4717365571666],[77.0878947482441,28.4716526511521],[77.0882603401069,28.471741306219],[77.0886997725876,28.4719534450808],[77.0889483031891,28.4720864276694],[77.0895390146587,28.4717840508393],[77.0901682422944,28.4715050836416],[77.0906124241681,28.4713377789356],[77.0912517174265,28.4715544971003],[77.0928203438976,28.4720927599815],[77.0936198534836,28.4723915745556],[77.0936289704854,28.472464160197],[77.0928167425516,28.4727291739617],[77.0924313392436,28.4728684878394],[77.0927266945292,28.4735286435882],[77.0928653683579,28.4738278497159],[77.0923953203939,28.4740304857],[77.0920441348134,28.4734130770485],[77.0918928558246,28.4731154530061],[77.0914822386032,28.4732690149055],[77.0907566154493,28.4734856714639],[77.0906564514985,28.4735222671416],[77.0903458401244,28.473648958968],[77.0904881152991,28.4739592466977],[77.0903350342898,28.4740194037647],[77.0904809108105,28.4742901133009],[77.0905025224796,28.4743281071645],[77.0899172143764,28.4745877332443],[77.0892796782227,28.4748869363724],[77.0882639423511,28.4753840231432],[77.088323373992,28.4755423298368],[77.0881116743172,28.4756074567689],[77.0881163859809,28.4756293478803],[77.0881201319556,28.4756467514804],[77.0879517337725,28.4756948727357],[77.0878538524408,28.4757270409467],[77.0870007727211,28.4759771437553],[77.0861998123559,28.4762119665793],[77.0861792067999,28.4761506034118],[77.0860096201456,28.4756455717628],[77.0859119023073,28.4753428632061],[77.085794841046,28.4749233475781],[77.0855264989993,28.4749977523939],[77.0857003903804,28.4756662476153],[77.0858109523307,28.4760916857039],[77.0858193003746,28.4761238103643],[77.0852286913129,28.4762961437646],[77.0854256460407,28.4768325260706],[77.085558916503,28.4772092917085],[77.0851663096047,28.4773549316745],[77.0854616648903,28.4780672997936],[77.0857012123389,28.4786899590236],[77.0853001630736,28.4788151096438],[77.0849035523841,28.4789388751357],[77.0848490830368,28.4788134814612],[77.0848257466024,28.4788208130204],[77.0843474503074,28.4789710715745],[77.0841127537614,28.4790598571023],[77.0836337019833,28.47886672902],[77.0831114259687,28.4786593527826],[77.0828250753954,28.4785168801839],[77.0822343639258,28.4781464511594],[77.0818320318663,28.4778754988275],[77.0817352123433,28.4778167368475],[77.0814943174218,28.4781095349192],[77.0811692826974,28.4784843961865],[77.0806056572303,28.478444883807],[77.080522669966,28.4784347530326],[77.0800962046664,28.4787903639504],[77.0798495470523,28.479029463374],[77.0797262173469,28.4790892377505],[77.0794484393965,28.4793263103597],[77.0792952146568,28.4794619430681],[77.0773884452448,28.4791494519065],[77.0746711924273,28.4786702170872],[77.0714716619815,28.4780837451845],[77.071456525369,28.4780823996742],[77.0687904882008,28.4776218756404],[77.0689069233364,28.477715605333],[77.0706123102245,28.4791893904121],[77.0722620509725,28.480909183567],[77.0752326116321,28.4840058113345],[77.0807831221096,28.4898762661715],[77.0888895470813,28.4982773447988],[77.0895600765588,28.4990304769589],[77.090820818941,28.5003959265052],[77.0928345166178,28.5027227644851],[77.094017381353,28.504177386945],[77.0942059179682,28.5044146313605],[77.0943758944913,28.504628520248],[77.0945384563201,28.5048555762036],[77.0947203975045,28.5051639936728],[77.0948183659727,28.5053778036785],[77.0949001854271,28.5055764770448],[77.0949583199007,28.5057571743431],[77.0950433696969,28.5060684271037],[77.0950638225393,28.5062013927779],[77.0950835279833,28.5063294923769],[77.0951071563703,28.5064830943846],[77.0951138847518,28.5066028291018],[77.0951088380165,28.5068748183963],[77.0951054738257,28.5070595938899],[77.0950874060104,28.5071850187454],[77.0950508194255,28.507438988504],[77.0950009755037,28.5076561464705],[77.0949853636824,28.5077241641],[77.0949688274946,28.507780472566],[77.0949102402701,28.5079528837537],[77.0947630522091,28.5083016427747],[77.094603147597,28.5085934571816],[77.094570746263,28.5086525872533],[77.0942925775454,28.5091261878874],[77.0937826776204,28.5099461071009],[77.0934672755309,28.5104773193196],[77.0933043175451,28.5108052834109],[77.093128218105,28.5112233208411],[77.0929731446324,28.5117383588136],[77.0929179494464,28.5121587022243],[77.0929126925054,28.5125166860233],[77.0929416047828,28.5128908346683],[77.0929705170603,28.5130755996238],[77.0930183361795,28.5133547001036],[77.0931076916008,28.5136328210474],[77.0932035068073,28.5138797240096],[77.0932891369151,28.5140671402367],[77.093661704196,28.5139308770983],[77.0940376374644,28.5138129772585],[77.095159675475,28.5134139530136],[77.0951178597969,28.5132949372368],[77.0967275258017,28.5124032073982],[77.0977626428255,28.5118297651057],[77.0981877139398,28.5116826334347],[77.0986409993406,28.5114165728606],[77.0966229493262,28.5083143117379],[77.0960106297807,28.5071637001775],[77.0959119785929,28.5069086569573],[77.0958363853617,28.5068362749785],[77.095664728989,28.5059826743107]]]}}]}