{"type":"FeatureCollection","features":[{"type":"Feature","id":9331,"geometry":{"type":"Polygon","coordinates":[[[93.948277895212371,24.807439157687547],[93.946637757454809,24.807471452450031],[93.946612702543234,24.807252766880669],[93.946581927159912,24.806965794844768],[93.946553950028715,24.806788024822719],[93.946514781685707,24.806628031666463],[93.946486804554496,24.806488354686746],[93.946405670514636,24.806328361143706],[93.94631894086892,24.806178525202931],[93.946209829697892,24.806033769214437],[93.946089527315038,24.805878853593534],[93.945986011749909,24.805772191001807],[93.945829338377834,24.805678225426842],[93.945678261509983,24.805566483325645],[93.945555160875003,24.805447121703462],[93.945474026835171,24.805365854653402],[93.945381702481853,24.805266810236677],[93.945320152613533,24.805190621605465],[93.945258601846902,24.805099195675439],[93.945208243190393,24.805045864463384],[93.945163479241458,24.804969675696373],[93.945101929373124,24.804863012322425],[93.94504317685859,24.804776665520215],[93.944973234030599,24.804700476587765],[93.944914481516065,24.804624288423941],[93.944841740435933,24.804540480737273],[93.944774594961714,24.804464291659663],[93.944707449487467,24.804375405294628],[93.944631911053534,24.804301756217733],[93.944589945356739,24.804250963134901],[93.944542384054017,24.804197631557948],[93.94451160867068,24.804154457932647],[93.944466845620084,24.804118902979251],[93.94442487902495,24.804088427413273],[93.944377317722257,24.804060491131438],[93.944318565207723,24.80403001555111],[93.944279397763012,24.803991921269038],[93.944245825025902,24.803943668168767],[93.944170285693659,24.803890335644162],[93.944114331431251,24.803857320726237],[93.944035994745207,24.803821765687641],[93.943971647523085,24.803798908755233],[93.943882119625258,24.803776051818605],[93.94381497415101,24.803755734991082],[93.943742233969203,24.803737957458459],[93.943655504323473,24.80370748179887],[93.943616335980437,24.803682085546058],[93.943557583465932,24.803654149172662],[93.943487640637898,24.803633832325154],[93.943412102203965,24.803616054775098],[93.943347754083547,24.80359319780473],[93.943261024437817,24.803572880947275],[93.943154710620561,24.803514469657674],[93.943093160752227,24.803438279949539],[93.943062385368904,24.803349392848876],[93.943048396803306,24.803257965561034],[93.943073576580744,24.803141141026686],[93.943140722054963,24.802968444963675],[93.943219058740979,24.802851620971978],[93.943325370761613,24.802709401233571],[93.945907001327384,24.802720700143798],[93.947761805895098,24.802771255741519],[93.948738889056614,24.80279868754906],[93.949286300831176,24.802728135439388],[93.949365335508205,24.802666287433563],[93.949455270342881,24.802537642340933],[93.94949069989768,24.802423841648416],[93.94954793156441,24.801797934749313],[93.949651493841969,24.800533740840361],[93.949670240783618,24.800348772428833],[93.949818079224883,24.799793092471539],[93.95027550675745,24.798911126471197],[93.950402079380979,24.798722104340712],[93.950612706467325,24.798484577975898],[93.951828592374042,24.798378482306102],[93.952814732350262,24.798302982601353],[93.953116515081732,24.798287882328697],[93.953209187981386,24.798274939818864],[93.953268594469449,24.798253368694322],[93.95331849498514,24.798221012000461],[93.95337314848706,24.798175711962514],[93.953491960564833,24.798020398353042],[93.953541861978849,24.797964313469386],[93.95360839659871,24.797942741475321],[93.953760475986428,24.797919013337669],[93.954649190076779,24.797800370950242],[93.955345428439429,24.797724870893532],[93.95541671604542,24.797744285151619],[93.955459488429355,24.797765856364705],[93.955495131783209,24.797824099110592],[93.955521270063031,24.797903913018246],[93.955644835126975,24.799016989274371],[93.955716121834669,24.799776291306063],[93.955730379894874,24.799847476270241],[93.955785033396751,24.799877675618418],[93.955963251064276,24.799871204038901],[93.95617235999778,24.799860418615932],[93.956317311253741,24.799838847767198],[93.956483647803324,24.799795705242989],[93.956918499774474,24.799668436136162],[93.957206024445782,24.79957783791669],[93.957398500173511,24.799504496685426],[93.957531569413177,24.799450568586256],[93.957633748285161,24.799413898346135],[93.957733550214925,24.799377227279717],[93.95783572818857,24.799344870879114],[93.957942659148443,24.799316828332252],[93.958059095182293,24.799286628847476],[93.958166026142152,24.799262900151483],[93.958253319929867,24.799246434074526],[93.958217677474366,24.799694788129258],[93.958181307383455,24.80046686112216],[93.958147734646317,24.801254167034124],[93.958116959263023,24.801688452865726],[93.958047016434989,24.802417339214514],[93.958007848091981,24.803108125909286],[93.957923915800038,24.804002080071577],[93.957870758891403,24.804746190115935],[93.95785677032579,24.805586799856425],[93.957873557143515,24.805876314339141],[93.957912725486523,24.806132813018355],[93.958038622576979,24.806760089964683],[93.958150532000118,24.807222292085111],[93.958180649816669,24.807332330092297],[93.956847212168469,24.807354900975525],[93.955454884563522,24.807351530836325],[93.954374437652191,24.807378493578241],[93.953646713338841,24.80739534426969],[93.953286564368383,24.807402085361041],[93.952310078586535,24.807398714407707],[93.950936314666947,24.807432417413636],[93.949503144259296,24.807415565911811],[93.948277895212371,24.807439157687547]]]},"properties":{"objectid":9331,"id":"9343","name":"IMC Ward 21","code":"21","town":"Imphal","district":"Imphal East","state":"Manipur","st_area(shape)":1287880.9639696013,"st_perimeter(shape)":5382.6350140294908}},{"type":"Feature","id":9335,"geometry":{"type":"Polygon","coordinates":[[[93.958253319929867,24.799246434074526],[93.958166026142152,24.799262900151483],[93.958059095182293,24.799286628847476],[93.957942659148443,24.799316828332252],[93.95783572818857,24.799344870879114],[93.957733550214925,24.799377227279717],[93.957633748285161,24.799413898346135],[93.957531569413177,24.799450568586256],[93.957398500173511,24.799504496685426],[93.957206024445782,24.79957783791669],[93.956918499774474,24.799668436136162],[93.956483647803324,24.799795705242989],[93.956317311253741,24.799838847767198],[93.95617235999778,24.799860418615932],[93.955963251064276,24.799871204038901],[93.955785033396751,24.799877675618418],[93.955730379894874,24.799847476270241],[93.955716121834669,24.799776291306063],[93.955644835126975,24.799016989274371],[93.955521270063031,24.797903913018246],[93.955495131783209,24.797824099110592],[93.955459488429355,24.797765856364705],[93.95541671604542,24.797744285151619],[93.955345428439429,24.797724870893532],[93.954649190076779,24.797800370950242],[93.953760475986428,24.797919013337669],[93.95360839659871,24.797942741475321],[93.953541861978849,24.797964313469386],[93.953491960564833,24.798020398353042],[93.95337314848706,24.798175711962514],[93.95331849498514,24.798221012000461],[93.953268594469449,24.798253368694322],[93.953209187981386,24.798274939818864],[93.953116515081732,24.798287882328697],[93.952814732350262,24.798302982601353],[93.951828592374042,24.798378482306102],[93.950612706467325,24.798484577975898],[93.950720967832126,24.798281815960596],[93.951129384181087,24.797486372189212],[93.951586067908593,24.79649206131942],[93.951942503243643,24.795686494699837],[93.952380623285805,24.794634868723168],[93.952970970039402,24.793239427929912],[93.953193742348404,24.792878767599458],[93.95329399074086,24.792764165359632],[93.953409089183268,24.792629338963632],[93.953520475786888,24.792497882964099],[93.953635575127635,24.792373167918178],[93.953724684410545,24.792265306310018],[93.953795228211504,24.792157444608048],[93.953862060173705,24.792069806957127],[93.953928892135892,24.791948462038761],[93.953999436835161,24.79180352307101],[93.954092258855127,24.791594539905468],[93.95454151710851,24.790728269222186],[93.954886814232353,24.790155245399308],[93.955328686537484,24.789555094103381],[93.955358349806474,24.78951480483623],[93.955685082346662,24.789120426518224],[93.95592270650225,24.788793462284051],[93.955967261143712,24.788736158882507],[93.956019241259298,24.788675485623283],[93.956067508637844,24.788594586810721],[93.956479637723874,24.787896834401813],[93.956839786694331,24.787374360190473],[93.956917756867739,24.78727323560604],[93.956966024246285,24.78721256081581],[93.957055133529195,24.787124919671648],[93.957155381023313,24.787037278465526],[93.957263054889907,24.786959750093818],[93.957370727858176,24.786922670829288],[93.957511817256702,24.786861995867639],[93.957633748285161,24.786817906045638],[93.957785827672879,24.786779074106054],[93.957852362292698,24.786763972430457],[93.957947412134615,24.786731612739455],[93.958092362492195,24.786664735365449],[93.958422660445777,24.786479204739322],[93.958924047036774,24.786181492622958],[93.959537116675449,24.785922612012005],[93.959874542760801,24.785793171503972],[93.959999832590114,24.785748397859482],[93.960055785055886,24.785954139224458],[93.960086559540883,24.78631989899641],[93.960089357792995,24.786799956449165],[93.9600641780156,24.787102214617381],[93.960025009672549,24.787531469928116],[93.959985841329541,24.788146141249918],[93.959910302895622,24.788529674275246],[93.959868337198813,24.788646511758284],[93.959840360067616,24.788849707083397],[93.959798393472468,24.789151960257993],[93.959767618987485,24.78951009101883],[93.959711663826738,24.789952037532831],[93.959613743867493,24.790851165657731],[93.959524216867976,24.791536937684199],[93.959387127667412,24.792712900258874],[93.959252836718946,24.793627247851454],[93.959065388861887,24.794434915543921],[93.958838773560103,24.795300993978767],[93.958547809239576,24.79643882426452],[93.958475068159444,24.796870586706234],[93.958405125331439,24.797530927939665],[93.958346372816905,24.798211582580809],[93.958323991291579,24.798587465457924],[93.958256845817374,24.79920208199383],[93.958253319929867,24.799246434074526]]]},"properties":{"objectid":9335,"id":"9344","name":"IMC Ward 20","code":"20","town":"Imphal","district":"Imphal East","state":"Manipur","st_area(shape)":935354.24323685083,"st_perimeter(shape)":4732.0224383595569}},{"type":"Feature","id":9357,"geometry":{"type":"Polygon","coordinates":[[[93.942171407524043,24.78834531919447],[93.94235336936967,24.788818583485384],[93.942542708180426,24.789276218577321],[93.942601722104683,24.789387836715928],[93.94264539370225,24.789449109048515],[93.942671802374946,24.789478247465073],[93.942702070210146,24.789512210605594],[93.942709212714973,24.78952193754294],[93.94272604534676,24.789550719551809],[93.942735734575407,24.78956977462115],[93.942749258712013,24.789599911228791],[93.942761059879913,24.789644549735101],[93.942764012642243,24.789673578823589],[93.942764012642243,24.789691437479593],[93.942764012642243,24.789720458401739],[93.942766471331154,24.789774034341779],[93.942778766572474,24.789841005457568],[93.942795978293319,24.789894582161054],[93.942820567877561,24.789948158025894],[93.942850075738036,24.789995037500255],[93.942889418354213,24.790053078380218],[93.942904172284443,24.790082099217763],[93.942933679246593,24.790122281465614],[93.942963187107026,24.790171392993532],[93.942982858415135,24.790218272383548],[93.943012365377257,24.79026738387347],[93.943029577996441,24.79030979899369],[93.943039413650467,24.790345516119917],[93.943051708891772,24.790401324720719],[93.943071380199868,24.790459365410587],[93.94309596978411,24.790492851195765],[93.943135312400301,24.790533033310552],[93.943174655914817,24.790564286148093],[93.943211539842068,24.790600003201053],[93.943253342045509,24.790642417391993],[93.943345462481247,24.790732850877209],[93.943364654987306,24.790751691280267],[93.943408414619711,24.790795142774652],[93.943448827129401,24.790846676977562],[93.943472186920062,24.790881277488175],[93.943548414361828,24.791010753464239],[93.943612346562261,24.791140228489638],[93.943650547419736,24.791239065628162],[93.943666628161637,24.791295263649172],[93.943677492386655,24.791354441581273],[93.943680666134568,24.791399214833689],[93.943678738349973,24.791488470962697],[93.943671780898086,24.79153794812094],[93.943663862248869,24.791576398536002],[93.943656452046071,24.79159715692726],[93.943631905580958,24.791646035446561],[93.943614770216897,24.79167415557173],[93.943591095117583,24.791707372721319],[93.94346301961258,24.7918369620085],[93.943438571063808,24.791861700112847],[93.943402388720813,24.79189312958427],[93.943398522371822,24.79189648791079],[93.943361615986689,24.791920265316573],[93.943336386801946,24.791934802022293],[93.94327055466465,24.79196842033949],[93.943243506391454,24.791984046578452],[93.943193658876339,24.792008221942602],[93.943103345850915,24.792042086527758],[93.94299269406919,24.792082268140732],[93.942935207280897,24.792102564046171],[93.94288805201667,24.792121431153422],[93.942826894712127,24.792151442366333],[93.94279342528128,24.792173771356442],[93.942773658751776,24.792189374734924],[93.942744618015283,24.792215706298109],[93.942666480755207,24.792299540256007],[93.942639937335215,24.792331332523293],[93.942614144008459,24.792369058510147],[93.942600027882065,24.792394943130031],[93.942583084757501,24.792441088527234],[93.942577133418737,24.792470908015606],[93.942577133418737,24.792494094059446],[93.942580618882047,24.792518131501424],[93.942589427761703,24.792552168837492],[93.942595574933208,24.792566120741849],[93.942610534577639,24.792591628550785],[93.942645982997078,24.792638113130607],[93.942707456508586,24.792716243883824],[93.943083674542848,24.793193954814182],[93.943138548131984,24.793249997817284],[93.943196785911837,24.793292176233948],[93.943231211150135,24.793310034369004],[93.943278057393911,24.793340412275697],[93.94331853727725,24.793361714319623],[93.94334741362205,24.793372707448295],[93.943405646012025,24.793406052178696],[93.943435002057214,24.793428404592841],[93.943474646507312,24.793477456094891],[93.943485711954992,24.79349531420328],[93.943506599581966,24.79353642176811],[93.943565626980984,24.793676129648368],[93.943586437352835,24.793747338501859],[93.943604218605586,24.793831907830956],[93.943614806149512,24.793906054879194],[93.943619723527391,24.794006506969879],[93.943618126322818,24.794068853493531],[93.943608658978036,24.794137095300062],[93.943600052219281,24.794171695708375],[93.943563168292059,24.794290006393375],[93.943513989123488,24.79439715511857],[93.943497359510957,24.794420198088641],[93.943455870819548,24.794463039114397],[93.943431012639024,24.794482837171213],[93.943394755735852,24.794503782642604],[93.943338175347662,24.794532207934772],[93.94331727424597,24.79454002048525],[93.943241046804204,24.79457127231322],[93.943206621565892,24.794586898224278],[93.943168508743312,24.794600292093751],[93.943069344617413,24.794622212074643],[93.94297056317383,24.7946360079846],[93.942569098886835,24.794699981940258],[93.94246230716584,24.794721582225559],[93.942377396608563,24.794743575580451],[93.942246822888762,24.794780558724355],[93.941939972760764,24.794881289824634],[93.941891267902704,24.794901855203879],[93.941723224554067,24.794968647402474],[93.941554410450919,24.79503129762513],[93.941420274911025,24.795092774307822],[93.941363942457883,24.795129600771116],[93.941296843696051,24.79518638582195],[93.940934014152774,24.79518638500647],[93.939181063266901,24.79518638500647],[93.936598820948433,24.795171819323734],[93.936709089149545,24.794695330298314],[93.936800278032337,24.794205830451691],[93.936871643791775,24.793885494227908],[93.936958868409249,24.793431983881973],[93.937014374412328,24.792964074747793],[93.93703419843402,24.792161425986158],[93.937031806220403,24.791982267922581],[93.937026269005003,24.791567534586076],[93.937089704437099,24.79098803770373],[93.937125387316811,24.790124186556099],[93.937077810742721,24.789731852282262],[93.936887502649796,24.789224335485933],[93.936846011263469,24.789137957406048],[93.937302676126336,24.788953027455811],[93.937494634424468,24.78888921038272],[93.937927216352918,24.788768938871549],[93.938378723089414,24.788658484774313],[93.938960004045171,24.788489122884776],[93.939771093813491,24.788278033285504],[93.940479445957777,24.788039943764186],[93.940609220176967,24.788319760764029],[93.94206362046971,24.787910140098727],[93.942050920088249,24.787952419828045],[93.942050920088249,24.788008229505387],[93.942171407524043,24.78834531919447]]]},"properties":{"objectid":9357,"id":"9341","name":"IMC Ward 14","code":"14","town":"Imphal","district":"Imphal East","state":"Manipur","st_area(shape)":555384.91439919011,"st_perimeter(shape)":3119.7328356070807}},{"type":"Feature","id":9358,"geometry":{"type":"Polygon","coordinates":[[[93.947618556048326,24.812659712659368],[93.94584690403488,24.813881864277072],[93.945241816825813,24.814203480348116],[93.945007413130526,24.814203480348116],[93.944849327606804,24.814178740993583],[93.944691241184799,24.814089678134835],[93.944516801831369,24.813961031036168],[93.944424130728336,24.813842280063206],[93.944369618261931,24.813669101526866],[93.944380521114539,24.81319409583331],[93.944520001630394,24.81120934658454],[93.944531192842206,24.810980793138778],[93.944561968225543,24.810836041943087],[93.944601136568551,24.810681133139383],[93.944637506659461,24.81045257790413],[93.944654292578861,24.810246877995148],[93.944662686436871,24.81007419183112],[93.94467947235627,24.809985309488681],[93.944713045093394,24.809891347107417],[93.944785786173526,24.809787227142728],[93.944864122859542,24.80968818625875],[93.944953649859073,24.809599302824072],[93.945065559282213,24.809507880145652],[93.945208243190393,24.809436774114978],[93.945339735886719,24.809388523134114],[93.945546767915317,24.809342811317872],[93.945776181469185,24.809279323562286],[93.94592446098325,24.809228532518993],[93.946008393275193,24.809185360645834],[93.946086729961237,24.8091371095671],[93.946184649920454,24.809053305746854],[93.946304952303308,24.808885696305545],[93.94643085029206,24.808664756982413],[93.946520377291577,24.808405724339725],[93.946598713977636,24.808197481011522],[93.946640679674431,24.808027332018032],[93.946651870886242,24.807821628084113],[93.946649072634145,24.807570212154324],[93.946637757454809,24.807471452450031],[93.948277895212371,24.807439157687547],[93.949503144259296,24.807415565911811],[93.950936314666947,24.807432417413636],[93.952310078586535,24.807398714407707],[93.953286564368383,24.807402085361041],[93.953646713338841,24.80739534426969],[93.954374437652191,24.807378493578241],[93.955454884563522,24.807351530836325],[93.956847212168469,24.807354900975525],[93.958180649816669,24.807332330092297],[93.958374349948102,24.808040029700013],[93.958559699340682,24.809106953244907],[93.95879138653055,24.810368774157901],[93.958996844710768,24.811408379039388],[93.959230342904235,24.812359220130247],[93.959262428031238,24.812516060936929],[93.958419439985477,24.812669093687692],[93.957835246691602,24.812779437521407],[93.957227415129339,24.812871391048816],[93.957129487085254,24.812880586153199],[93.956889396155901,24.812881497754354],[93.956803640283923,24.812891541674379],[93.956709585775357,24.812907863246512],[93.956614148759598,24.812937994182331],[93.95647168404038,24.812986957243155],[93.956361031360302,24.813023365806856],[93.956233781407036,24.813064796312702],[93.956067802386926,24.813116269891133],[93.955811919074876,24.813163977190488],[93.955446766488322,24.81322047348969],[93.955253989824968,24.813254527973502],[93.955091901408352,24.813272182649161],[93.954906039976066,24.813285914514807],[93.95468127700039,24.813287876326264],[93.954622925134501,24.813287876326264],[93.954562412820323,24.813272182649161],[93.954458676269638,24.813270220837449],[93.954348455679209,24.81326825902574],[93.954177722774617,24.813270220837449],[93.954089114751625,24.813274144460834],[93.953527207761638,24.81333495571495],[93.952839953450166,24.813425191635496],[93.952351526853747,24.813486003630885],[93.951746397423889,24.813550737580275],[93.950698226082366,24.813680207008328],[93.950415111240815,24.813699823428284],[93.950335147705786,24.813713555246576],[93.950248701029366,24.813731209856844],[93.950205476792817,24.813746903475831],[93.950179543328872,24.813774366285038],[93.950164414801193,24.813805752694705],[93.950142803132096,24.813843024504521],[93.950106062935276,24.813876371883563],[93.950045549722788,24.813884219091808],[93.94991952866485,24.813886770412829],[93.949754264703742,24.813910546047815],[93.949146466379119,24.814051567375316],[93.949066985239412,24.814075382116815],[93.948877791955738,24.813777956402138],[93.94867609591995,24.81334748325358],[93.948534364225992,24.813095135948707],[93.948343570144459,24.812847736706978],[93.948218192280279,24.812733932433307],[93.948032850074227,24.81265476489029],[93.947902020334553,24.812615180284453],[93.947760287742284,24.812615180284453],[93.947618556048326,24.812659712659368]]]},"properties":{"objectid":9358,"id":"9342","name":"IMC Ward 22","code":"22","town":"Imphal","district":"Imphal East","state":"Manipur","st_area(shape)":1103298.892598778,"st_perimeter(shape)":4681.7439115891639}},{"type":"Feature","id":9344,"geometry":{"type":"Polygon","coordinates":[[[93.934146501071154,24.773503345263926],[93.934110966413442,24.773466336202631],[93.934057383703376,24.773374064719942],[93.934035210587226,24.773327090061272],[93.933965786985425,24.773283808629937],[93.933693501334602,24.773229575500459],[93.933638479523452,24.773224291743311],[93.933393249332354,24.773200740767425],[93.93308621055813,24.773245383541337],[93.933109818283825,24.773228235393514],[93.933130277414406,24.773191084327706],[93.933136571909614,24.773096776785],[93.933114539828964,24.772189423032323],[93.933215946149801,24.772177366046417],[93.933661014660686,24.772103688065556],[93.933847893884177,24.772045638790647],[93.933884778709739,24.772021079442496],[93.933899531741673,24.7719920543813],[93.933882319122489,24.771929539343787],[93.933874943055699,24.771842464891289],[93.933897073052719,24.771806742439615],[93.933958546564256,24.771779949778445],[93.934039691383873,24.771757623643936],[93.934112383954954,24.771747157961126],[93.934327541245295,24.771712272345415],[93.934487218583698,24.771686177865814],[93.934725735664657,24.771610266324664],[93.934875731859236,24.771567845628919],[93.93499867888228,24.771547751094904],[93.935106871975108,24.771547751094904],[93.935200311137692,24.771554449273282],[93.935310963817756,24.771576776259987],[93.935382272983318,24.771596869973635],[93.935448664771044,24.771619196952681],[93.935510138282538,24.771643756380335],[93.935578988759175,24.771672781522938],[93.935684723163078,24.771699573391594],[93.936085529883258,24.771759856094441],[93.936592071905665,24.771833534279327],[93.936606825835909,24.773039174133658],[93.936946159044581,24.772969962337385],[93.937674005528834,24.772793582398833],[93.938242021062749,24.772677483651339],[93.938800200044312,24.772487707042341],[93.939146911116424,24.77241179680691],[93.939503457842591,24.77234481628523],[93.93995836110922,24.772309093978095],[93.940413265274145,24.772302395840427],[93.940457526166497,24.772291232820645],[93.940482115750783,24.772264440264038],[93.940501787058878,24.772222019791798],[93.940504245747817,24.772181831747933],[93.940292776940026,24.771739761591519],[93.940265728666816,24.7717018066588],[93.940253434323836,24.771666083350986],[93.94024851604766,24.771639291475129],[93.940258351701715,24.771608033871491],[93.94027064694302,24.771587939344002],[93.940312449146461,24.77156337990532],[93.940369004381793,24.771534355552767],[93.940425917146598,24.77151328711815],[93.941235716934216,24.771297098508317],[93.941638516117706,24.771228313146505],[93.941815857029525,24.771243704640227],[93.941889804547102,24.771250123063819],[93.942037620530456,24.771246767441195],[93.942547586930729,24.771204825413456],[93.942801857766852,24.771191458382418],[93.943116796325668,24.771174416802335],[93.943214955236769,24.771192766700622],[93.943221719550877,24.771945323080519],[93.94322939026506,24.7722518066189],[93.943281356905942,24.772335690768546],[93.944488139285582,24.77266074080319],[93.944719102433353,24.77276297352708],[93.944486039024468,24.773491426249539],[93.944369700906933,24.773816136398008],[93.944192657337481,24.774508253616563],[93.944082004657446,24.775157946691792],[93.943978728942469,24.775745124066319],[93.94390250150073,24.776095642933608],[93.943831192335139,24.776385880383813],[93.943639395733797,24.776872585253241],[93.943486940850292,24.777290078010946],[93.943216457219918,24.777946455176057],[93.942963187107026,24.778388502415275],[93.942670572581321,24.778886362675756],[93.942338615439439,24.778875199432395],[93.940964068188904,24.778926548549148],[93.940381298724773,24.778986826927049],[93.940228844739593,24.779024780448115],[93.940128028611866,24.779062733957563],[93.940029670274782,24.779109617544588],[93.939739515336342,24.779203383849886],[93.939547718734971,24.779265895224473],[93.939594438316249,24.779498079471828],[93.939734597958449,24.780268303602266],[93.939857544981493,24.780750528670666],[93.939919018493029,24.781016197667842],[93.939928854147098,24.78115014850178],[93.939926395458144,24.781268471604594],[93.939877216289602,24.781353306351807],[93.939830948560896,24.781409315555102],[93.939802550119836,24.78143569997291],[93.939700172720151,24.781507348931342],[93.939617800801869,24.781547534771715],[93.9395231291507,24.781547534771715],[93.93950099915368,24.781547534771715],[93.93946657391534,24.781544744632512],[93.939454278674049,24.781541953677653],[93.939417297728752,24.781529139915335],[93.939404905469416,24.781521907246908],[93.93938419930214,24.78150511747176],[93.939373133854446,24.781493954463937],[93.939351823120973,24.781460807983233],[93.93933202245546,24.781415248991117],[93.939310277835702,24.781350660568187],[93.939308124573955,24.781344263056624],[93.9392716862111,24.781236028921064],[93.939252116412632,24.781177898279282],[93.939139534151337,24.780888944364033],[93.939080491480965,24.780726276893599],[93.93905514551524,24.780669890576007],[93.938967407959723,24.780518345950711],[93.938878886175004,24.780391092136398],[93.938576436893584,24.780098631750935],[93.938315788917265,24.779857518592319],[93.938212514100627,24.779788309781992],[93.938126451004848,24.7797548219235],[93.938050223563067,24.779761518843433],[93.937993668327735,24.779781612047874],[93.937924817851112,24.779826263057938],[93.937843673031495,24.779886540998909],[93.937558102195922,24.780145817534621],[93.937514576125466,24.780193662305599],[93.937497764154926,24.780217251103576],[93.937474097140452,24.780256946370386],[93.937463198779398,24.780277897505876],[93.937445743615143,24.780321813482029],[93.937439185913561,24.780344777506386],[93.937425434503183,24.780378071093047],[93.937407098989937,24.780431133161589],[93.937387618124674,24.780474831318653],[93.937366991009128,24.780513327573306],[93.937352093348437,24.780543499820105],[93.937320007323137,24.780576793353447],[93.937269584886224,24.780630896039753],[93.937216871745349,24.780684997886862],[93.937166449308478,24.780734938534383],[93.937103422609809,24.780769272717905],[93.937045823532117,24.780783946934768],[93.936986270618675,24.780792667294492],[93.936878691973504,24.780799643908068],[93.936786481706207,24.780806620521236],[93.936648166305289,24.780806620521236],[93.936509850904372,24.780799643908068],[93.936348482936594,24.780799643908068],[93.9361679044965,24.780782202373388],[93.936071852134745,24.780757784220757],[93.936018062812195,24.780722901137185],[93.935929694639384,24.780639181696671],[93.93585285274996,24.780520579059232],[93.935822115994213,24.780440347799068],[93.935833642277601,24.780398487990578],[93.935887431600207,24.780346163210091],[93.935929694639384,24.780293838407545],[93.935971957678518,24.78023104861537],[93.936029589095568,24.780126398891149],[93.936079536323689,24.780046167376181],[93.936152536118612,24.779941517496074],[93.936183272874402,24.779826402526073],[93.936214009630163,24.77971826412362],[93.936214009630163,24.779655474040272],[93.93619864125229,24.779522917093328],[93.936141009835225,24.779411290080795],[93.936010378623251,24.779100826924335],[93.935875905316777,24.778769432810584],[93.935591590325984,24.778263619036331],[93.935524584090629,24.77807502300492],[93.935362263908672,24.777703435002262],[93.935715533580691,24.777451588543993],[93.935779658020593,24.777387558388686],[93.935812996297443,24.777292940020342],[93.935814857606687,24.777230423574022],[93.935790712688501,24.777119223516323],[93.93564879773821,24.776934790312165],[93.935427384580265,24.776704195813881],[93.935372032189079,24.776609592421501],[93.935345332462205,24.776536866458084],[93.935324319071071,24.776420267970398],[93.935298153841785,24.775619025185122],[93.935295749051789,24.775574050487378],[93.935341854185424,24.775403116145792],[93.935395643508016,24.775281020043426],[93.935480169586342,24.775113573764877],[93.935485269322228,24.774969978874545],[93.935444670861273,24.774818433815156],[93.935390538382251,24.77472013415213],[93.935241675861562,24.774589068629322],[93.935183032941524,24.774486672650255],[93.935065747101376,24.774421139375086],[93.934984548382843,24.774417043238376],[93.93487628432311,24.774408851780201],[93.934862982968696,24.774408851780201],[93.934795086502916,24.774408851780201],[93.934744729643029,24.774408851780201],[93.934696098446821,24.774402639876445],[93.934661575292125,24.77439492067213],[93.934652086387757,24.774390858791381],[93.934630701094136,24.774379383569727],[93.934617838117546,24.774370335688236],[93.934597975468321,24.774352952791787],[93.93457119129981,24.774323229272998],[93.934527517007325,24.774288686134021],[93.934489444608971,24.774251209129702],[93.934472037953682,24.774236091248135],[93.934457658620943,24.774231968189202],[93.934432683659409,24.774231281420526],[93.934417547046877,24.774228532714474],[93.934399383111838,24.774225784008358],[93.934385760160552,24.774221660949092],[93.934371380827784,24.774214789183358],[93.934367229712862,24.774211774578326],[93.934356859561234,24.774172228271748],[93.934366053818167,24.774107228259535],[93.934368684983625,24.774067005753356],[93.934378222397001,24.773996150197213],[93.934378872777273,24.773957570357187],[93.934356859561234,24.77385763383424],[93.93436623617616,24.773799587826321],[93.934387670877143,24.773760091142655],[93.934407493102242,24.773741145388811],[93.934421482566137,24.773716640208495],[93.934431514951214,24.773690324295192],[93.934434575511389,24.773659633264533],[93.934431479916938,24.773621408940624],[93.934425267168436,24.773595283867788],[93.934413060860336,24.773570346367322],[93.93438753253659,24.773546456149084],[93.934378145141892,24.773537670844377],[93.934342668874677,24.773530154681698],[93.934289455372181,24.773530154681698],[93.934238606235553,24.773533375661291],[93.934212591024917,24.773531228069693],[93.934187757098897,24.773529080478067],[93.934179160221589,24.773527661256821],[93.934146501071154,24.773503345263926]]]},"properties":{"objectid":9344,"id":"9336","name":"IMC Ward 17","code":"17","town":"Imphal","district":"Imphal East","state":"Manipur","st_area(shape)":936544.08182741108,"st_perimeter(shape)":5122.7673027989167}},{"type":"Feature","id":9363,"geometry":{"type":"Polygon","coordinates":[[[93.929836524475135,24.801231015246476],[93.929803675780136,24.801235984673568],[93.929779038585139,24.801240954915897],[93.92976535185349,24.801253379297698],[93.929740714658493,24.80128568382619],[93.929727027028534,24.801305563970946],[93.929727027028534,24.801335382958907],[93.92964665655667,24.801933558480879],[93.929639648799153,24.801981269268893],[93.929632641041593,24.802013076994314],[93.929622128956169,24.80203375127758],[93.929602857398365,24.802054426372834],[93.929560810853175,24.802065558174096],[93.929525772065531,24.802071919552432],[93.928994929716367,24.801981269268893],[93.928970402115851,24.801971727602037],[93.928951130558048,24.801947872208483],[93.928954634885969,24.801912884180894],[93.928970402115851,24.801849269485896],[93.929028216789206,24.801666377565599],[93.929150852995164,24.801232207452347],[93.929261611676424,24.80076950758318],[93.928545217813763,24.800547601330017],[93.928318792056501,24.800507437953581],[93.928219893831951,24.800500349913786],[93.928162636114052,24.800490900280774],[93.92806743535516,24.800467632554234],[93.927998672913446,24.800446011252131],[93.927936210356805,24.800405847842757],[93.9279039087358,24.800374569759157],[93.927836693192972,24.800290295198309],[93.927561436813534,24.799777402794177],[93.927388749174867,24.799356616976027],[93.927342274833663,24.799167571875817],[93.927312899025551,24.798991768203852],[93.927288391187972,24.798772874408666],[93.927256933983344,24.798128310409133],[93.927238715251079,24.798090508703183],[93.92721789499771,24.798069244983669],[93.927184060850877,24.798057431895216],[93.927132008870046,24.79804798207601],[93.926952767123097,24.798089260198811],[93.926718592498176,24.798172001517642],[93.926168369895109,24.798323587371819],[93.925920669336975,24.798378479859682],[93.925894880501772,24.798391712669911],[93.925865728374205,24.79840799782361],[93.925844424827233,24.798434462620904],[93.925826484572696,24.798471105424312],[93.925823120381935,24.798501641085551],[93.92582872676762,24.798535230711959],[93.925881705809843,24.798722579764846],[93.92592725668294,24.798916608926593],[93.925929008397745,24.798957957706762],[93.925922000640213,24.798973862773757],[93.92588871356736,24.79898499566707],[93.925850170451781,24.798983405486801],[93.925802867863865,24.7989706824129],[93.92569249455984,24.798935693545261],[93.925238803120564,24.798740204706558],[93.925015335515539,24.798609387180541],[93.92479813276131,24.798465297572488],[93.924683265185919,24.798383773962513],[93.924643583904881,24.798330687768203],[93.924637319054085,24.798266227211787],[93.924662380253864,24.798190390644493],[93.924725035049988,24.798061468536797],[93.925006982081698,24.797473732956885],[93.925138556524743,24.797250013683421],[93.925184503554874,24.797145737129263],[93.925222096252909,24.797024397992296],[93.925255512683179,24.796848075891674],[93.925293105381172,24.796512495137158],[93.925322866566546,24.796253817125187],[93.925334875245241,24.796082116161237],[93.9253369638283,24.795871665784933],[93.9253369638283,24.795678278549676],[93.925316078896245,24.795454556037367],[93.925274309032162,24.795204289352377],[93.925251335517061,24.795010901891988],[93.925257601266182,24.794976773894248],[93.925278486198238,24.794965398436606],[93.925326520913103,24.794959710299626],[93.925489424101684,24.794931271241879],[93.92568365334084,24.794916103687349],[93.92593218394228,24.794914207640961],[93.926141033262695,24.794917999733716],[93.926479369341394,24.794927479149546],[93.926943015012355,24.794940750656693],[93.927402482618916,24.794936959380145],[93.927963117594487,24.794926493205519],[93.9279176727226,24.794350119099391],[93.927906022471674,24.794172354639421],[93.927889849203297,24.793925581460009],[93.927883841270685,24.793829983225095],[93.927884695568522,24.793750190345541],[93.927887796552852,24.793715004282216],[93.927907376232795,24.793652792140232],[93.927930219492154,24.793608354876827],[93.927985273642662,24.79353625540346],[93.928045671870777,24.793484388773035],[93.930860838359308,24.795959377406373],[93.933360570418941,24.798207172453282],[93.93503887759293,24.799655611198496],[93.93527029349157,24.799862967779216],[93.935631504270688,24.800186623832374],[93.935622327081759,24.800214042348756],[93.935224900721948,24.801401468764922],[93.935192164316376,24.801625379520818],[93.935137767732641,24.801607926235743],[93.934436229309853,24.801382839553174],[93.933846858126671,24.801193740459688],[93.933523841916795,24.801104282556647],[93.93311596455699,24.801012339055656],[93.932877808598761,24.800982519990004],[93.932820322708778,24.80098997414548],[93.932732724392139,24.801004884086048],[93.932543841925565,24.801057068048404],[93.932442556877305,24.801094342876283],[93.932396020552304,24.801119192483462],[93.932368646190653,24.801153981762067],[93.932344009893981,24.801191255745334],[93.932335797495654,24.801233499960027],[93.932311160300699,24.801290654066538],[93.932275573540707,24.801337867670359],[93.93222903721572,24.801372656887644],[93.932177026557397,24.801397506439045],[93.932119540667443,24.801407446910602],[93.931547418036018,24.801481994713502],[93.931353060337784,24.801494419886637],[93.931218926594482,24.801484480237509],[93.930964344941287,24.801442236108322],[93.930540043683152,24.801337867670359],[93.930345685984904,24.801263319780794],[93.930238926603295,24.801243439629282],[93.929946021921722,24.80122853053285],[93.929883060800094,24.80122853053285],[93.929836524475135,24.801231015246476]]]},"properties":{"objectid":9363,"id":"9347","name":"IMC Ward 9","code":"9","town":"Imphal","district":"Imphal West","state":"Manipur","st_area(shape)":611963.94139255362,"st_perimeter(shape)":4097.8151281646233}},{"type":"Feature","id":9350,"geometry":{"type":"Polygon","coordinates":[[[93.950612706467325,24.798484577975898],[93.950402079380979,24.798722104340712],[93.95027550675745,24.798911126471197],[93.949818079224883,24.799793092471539],[93.949670240783618,24.800348772428833],[93.949651493841969,24.800533740840361],[93.94954793156441,24.801797934749313],[93.94949069989768,24.802423841648416],[93.949455270342881,24.802537642340933],[93.949365335508205,24.802666287433563],[93.949286300831176,24.802728135439388],[93.948738889056614,24.80279868754906],[93.947761805895098,24.802771255741519],[93.945907001327384,24.802720700143798],[93.943325370761613,24.802709401233571],[93.943416998022286,24.802464322431256],[93.943521912264288,24.802210356307],[93.943635570707315,24.801972261726632],[93.943736113747192,24.801904802178363],[93.943810428675661,24.801777818200478],[93.943950314331715,24.801476231037597],[93.94405085826989,24.801305595773936],[93.944138286804929,24.801134960275487],[93.94424320194527,24.800956388445872],[93.944308773571137,24.800765910565598],[93.944387459701787,24.800420669783065],[93.944431174418469,24.800043681792506],[93.944422431115825,24.799908759745257],[93.944383088499649,24.799761932476809],[93.94429565906627,24.799619073125612],[93.944203858430797,24.799503991907226],[93.944037743765051,24.799297638575982],[93.943893486008534,24.799055571109012],[93.943797314170837,24.798805565304594],[93.943744856151511,24.798531749427728],[93.943648684313814,24.798273806299274],[93.94356999818315,24.798055546498123],[93.943460712738926,24.797904748889504],[93.943333940689413,24.797746013980284],[93.943198425337243,24.797595215179769],[93.94304542427804,24.797488069217444],[93.942896795319342,24.797416638252653],[93.942673851432133,24.797325364794972],[93.942538336079934,24.797242029235615],[93.942389707121222,24.797142819309009],[93.942158019931369,24.796936462048702],[93.941782075883282,24.796599147795806],[93.941594103410068,24.796428505820998],[93.941331816008343,24.796115000223519],[93.941130729928645,24.795849115645154],[93.941073900707138,24.795718157250196],[93.941047671697476,24.795575293240621],[93.941052043797953,24.795460208269624],[93.941091386414129,24.795376870641459],[93.941200672756651,24.795265753716805],[93.941296843696051,24.79518638582195],[93.941363942457883,24.795129600771116],[93.941420274911025,24.795092774307822],[93.941554410450919,24.79503129762513],[93.941723224554067,24.794968647402474],[93.941891267902704,24.794901855203879],[93.941939972760764,24.794881289824634],[93.942246822888762,24.794780558724355],[93.942377396608563,24.794743575580451],[93.94246230716584,24.794721582225559],[93.942569098886835,24.794699981940258],[93.94297056317383,24.7946360079846],[93.943069344617413,24.794622212074643],[93.943168508743312,24.794600292093751],[93.943206621565892,24.794586898224278],[93.943241046804204,24.79457127231322],[93.94331727424597,24.79454002048525],[93.943338175347662,24.794532207934772],[93.943394755735852,24.794503782642604],[93.943431012639024,24.794482837171213],[93.943455870819548,24.794463039114397],[93.943497359510957,24.794420198088641],[93.943513989123488,24.79439715511857],[93.943563168292059,24.794290006393375],[93.943600052219281,24.794171695708375],[93.943608658978036,24.794137095300062],[93.943618126322818,24.794068853493531],[93.943619723527391,24.794006506969879],[93.943614806149512,24.793906054879194],[93.943604218605586,24.793831907830956],[93.943586437352835,24.793747338501859],[93.943565626980984,24.793676129648368],[93.943506599581966,24.79353642176811],[93.943485711954992,24.79349531420328],[93.943474646507312,24.793477456094891],[93.943435002057214,24.793428404592841],[93.943405646012025,24.793406052178696],[93.94334741362205,24.793372707448295],[93.94331853727725,24.793361714319623],[93.943278057393911,24.793340412275697],[93.943231211150135,24.793310034369004],[93.943196785911837,24.793292176233948],[93.943138548131984,24.793249997817284],[93.943083674542848,24.793193954814182],[93.942707456508586,24.792716243883824],[93.942645982997078,24.792638113130607],[93.942610534577639,24.792591628550785],[93.942595574933208,24.792566120741849],[93.942589427761703,24.792552168837492],[93.942580618882047,24.792518131501424],[93.942577133418737,24.792494094059446],[93.942577133418737,24.792470908015606],[93.942583084757501,24.792441088527234],[93.942600027882065,24.792394943130031],[93.942614144008459,24.792369058510147],[93.942639937335215,24.792331332523293],[93.942666480755207,24.792299540256007],[93.942744618015283,24.792215706298109],[93.942773658751776,24.792189374734924],[93.94279342528128,24.792173771356442],[93.942826894712127,24.792151442366333],[93.94288805201667,24.792121431153422],[93.942935207280897,24.792102564046171],[93.94299269406919,24.792082268140732],[93.943103345850915,24.792042086527758],[93.943193658876339,24.792008221942602],[93.943243506391454,24.791984046578452],[93.94327055466465,24.79196842033949],[93.943336386801946,24.791934802022293],[93.943361615986689,24.791920265316573],[93.943398522371822,24.79189648791079],[93.943402388720813,24.79189312958427],[93.943699919726058,24.792113625790311],[93.943827802093267,24.792207621217017],[93.944163200681018,24.791861167575732],[93.944671604911022,24.791354452183118],[93.944754524801624,24.791270548266656],[93.945236901244598,24.790862827743894],[93.945930763563283,24.790276053003605],[93.946053277598367,24.790175814008713],[93.946322647317771,24.78996808565806],[93.946372480459857,24.789930887408712],[93.946414562039351,24.789896705003397],[93.946461073211509,24.789852468647641],[93.94655347931149,24.789760882981383],[93.946598767876566,24.789718154506957],[93.946665943893507,24.789653407298104],[93.946730173436308,24.789584036765717],[93.946919514941996,24.789363615170824],[93.947038091661199,24.789236245649548],[93.947655914286045,24.788563171183394],[93.947865023219563,24.788304295541881],[93.947935794294295,24.788214904187608],[93.947981955123467,24.788163548312067],[93.948010468548915,24.788134482170548],[93.948050537003851,24.788099282281124],[93.948085327856461,24.788071809706938],[93.948107049120054,24.788054657898741],[93.948178687069017,24.787997957662423],[93.948245221688836,24.787946182504584],[93.948349776604786,24.787846946385145],[93.948404982570565,24.78778847223122],[93.948433511267353,24.787752605938543],[93.948445958323944,24.787733771604426],[93.948472153197599,24.787685148442328],[93.948487598830596,24.787652788176004],[93.9485174390677,24.78759625086645],[93.948547590121919,24.787528604892628],[93.948574716548549,24.787461971798542],[93.948590971563618,24.787427916754826],[93.948609975423452,24.787403618980605],[93.94861650976884,24.787397686646486],[93.948633653217712,24.787389487073902],[93.948656483002338,24.787384610065114],[93.948678842968064,24.787384928130891],[93.94872459686043,24.78739028794725],[93.948759853938711,24.787398444295452],[93.948847948125362,24.787424352787955],[93.948965223185709,24.787453237227552],[93.949024628775419,24.787465101890227],[93.949043012797731,24.787469552361795],[93.9491927152432,24.787499563884502],[93.949288045359467,24.787514260140991],[93.94935136221396,24.787529821696783],[93.949397698214639,24.787542765327839],[93.949483242982495,24.787572967672034],[93.949548641233491,24.787593241479779],[93.949622253679436,24.787622585851235],[93.949663837592283,24.787642001690553],[93.949785025714007,24.787693777790892],[93.949908589879627,24.787734766576659],[93.949960867337623,24.787746632027986],[93.950038694678881,24.787760543695271],[93.950093936577261,24.787764968874164],[93.950170891654395,24.787764968874164],[93.950226951019701,24.787760899275458],[93.950314927527046,24.787752025266276],[93.950462173978536,24.787748362627084],[93.950532628846261,24.787751725959108],[93.950570236815651,24.787755140670757],[93.950742396244877,24.787765154004216],[93.950926902119434,24.787773095837895],[93.950942255225911,24.787773598217168],[93.951134730055344,24.787793014032847],[93.951241661015175,24.787812429845488],[93.951339086901015,24.787853418592071],[93.951448393904769,24.78793108178661],[93.951878493788058,24.788334497700703],[93.952035325263665,24.788450991206993],[93.952344237025244,24.788653777448758],[93.952714930420498,24.788936383037228],[93.952744633215346,24.788959034745513],[93.95280759613361,24.788991952502379],[93.952893148088023,24.7890183597742],[93.953102257919866,24.789070134484611],[93.953425425945014,24.789167212518123],[93.953641663908613,24.789249189102581],[93.9538222585184,24.789305278742589],[93.953929189478231,24.789329008528114],[93.954059882673988,24.789341952786998],[93.954145427441844,24.789339795682459],[93.954198238499117,24.789330206557185],[93.954246417842739,24.789311750873434],[93.954276120637587,24.78929664950611],[93.954340279213497,24.789264290475646],[93.954377111038482,24.789249189918099],[93.954426156358053,24.789235741645111],[93.954477947827442,24.789229862408764],[93.954544635160858,24.789225459301761],[93.954685993155664,24.789234895113399],[93.954766813683449,24.789250268063391],[93.95482740774429,24.789264290475646],[93.954918175317246,24.789295420486194],[93.954992032104954,24.789330158440279],[93.955035661481674,24.789352235120717],[93.9551161424463,24.789401024815142],[93.955328686537484,24.789555094103381],[93.954886814232353,24.790155245399308],[93.95454151710851,24.790728269222186],[93.954092258855127,24.791594539905468],[93.953999436835161,24.79180352307101],[93.953928892135892,24.791948462038761],[93.953862060173705,24.792069806957127],[93.953795228211504,24.792157444608048],[93.953724684410545,24.792265306310018],[93.953635575127635,24.792373167918178],[93.953520475786888,24.792497882964099],[93.953409089183268,24.792629338963632],[93.95329399074086,24.792764165359632],[93.953193742348404,24.792878767599458],[93.952970970039402,24.793239427929912],[93.952380623285805,24.794634868723168],[93.951942503243643,24.795686494699837],[93.951586067908593,24.79649206131942],[93.951129384181087,24.797486372189212],[93.950720967832126,24.798281815960596],[93.950612706467325,24.798484577975898]]]},"properties":{"objectid":9350,"id":"9337","name":"IMC Ward 19","code":"19","town":"Imphal","district":"Imphal East","state":"Manipur","st_area(shape)":1617693.2703709616,"st_perimeter(shape)":5900.1351995760697}},{"type":"Feature","id":9351,"geometry":{"type":"Polygon","coordinates":[[[93.962059405431887,24.821470065647073],[93.962234878746258,24.822089240532577],[93.962413933643603,24.822640157708555],[93.96256075878523,24.823166695244986],[93.962598359568062,24.823301579744758],[93.962314774907597,24.823307654672139],[93.961798944305158,24.823351297770031],[93.961029568705328,24.82346238951909],[93.960334508034038,24.823601254065238],[93.960243256269152,24.823627819474389],[93.960022212318762,24.822979299161261],[93.959815180290207,24.822486684768986],[93.959759226027771,24.822296240791911],[93.959669698129943,24.822088021621635],[93.959585766736296,24.821948362066838],[93.959496238838469,24.821811242097873],[93.959415104798623,24.821669042484913],[93.959300398021682,24.821552236120258],[93.959222062233962,24.8214659009458],[93.959068187113971,24.821387183336583],[93.958922704953736,24.821326240689654],[93.958726864136949,24.821272915645142],[93.9585813819767,24.821237366418028],[93.9583883385137,24.821244984052186],[93.958231666039964,24.821262759073569],[93.958016241051652,24.821295769354919],[93.957859568577916,24.821305926739097],[93.957736467942965,24.821303386985488],[93.957585391075114,24.821267837767127],[93.957431515955122,24.821211972941981],[93.957274843481386,24.821128177287683],[93.957179720875928,24.821046919704951],[93.957095788583999,24.820950427581174],[93.957056620240991,24.820838698434745],[93.957056620240991,24.820747284048302],[93.957059418493074,24.820607622981992],[93.957042631675392,24.820455265349633],[93.956981081807058,24.82019371757589],[93.956852386464519,24.819881383388203],[93.956617377304724,24.819439543555703],[93.956446715367051,24.819127207466682],[93.956399154064329,24.819012937690669],[93.956379570791128,24.818906285587204],[93.956318020024483,24.818769162251101],[93.956211707105552,24.818644734543316],[93.955962708481863,24.818378104950767],[93.95565216088815,24.818030215223075],[93.955294051991686,24.81770263906326],[93.954879987934504,24.817240476028157],[93.954603013077914,24.816895122950225],[93.954513486078369,24.816813862591101],[93.954457530917637,24.816724985082445],[93.954387588089631,24.816620870859154],[93.954261690100893,24.816450732614822],[93.954009951615546,24.816198476427335],[93.953222428250356,24.815366241562472],[93.952922610134394,24.815054523856407],[93.952688206439106,24.814911034723043],[93.952333876755048,24.814757649238093],[93.951963192342973,24.814668586795449],[93.951706983840779,24.814629002832888],[93.951521641634727,24.814624055142431],[93.951009225528665,24.814713117617082],[93.950376125255772,24.814752597185013],[93.949932792290028,24.814713307599135],[93.949708172146501,24.81465023435856],[93.949468250998706,24.814496983903037],[93.949066985239412,24.814075382116815],[93.949146466379119,24.814051567375316],[93.949754264703742,24.813910546047815],[93.94991952866485,24.813886770412829],[93.950045549722788,24.813884219091808],[93.950106062935276,24.813876371883563],[93.950142803132096,24.813843024504521],[93.950164414801193,24.813805752694705],[93.950179543328872,24.813774366285038],[93.950205476792817,24.813746903475831],[93.950248701029366,24.813731209856844],[93.950335147705786,24.813713555246576],[93.950415111240815,24.813699823428284],[93.950698226082366,24.813680207008328],[93.951746397423889,24.813550737580275],[93.952351526853747,24.813486003630885],[93.952839953450166,24.813425191635496],[93.953527207761638,24.81333495571495],[93.954089114751625,24.813274144460834],[93.954177722774617,24.813270220837449],[93.954348455679209,24.81326825902574],[93.954458676269638,24.813270220837449],[93.954562412820323,24.813272182649161],[93.954622925134501,24.813287876326264],[93.95468127700039,24.813287876326264],[93.954906039976066,24.813285914514807],[93.955091901408352,24.813272182649161],[93.955253989824968,24.813254527973502],[93.955446766488322,24.81322047348969],[93.955811919074876,24.813163977190488],[93.956067802386926,24.813116269891133],[93.956233781407036,24.813064796312702],[93.956361031360302,24.813023365806856],[93.95647168404038,24.812986957243155],[93.956614148759598,24.812937994182331],[93.956709585775357,24.812907863246512],[93.956803640283923,24.812891541674379],[93.956889396155901,24.812881497754354],[93.957129487085254,24.812880586153199],[93.957227415129339,24.812871391048816],[93.957835246691602,24.812779437521407],[93.958419439985477,24.812669093687692],[93.959262428031238,24.812516060936929],[93.959402235533872,24.813199474103339],[93.95952041160443,24.813633413949443],[93.959670817430762,24.814109607594983],[93.959774668965821,24.814459032266949],[93.959977001008838,24.815089618249772],[93.960250953932842,24.81575270643896],[93.960528488439863,24.81635240723719],[93.960700381069458,24.816747331661798],[93.961148017863763,24.817811831212765],[93.961368255127027,24.818575664787563],[93.961536566173606,24.819149349776644],[93.96170845880323,24.819857920358725],[93.961823053290772,24.820405596712853],[93.961980621384839,24.821018277091451],[93.962059405431887,24.821470065647073]]]},"properties":{"objectid":9351,"id":"9338","name":"IMC Ward 23","code":"23","town":"Imphal","district":"Imphal East","state":"Manipur","st_area(shape)":792600.2833967706,"st_perimeter(shape)":4703.2915047306888}},{"type":"Feature","id":9370,"geometry":{"type":"Polygon","coordinates":[[[93.933751549569962,24.810711607084514],[93.933629631117924,24.810744890074233],[93.933476289597237,24.810782793923785],[93.93335496313496,24.810815943984267],[93.93255450043641,24.811094088583545],[93.931930460571479,24.811323252551919],[93.931092153646659,24.811631302217421],[93.930984088114599,24.81167101270816],[93.930080807841932,24.812043753030093],[93.929099534937947,24.81247479169452],[93.928349191045712,24.812765350906552],[93.926038489674696,24.813801410798444],[93.925728438849333,24.813932249800899],[93.925676859382321,24.81396523023562],[93.92564081627819,24.813994070985821],[93.925628717767935,24.813999384806273],[93.925620181976115,24.813986018309187],[93.925565761137889,24.813926162183122],[93.9255121011727,24.813867142607148],[93.92548035021899,24.813825663446778],[93.925438429437946,24.813761394407553],[93.925371810376461,24.813620446134099],[93.925315000917891,24.813494618137934],[93.925095706885685,24.813021845929732],[93.925044604424102,24.812945040741695],[93.924984867356045,24.812873528174748],[93.924951487756701,24.812841630282044],[93.924882815146503,24.812785760026788],[93.924804608716173,24.812731536011992],[93.924473388192823,24.812501882153263],[93.92442454499421,24.812465104880836],[93.924361146393025,24.812415430594868],[93.924340491429703,24.812391649780679],[93.924335975598751,24.812380514829737],[93.92432758982558,24.812349180244027],[93.924329802376135,24.812318146529019],[93.924344550916487,24.812293448382988],[93.92446714669822,24.812169757808306],[93.924548051667685,24.812088129055301],[93.924731188509682,24.811900388427087],[93.924939788996767,24.811739527768371],[93.925492017537906,24.811313679803675],[93.925523246570435,24.811293435966398],[93.925713957108627,24.811166322172813],[93.925993330467037,24.811022489331791],[93.926397827466431,24.810829358116429],[93.926813374642137,24.810718683124875],[93.926916159876953,24.810670113821569],[93.926935393705506,24.810655713037818],[93.926968966442601,24.810621018565911],[93.926989466895691,24.810576466704195],[93.926997531970329,24.810544763916472],[93.927036319427671,24.810299204024322],[93.927132883829131,24.809822888919314],[93.927164803666116,24.809735249891325],[93.927202414330438,24.809667964171961],[93.927255778749881,24.809577330858538],[93.927281166038142,24.809527533919393],[93.927344481994297,24.809407032908645],[93.927393450058744,24.809325390920268],[93.927426071479971,24.809255385587754],[93.927453092803745,24.809160314510784],[93.927462306823585,24.809005970323412],[93.927459133974011,24.80891590812956],[93.927447947253782,24.808850344115918],[93.927437519609953,24.808806339574918],[93.927314409991865,24.808533252748816],[93.927286854170504,24.808458766264927],[93.927276449882882,24.808409897634146],[93.927242086628311,24.808248496716754],[93.927231513457457,24.808182483055568],[93.927159617691984,24.807572642107669],[93.927154687737712,24.807531101314893],[93.927146613679923,24.807476840753477],[93.927168219959157,24.807476592050016],[93.928211688620138,24.807518737903383],[93.929084538462561,24.807531201611663],[93.930809916459097,24.807486559758441],[93.931390536254781,24.807460920468838],[93.932812417534279,24.807423172979767],[93.932958387479744,24.807422501887832],[93.932954195042328,24.807633700785342],[93.933035329082131,24.808349853715651],[93.933152834111198,24.808974580251945],[93.933273136494051,24.809452010833777],[93.933371056453254,24.80973135795676],[93.933751549569962,24.810711607084514]]]},"properties":{"objectid":9370,"id":"9352","name":"IMC Ward 4","code":"4","town":"Imphal","district":"Imphal West","state":"Manipur","st_area(shape)":455469.68498345639,"st_perimeter(shape)":3078.7781340648889}},{"type":"Feature","id":9355,"geometry":{"type":"Polygon","coordinates":[[[93.935191874160552,24.852251333820689],[93.934620240212624,24.852073195149774],[93.934029655405496,24.85168067880134],[93.93379739598879,24.85167645887233],[93.933763287855783,24.851659324834209],[93.933726568320239,24.85161727714463],[93.933688873214265,24.851550588847171],[93.93366065174132,24.85153106971784],[93.93364061661552,24.851520668643733],[93.933617945832694,24.851516350078409],[93.933477818529838,24.851500694666395],[93.933274049182373,24.851442843149659],[93.933265207065048,24.85140783894213],[93.933181151703906,24.850709058560575],[93.933155142781459,24.850490575679594],[93.933154335196051,24.850444451086091],[93.933167959943958,24.850355990613217],[93.933169857185831,24.850280492424602],[93.933125718464339,24.850037221166346],[93.933111386742283,24.849980281108419],[93.933095521596073,24.84987247453785],[93.93310284645888,24.849823702131371],[93.933111172044931,24.849801036279359],[93.933134299171954,24.849770804268235],[93.933149100712853,24.849763237297761],[93.933192132709905,24.849758943125316],[93.934205376654859,24.849657819723696],[93.934163447788961,24.849421594170316],[93.934143457578969,24.849109319038558],[93.93414097283889,24.849061888063915],[93.93413311886836,24.849004548949857],[93.934111146076489,24.848964003491059],[93.934084246923632,24.848936498761528],[93.93406445883457,24.848922118730226],[93.93396892929232,24.848865440637006],[93.933937995805493,24.848838212221025],[93.933849802804147,24.848741357005089],[93.933792552272806,24.848649630638164],[93.933694745501285,24.848390192527933],[93.933537804431239,24.84778826662782],[93.933511040923989,24.847685620533458],[93.933504087065387,24.847571121968006],[93.93352767862136,24.847524481106515],[93.93359072598129,24.847476014273795],[93.933695774072262,24.847395260631874],[93.933990681098592,24.847299679195075],[93.934373640989037,24.847202949124487],[93.934456635439844,24.847142161836967],[93.934601762765553,24.84693760458185],[93.934707729833093,24.84680985486218],[93.934791063847072,24.846634432632282],[93.934852734089645,24.846442037610778],[93.934839357276743,24.846243888033445],[93.934777824476413,24.846101085540937],[93.934722207980514,24.846045923181787],[93.934669387041822,24.845988325892197],[93.934544139433356,24.845904195667703],[93.934471712763568,24.845877661938747],[93.934072848200998,24.845778265153662],[93.933764987468294,24.845766782681629],[93.933632115857975,24.84576182726834],[93.93347060415978,24.845801647460981],[93.933390027973772,24.845829584111616],[93.93329094828951,24.845914543412874],[93.933232468862812,24.846045988395193],[93.932957261890678,24.846820036238544],[93.932820987462094,24.847196642233872],[93.932779963199678,24.847238817775594],[93.932681571624926,24.847339970054591],[93.932580648597707,24.847389063797436],[93.93239955452465,24.847437746681113],[93.932268203762121,24.847429776879785],[93.932092877771495,24.847364047397086],[93.931932631799526,24.847274422304679],[93.93174875744063,24.847105879871581],[93.931508076318138,24.846910988743133],[93.931297415994138,24.846801510045736],[93.93112694899088,24.846766864826868],[93.930710299582302,24.846756596223742],[93.930528487755325,24.846773173369726],[93.930395605365248,24.846789793717072],[93.930274428921606,24.846771243880035],[93.93017824181257,24.846674082174996],[93.930031360077081,24.84652571179284],[93.930007217853827,24.84648694910145],[93.929979115856796,24.846413373156132],[93.929947622719553,24.846057812396346],[93.929988618235868,24.845872896464101],[93.930089705654794,24.845416931155153],[93.930105615716798,24.845278148138441],[93.930087430222187,24.844933821299389],[93.929966777496361,24.844030482236185],[93.929947322682267,24.843811065591076],[93.92995477510587,24.843716105815624],[93.929964140042685,24.843662613518472],[93.929994546218452,24.84360671885284],[93.930030761799131,24.843540145254504],[93.93018328495458,24.843303877859608],[93.930367691116103,24.84332531234179],[93.930760181233396,24.843370932544154],[93.930941495393725,24.843392006703041],[93.931025443855333,24.843382767398325],[93.931051305454048,24.843366775916145],[93.931160888240612,24.843257664992532],[93.931324097754697,24.843095157622251],[93.931694739047686,24.842803410910573],[93.931892299239919,24.842685287571289],[93.932038109285244,24.842623871183502],[93.932361478533011,24.842645841363115],[93.932915942082559,24.842683513719063],[93.933582484836847,24.842728801560863],[93.933948293193595,24.842753656675679],[93.934127378633676,24.842784818086127],[93.934272121480461,24.84285946897668],[93.934407229895854,24.842967674578009],[93.934667947940738,24.843176478179345],[93.934717363366204,24.843217271720746],[93.934901037400778,24.84340070961553],[93.935125605442039,24.843681312999998],[93.935165201383128,24.843728494145761],[93.935238190398266,24.843839005951843],[93.935317372398984,24.844023634719111],[93.935379642716157,24.844310123912109],[93.935413179520651,24.844609643043132],[93.935628077197876,24.844641461833739],[93.935723377669746,24.844475848008322],[93.935799452397902,24.844486497488646],[93.935832046869663,24.844485458137218],[93.935935356720577,24.844453809678683],[93.936035303279112,24.844376701987304],[93.936098231163086,24.844302725349674],[93.936121811040962,24.844256653881576],[93.936130746583103,24.844231990635731],[93.93617682836053,24.84406568743491],[93.936187166172829,24.843998036414465],[93.936220283464095,24.843789282295042],[93.936262160227713,24.843634585078082],[93.936303051539426,24.843476752469236],[93.936338313109289,24.843297491697257],[93.936343328403524,24.843234975112463],[93.936362172363232,24.843116851369935],[93.936404597099155,24.842976484309872],[93.936434812832061,24.84290909192379],[93.936561553440541,24.842783002660692],[93.936589738082574,24.842767462715649],[93.936651424494826,24.842753933024749],[93.936744402821674,24.842759513808442],[93.936894580475936,24.842768528167539],[93.937001300331687,24.842774933921724],[93.937099466429302,24.842772054674665],[93.937150777300005,24.842743098347395],[93.937474420533945,24.84244009627853],[93.937863939922607,24.842239087934939],[93.937922444502107,24.842193951539787],[93.938094237418724,24.842020056145955],[93.938191769305746,24.841862990206735],[93.93827746319397,24.841724988237885],[93.938314769329395,24.841667699526916],[93.938343297127886,24.841612996592758],[93.938383809350583,24.841509189426311],[93.9384048811322,24.841409395391896],[93.938413426805496,24.841334140379875],[93.938403793272386,24.841261011360668],[93.938369691427567,24.841186935036653],[93.938322887404624,24.841148597837531],[93.938184743581914,24.841065237132508],[93.938034398841026,24.840983504327006],[93.938012906647842,24.840972773840399],[93.937737638590292,24.840874992920828],[93.937588594609934,24.840811121062146],[93.937459049461111,24.840722867285315],[93.937416715455029,24.840694027052567],[93.937342008861037,24.840614298586381],[93.937330567917613,24.840596313574675],[93.937279527439799,24.840423390105222],[93.937236639173179,24.840195229689037],[93.937216834914437,24.840078064989022],[93.937172365612909,24.839881433736586],[93.93712749925605,24.839683047026359],[93.937074225566448,24.839511172271902],[93.937069767227698,24.839440778838345],[93.937079676543604,24.839364505245651],[93.937092646419657,24.839332722598041],[93.937126099680839,24.839272502908166],[93.937232539262226,24.839126987494861],[93.937321026012654,24.839026956758211],[93.937501586486434,24.838849037091027],[93.937640308824214,24.83867443835755],[93.937787858007923,24.838523545070935],[93.937992649638204,24.838340608643545],[93.93802553606244,24.838300430615046],[93.938056709399419,24.838247195216717],[93.938070532675013,24.838217817993147],[93.938078222253836,24.838191810878133],[93.938083478296576,24.838159114883879],[93.938036550306151,24.837926615765042],[93.937999894550941,24.837672864992339],[93.938001214176126,24.837612106447853],[93.938006210605721,24.837583739134882],[93.938034097007119,24.83749463848519],[93.938060219117233,24.837435299158244],[93.938080098834476,24.837396452097163],[93.938112819968708,24.837343301093426],[93.938304630044783,24.837129670480699],[93.938338463293334,24.837078122097452],[93.938359372479908,24.837023838607138],[93.938465795891616,24.836614120464095],[93.938493138812234,24.836508853104245],[93.938509224944013,24.836467296741851],[93.938519163006021,24.836449404879101],[93.938528930388088,24.836431821170915],[93.938551132250353,24.836407647134738],[93.938605185677602,24.83637900073677],[93.938657440677687,24.836351306522197],[93.938952398907972,24.83629255687481],[93.939171195273531,24.836248977034419],[93.939296823767677,24.836223954306],[93.939359707634196,24.836211429896213],[93.939398128578915,24.83618854306869],[93.939440761723972,24.836140345714625],[93.939462449749882,24.836104573305256],[93.939475698103678,24.83606966177161],[93.939491511147622,24.835946935717732],[93.939501627974366,24.835830284670475],[93.939539517116415,24.835611387467747],[93.939550154067703,24.835521133469094],[93.939569075282535,24.835433660993957],[93.93958183854609,24.835398431328546],[93.939611633867429,24.835350840203724],[93.939681041299536,24.835284842614325],[93.939791601453138,24.835175896581532],[93.939887937682528,24.835086725718639],[93.939965984212719,24.835014484880993],[93.940049885961926,24.834908912076138],[93.940131285004796,24.834763109459743],[93.940273106530242,24.834509076650221],[93.940338928786076,24.834315829599468],[93.940371401985274,24.834266695615163],[93.940391614079175,24.834253555497391],[93.94045693956663,24.834236287792429],[93.940658217885812,24.834213141351775],[93.940855063019086,24.834190505250408],[93.940910769346488,24.834175901758904],[93.941070639822669,24.834159733809411],[93.941202022026218,24.834195086929398],[93.941325096610029,24.83422390747992],[93.941490953459265,24.834277998169746],[93.941682477871097,24.834391127194824],[93.941855499683001,24.834474362770838],[93.942012732705507,24.8345370826998],[93.942039878895102,24.834548132504363],[93.942201386999997,24.834593700505287],[93.942271529254043,24.834602078754564],[93.942442605315051,24.834588428330431],[93.942578163786379,24.834556703154071],[93.942790184159747,24.834477649832639],[93.94296066463771,24.834372127115174],[93.943101251877991,24.834224419453896],[93.943210407964784,24.834067333024464],[93.943317912049793,24.833930826495198],[93.943364680140121,24.833885021013288],[93.943542574414167,24.83378088697344],[93.944130618785664,24.833436663480697],[93.944209680412143,24.833390383340095],[93.944519633321121,24.833186528115121],[93.944609946346546,24.833111595020238],[93.944934062094305,24.832716868700405],[93.944951693328392,24.832691078102908],[93.944964313759812,24.832662427583948],[93.94497311185971,24.83263242210348],[93.944974175465006,24.83261997477965],[93.944970162690623,24.832607780183839],[93.944965341432493,24.832593125959768],[93.944952096671955,24.83256855251383],[93.944944027105763,24.832559710246205],[93.94492113443907,24.832534623182148],[93.944907466572005,24.832513281401098],[93.944898678353582,24.832465343498413],[93.944904851576212,24.832408922011812],[93.944910162416178,24.83238521188677],[93.944935366448107,24.832206553017585],[93.944934525624987,24.832176504217937],[93.944926301548577,24.832128036266479],[93.944894750919147,24.831942094307148],[93.944868847997938,24.831890533165517],[93.944826181615198,24.831833969561615],[93.944757657227015,24.831735972716299],[93.944706140642097,24.831676366484277],[93.944687406276856,24.831666458605483],[93.944673358422463,24.831661972218594],[93.944646408963933,24.831658666330963],[93.944614625670866,24.831661586599648],[93.94457247941267,24.831669703348247],[93.944549600220697,24.831674059292968],[93.944507232078635,24.831687246969661],[93.944487744026858,24.831696079516444],[93.944420200598955,24.831739883525891],[93.94438030462058,24.831757011354078],[93.944275481108377,24.831784964218944],[93.944225713543304,24.831792884481487],[93.944153931863895,24.831792952148195],[93.944130233408416,24.831789938127589],[93.944102673993797,24.831780196571177],[93.944084007002203,24.831768604370794],[93.944064352762112,24.831745748517143],[93.944040576153171,24.831698319855921],[93.943998748796886,24.831582427891334],[93.9439624847072,24.831481950000981],[93.943934232691504,24.831419044274753],[93.943901532218533,24.831355187103426],[93.943869518956745,24.831299881207983],[93.943834225945878,24.831281752171702],[93.943812937670259,24.83127486970827],[93.943788701123907,24.83127542897979],[93.943756513588966,24.831282859300956],[93.94373665453297,24.831290548875796],[93.943706096541945,24.831315567709726],[93.943686215926405,24.831338946227085],[93.943595960393168,24.831516178822639],[93.943572198157284,24.831557480854467],[93.943544678268523,24.831596147128931],[93.943511302262465,24.831630878935844],[93.943495529642746,24.831642555121114],[93.943447079906178,24.831671042823675],[93.943390481551731,24.831717345619008],[93.943338923644276,24.831759525620264],[93.943315057203833,24.831774653609774],[93.943169291175948,24.831824128546831],[93.943139084426178,24.831829792979928],[93.943042004391756,24.83184013374915],[93.942955495731567,24.831833208107906],[93.942912923671969,24.831821602053068],[93.942733137545943,24.831800552827872],[93.942660046122825,24.831793873393302],[93.942330410227655,24.831681721939859],[93.942242086072284,24.831670633562162],[93.942124146258621,24.831647127111257],[93.941710905058272,24.831653960638278],[93.94148435713015,24.831678264414052],[93.941305321097346,24.831728748683521],[93.941141288726499,24.83182161917356],[93.941059182709523,24.831868104530979],[93.941041669154743,24.831884667365866],[93.94103074833582,24.831901116062046],[93.94102870646519,24.831905890227226],[93.941028367800328,24.831900657885651],[93.941029888648103,24.831868345848161],[93.941032998615626,24.831823068707592],[93.941045004599388,24.831713780479671],[93.941048260093979,24.831670675955763],[93.941042720183617,24.83158913179517],[93.941016697786466,24.831392137310758],[93.94096851844283,24.830900643946759],[93.940959345745469,24.830621604625016],[93.940905630084728,24.830007073794793],[93.940776287955174,24.828011551660598],[93.940719266494227,24.826632406879273],[93.940716444885908,24.82660288503839],[93.940707042219813,24.826536139236467],[93.940700461162052,24.826498914455986],[93.940663333791392,24.826268844225336],[93.940731878840808,24.826272654110674],[93.941078796525446,24.826277732598832],[93.941401802853818,24.82627982709803],[93.941629717119497,24.826271003948502],[93.942132800628087,24.82622902101042],[93.942939285632278,24.826145695100777],[93.943719851545595,24.826051745789925],[93.944238857692568,24.825993704642453],[93.944197028539648,24.822621265078983],[93.944169707178602,24.820296490013693],[93.944087742197141,24.817804282672562],[93.943938466451428,24.814822217817873],[93.946719101700452,24.814549836500543],[93.948261801894063,24.814297491644101],[93.948915813150123,24.814120677975716],[93.949066985239412,24.814075382116815],[93.949468250998706,24.814496983903037],[93.949708172146501,24.81465023435856],[93.949932792290028,24.814713307599135],[93.950376125255772,24.814752597185013],[93.951009225528665,24.814713117617082],[93.951521641634727,24.814624055142431],[93.951706983840779,24.814629002832888],[93.951963192342973,24.814668586795449],[93.952333876755048,24.814757649238093],[93.952688206439106,24.814911034723043],[93.952922610134394,24.815054523856407],[93.953222428250356,24.815366241562472],[93.954009951615546,24.816198476427335],[93.954261690100893,24.816450732614822],[93.954387588089631,24.816620870859154],[93.954457530917637,24.816724985082445],[93.954513486078369,24.816813862591101],[93.954603013077914,24.816895122950225],[93.954879987934504,24.817240476028157],[93.955294051991686,24.81770263906326],[93.95565216088815,24.818030215223075],[93.955962708481863,24.818378104950767],[93.956211707105552,24.818644734543316],[93.956318020024483,24.818769162251101],[93.956379570791128,24.818906285587204],[93.956399154064329,24.819012937690669],[93.956446715367051,24.819127207466682],[93.956617377304724,24.819439543555703],[93.956852386464519,24.819881383388203],[93.956981081807058,24.82019371757589],[93.957042631675392,24.820455265349633],[93.957059418493074,24.820607622981992],[93.957056620240991,24.820747284048302],[93.957056620240991,24.820838698434745],[93.957095788583999,24.820950427581174],[93.957179720875928,24.821046919704951],[93.957274843481386,24.821128177287683],[93.957431515955122,24.821211972941981],[93.957585391075114,24.821267837767127],[93.957736467942965,24.821303386985488],[93.957859568577916,24.821305926739097],[93.958016241051652,24.821295769354919],[93.958231666039964,24.821262759073569],[93.9583883385137,24.821244984052186],[93.9585813819767,24.821237366418028],[93.958726864136949,24.821272915645142],[93.958922704953736,24.821326240689654],[93.959068187113971,24.821387183336583],[93.959222062233962,24.8214659009458],[93.959300398021682,24.821552236120258],[93.959415104798623,24.821669042484913],[93.959496238838469,24.821811242097873],[93.959585766736296,24.821948362066838],[93.959669698129943,24.822088021621635],[93.959759226027771,24.822296240791911],[93.959815180290207,24.822486684768986],[93.960022212318762,24.822979299161261],[93.960243256269152,24.823627819474389],[93.959176073881281,24.823938494838135],[93.957431865399798,24.824374922902507],[93.955783828755941,24.824759772273531],[93.954769653258083,24.824938309806779],[93.952728185960822,24.825188262899385],[93.951241892780516,24.825374735163546],[93.950087829829954,24.825477889756328],[93.950039919082599,24.825485507129677],[93.949933605265372,24.825500742690306],[93.949732168842658,24.825536291509149],[93.949505552642577,24.825571839502498],[93.949214589220375,24.825615005666332],[93.948985175666479,24.825627702361324],[93.948736177941072,24.825627702361324],[93.948313720924205,24.825637858575007],[93.947916443684761,24.825681024715838],[93.947542947545827,24.82572546026546],[93.947714276033452,24.827075146412056],[93.947838925363953,24.828168002512907],[93.94793653630272,24.828839125403722],[93.947990160335294,24.829243132165498],[93.94800346528298,24.829275420429713],[93.948084363065888,24.829370025223692],[93.94822263983923,24.829518527048084],[93.948294170888673,24.82963010569166],[93.948306520927218,24.829728329219432],[93.948303819693137,24.829784274176642],[93.948293809765943,24.829838317074284],[93.948256602445198,24.829934556061414],[93.948248763746022,24.829995385226201],[93.948249630620253,24.830109699493786],[93.948265829939785,24.830167281344696],[93.948307760602304,24.830262591482207],[93.948388138260668,24.830421869293474],[93.948495996281892,24.830535350777254],[93.948574593479336,24.830591567669767],[93.948678344403106,24.830640658272717],[93.948754941052428,24.830670326714667],[93.949681813779435,24.831029335414215],[93.949894383023434,24.831094900735422],[93.950057621283591,24.83113522948074],[93.950339582688343,24.831185781638602],[93.950551370398045,24.831232396046605],[93.95085524171256,24.831299277912304],[93.950931390102568,24.831316038117212],[93.950996257449233,24.831330315025085],[93.951011871965505,24.831478296806434],[93.951017711014856,24.83153364093954],[93.951018995605693,24.831551075335071],[93.951026152483564,24.831783803286942],[93.950994393445015,24.832149220768972],[93.950972948862542,24.832333041116961],[93.950966862776511,24.83237275720073],[93.950937096201258,24.832443966649368],[93.950902228093511,24.832473860485358],[93.950865714272155,24.832497704295509],[93.950805223517548,24.832526196692836],[93.950081064617549,24.832666602507043],[93.949670751925012,24.832678316911625],[93.949452772128055,24.832694921216149],[93.949094491653398,24.832705778784884],[93.949053223049233,24.832707029386302],[93.948472061569461,24.832749062304508],[93.948306765268981,24.832774142803085],[93.948238539121462,24.832784494907003],[93.948128116410118,24.832795763356206],[93.947954147773856,24.832799540430582],[93.947758977100278,24.832802084840004],[93.947623193151841,24.83280385557282],[93.946926822736856,24.832826924827796],[93.946719452941721,24.832846974376807],[93.946519967659839,24.832883949411841],[93.946412657610935,24.832924497692932],[93.94635024985152,24.832961287642277],[93.946321101317167,24.83299031066284],[93.94630408003917,24.833034165575331],[93.946287088405555,24.833107311683587],[93.94627824359327,24.833259934198594],[93.946272250033701,24.833450485234415],[93.946291232333976,24.833619121266477],[93.946360575087397,24.833854303302711],[93.946442661341422,24.834130930364129],[93.946515951292184,24.83456416833377],[93.94653102412434,24.834731380251927],[93.946557456153272,24.835591856041386],[93.946583148868697,24.836216216938897],[93.946606797916886,24.836406848208586],[93.946670386960889,24.836798332829453],[93.946701589043968,24.837117819539269],[93.946694159976573,24.837140914077633],[93.946679222790038,24.837162514302733],[93.946659690720821,24.837181101449954],[93.946609693187028,24.837197936674617],[93.946503042501561,24.837209993045189],[93.946399163118727,24.837209411789392],[93.946174426194219,24.837232606583346],[93.946143899644227,24.837236128356839],[93.946090841550301,24.837242248253251],[93.946057903023743,24.837243045543566],[93.946004785641009,24.837239126755566],[93.945792822759856,24.837215591198564],[93.945195344281231,24.837095071467797],[93.945153793606053,24.83721573060215],[93.945094073605986,24.837345064424277],[93.945068249736522,24.837400992081051],[93.945060537699803,24.837429467045478],[93.945048452664281,24.837492593089113],[93.94504322357102,24.837549178564402],[93.945040370521667,24.837603171605029],[93.94503505069855,24.837630069066929],[93.945026812249068,24.837658537456857],[93.945018398628136,24.83767407478247],[93.944983649098006,24.837723021543738],[93.944969967756208,24.837736061020951],[93.944945857872312,24.837754657864703],[93.944914687230266,24.837772256874203],[93.944905950215784,24.837776315863472],[93.9448794481183,24.837785186291285],[93.944830848363125,24.837795571400264],[93.944814230428676,24.837802934481971],[93.944800331694594,24.837815620144621],[93.944780175296245,24.837838260474484],[93.944768372331723,24.837857038281989],[93.944760039559142,24.837877349517587],[93.944750053886438,24.837923347544873],[93.944632759063168,24.838404071722636],[93.94459920698732,24.838480920635217],[93.944574600335059,24.838520600507636],[93.944342302290792,24.838828871938333],[93.944250580707035,24.838950589976104],[93.944208806351369,24.839014251654557],[93.944137892444502,24.839161493820804],[93.94371187450588,24.840180635057962],[93.943639952689267,24.840380105192835],[93.943591999721107,24.840522235222384],[93.94354767235339,24.840683108229058],[93.943540021402114,24.840714083479476],[93.943480652643302,24.840863399126455],[93.943407940309243,24.841010070082969],[93.943176081541168,24.841351865236142],[93.943055071285869,24.841491858332894],[93.942812439022561,24.841748891405878],[93.942626329655283,24.841979434215872],[93.942572656215361,24.842052987526433],[93.942463045581022,24.842171051960165],[93.942409929096584,24.842213320516318],[93.942312602025467,24.84226895658017],[93.94194006169397,24.842381608751978],[93.941821265785862,24.842432082135019],[93.941763548130538,24.842464085718625],[93.941696361333797,24.842509879874083],[93.941660135871643,24.842542212774511],[93.941618384872214,24.842593152380761],[93.941600124817413,24.842635794149626],[93.94159290326084,24.842664967342419],[93.941604529257248,24.842808826208724],[93.941609524788547,24.842838473800381],[93.941622330272935,24.842914478685746],[93.941603967810195,24.84306646712157],[93.941593001177239,24.843101830740761],[93.941564603634447,24.843147724928123],[93.941533455450298,24.843185771301755],[93.941476245343125,24.843240630056375],[93.941430698961582,24.843276900112137],[93.941370492972908,24.84331628416507],[93.941341925648572,24.843330473279341],[93.941312559721936,24.843343240709142],[93.941286614579894,24.843359726196489],[93.941274802632236,24.84337006681778],[93.941255260681544,24.84339446856109],[93.941211306114695,24.843463320677973],[93.941188561669989,24.843521929155727],[93.941156388508105,24.843604834964044],[93.94114995746898,24.84366061795048],[93.941148609996048,24.843713344791979],[93.94114260835164,24.843769630696958],[93.941135962615164,24.843815549092145],[93.941120987699378,24.843886009327946],[93.941087267638579,24.844044664747141],[93.941090852814852,24.844065818678946],[93.941093225265519,24.844073666419899],[93.941102228181308,24.844091293877362],[93.941116706328728,24.844103883519448],[93.941131294968955,24.844113714591032],[93.941141821427436,24.844122667712988],[93.941145543147684,24.844129467944128],[93.941145961762587,24.844132493891998],[93.941145987813741,24.844142708911019],[93.941145174838411,24.844146872849546],[93.941137278647048,24.844187345705528],[93.941068927633722,24.844441433648807],[93.941010352087289,24.84461461725164],[93.940995573902583,24.844668256684201],[93.940980603478351,24.844794670096643],[93.940885273362099,24.845271224879372],[93.940759466103174,24.845591464129964],[93.94075201188295,24.845604127799881],[93.94073344909593,24.845624763016982],[93.940722339630796,24.845632735380054],[93.940658178359939,24.845653909419671],[93.940632006842463,24.845662546144318],[93.940577578817695,24.845685149986451],[93.940547839191922,24.845702697327756],[93.940527557927751,24.845727214365141],[93.940511063960813,24.845747768044781],[93.940491299227944,24.845761495494493],[93.940467384278449,24.845763148657557],[93.94043061623384,24.845762151705667],[93.940381265487105,24.845760814013058],[93.94036557371571,24.845760388494739],[93.940359089675994,24.845795270394404],[93.940357756576091,24.845802439805141],[93.940316935332959,24.846033548941506],[93.940267629501975,24.846312689655019],[93.940167391889318,24.846714385465674],[93.940152763723219,24.846750614560303],[93.940137077341745,24.846836672067656],[93.940133078940391,24.846916516353868],[93.940136903068563,24.846954472716146],[93.940156736971701,24.84703080439844],[93.940222658042217,24.847188818330608],[93.940232794631896,24.847244961632171],[93.940232108319009,24.847297211708639],[93.940231356429109,24.84735445297974],[93.940228152138488,24.847598431363352],[93.940206334755189,24.847707989240988],[93.940093801002931,24.847971140995909],[93.939791517909796,24.848562902707567],[93.939771808872493,24.848603142616369],[93.93961668419594,24.848919854248077],[93.939551586880583,24.849117338455688],[93.939511126760181,24.849240081610059],[93.939550013930528,24.849256385349342],[93.939673645469796,24.849274665815585],[93.939929958176549,24.849352108740113],[93.939922315310113,24.849397827798541],[93.939910773755358,24.849442852336583],[93.939882382500812,24.849502960293524],[93.939858832267305,24.849549566173124],[93.939837804503156,24.849571240040902],[93.939822540329828,24.849581505149871],[93.939804192240146,24.849585578424406],[93.939652033800684,24.849557409490572],[93.939468773889487,24.849533430392231],[93.939179571165241,24.849460428490211],[93.939118176705435,24.849460846659465],[93.939060242556124,24.849490376091659],[93.938993998990469,24.849537497962331],[93.938918062602866,24.849580850589224],[93.938800777661058,24.84970773584147],[93.93846352764551,24.850020334704066],[93.938076279197873,24.850480368520881],[93.937885857018927,24.850664878150013],[93.937676510031849,24.850800379908314],[93.937502478513522,24.85087325956448],[93.93699576131965,24.85108085239321],[93.936606078437578,24.851211813403676],[93.936347693317472,24.851367246993295],[93.936135936150492,24.851473285056098],[93.936034889155749,24.851570213940438],[93.935919408031054,24.851609509764934],[93.935728863681192,24.851625227928224],[93.935522324827687,24.851574682488],[93.935191874160552,24.852251333820689]]]},"properties":{"objectid":9355,"id":"9339","name":"IMC Ward 26","code":"26","town":"Imphal","district":"Imphal East","state":"Manipur","st_area(shape)":4213661.5165706966,"st_perimeter(shape)":17013.608946644788}},{"type":"Feature","id":9356,"geometry":{"type":"Polygon","coordinates":[[[93.943938466451428,24.814822217817873],[93.939826672580153,24.815249162629446],[93.939415097754619,24.815302314962157],[93.939265080000482,24.815299148066124],[93.939188326145981,24.815270648444294],[93.939090639748713,24.815210482282659],[93.939052263719773,24.815159815160314],[93.938989465193231,24.815055315581997],[93.93897202080872,24.814979315610934],[93.938983583024765,24.814862426294155],[93.938988102448917,24.814015525218537],[93.938854742155129,24.811346245083417],[93.938742694391422,24.809924361233687],[93.93863078496824,24.808743482674096],[93.93858322366556,24.807316257305136],[93.938516602807454,24.803000032264208],[93.938534088514459,24.802865112618445],[93.938569059928454,24.802785748771861],[93.938630260352156,24.802706384059036],[93.938695831977981,24.802650828892947],[93.938778889310839,24.802607178504292],[93.938931890370057,24.802591305706034],[93.939355921235304,24.80257940090214],[93.940103439027595,24.80257940090214],[93.940571183711199,24.802587337710008],[93.941161330140474,24.802607178504292],[93.941817047297278,24.802630988105633],[93.942326583404522,24.80264082899302],[93.942908511147294,24.802663686138928],[93.943182687751758,24.802686543280615],[93.943325370761613,24.802709401233571],[93.943219058740979,24.802851620971978],[93.943140722054963,24.802968444963675],[93.943073576580744,24.803141141026686],[93.943048396803306,24.803257965561034],[93.943062385368904,24.803349392848876],[93.943093160752227,24.803438279949539],[93.943154710620561,24.803514469657674],[93.943261024437817,24.803572880947275],[93.943347754083547,24.80359319780473],[93.943412102203965,24.803616054775098],[93.943487640637898,24.803633832325154],[93.943557583465932,24.803654149172662],[93.943616335980437,24.803682085546058],[93.943655504323473,24.80370748179887],[93.943742233969203,24.803737957458459],[93.94381497415101,24.803755734991082],[93.943882119625258,24.803776051818605],[93.943971647523085,24.803798908755233],[93.944035994745207,24.803821765687641],[93.944114331431251,24.803857320726237],[93.944170285693659,24.803890335644162],[93.944245825025902,24.803943668168767],[93.944279397763012,24.803991921269038],[93.944318565207723,24.80403001555111],[93.944377317722257,24.804060491131438],[93.94442487902495,24.804088427413273],[93.944466845620084,24.804118902979251],[93.94451160867068,24.804154457932647],[93.944542384054017,24.804197631557948],[93.944589945356739,24.804250963134901],[93.944631911053534,24.804301756217733],[93.944707449487467,24.804375405294628],[93.944774594961714,24.804464291659663],[93.944841740435933,24.804540480737273],[93.944914481516065,24.804624288423941],[93.944973234030599,24.804700476587765],[93.94504317685859,24.804776665520215],[93.945101929373124,24.804863012322425],[93.945163479241458,24.804969675696373],[93.945208243190393,24.805045864463384],[93.945258601846902,24.805099195675439],[93.945320152613533,24.805190621605465],[93.945381702481853,24.805266810236677],[93.945474026835171,24.805365854653402],[93.945555160875003,24.805447121703462],[93.945678261509983,24.805566483325645],[93.945829338377834,24.805678225426842],[93.945986011749909,24.805772191001807],[93.946089527315038,24.805878853593534],[93.946209829697892,24.806033769214437],[93.94631894086892,24.806178525202931],[93.946405670514636,24.806328361143706],[93.946486804554496,24.806488354686746],[93.946514781685707,24.806628031666463],[93.946553950028715,24.806788024822719],[93.946581927159912,24.806965794844768],[93.946612702543234,24.807252766880669],[93.946637757454809,24.807471452450031],[93.946649072634145,24.807570212154324],[93.946651870886242,24.807821628084113],[93.946640679674431,24.808027332018032],[93.946598713977636,24.808197481011522],[93.946520377291577,24.808405724339725],[93.94643085029206,24.808664756982413],[93.946304952303308,24.808885696305545],[93.946184649920454,24.809053305746854],[93.946086729961237,24.8091371095671],[93.946008393275193,24.809185360645834],[93.94592446098325,24.809228532518993],[93.945776181469185,24.809279323562286],[93.945546767915317,24.809342811317872],[93.945339735886719,24.809388523134114],[93.945208243190393,24.809436774114978],[93.945065559282213,24.809507880145652],[93.944953649859073,24.809599302824072],[93.944864122859542,24.80968818625875],[93.944785786173526,24.809787227142728],[93.944713045093394,24.809891347107417],[93.94467947235627,24.809985309488681],[93.944662686436871,24.81007419183112],[93.944654292578861,24.810246877995148],[93.944637506659461,24.81045257790413],[93.944601136568551,24.810681133139383],[93.944561968225543,24.810836041943087],[93.944531192842206,24.810980793138778],[93.944520001630394,24.81120934658454],[93.944380521114539,24.81319409583331],[93.944369618261931,24.813669101526866],[93.944424130728336,24.813842280063206],[93.944516801831369,24.813961031036168],[93.944691241184799,24.814089678134835],[93.944849327606804,24.814178740993583],[93.945007413130526,24.814203480348116],[93.945241816825813,24.814203480348116],[93.94584690403488,24.813881864277072],[93.947618556048326,24.812659712659368],[93.947760287742284,24.812615180284453],[93.947902020334553,24.812615180284453],[93.948032850074227,24.81265476489029],[93.948218192280279,24.812733932433307],[93.948343570144459,24.812847736706978],[93.948534364225992,24.813095135948707],[93.94867609591995,24.81334748325358],[93.948877791955738,24.813777956402138],[93.949066985239412,24.814075382116815],[93.948915813150123,24.814120677975716],[93.948261801894063,24.814297491644101],[93.946719101700452,24.814549836500543],[93.943938466451428,24.814822217817873]]]},"properties":{"objectid":9356,"id":"9340","name":null,"code":"9001","town":"Imphal","district":"Imphal East","state":"Manipur","st_area(shape)":1138524.2213984099,"st_perimeter(shape)":5550.8630481946493}},{"type":"Feature","id":9361,"geometry":{"type":"Polygon","coordinates":[[[93.961282006079969,24.784188781600594],[93.961275185172013,24.784272032953901],[93.961285162759864,24.784380735842827],[93.961312878481323,24.784655847908738],[93.961311030646797,24.784761531219225],[93.96127777142172,24.784878957014207],[93.961205711264554,24.78497121994436],[93.960798191434236,24.785215303251711],[93.960186494421308,24.785516851660336],[93.960069773621498,24.785593458529462],[93.96002780702635,24.785631558462896],[93.959999829895153,24.785679818687967],[93.959999832590114,24.785748397859482],[93.959874542760801,24.785793171503972],[93.959537116675449,24.785922612012005],[93.958924047036774,24.786181492622958],[93.958422660445777,24.786479204739322],[93.958092362492195,24.786664735365449],[93.957947412134615,24.786731612739455],[93.957852362292698,24.786763972430457],[93.957785827672879,24.786779074106054],[93.957633748285161,24.786817906045638],[93.957511817256702,24.786861995867639],[93.957370727858176,24.786922670829288],[93.957263054889907,24.786959750093818],[93.957155381023313,24.787037278465526],[93.957055133529195,24.787124919671648],[93.956966024246285,24.78721256081581],[93.956917756867739,24.78727323560604],[93.956839786694331,24.787374360190473],[93.956479637723874,24.787896834401813],[93.956067508637844,24.788594586810721],[93.956019241259298,24.788675485623283],[93.955967261143712,24.788736158882507],[93.95592270650225,24.788793462284051],[93.955685082346662,24.789120426518224],[93.955358349806474,24.78951480483623],[93.955328686537484,24.789555094103381],[93.9551161424463,24.789401024815142],[93.955035661481674,24.789352235120717],[93.954992032104954,24.789330158440279],[93.954918175317246,24.789295420486194],[93.95482740774429,24.789264290475646],[93.954766813683449,24.789250268063391],[93.954685993155664,24.789234895113399],[93.954544635160858,24.789225459301761],[93.954477947827442,24.789229862408764],[93.954426156358053,24.789235741645111],[93.954377111038482,24.789249189918099],[93.954340279213497,24.789264290475646],[93.954276120637587,24.78929664950611],[93.954246417842739,24.789311750873434],[93.954198238499117,24.789330206557185],[93.954145427441844,24.789339795682459],[93.954059882673988,24.789341952786998],[93.953929189478231,24.789329008528114],[93.9538222585184,24.789305278742589],[93.953641663908613,24.789249189102581],[93.953425425945014,24.789167212518123],[93.953102257919866,24.789070134484611],[93.952893148088023,24.7890183597742],[93.95280759613361,24.788991952502379],[93.952744633215346,24.788959034745513],[93.952714930420498,24.788936383037228],[93.952344237025244,24.788653777448758],[93.952035325263665,24.788450991206993],[93.951878493788058,24.788334497700703],[93.951448393904769,24.78793108178661],[93.951339086901015,24.787853418592071],[93.951241661015175,24.787812429845488],[93.951134730055344,24.787793014032847],[93.950942255225911,24.787773598217168],[93.950926902119434,24.787773095837895],[93.950742396244877,24.787765154004216],[93.950570236815651,24.787755140670757],[93.950532628846261,24.787751725959108],[93.950462173978536,24.787748362627084],[93.950314927527046,24.787752025266276],[93.950226951019701,24.787760899275458],[93.950170891654395,24.787764968874164],[93.950093936577261,24.787764968874164],[93.950038694678881,24.787760543695271],[93.949960867337623,24.787746632027986],[93.949908589879627,24.787734766576659],[93.949785025714007,24.787693777790892],[93.949663837592283,24.787642001690553],[93.949622253679436,24.787622585851235],[93.949548641233491,24.787593241479779],[93.949483242982495,24.787572967672034],[93.949397698214639,24.787542765327839],[93.94935136221396,24.787529821696783],[93.949288045359467,24.787514260140991],[93.9491927152432,24.787499563884502],[93.949043012797731,24.787469552361795],[93.949024628775419,24.787465101890227],[93.948965223185709,24.787453237227552],[93.948847948125362,24.787424352787955],[93.948759853938711,24.787398444295452],[93.94872459686043,24.78739028794725],[93.948678842968064,24.787384928130891],[93.948656483002338,24.787384610065114],[93.948633653217712,24.787389487073902],[93.94861650976884,24.787397686646486],[93.948609975423452,24.787403618980605],[93.948590971563618,24.787427916754826],[93.948574716548549,24.787461971798542],[93.948547590121919,24.787528604892628],[93.9485174390677,24.78759625086645],[93.948487598830596,24.787652788176004],[93.948472153197599,24.787685148442328],[93.948445958323944,24.787733771604426],[93.948433511267353,24.787752605938543],[93.948404982570565,24.78778847223122],[93.948349776604786,24.787846946385145],[93.948245221688836,24.787946182504584],[93.948178687069017,24.787997957662423],[93.948107049120054,24.788054657898741],[93.948085327856461,24.788071809706938],[93.948050537003851,24.788099282281124],[93.948010468548915,24.788134482170548],[93.947981955123467,24.788163548312067],[93.947935794294295,24.788214904187608],[93.947865023219563,24.788304295541881],[93.947655914286045,24.788563171183394],[93.947038091661199,24.789236245649548],[93.946919514941996,24.789363615170824],[93.946730173436308,24.789584036765717],[93.946665943893507,24.789653407298104],[93.946598767876566,24.789718154506957],[93.94655347931149,24.789760882981383],[93.946461073211509,24.789852468647641],[93.946414562039351,24.789896705003397],[93.946372480459857,24.789930887408712],[93.946322647317771,24.78996808565806],[93.946053277598367,24.790175814008713],[93.945930763563283,24.790276053003605],[93.945236901244598,24.790862827743894],[93.944754524801624,24.791270548266656],[93.944671604911022,24.791354452183118],[93.944163200681018,24.791861167575732],[93.943827802093267,24.792207621217017],[93.943699919726058,24.792113625790311],[93.943402388720813,24.79189312958427],[93.943438571063808,24.791861700112847],[93.94346301961258,24.7918369620085],[93.943591095117583,24.791707372721319],[93.943614770216897,24.79167415557173],[93.943631905580958,24.791646035446561],[93.943656452046071,24.79159715692726],[93.943663862248869,24.791576398536002],[93.943671780898086,24.79153794812094],[93.943678738349973,24.791488470962697],[93.943680666134568,24.791399214833689],[93.943677492386655,24.791354441581273],[93.943666628161637,24.791295263649172],[93.943650547419736,24.791239065628162],[93.943612346562261,24.791140228489638],[93.943548414361828,24.791010753464239],[93.943472186920062,24.790881277488175],[93.943448827129401,24.790846676977562],[93.943408414619711,24.790795142774652],[93.943364654987306,24.790751691280267],[93.943345462481247,24.790732850877209],[93.943253342045509,24.790642417391993],[93.943211539842068,24.790600003201053],[93.943174655914817,24.790564286148093],[93.943135312400301,24.790533033310552],[93.94309596978411,24.790492851195765],[93.943071380199868,24.790459365410587],[93.943051708891772,24.790401324720719],[93.943039413650467,24.790345516119917],[93.943029577996441,24.79030979899369],[93.943012365377257,24.79026738387347],[93.942982858415135,24.790218272383548],[93.942963187107026,24.790171392993532],[93.942933679246593,24.790122281465614],[93.942904172284443,24.790082099217763],[93.942889418354213,24.790053078380218],[93.942850075738036,24.789995037500255],[93.942820567877561,24.789948158025894],[93.942795978293319,24.789894582161054],[93.942778766572474,24.789841005457568],[93.942766471331154,24.789774034341779],[93.942764012642243,24.789720458401739],[93.942764012642243,24.789691437479593],[93.942764012642243,24.789673578823589],[93.942761059879913,24.789644549735101],[93.942749258712013,24.789599911228791],[93.942735734575407,24.78956977462115],[93.94272604534676,24.789550719551809],[93.942709212714973,24.78952193754294],[93.942702070210146,24.789512210605594],[93.942671802374946,24.789478247465073],[93.94264539370225,24.789449109048515],[93.942601722104683,24.789387836715928],[93.942542708180426,24.789276218577321],[93.94235336936967,24.788818583485384],[93.942171407524043,24.78834531919447],[93.942050920088249,24.788008229505387],[93.942050920088249,24.787952419828045],[93.94206362046971,24.787910140098727],[93.94206567312014,24.787903307421704],[93.94206567312014,24.787872053913777],[93.942060755742304,24.787820708498479],[93.942033707469108,24.787755969270453],[93.941974692646482,24.787673371064699],[93.941829614728107,24.787322884896156],[93.941615687231405,24.786876404308128],[93.94150011717349,24.786655395594199],[93.941492740208361,24.786606282674441],[93.941433725385778,24.786447781236319],[93.941298484019754,24.786133010760249],[93.940968985566798,24.785632947369816],[93.940897676401221,24.785536952904135],[93.940838662476949,24.785456585425319],[93.940784565032203,24.785414169461525],[93.94070096152366,24.78526682835443],[93.940432936582255,24.784702020651686],[93.940194419501253,24.78425553063283],[93.939960820696484,24.783661696809986],[93.939894428908758,24.783476401473887],[93.939867380635562,24.783313431552436],[93.939857544981493,24.783208505498759],[93.939847709327481,24.783114741403843],[93.939835414086176,24.783045534409879],[93.939823119743195,24.782991955564466],[93.939830496708296,24.782916050937118],[93.939855086292582,24.782782102009197],[93.939921477181969,24.782532064221719],[93.940000163312646,24.78232444296486],[93.940133302620893,24.782153768304902],[93.940466494047996,24.782422325550414],[93.94061084612764,24.782490475077527],[93.940784068263881,24.782545519745963],[93.940937081899477,24.782576973598239],[93.941245994559381,24.782584837467844],[93.941889804547102,24.782618911783661],[93.942265119774476,24.782637259990199],[93.942611564046942,24.782676577683034],[93.943035958729894,24.782768317830374],[93.943181904420825,24.782795281839135],[93.943776748140721,24.782925347763936],[93.944230817770773,24.783041913226445],[93.944808167698795,24.783215986821006],[93.94540408400718,24.783396330347056],[93.946081134355325,24.783596994559709],[93.947035159560102,24.78387893963103],[93.947826916685216,24.784132944106869],[93.948232586884401,24.784226926006323],[93.949126111453097,24.784407585321034],[93.949628827550697,24.784554431580677],[93.950363231736503,24.784812402423043],[93.950935891560448,24.784990998311226],[93.951871381825981,24.785193406075649],[93.952715071455998,24.785383907055465],[93.953112873311568,24.785447407860794],[93.953523789671991,24.785479157843483],[93.953851648699541,24.785502969917388],[93.954319393383145,24.78547518929998],[93.954979482640439,24.785415657054404],[93.95541435437454,24.785357237213184],[93.955931933996823,24.785291196685836],[93.956911138979052,24.785136255969348],[93.957954691183375,24.784955914156384],[93.959258432324887,24.784689211293525],[93.9598795275123,24.784534269825347],[93.960553780506672,24.784229465703994],[93.961131902985869,24.784042416913252],[93.961225011568473,24.784021283724403],[93.961310956984931,24.784029411748921],[93.961330759447037,24.784033407252615],[93.96130957627436,24.784086233688264],[93.961285125030628,24.784172498657966],[93.961282006079969,24.784188781600594]]]},"properties":{"objectid":9361,"id":"9345","name":"IMC Ward 18","code":"18","town":"Imphal","district":"Imphal East","state":"Manipur","st_area(shape)":1144098.1310243965,"st_perimeter(shape)":6468.9744212739706}},{"type":"Feature","id":9362,"geometry":{"type":"Polygon","coordinates":[[[93.919924293542906,24.804483774175022],[93.919828483726278,24.804528501915446],[93.919691612816322,24.804593109257322],[93.919565690573052,24.804687534747288],[93.91937407093981,24.804831657896553],[93.918747199585084,24.805373360733189],[93.918366858283676,24.805741729704636],[93.918078950930067,24.806108223722863],[93.917946232931698,24.806183518894599],[93.917846694208308,24.806205031559426],[93.917578889354118,24.806237301365126],[93.917285013593755,24.806273872551085],[93.916559685985604,24.806368445168815],[93.916630820877984,24.805927376663803],[93.916665636883451,24.805725905418207],[93.916764072475672,24.805133932464781],[93.91689327087478,24.80443584825812],[93.917013239982651,24.80379919171477],[93.917099371350417,24.803316112766137],[93.917173198493714,24.802961481013135],[93.917283939208687,24.8022214986952],[93.917354690520455,24.801794261108455],[93.917391604092117,24.801397738845473],[93.917422366000679,24.801112912602562],[93.917440822786517,24.800258429132651],[93.91747773635818,24.799429071874357],[93.918156084771937,24.799745848107023],[93.918512424885591,24.799933500316961],[93.918551798942815,24.799928138596211],[93.918673860226988,24.79980661136139],[93.919022324810527,24.799418795268867],[93.919313696067874,24.799093529907708],[93.919677909914995,24.798687839548293],[93.919835407940468,24.798532354513917],[93.92002046897386,24.798342912648696],[93.920168123260481,24.798216022065521],[93.920616992543316,24.797851434154502],[93.920894582745902,24.797604801219638],[93.920970823662373,24.797517991059262],[93.921333323523925,24.797505963445257],[93.921801798537857,24.797503949192865],[93.922265182799052,24.797459513309324],[93.922447926179004,24.797432851771532],[93.922516454160444,24.797447664281314],[93.922549087259767,24.797480250328793],[93.922562139780865,24.797631331427226],[93.922571799365116,24.797824478310989],[93.92261565781223,24.7981657435055],[93.922628188412119,24.79821503777859],[93.92265951625933,24.798258643230955],[93.922699197540382,24.798317416623831],[93.922759763753476,24.79834775171453],[93.922809887949697,24.798362918849367],[93.922862099830624,24.798376189988883],[93.923020825853143,24.798400837086046],[93.923158666045282,24.798425483362841],[93.923233851441282,24.798452026442515],[93.923329922667676,24.798497528618665],[93.92342181582967,24.798560093064214],[93.923494913540978,24.798586636115086],[93.923632753733102,24.798635929405396],[93.923804010355497,24.798683327502829],[93.924052540956964,24.798740204706558],[93.924315690741324,24.798781913986989],[93.924499477963636,24.798785705961464],[93.924885849655524,24.798776226840534],[93.925238803120564,24.798740204706558],[93.92569249455984,24.798935693545261],[93.925802867863865,24.7989706824129],[93.925850170451781,24.798983405486801],[93.92588871356736,24.79898499566707],[93.925922000640213,24.798973862773757],[93.925929008397745,24.798957957706762],[93.926018153613256,24.79915450958282],[93.926081285414824,24.79946622079316],[93.926139798079149,24.799759759244047],[93.92624604452277,24.800085446901928],[93.926370768413435,24.800395758060343],[93.926557084393266,24.800775957098235],[93.926780356165551,24.801122609273484],[93.92685426685216,24.80127916094607],[93.926912779516542,24.801444099436473],[93.926943575561097,24.80159505991022],[93.926957433870996,24.801762793373186],[93.926949734410698,24.801959880636108],[93.926909699193416,24.802264595525344],[93.926858885989375,24.802488238884504],[93.926720303788812,24.802977458141715],[93.926609438208033,24.803336683270185],[93.926477014857042,24.803691714334004],[93.926426201652987,24.803800739430134],[93.926409263019977,24.803853854269448],[93.926420041905089,24.803930730326485],[93.926452377662045,24.803999220309233],[93.926507810901597,24.804067710254103],[93.926590959862637,24.804123620318606],[93.926788054727538,24.804203292361549],[93.927068986662988,24.804339652252253],[93.92695674935473,24.804319771778541],[93.926789766018146,24.804319771778541],[93.92666931900655,24.804352075508078],[93.926557084393266,24.80437692446235],[93.926436637381627,24.804451470479812],[93.926349039963341,24.804523532620323],[93.926299766471715,24.804612988056324],[93.926261442545041,24.804694989495466],[93.926209430988436,24.804757111292254],[93.926132783135117,24.804784445623184],[93.926031498086815,24.804784445623184],[93.92590283867689,24.804759596750589],[93.925752280136962,24.804692504851264],[93.925541498540397,24.804612988056324],[93.92534166561046,24.804516077861841],[93.925191107070532,24.804483774175022],[93.9250104370023,24.804483774175022],[93.924799655405678,24.804471350116962],[93.924613510105772,24.804453955944268],[93.924465688732525,24.80442910700544],[93.924342504554247,24.804406742711631],[93.92425490713596,24.804366984228874],[93.924060549437712,24.804287468040581],[93.923753957126181,24.804198012369703],[93.923428202851326,24.80412595004],[93.923162672531447,24.804106071162899],[93.923061387483173,24.804120980728747],[93.922962840499864,24.804163223129759],[93.922850605886566,24.804222860539411],[93.922653511021664,24.804339650621344],[93.922344181543465,24.80442910700544],[93.922018427268611,24.804523532620323],[93.921739209318773,24.80459559390351],[93.921457254202224,24.804625412915641],[93.92113149992737,24.804642807064255],[93.920896081135794,24.80465026181513],[93.920688036705869,24.804635352312946],[93.920518316202632,24.804600564011189],[93.920362282431014,24.804545896077649],[93.920208986724433,24.804486258823424],[93.920066640582831,24.804463895355337],[93.919924293542906,24.804483774175022]]]},"properties":{"objectid":9362,"id":"9346","name":"IMC Ward 7","code":"7","town":"Imphal","district":"Imphal West","state":"Manipur","st_area(shape)":793362.49650960707,"st_perimeter(shape)":4099.9381035159995}},{"type":"Feature","id":9364,"geometry":{"type":"Polygon","coordinates":[[[93.925238803120564,24.798740204706558],[93.924885849655524,24.798776226840534],[93.924499477963636,24.798785705961464],[93.924315690741324,24.798781913986989],[93.924052540956964,24.798740204706558],[93.923804010355497,24.798683327502829],[93.923632753733102,24.798635929405396],[93.923494913540978,24.798586636115086],[93.92342181582967,24.798560093064214],[93.923329922667676,24.798497528618665],[93.923233851441282,24.798452026442515],[93.923158666045282,24.798425483362841],[93.923020825853143,24.798400837086046],[93.922862099830624,24.798376189988883],[93.922809887949697,24.798362918849367],[93.922759763753476,24.79834775171453],[93.922699197540382,24.798317416623831],[93.92265951625933,24.798258643230955],[93.922628188412119,24.79821503777859],[93.92261565781223,24.7981657435055],[93.922571799365116,24.797824478310989],[93.922562139780865,24.797631331427226],[93.922549087259767,24.797480250328793],[93.922516454160444,24.797447664281314],[93.922447926179004,24.797432851771532],[93.922265182799052,24.797459513309324],[93.921801798537857,24.797503949192865],[93.921333323523925,24.797505963445257],[93.920970823662373,24.797517991059262],[93.921010737607105,24.797472548054291],[93.92109342393573,24.797317061496162],[93.921195797742143,24.797018598227627],[93.921313921710421,24.796611114335807],[93.921398577146149,24.796334096059791],[93.92143992031049,24.796032055289139],[93.92143992031049,24.795776482507598],[93.921363139506525,24.795376143214774],[93.92128635960087,24.795025845171576],[93.9212135161128,24.794754185299361],[93.921128861575355,24.79451648170955],[93.921054049878521,24.79432345933968],[93.920922144855453,24.79407503179246],[93.920847333158576,24.793971371540884],[93.920435869724159,24.793510259296447],[93.920258684220897,24.793256468111274],[93.92002046897386,24.792913313719151],[93.919731065925276,24.792536199336418],[93.919229040632146,24.791849884802076],[93.918931762951786,24.791522811957019],[93.918449425136387,24.790831129701786],[93.918453362452269,24.79063988842751],[93.918512424885591,24.790168040329064],[93.918555736258682,24.78996071320929],[93.918553768049918,24.789683679264808],[93.918549830733994,24.789615762039237],[93.91853408057213,24.78953890728307],[93.918486830984833,24.789474563672776],[93.918388394494315,24.789403071005161],[93.918375845928097,24.789384717274764],[93.918348154461128,24.789316438601048],[93.918332255178953,24.789090380319276],[93.918322058402168,24.78892373640932],[93.918322058402168,24.788849672830555],[93.918337477085672,24.788751557176205],[93.918356049754195,24.788707716766787],[93.918390042004532,24.788664512466944],[93.9184920187556,24.788642910311374],[93.918604192283425,24.788642910311374],[93.918668777559105,24.788667598488846],[93.918767354186798,24.788716974829089],[93.918855734037692,24.788760178295131],[93.918920318415047,24.788806468580127],[93.919029093616189,24.788843500795714],[93.919114073343749,24.788858930882288],[93.919185457069503,24.788858930882288],[93.919243243895082,24.788840414778161],[93.919270436797049,24.788800296543137],[93.919316391013723,24.788585696550303],[93.919360945655171,24.788452214526451],[93.919440403438699,24.788125632654577],[93.919503402289592,24.787914011513919],[93.919532381940655,24.787772168556643],[93.919563881366074,24.787638332523706],[93.919592861017122,24.787568554719613],[93.91962436134088,24.787498776876269],[93.919652080655609,24.787441581345288],[93.919668460536499,24.787384386603492],[93.919674760421614,24.787338629975526],[93.919677172398153,24.787261733846588],[93.919658715612314,24.787105341455927],[93.919609496917886,24.786932191633905],[93.919554126560413,24.786784176232452],[93.919932081038112,24.786478817348677],[93.921127839292566,24.787407727737577],[93.923278909139313,24.78925330269168],[93.924017600983987,24.790031226096911],[93.926292770392251,24.791930411244124],[93.928045671870777,24.793484388773035],[93.927985273642662,24.79353625540346],[93.927930219492154,24.793608354876827],[93.927907376232795,24.793652792140232],[93.927887796552852,24.793715004282216],[93.927884695568522,24.793750190345541],[93.927883841270685,24.793829983225095],[93.927889849203297,24.793925581460009],[93.927906022471674,24.794172354639421],[93.9279176727226,24.794350119099391],[93.927963117594487,24.794926493205519],[93.927402482618916,24.794936959380145],[93.926943015012355,24.794940750656693],[93.926479369341394,24.794927479149546],[93.926141033262695,24.794917999733716],[93.92593218394228,24.794914207640961],[93.92568365334084,24.794916103687349],[93.925489424101684,24.794931271241879],[93.925326520913103,24.794959710299626],[93.925278486198238,24.794965398436606],[93.925257601266182,24.794976773894248],[93.925251335517061,24.795010901891988],[93.925274309032162,24.795204289352377],[93.925316078896245,24.795454556037367],[93.9253369638283,24.795678278549676],[93.9253369638283,24.795871665784933],[93.925334875245241,24.796082116161237],[93.925322866566546,24.796253817125187],[93.925293105381172,24.796512495137158],[93.925255512683179,24.796848075891674],[93.925222096252909,24.797024397992296],[93.925184503554874,24.797145737129263],[93.925138556524743,24.797250013683421],[93.925006982081698,24.797473732956885],[93.924725035049988,24.798061468536797],[93.924662380253864,24.798190390644493],[93.924637319054085,24.798266227211787],[93.924643583904881,24.798330687768203],[93.924683265185919,24.798383773962513],[93.92479813276131,24.798465297572488],[93.925015335515539,24.798609387180541],[93.925238803120564,24.798740204706558]]]},"properties":{"objectid":9364,"id":"9348","name":"IMC Ward 10","code":"10","town":"Imphal","district":"Imphal West","state":"Manipur","st_area(shape)":775535.93499195273,"st_perimeter(shape)":4439.0457920424806}},{"type":"Feature","id":9365,"geometry":{"type":"Polygon","coordinates":[[[93.934955406136694,24.802919594554776],[93.934848682687715,24.803865948134213],[93.934773225102148,24.804585160346235],[93.934731583697157,24.804757621757108],[93.934705557706749,24.804816683996521],[93.934669121140516,24.804918271308683],[93.934627479735497,24.804986782762654],[93.934565017178855,24.805090732256122],[93.934523375773878,24.805175781480365],[93.934503849992865,24.805261059783714],[93.934502555520538,24.805303354799587],[93.934512965198039,24.805475815211359],[93.934484336788245,24.806751543485333],[93.934484332296663,24.807412432246519],[93.932958387479744,24.807422501887832],[93.932965386254125,24.807069917994944],[93.932970188647644,24.807037389101144],[93.932584903018906,24.806859302796763],[93.931725350937597,24.806491546270738],[93.930737138548054,24.806061667541769],[93.930143116786667,24.805775908558175],[93.929546356960245,24.80554233180581],[93.929188747527121,24.805389336735523],[93.928054458292593,24.804901234360635],[93.92767669335943,24.804694989495466],[93.927329039954557,24.804466380004094],[93.927175743349636,24.804394318645823],[93.927068986662988,24.804339652252253],[93.926788054727538,24.804203292361549],[93.926590959862637,24.804123620318606],[93.926507810901597,24.804067710254103],[93.926452377662045,24.803999220309233],[93.926420041905089,24.803930730326485],[93.926409263019977,24.803853854269448],[93.926426201652987,24.803800739430134],[93.926477014857042,24.803691714334004],[93.926609438208033,24.803336683270185],[93.926720303788812,24.802977458141715],[93.926858885989375,24.802488238884504],[93.926909699193416,24.802264595525344],[93.926949734410698,24.801959880636108],[93.926957433870996,24.801762793373186],[93.926943575561097,24.80159505991022],[93.926912779516542,24.801444099436473],[93.92685426685216,24.80127916094607],[93.926780356165551,24.801122609273484],[93.926557084393266,24.800775957098235],[93.926370768413435,24.800395758060343],[93.92624604452277,24.800085446901928],[93.926139798079149,24.799759759244047],[93.926081285414824,24.79946622079316],[93.926018153613256,24.79915450958282],[93.925929008397745,24.798957957706762],[93.92592725668294,24.798916608926593],[93.925881705809843,24.798722579764846],[93.92582872676762,24.798535230711959],[93.925823120381935,24.798501641085551],[93.925826484572696,24.798471105424312],[93.925844424827233,24.798434462620904],[93.925865728374205,24.79840799782361],[93.925894880501772,24.798391712669911],[93.925920669336975,24.798378479859682],[93.926168369895109,24.798323587371819],[93.926718592498176,24.798172001517642],[93.926952767123097,24.798089260198811],[93.927132008870046,24.79804798207601],[93.927184060850877,24.798057431895216],[93.92721789499771,24.798069244983669],[93.927238715251079,24.798090508703183],[93.927256933983344,24.798128310409133],[93.927288391187972,24.798772874408666],[93.927312899025551,24.798991768203852],[93.927342274833663,24.799167571875817],[93.927388749174867,24.799356616976027],[93.927561436813534,24.799777402794177],[93.927836693192972,24.800290295198309],[93.9279039087358,24.800374569759157],[93.927936210356805,24.800405847842757],[93.927998672913446,24.800446011252131],[93.92806743535516,24.800467632554234],[93.928162636114052,24.800490900280774],[93.928219893831951,24.800500349913786],[93.928318792056501,24.800507437953581],[93.928545217813763,24.800547601330017],[93.929261611676424,24.80076950758318],[93.929150852995164,24.801232207452347],[93.929028216789206,24.801666377565599],[93.928970402115851,24.801849269485896],[93.928954634885969,24.801912884180894],[93.928951130558048,24.801947872208483],[93.928970402115851,24.801971727602037],[93.928994929716367,24.801981269268893],[93.929525772065531,24.802071919552432],[93.929560810853175,24.802065558174096],[93.929602857398365,24.802054426372834],[93.929622128956169,24.80203375127758],[93.929632641041593,24.802013076994314],[93.929639648799153,24.801981269268893],[93.92964665655667,24.801933558480879],[93.929727027028534,24.801335382958907],[93.929727027028534,24.801305563970946],[93.929740714658493,24.80128568382619],[93.92976535185349,24.801253379297698],[93.929779038585139,24.801240954915897],[93.929803675780136,24.801235984673568],[93.929836524475135,24.801231015246476],[93.929883060800094,24.80122853053285],[93.929946021921722,24.80122853053285],[93.930238926603295,24.801243439629282],[93.930345685984904,24.801263319780794],[93.930540043683152,24.801337867670359],[93.930964344941287,24.801442236108322],[93.931218926594482,24.801484480237509],[93.931353060337784,24.801494419886637],[93.931547418036018,24.801481994713502],[93.932119540667443,24.801407446910602],[93.932177026557397,24.801397506439045],[93.93222903721572,24.801372656887644],[93.932275573540707,24.801337867670359],[93.932311160300699,24.801290654066538],[93.932335797495654,24.801233499960027],[93.932344009893981,24.801191255745334],[93.932368646190653,24.801153981762067],[93.932396020552304,24.801119192483462],[93.932442556877305,24.801094342876283],[93.932543841925565,24.801057068048404],[93.932732724392139,24.801004884086048],[93.932820322708778,24.80098997414548],[93.932877808598761,24.800982519990004],[93.93311596455699,24.801012339055656],[93.933523841916795,24.801104282556647],[93.933846858126671,24.801193740459688],[93.934436229309853,24.801382839553174],[93.935137767732641,24.801607926235743],[93.935119370235654,24.801693440214567],[93.934955406136694,24.802919594554776]]]},"properties":{"objectid":9365,"id":"9349","name":"IMC Ward 8","code":"8","town":"Imphal","district":"Imphal West","state":"Manipur","st_area(shape)":584798.35585520812,"st_perimeter(shape)":4054.0794022011369}},{"type":"Feature","id":9366,"geometry":{"type":"Polygon","coordinates":[[[93.927146613679923,24.807476840753477],[93.923540993521783,24.80751845332146],[93.921115802766082,24.807583971560636],[93.916669328060962,24.80760170695525],[93.916590223315353,24.807605810965981],[93.916684055041713,24.808208573121206],[93.9167105203083,24.808337424337122],[93.916809163411344,24.809029723247853],[93.917016075065689,24.809986268404582],[93.917150682221134,24.810604549105086],[93.917251724724281,24.811378268116549],[93.916793144653198,24.811197852752812],[93.916699127873883,24.811160863905585],[93.916638660475485,24.81114028246898],[93.916519489969872,24.811111502209393],[93.916359252082756,24.811089126074837],[93.916210084134889,24.811091309709155],[93.915909340754183,24.811095677793109],[93.915423340507374,24.81108694162506],[93.915019141748658,24.811052000208345],[93.914634191191524,24.811030161410194],[93.914290140929282,24.811023609688487],[93.91403866654862,24.811022439592531],[93.914027716085343,24.811022388222451],[93.913913444092969,24.811021856583018],[93.913814333866,24.811021523085294],[93.913760688273868,24.81102134288237],[93.91373496950726,24.810736157958448],[93.913584597816936,24.809753411435597],[93.913400392878017,24.808460132900052],[93.913348647222719,24.808047050444497],[93.913265931249683,24.807658763537262],[93.913377248683034,24.807633042741248],[93.913534132260892,24.807552066598575],[93.913823288272766,24.807471090403002],[93.914192424887617,24.807418037454699],[93.914644616140407,24.80738453014607],[93.914709214890777,24.807376153317495],[93.914743052630911,24.807395698978148],[93.914829183998663,24.807398491797581],[93.91493069721902,24.807390114969959],[93.915087579898582,24.807381738141764],[93.915192168052144,24.807381738141764],[93.915309902151606,24.807203536542037],[93.915512412959373,24.806940930100936],[93.915911649424473,24.806699331749012],[93.916305099840784,24.806494497303515],[93.916559685985604,24.806368445168815],[93.917285013593755,24.806273872551085],[93.917578889354118,24.806237301365126],[93.917846694208308,24.806205031559426],[93.917946232931698,24.806183518894599],[93.918078950930067,24.806108223722863],[93.918366858283676,24.805741729704636],[93.918747199585084,24.805373360733189],[93.91937407093981,24.804831657896553],[93.919565690573052,24.804687534747288],[93.919691612816322,24.804593109257322],[93.919828483726278,24.804528501915446],[93.919924293542906,24.804483774175022],[93.920066640582831,24.804463895355337],[93.920208986724433,24.804486258823424],[93.920362282431014,24.804545896077649],[93.920518316202632,24.804600564011189],[93.920688036705869,24.804635352312946],[93.920896081135794,24.80465026181513],[93.92113149992737,24.804642807064255],[93.921457254202224,24.804625412915641],[93.921739209318773,24.80459559390351],[93.922018427268611,24.804523532620323],[93.922344181543465,24.80442910700544],[93.922653511021664,24.804339650621344],[93.922850605886566,24.804222860539411],[93.922962840499864,24.804163223129759],[93.923061387483173,24.804120980728747],[93.923162672531447,24.804106071162899],[93.923428202851326,24.80412595004],[93.923753957126181,24.804198012369703],[93.924060549437712,24.804287468040581],[93.92425490713596,24.804366984228874],[93.924342504554247,24.804406742711631],[93.924465688732525,24.80442910700544],[93.924613510105772,24.804453955944268],[93.924799655405678,24.804471350116962],[93.9250104370023,24.804483774175022],[93.925191107070532,24.804483774175022],[93.92534166561046,24.804516077861841],[93.925541498540397,24.804612988056324],[93.925752280136962,24.804692504851264],[93.92590283867689,24.804759596750589],[93.926031498086815,24.804784445623184],[93.926132783135117,24.804784445623184],[93.926209430988436,24.804757111292254],[93.926261442545041,24.804694989495466],[93.926299766471715,24.804612988056324],[93.926349039963341,24.804523532620323],[93.926436637381627,24.804451470479812],[93.926557084393266,24.80437692446235],[93.92666931900655,24.804352075508078],[93.926789766018146,24.804319771778541],[93.92695674935473,24.804319771778541],[93.927068986662988,24.804339652252253],[93.927175743349636,24.804394318645823],[93.927329039954557,24.804466380004094],[93.92767669335943,24.804694989495466],[93.928054458292593,24.804901234360635],[93.929188747527121,24.805389336735523],[93.929546356960245,24.80554233180581],[93.930143116786667,24.805775908558175],[93.930737138548054,24.806061667541769],[93.931725350937597,24.806491546270738],[93.932584903018906,24.806859302796763],[93.932970188647644,24.807037389101144],[93.932965386254125,24.807069917994944],[93.932958387479744,24.807422501887832],[93.932812417534279,24.807423172979767],[93.931390536254781,24.807460920468838],[93.930809916459097,24.807486559758441],[93.929084538462561,24.807531201611663],[93.928211688620138,24.807518737903383],[93.927168219959157,24.807476592050016],[93.927146613679923,24.807476840753477]]]},"properties":{"objectid":9366,"id":"9350","name":"IMC Ward 6","code":"6","town":"Imphal","district":"Imphal West","state":"Manipur","st_area(shape)":709048.11214152863,"st_perimeter(shape)":5621.7484196286805}},{"type":"Feature","id":9369,"geometry":{"type":"Polygon","coordinates":[[[93.882797197734732,24.821398956696562],[93.882966609217505,24.821271134148134],[93.883124060530633,24.821117587763233],[93.883272230450217,24.820923775172567],[93.88340413457496,24.820737941136926],[93.883610851294904,24.820519943476508],[93.883758505581511,24.820319814352882],[93.883914034499909,24.820055356350323],[93.884024282938086,24.81984450557324],[93.884203437548464,24.819467473109711],[93.88431762330255,24.819228030486656],[93.884404247845382,24.819022538381226],[93.884455434748602,24.818881373502915],[93.884473153119288,24.818770586662133],[93.884475121328052,24.818677668064218],[93.884481027751036,24.818599044079043],[93.884461340273276,24.818445371264588],[93.884443621902633,24.818316714011846],[93.884445591009737,24.818205926666142],[93.884435747270842,24.818012940363953],[93.88444165279553,24.817832462908587],[93.884451496534382,24.817694871186163],[93.884477090435155,24.817582296026924],[93.884524340022452,24.817491162981327],[93.884573557818555,24.817405391649114],[93.884622775614659,24.817349997173544],[93.884675931624983,24.817294602673186],[93.884768461692502,24.817240995410526],[93.884807836648051,24.81722669975608],[93.884933834349809,24.817203470231352],[93.885042114579207,24.817180239886927],[93.885109051644264,24.817151649377692],[93.885187800657008,24.817123058861881],[93.885286236249229,24.817071237974602],[93.88539648558573,24.817015843349605],[93.885522484185785,24.816912202279003],[93.885697700581986,24.816746018116483],[93.885729200007404,24.816690623346084],[93.885770543171716,24.81657804727439],[93.885807949020148,24.816494061767962],[93.885821730074923,24.816410076204601],[93.885813855443132,24.816086641890234],[93.885788261542402,24.815852552950275],[93.885786293333595,24.815648842531886],[93.885796137072489,24.815509461097186],[93.885823699182026,24.815389735611237],[93.885859135923369,24.815280732123785],[93.885884728925802,24.815212828103064],[93.885931978513128,24.815127055193692],[93.885965447045663,24.815060937567296],[93.885991040946436,24.815009116632968],[93.886034352319527,24.814901899291517],[93.886050102481391,24.814823273725732],[93.886052070690198,24.814703547576816],[93.88604025874254,24.814623134584988],[93.886018603055987,24.814512343936709],[93.885981197207542,24.814376535015882],[93.885961509729782,24.814262169536367],[93.885951665990888,24.814172821355605],[93.885951665990888,24.814092408019359],[93.88596938436153,24.814015569248955],[93.885985134523423,24.813935155810686],[93.886069789959194,24.81364209286135],[93.886089476538601,24.813538448968909],[93.886111133123507,24.813443739130104],[93.886130819702956,24.8133436688938],[93.886158382710803,24.813234663606512],[93.886172163765565,24.813122084395026],[93.886168225551359,24.813050605361035],[93.88616035091961,24.812966617463783],[93.886144600757731,24.812855824519147],[93.886120976862358,24.812753966480919],[93.886097352068731,24.81264138683277],[93.8860599462203,24.812496640838148],[93.886006790209976,24.812360830523652],[93.885953635097991,24.812210723011802],[93.885920166565427,24.812080272764014],[93.885878823401114,24.811953396241055],[93.885847323975696,24.811885490397035],[93.885809918127265,24.811822945722401],[93.885766605855835,24.811772909959945],[93.885727230900287,24.81172644804596],[93.885683919527196,24.811685347327032],[93.885624857093916,24.811642459251321],[93.885559889135919,24.811599571160734],[93.885498859392158,24.811554896526275],[93.885445703381833,24.811503073310369],[93.885406329324638,24.811447676196249],[93.885361047946105,24.811361900680833],[93.885329548520644,24.81128505940201],[93.885303955518211,24.811195709074795],[93.885294111779316,24.811099210909987],[93.885294111779316,24.810979481163141],[93.885327580311881,24.810825798899067],[93.88534726689133,24.81071679139713],[93.88534332957542,24.81063637581838],[93.885341361366642,24.8105720431547],[93.885329548520644,24.810493414841833],[93.885311830149988,24.810427295558622],[93.885292142672213,24.810371897963648],[93.885260643246781,24.81031650034387],[93.885237018453125,24.810253954877428],[93.885227174714259,24.810169965084921],[93.885225206505453,24.810094910432632],[93.885189768865814,24.810034151405397],[93.88516417586338,24.809964457142414],[93.885190438110698,24.80989319318504],[93.885305793471261,24.809771033178368],[93.885925826850041,24.809404553251348],[93.887031312503311,24.808675952607764],[93.887944539821149,24.808191670353683],[93.888300217876406,24.807995339920403],[93.888631863302891,24.807886267141896],[93.88881931565156,24.807847000657187],[93.888891412639637,24.807833911554379],[93.8889394769989,24.807803371668182],[93.888944282985676,24.807746653551803],[93.8889394769989,24.807659394672346],[93.888867380010865,24.807441248428145],[93.888829697481313,24.80727842333723],[93.888866611052947,24.807208616627239],[93.888958894982096,24.807149978732138],[93.889051178911217,24.807077379123239],[93.889158843794675,24.807015949153492],[93.889343411652959,24.806954518337911],[93.889491065939566,24.806890295476471],[93.889691014752145,24.806859580856781],[93.889900191957608,24.806820488547935],[93.890097064938658,24.80680931966404],[93.890215926423764,24.806812111681243],[93.890462017200932,24.806838917978816],[93.890538797106572,24.806838917978816],[93.890692357816164,24.806851427419272],[93.890778982359038,24.806851427419272],[93.890903011851989,24.806876446296421],[93.890985698180614,24.806881806901295],[93.891082165564072,24.806896103749096],[93.891170758315681,24.806924696624318],[93.891239663589573,24.806942567473808],[93.89135581845072,24.806967586332547],[93.891422755515819,24.806967586332547],[93.891509379160354,24.806971160338318],[93.891625534021557,24.806971160338318],[93.891737751566836,24.806971160338318],[93.891844062689131,24.806978308349567],[93.891903124224129,24.806987243770752],[93.891977935920963,24.80701405003045],[93.892015341769408,24.807026559453249],[93.892111809152823,24.807055152298386],[93.89217283979491,24.807058726301623],[93.892227964013998,24.807058726301623],[93.892294901079083,24.807064087714039],[93.892353962614067,24.807083745136953],[93.892414993256153,24.807106977374012],[93.892446492681586,24.807123060788829],[93.89247602389824,24.807157015020081],[93.892550835595102,24.807189181834641],[93.89267289687929,24.807242794260894],[93.892871738069104,24.807316063234637],[93.893037110726397,24.807360740212388],[93.893237921023328,24.807408990351778],[93.893385575309949,24.807430435123951],[93.893464324322707,24.807450092488775],[93.893541104228348,24.807459027875971],[93.893745851841146,24.807460815279498],[93.894208503077081,24.80744651849681],[93.894358125572495,24.807439370512569],[93.894726277633836,24.80734823082333],[93.894956618249083,24.807266025652762],[93.895192865287356,24.80719633064875],[93.895372019897707,24.807155227612164],[93.895576767510519,24.807112338784339],[93.895681109525711,24.80710340337216],[93.895787420648006,24.807099829370205],[93.89587404519088,24.807110551375789],[93.895988230944937,24.807155227612164],[93.896161479132331,24.807199904647916],[93.896324882682507,24.807221349456281],[93.896470568760364,24.807235645449495],[93.896574911673852,24.807248154849916],[93.896675316373162,24.807274961053189],[93.896704847589817,24.807285683859064],[93.897173404350426,24.807324998631451],[93.89748643129434,24.80732142463588],[93.897708897277823,24.807316063234637],[93.897872301726309,24.807296405848565],[93.898016018697049,24.807262451655465],[93.898128236242329,24.807194543241419],[93.898197141516192,24.807133783607807],[93.89825620305119,24.807080171134402],[93.898331014748067,24.807024772043452],[93.898435357661555,24.806960438320672],[93.898545606099759,24.806905039176186],[93.898667667383933,24.806813899094109],[93.898884226944418,24.806685229765414],[93.898984631643728,24.806619108450807],[93.899130317721571,24.806565496570219],[93.899246472582732,24.806535116195292],[93.899465001250348,24.806501161793662],[93.899653998701268,24.806463633362444],[93.899844965259305,24.806420743479848],[93.899957182804627,24.806406446577224],[93.900185554312756,24.806415382039646],[93.900370615346148,24.80646541996488],[93.900472988254236,24.806504735812879],[93.900524175157443,24.806547625666397],[93.900677735867035,24.806653062820121],[93.900904140064739,24.806822833711713],[93.901134480679985,24.806938993467185],[93.901262447488847,24.807015837440389],[93.901423883728555,24.80706230112019],[93.901597131017624,24.807089106548261],[93.901778253836795,24.807108764782601],[93.901916064384508,24.807087319954785],[93.902040094775799,24.807049791701019],[93.902201530117182,24.806985457175813],[93.902398402199935,24.806924696624318],[93.902504714220527,24.806883594313128],[93.902591337865076,24.806865723455154],[93.902762616945353,24.806847852594625],[93.903026426093149,24.806837130566318],[93.90328629792505,24.806844278585302],[93.903402452786239,24.806856788025225],[93.903538295125188,24.8068889557331],[93.903701699573674,24.806897891160727],[93.903851322069102,24.806897891160727],[93.903997008146902,24.806885381724964],[93.904245067132834,24.806846065997696],[93.904668343413249,24.806781731366733],[93.904999089626145,24.806738841594232],[93.905296367306477,24.806706674662806],[93.90551883328996,24.806708462077186],[93.905650738313028,24.806717396702396],[93.90584170397274,24.806735267581768],[93.906032670530806,24.806799602236818],[93.906135044337191,24.806849640006966],[93.90627088667614,24.80694971548667],[93.906436259333432,24.807067661717024],[93.906625257682691,24.80717845983585],[93.906731568805,24.807217775457701],[93.906797397348996,24.807216993467126],[93.906975813544221,24.807208616627239],[93.907289578903274,24.807200239786781],[93.90752951801737,24.807205823803535],[93.907692552359961,24.807214200643596],[93.907895577902366,24.807236539152868],[93.908086298322033,24.807267254494594],[93.908258561955861,24.807325892334188],[93.908403139512643,24.807392906974073],[93.908578479876311,24.807510182506661],[93.908698448984211,24.80757998986228],[93.908846103270818,24.807633042741248],[93.90896299654716,24.807649796363108],[93.909064508869207,24.807641419552457],[93.909319828039273,24.807610704303478],[93.909513624290454,24.807593950676338],[93.909692040485652,24.807588366677042],[93.909950435487247,24.807596743491263],[93.910439540311671,24.807630250742527],[93.910830209543903,24.807683303600019],[93.911263944909166,24.807714018831049],[93.911722288723311,24.807739149246562],[93.912023749857937,24.807739149246562],[93.912257536410635,24.807753110858084],[93.912337515217018,24.807747526050569],[93.912494398794848,24.807747526050569],[93.912682042484661,24.807744734054431],[93.912872762904314,24.807741941242824],[93.912961971001948,24.807711226018718],[93.913208061779059,24.807672134793869],[93.913265931249683,24.807658763537262],[93.913348647222719,24.808047050444497],[93.913400392878017,24.808460132900052],[93.913584597816936,24.809753411435597],[93.91373496950726,24.810736157958448],[93.913760688273868,24.81102134288237],[93.91374593883522,24.811021293143085],[93.913507547518364,24.811016466802904],[93.913270021279175,24.811006138972406],[93.912326890842152,24.810964644992676],[93.911708563364087,24.810966829444602],[93.911564206792889,24.810984300166204],[93.911496840333086,24.811003955336588],[93.911439097524934,24.811032345045582],[93.911390979266741,24.811071654552613],[93.911362107413524,24.811115332130441],[93.911345265798587,24.811154641611175],[93.911326018495302,24.811191767446914],[93.911311582568686,24.811228893271497],[93.911309176880351,24.811263834638339],[93.911301958917036,24.811340269863223],[93.911217558602843,24.813021395021973],[93.911188302270673,24.813988567181969],[93.911175983673175,24.814107366937414],[93.91116212536329,24.814149296091756],[93.911149806765792,24.814170260255931],[93.911137489066633,24.814182839078892],[93.911119010721237,24.814191225231923],[93.911088214676667,24.814192622788134],[93.911009684852843,24.81419961056903],[93.910239782840264,24.814206599164912],[93.910144315281769,24.814214984500989],[93.910067325170331,24.814228960875209],[93.90999803362088,24.814255516063433],[93.909759364724621,24.814375713117069],[93.908580987074274,24.815086764450815],[93.907534251240577,24.815777797717629],[93.906992913873964,24.816218920858137],[93.906571874398608,24.816548670617699],[93.90623263641136,24.816858765261063],[93.905946328957242,24.817153573621507],[93.90561671462163,24.817513892639411],[93.905402585902308,24.817773759104316],[93.905231763166185,24.817998684750794],[93.905055263077486,24.818254095940286],[93.904942857784292,24.818414818501697],[93.904876646557966,24.818540601549486],[93.904836611340698,24.818620264324956],[93.904779638388746,24.818753035503565],[93.904566069319841,24.819358740642159],[93.904254048489037,24.82030046641146],[93.903848045014925,24.821723278079702],[93.903502190935612,24.823265491359788],[93.903178891756426,24.825087461851851],[93.903032280413839,24.826227033314364],[93.902994686817507,24.826254327851707],[93.902960853568999,24.826254327851707],[93.902911982522568,24.826247504625588],[93.902889426724116,24.826230445335678],[93.9028474736037,24.826204924066129],[93.902142532362603,24.825495252442487],[93.901533828536188,24.824833616280326],[93.901449620461435,24.824709149006608],[93.901384659690009,24.824604335436074],[93.901353382148429,24.824492969952029],[93.901098352235891,24.823864083654893],[93.90105263966602,24.823739615406883],[93.901004520509545,24.823691575454728],[93.900862569626653,24.823591127851259],[93.900463183142918,24.823366212358419],[93.900285143341776,24.823276682404735],[93.899255400040019,24.822863971391861],[93.898673161480232,24.822630320039817],[93.898408507916045,24.822558259459264],[93.898158289380163,24.822514585915027],[93.897754090621433,24.822492749137126],[93.897573645131999,24.822484014587964],[93.897482219093973,24.822484014587964],[93.897388387367585,24.822477463471845],[93.897311397256189,24.822488382270294],[93.897253654448036,24.8224949325705],[93.897203129603184,24.822505851367406],[93.897145387693357,24.822525503894877],[93.897094862848505,24.822551708347103],[93.897044338003681,24.822591014199674],[93.896986595195514,24.82265215679347],[93.896794119467799,24.822894542625161],[93.896351426102527,24.82260629985096],[93.896293683294388,24.822591014199674],[93.896250376412851,24.822597565309788],[93.896221504559605,24.822619402069204],[93.895548514596541,24.823450238863867],[93.895154324866709,24.823951953207157],[93.894923354532423,24.82426499868156],[93.894863302155699,24.824333477426478],[93.894790931181433,24.82436422358877],[93.894729339092308,24.824380993700686],[93.894655428405684,24.824385186024493],[93.89457689858186,24.824383788583216],[93.894504527607637,24.824382391141949],[93.893887066105506,24.824259408911033],[93.893212631651437,24.824079128077518],[93.892804583611721,24.82397850631143],[93.89275377040768,24.823971518266752],[93.892712195478012,24.823974313158555],[93.892696797455727,24.823981301203055],[93.89268755918134,24.823996673921187],[93.892593342077731,24.824215648728295],[93.89255965884783,24.824195996468983],[93.892463421433121,24.824141405665724],[93.891395182626496,24.823591127851259],[93.891455331122955,24.823486312519343],[93.891513073931122,24.823353110219156],[93.891633370924069,24.823032113081606],[93.891727202650443,24.82280501314586],[93.891741638577074,24.822763523117271],[93.891741638577074,24.82273295185162],[93.891734420613759,24.822700197148741],[93.891710361035507,24.822684911509043],[93.89165743050232,24.822669625867476],[93.891511148841474,24.822646654189551],[93.891295576529487,24.822606125372115],[93.891104640514143,24.822569788926703],[93.890812078090732,24.82252367023527],[93.890470241277342,24.822464972730504],[93.890310102204907,24.822448202359197],[93.890179218566331,24.822434226912133],[93.889835842040569,24.822379722572013],[93.889432413138039,24.822325218207887],[93.889313848995272,24.822316833420697],[93.889210681976451,24.822307050352958],[93.889132152152627,24.822293074889956],[93.88903052484622,24.822274907030334],[93.888770298179764,24.822214811941983],[93.887995776131703,24.822070864735135],[93.887402951824569,24.821967445585305],[93.887014921842635,24.821887784962183],[93.886577617470749,24.821816509924759],[93.886406698614906,24.821785763945449],[93.88627427616224,24.821760607842009],[93.886177267993006,24.821742439904249],[93.886106437629508,24.82172986184877],[93.886043304929657,24.82172986184877],[93.885984793163615,24.821741042433199],[93.885778857079686,24.821798422712604],[93.885770816259566,24.82179574680946],[93.885760639245717,24.821793774533457],[93.885749049181925,24.821793600053507],[93.885718109406895,24.821797760667106],[93.885708493840099,24.821800443908135],[93.885694412748023,24.821806035420284],[93.885681909097599,24.82181338314626],[93.885658354372509,24.821830485441502],[93.885613599406753,24.821865839635382],[93.885584375413941,24.821889571342282],[93.885519776663529,24.8219258664056],[93.885439796958849,24.82195657810648],[93.885316752019421,24.821976121467454],[93.885199858743093,24.821981705633732],[93.8851044989824,24.821970538116251],[93.885059894933633,24.821957974759808],[93.884817031803266,24.821898191787682],[93.884794540683501,24.821893428651279],[93.884528333932209,24.821837049637079],[93.884391563633613,24.821788840989704],[93.88417784364772,24.82168319005244],[93.884085313580186,24.821636731854515],[93.883992783512667,24.821609928757827],[93.883862847596703,24.821592060838814],[93.88364825624501,24.821583126470667],[93.883423822052734,24.821590273639107],[93.883260417604248,24.821604568790057],[93.883077326576299,24.821627797489587],[93.882864703433384,24.821658174164579],[93.882661924927675,24.821667108527315],[93.882451270891863,24.821659960548001],[93.882662761259198,24.821500390179722],[93.882797197734732,24.821398956696562]]]},"properties":{"objectid":9369,"id":"9351","name":"IMC Ward 27","code":"27","town":"Imphal","district":"Imphal West","state":"Manipur","st_area(shape)":5063985.9229276208,"st_perimeter(shape)":10869.238904690319}},{"type":"Feature","id":12205,"geometry":{"type":"Polygon","coordinates":[[[93.938931890370057,24.802591305706034],[93.938778889310839,24.802607178504292],[93.938695831977981,24.802650828892947],[93.938630260352156,24.802706384059036],[93.938569059928454,24.802785748771861],[93.938534088514459,24.802865112618445],[93.938516602807454,24.803000032264208],[93.93858322366556,24.807316257305136],[93.936359030056352,24.80740006148438],[93.934573843126529,24.807411841881258],[93.934484332296663,24.807412432246519],[93.934484336788245,24.806751543485333],[93.934512965198039,24.805475815211359],[93.934502555520538,24.805303354799587],[93.934503849992865,24.805261059783714],[93.934523375773878,24.805175781480365],[93.934565017178855,24.805090732256122],[93.934627479735497,24.804986782762654],[93.934669121140516,24.804918271308683],[93.934705557706749,24.804816683996521],[93.934731583697157,24.804757621757108],[93.934773225102148,24.804585160346235],[93.934848682687715,24.803865948134213],[93.934955406136694,24.802919594554776],[93.935119370235654,24.801693440214567],[93.935137767732641,24.801607926235743],[93.935192164316376,24.801625379520818],[93.935224900721948,24.801401468764922],[93.935622327081759,24.800214042348756],[93.935631504270688,24.800186623832374],[93.93527029349157,24.799862967779216],[93.935555348694166,24.79915113432785],[93.93580909221923,24.79802820008247],[93.936154024627058,24.796880061895376],[93.93636812100705,24.796167419475385],[93.936510851627602,24.79555195119681],[93.936598820948433,24.795171819323734],[93.939181063266901,24.79518638500647],[93.940934014152774,24.79518638500647],[93.941296843696051,24.79518638582195],[93.941200672756651,24.795265753716805],[93.941091386414129,24.795376870641459],[93.941052043797953,24.795460208269624],[93.941047671697476,24.795575293240621],[93.941073900707138,24.795718157250196],[93.941130729928645,24.795849115645154],[93.941331816008343,24.796115000223519],[93.941594103410068,24.796428505820998],[93.941782075883282,24.796599147795806],[93.942158019931369,24.796936462048702],[93.942389707121222,24.797142819309009],[93.942538336079934,24.797242029235615],[93.942673851432133,24.797325364794972],[93.942896795319342,24.797416638252653],[93.94304542427804,24.797488069217444],[93.943198425337243,24.797595215179769],[93.943333940689413,24.797746013980284],[93.943460712738926,24.797904748889504],[93.94356999818315,24.798055546498123],[93.943648684313814,24.798273806299274],[93.943744856151511,24.798531749427728],[93.943797314170837,24.798805565304594],[93.943893486008534,24.799055571109012],[93.944037743765051,24.799297638575982],[93.944203858430797,24.799503991907226],[93.94429565906627,24.799619073125612],[93.944383088499649,24.799761932476809],[93.944422431115825,24.799908759745257],[93.944431174418469,24.800043681792506],[93.944387459701787,24.800420669783065],[93.944308773571137,24.800765910565598],[93.94424320194527,24.800956388445872],[93.944138286804929,24.801134960275487],[93.94405085826989,24.801305595773936],[93.943950314331715,24.801476231037597],[93.943810428675661,24.801777818200478],[93.943736113747192,24.801904802178363],[93.943635570707315,24.801972261726632],[93.943521912264288,24.802210356307],[93.943416998022286,24.802464322431256],[93.943325370761613,24.802709401233571],[93.943182687751758,24.802686543280615],[93.942908511147294,24.802663686138928],[93.942326583404522,24.80264082899302],[93.941817047297278,24.802630988105633],[93.941161330140474,24.802607178504292],[93.940571183711199,24.802587337710008],[93.940103439027595,24.80257940090214],[93.939355921235304,24.80257940090214],[93.938931890370057,24.802591305706034]]]},"properties":{"objectid":12205,"id":"12514","name":"IMC Ward 24","code":"24","town":"Imphal","district":"Imphal","state":"Manipur","st_area(shape)":1013365.7979317219,"st_perimeter(shape)":4738.1939004940705}},{"type":"Feature","id":12229,"geometry":{"type":"Polygon","coordinates":[[[93.929063582563643,24.791794850785532],[93.929054693733889,24.791928652975585],[93.929050754621358,24.791987939885615],[93.929047432651458,24.792373061900506],[93.929095039768242,24.792748025442567],[93.929004199431787,24.792772444497697],[93.928450978252258,24.792921157361221],[93.928444475347902,24.792922905829503],[93.928311811248435,24.792997607156824],[93.928288599679831,24.793100012327933],[93.928272553972207,24.793173558778953],[93.928045671870777,24.793484388773035],[93.926292770392251,24.791930411244124],[93.924017600983987,24.790031226096911],[93.924266726270133,24.789757497684345],[93.924641727985502,24.789396828861392],[93.924805094704737,24.789248515465655],[93.924957322314484,24.789042898632736],[93.925064995282753,24.788941776223805],[93.925102124450078,24.788894585629389],[93.925139252719092,24.788860877584913],[93.925191233733003,24.788840652916953],[93.925272916643465,24.788844023559253],[93.925874403404862,24.788870989509892],[93.926360789028948,24.788901326910974],[93.926847176449641,24.788918180928835],[93.92763059271735,24.788935034128901],[93.928250643164105,24.78892829284916],[93.928610792134549,24.788921551569036],[93.92890410914282,24.788894585629389],[93.929557575121507,24.788796832927623],[93.930047675279283,24.788712563548444],[93.930385546929017,24.788675485623283],[93.930883071662592,24.788624923463864],[93.931261785216691,24.788597957459711],[93.931521686693031,24.788587844696949],[93.93190040024713,24.788540653967868],[93.932223420050249,24.788493463220874],[93.932624410925087,24.788388968894012],[93.933014262690406,24.788287845952109],[93.933289015115008,24.788227171658068],[93.933660303194983,24.788163126673656],[93.934079857755165,24.788088969668284],[93.934395452084132,24.788055261404921],[93.934837284863363,24.78800469980829],[93.935342235969415,24.787896834401813],[93.93578840042494,24.787798040271337],[93.936207523793811,24.787705233839411],[93.936217460957479,24.787759362777631],[93.93629279098225,24.787968131390013],[93.936471204482501,24.788382068552988],[93.936657547411812,24.788745611857802],[93.936846011263469,24.789137957406048],[93.936887502649796,24.789224335485933],[93.937077810742721,24.789731852282262],[93.937125387316811,24.790124186556099],[93.937089704437099,24.79098803770373],[93.937026269005003,24.791567534586076],[93.937031806220403,24.791982267922581],[93.936717353650138,24.791980938619893],[93.93557631896617,24.791976113985061],[93.934782415765824,24.792001011088619],[93.933898055809635,24.792046634697837],[93.933066697353539,24.792137606219473],[93.931876476314471,24.792355639934126],[93.931567969693077,24.791395674631236],[93.929063582563643,24.791794850785532]]]},"properties":{"objectid":12229,"id":"12515","name":"IMC Ward 12","code":"12","town":"Imphal","district":"Imphal","state":"Manipur","st_area(shape)":589636.6534958001,"st_perimeter(shape)":3859.9208741837001}},{"type":"Feature","id":12507,"geometry":{"type":"Polygon","coordinates":[[[93.927038766438486,24.817652580398928],[93.925438597422911,24.81772884616635],[93.925424012375927,24.817570836215832],[93.925423317079904,24.817563301521954],[93.925422621783881,24.817555767643],[93.925420682321189,24.817534755945665],[93.925418517381345,24.817511302256026],[93.925377341303673,24.817065201878552],[93.92536100813517,24.816797783695328],[93.925359394760918,24.816680233205748],[93.925359889732647,24.816654983929816],[93.92540054209249,24.81458393383387],[93.925437275102809,24.814372625288811],[93.925472260889862,24.814250340867979],[93.925479631566759,24.814238053141381],[93.925554377686609,24.814113434977227],[93.925628717767935,24.813999384806273],[93.92564081627819,24.813994070985821],[93.925676859382321,24.81396523023562],[93.925728438849333,24.813932249800899],[93.926038489674696,24.813801410798444],[93.928349191045712,24.812765350906552],[93.929099534937947,24.81247479169452],[93.930080807841932,24.812043753030093],[93.930984088114599,24.81167101270816],[93.931092153646659,24.811631302217421],[93.931930460571479,24.811323252551919],[93.93255450043641,24.811094088583545],[93.93335496313496,24.810815943984267],[93.933476289597237,24.810782793923785],[93.933629631117924,24.810744890074233],[93.933751549569962,24.810711607084514],[93.93425793618384,24.811788347793584],[93.934364250001053,24.811935637007345],[93.934439788434986,24.81200928154858],[93.934520922474832,24.812118478715117],[93.9346244389383,24.812192123147693],[93.934781111412036,24.812273386537658],[93.935735136616827,24.813111406124843],[93.936831845729742,24.81420590283301],[93.937462890657258,24.815005500459634],[93.937450095952684,24.815007773715838],[93.937427341626531,24.81501295132578],[93.93738350833226,24.81502573635219],[93.937327306134819,24.815045047610241],[93.937166437630367,24.815113018583315],[93.937103179166357,24.815133953231093],[93.937021746885847,24.815151146954548],[93.93696964998928,24.815156738766802],[93.936887526006004,24.815148606259392],[93.936719755745216,24.815129343939724],[93.936603921582588,24.815115458173221],[93.93659272138764,24.815114115257273],[93.936578107594585,24.815115484265103],[93.936560718905639,24.815119759254898],[93.936528193604133,24.815132930756079],[93.936485745512016,24.815159689593237],[93.936476506339346,24.815164403250947],[93.936463549937969,24.815168591809776],[93.936422464590152,24.815169712128981],[93.936365695555779,24.815159365891102],[93.936295255959408,24.815138112437616],[93.936215775717983,24.815100157736413],[93.936149901359911,24.815081430292711],[93.93601456746741,24.815087470562222],[93.935971345027511,24.815091628139573],[93.9359069915172,24.815108605795572],[93.935755349609011,24.815145910643714],[93.935002607215026,24.815372168481769],[93.934759820441499,24.815452853320686],[93.934515662838834,24.815538035677985],[93.934453470675081,24.81556294191158],[93.934388623989676,24.815600387681538],[93.933986239827817,24.815880833104828],[93.933888242613492,24.815948096697632],[93.933660631080045,24.816088312572202],[93.933563162973414,24.816130300577861],[93.933357574537496,24.816193937296838],[93.933002544167536,24.816293997893133],[93.932907082897245,24.816327673203851],[93.932618685063474,24.816451247923712],[93.932590189604355,24.816468162610551],[93.932471305661309,24.816538731360389],[93.932409236566755,24.816597461026006],[93.932372494573343,24.816644100493118],[93.93217070601105,24.816994052077884],[93.932139860559147,24.817058545294692],[93.932116647193894,24.817054952826563],[93.932063300740751,24.817046695693939],[93.931625082782219,24.816997409724515],[93.931601386123347,24.816994285270443],[93.931587303234622,24.816990527282673],[93.931581587254485,24.816987871659652],[93.931576830675056,24.816983440185407],[93.931570047496336,24.816977002928656],[93.93156292744942,24.816970246866283],[93.931550263898828,24.816962972235331],[93.931536802644288,24.816961711690663],[93.931459653531064,24.81697188818341],[93.931121465674394,24.817008995969193],[93.931077300901748,24.817011307510501],[93.931032735480514,24.817011913321831],[93.931001414819804,24.817010868032281],[93.930983170036399,24.81700670155039],[93.930954110435266,24.817000015610471],[93.930926896872052,24.816997239314567],[93.930897351282354,24.816998803172314],[93.930685813304294,24.817030847574792],[93.930655478993771,24.816839389872282],[93.930624426929356,24.816698590234111],[93.930570139041777,24.816575403057573],[93.930505342662045,24.816454006293867],[93.930286535516686,24.815793063825375],[93.930216706774715,24.815658064337267],[93.930190916142919,24.815667867498895],[93.929762223021328,24.815844073142568],[93.928743929646174,24.816285453701926],[93.928538028596563,24.81636097099247],[93.928446482184256,24.816391883836708],[93.928051927738437,24.8165251148212],[93.927963486802071,24.816557165053723],[93.927940214148023,24.816566407990912],[93.927910912001778,24.816592361756982],[93.927896839892838,24.816617988557834],[93.927897951108847,24.816644971298548],[93.927934370607076,24.816740212751569],[93.927939440698566,24.816760397808483],[93.927940221334538,24.816781393329926],[93.927935277905505,24.816800540427014],[93.92792429420453,24.816826456637504],[93.927881123866925,24.816879882254376],[93.927867426355476,24.816896834389258],[93.92785687474418,24.816909230294968],[93.927829520145437,24.81693185977063],[93.9274548139758,24.817223277702482],[93.92729748932517,24.817367035671833],[93.927070005352491,24.817609799569166],[93.927038766438486,24.817652580398928]]]},"properties":{"objectid":12507,"id":"12518","name":"IMC Ward 3","code":"3","town":"Imphal","district":"Imphal","state":"Manipur","st_area(shape)":625651.58116106759,"st_perimeter(shape)":3786.2223229236752}},{"type":"Feature","id":12517,"geometry":{"type":"Polygon","coordinates":[[[93.925139252719092,24.788860877584913],[93.925102124450078,24.788894585629389],[93.925064995282753,24.788941776223805],[93.924957322314484,24.789042898632736],[93.924805094704737,24.789248515465655],[93.924641727985502,24.789396828861392],[93.924266726270133,24.789757497684345],[93.924017600983987,24.790031226096911],[93.923278909139313,24.78925330269168],[93.923288800488919,24.789192827861903],[93.923420114420523,24.788492329611863],[93.923441861735228,24.788248260906578],[93.923436207738831,24.787496323694075],[93.923418174957817,24.786903946469298],[93.923381635085335,24.786473836728042],[93.923358535806088,24.786370849486214],[93.923291245703112,24.785921390298729],[93.923733439605115,24.785890844200399],[93.924029901615143,24.785870946089148],[93.924272916560767,24.785893287627538],[93.924442104363067,24.785893287627538],[93.924835849426813,24.7859016659073],[93.925177299964616,24.78588770265111],[93.925429543303167,24.785868152784911],[93.925632567947233,24.785851396220313],[93.925854049377165,24.785848603731189],[93.926173967297615,24.785876531066336],[93.926253947002337,24.785870946089148],[93.926269327956618,24.785831847163934],[93.92629701313534,24.785756442583342],[93.92644466742199,24.785276085857898],[93.926564636529861,24.784929780866857],[93.926779966296706,24.784262303158251],[93.926952229930535,24.783580858343512],[93.927168912560219,24.782734409119108],[93.927277192789617,24.782192821900583],[93.927352004486494,24.781844273589062],[93.927407128705582,24.781754902864158],[93.927513439827891,24.781538623616569],[93.927643375743855,24.78113466362737],[93.927692593539959,24.781068528690611],[93.927832373194775,24.780946982163261],[93.928017433329828,24.780870122853241],[93.928198556148999,24.780827224119871],[93.928365807183525,24.78079837239294],[93.92839542913002,24.780793262680042],[93.928523038409409,24.780772880102518],[93.928608051374653,24.780759301230916],[93.928679909410832,24.78075650536482],[93.92908972892829,24.78079235328978],[93.930514149745093,24.780916951112633],[93.930491594844923,24.781043914851491],[93.930491594844923,24.781138113591659],[93.930532193305879,24.781252791002458],[93.930572792665131,24.781338798583246],[93.930631435585198,24.781404328206222],[93.930748721425317,24.781490335681973],[93.930915628405131,24.781592725067966],[93.931001337564695,24.781633680798713],[93.93121786478585,24.781678732413123],[93.93133966196531,24.781678732413123],[93.931569723204518,24.781666445536676],[93.931680454936341,24.781658712103436],[93.93179411427765,24.781649955102981],[93.932013153188322,24.781663686392601],[93.932070444143875,24.78167463733152],[93.932087451947154,24.78167759384835],[93.93217302635945,24.781692471855511],[93.932333708014298,24.781742163342528],[93.932480944584341,24.78183026909683],[93.932519496683071,24.781862354396761],[93.932626794155539,24.781951653272472],[93.932732003943315,24.782068873751353],[93.932927533943001,24.782399553573192],[93.93330943292311,24.783055665567201],[93.933448845166993,24.783269992118242],[93.93379815596353,24.783706031611121],[93.934081676843618,24.783986246598783],[93.934377819053452,24.784199445234549],[93.934671210621872,24.784383022709708],[93.934897200696199,24.78451260659833],[93.9351350853632,24.784642190351626],[93.935234204573348,24.784757376702686],[93.935277816882092,24.784865363096088],[93.9353293577215,24.785048939586062],[93.9353293577215,24.785189321712402],[93.935281781147424,24.785365698716951],[93.935230239409691,24.785567272362435],[93.935230239409691,24.78581563865318],[93.93521438055167,24.786002813629807],[93.935246098267712,24.78613959478848],[93.935353146906863,24.786319570325613],[93.935571207552186,24.786517542544008],[93.935820986811891,24.786852295635107],[93.936015259170176,24.787143853595865],[93.936154024627058,24.787413814210787],[93.936207523793811,24.787705233839411],[93.93578840042494,24.787798040271337],[93.935342235969415,24.787896834401813],[93.934837284863363,24.78800469980829],[93.934395452084132,24.788055261404921],[93.934079857755165,24.788088969668284],[93.933660303194983,24.788163126673656],[93.933289015115008,24.788227171658068],[93.933014262690406,24.788287845952109],[93.932624410925087,24.788388968894012],[93.932223420050249,24.788493463220874],[93.93190040024713,24.788540653967868],[93.931521686693031,24.788587844696949],[93.931261785216691,24.788597957459711],[93.930883071662592,24.788624923463864],[93.930385546929017,24.788675485623283],[93.930047675279283,24.788712563548444],[93.929557575121507,24.788796832927623],[93.92890410914282,24.788894585629389],[93.928610792134549,24.788921551569036],[93.928250643164105,24.78892829284916],[93.92763059271735,24.788935034128901],[93.926847176449641,24.788918180928835],[93.926360789028948,24.788901326910974],[93.925874403404862,24.788870989509892],[93.925272916643465,24.788844023559253],[93.925191233733003,24.788840652916953],[93.925139252719092,24.788860877584913]]]},"properties":{"objectid":12517,"id":"12517","name":"IMC Ward 13","code":"13","town":"Imphal","district":"Imphal","state":"Manipur","st_area(shape)":922096.34178469039,"st_perimeter(shape)":4403.895487007142}},{"type":"Feature","id":12513,"geometry":{"type":"Polygon","coordinates":[[[93.938160876243145,24.781672554312468],[93.938001044394539,24.781717204642213],[93.937774822554857,24.781797574542818],[93.936928946425425,24.782132448840379],[93.936513385775015,24.782257468607472],[93.936171592979079,24.782340070418449],[93.935763409293756,24.782465089976377],[93.935615872686427,24.782518669049299],[93.935480630422077,24.782581178754054],[93.935345389056053,24.782668245673829],[93.935210147690029,24.782773172184271],[93.935094576733789,24.782902655806147],[93.935006054949085,24.783018744990059],[93.934924910129439,24.783161623460142],[93.934797045728544,24.783333524181806],[93.934393779421086,24.783706345608493],[93.934081676843618,24.783986246598783],[93.93379815596353,24.783706031611121],[93.933448845166993,24.783269992118242],[93.93330943292311,24.783055665567201],[93.932927533943001,24.782399553573192],[93.932732003943315,24.782068873751353],[93.932626794155539,24.781951653272472],[93.932519496683071,24.781862354396761],[93.932480944584341,24.78183026909683],[93.932333708014298,24.781742163342528],[93.93217302635945,24.781692471855511],[93.932087451947154,24.78167759384835],[93.932070444143875,24.78167463733152],[93.932013153188322,24.781663686392601],[93.93179411427765,24.781649955102981],[93.931680454936341,24.781658712103436],[93.931569723204518,24.781666445536676],[93.93133966196531,24.781678732413123],[93.93121786478585,24.781678732413123],[93.931001337564695,24.781633680798713],[93.930915628405131,24.781592725067966],[93.930748721425317,24.781490335681973],[93.930631435585198,24.781404328206222],[93.930572792665131,24.781338798583246],[93.930532193305879,24.781252791002458],[93.930491594844923,24.781138113591659],[93.930491594844923,24.781043914851491],[93.930514149745093,24.780916951112633],[93.930563769986421,24.780720361367749],[93.930644968704954,24.780548345289464],[93.930690078505279,24.78040499810357],[93.930771276325487,24.780200216471759],[93.930789319886287,24.780093729987549],[93.930775838868811,24.779976231154031],[93.930701909317548,24.779769907324404],[93.930514149745093,24.779401564797691],[93.930035983705849,24.778697109392937],[93.929625482367129,24.777927117750057],[93.929350312225893,24.777452014296923],[93.929251069946588,24.777251323836321],[93.929224003707063,24.777099781562004],[93.929205960146277,24.77695643039328],[93.929210470587307,24.776845845069552],[93.929246558607232,24.77671478097545],[93.929318734647055,24.776538664094751],[93.929372867126048,24.776309301271652],[93.929394575813205,24.776112960335848],[93.92938047944979,24.774865023745154],[93.929349282756576,24.774306158759792],[93.929579173315886,24.774280524846024],[93.929704579926181,24.774271594409441],[93.929768512126643,24.774273826814728],[93.929832444327104,24.774293920907525],[93.930191449742182,24.774698026321328],[93.930223416291568,24.774702491932196],[93.930265217596713,24.774686863516948],[93.930870117057879,24.774253733534323],[93.930941426223441,24.774200150077998],[93.930983228426882,24.77413986856001],[93.931017653665222,24.774090750687392],[93.931022571941398,24.774037167160699],[93.931020112354133,24.773983584426549],[93.931007818011153,24.773927768442118],[93.930988146703058,24.773869719204459],[93.930970934083902,24.773809438341676],[93.930985687115793,24.773775948870185],[93.931054537592431,24.773740226159145],[93.931211909853829,24.773679945233489],[93.931696320980862,24.773537055848571],[93.932473346633657,24.77335621105652],[93.932987067991803,24.773259671215758],[93.933050017435335,24.773253955983058],[93.93308621055813,24.773245383541337],[93.933393249332354,24.773200740767425],[93.933638479523452,24.773224291743311],[93.933693501334602,24.773229575500459],[93.933965786985425,24.773283808629937],[93.934035210587226,24.773327090061272],[93.934057383703376,24.773374064719942],[93.934110966413442,24.773466336202631],[93.934146501071154,24.773503345263926],[93.934179160221589,24.773527661256821],[93.934187757098897,24.773529080478067],[93.934212591024917,24.773531228069693],[93.934238606235553,24.773533375661291],[93.934289455372181,24.773530154681698],[93.934342668874677,24.773530154681698],[93.934378145141892,24.773537670844377],[93.93438753253659,24.773546456149084],[93.934413060860336,24.773570346367322],[93.934425267168436,24.773595283867788],[93.934431479916938,24.773621408940624],[93.934434575511389,24.773659633264533],[93.934431514951214,24.773690324295192],[93.934421482566137,24.773716640208495],[93.934407493102242,24.773741145388811],[93.934387670877143,24.773760091142655],[93.93436623617616,24.773799587826321],[93.934356859561234,24.77385763383424],[93.934378872777273,24.773957570357187],[93.934378222397001,24.773996150197213],[93.934368684983625,24.774067005753356],[93.934366053818167,24.774107228259535],[93.934356859561234,24.774172228271748],[93.934367229712862,24.774211774578326],[93.934371380827784,24.774214789183358],[93.934385760160552,24.774221660949092],[93.934399383111838,24.774225784008358],[93.934417547046877,24.774228532714474],[93.934432683659409,24.774231281420526],[93.934457658620943,24.774231968189202],[93.934472037953682,24.774236091248135],[93.934489444608971,24.774251209129702],[93.934527517007325,24.774288686134021],[93.93457119129981,24.774323229272998],[93.934597975468321,24.774352952791787],[93.934617838117546,24.774370335688236],[93.934630701094136,24.774379383569727],[93.934652086387757,24.774390858791381],[93.934661575292125,24.77439492067213],[93.934696098446821,24.774402639876445],[93.934744729643029,24.774408851780201],[93.934795086502916,24.774408851780201],[93.934862982968696,24.774408851780201],[93.93487628432311,24.774408851780201],[93.934984548382843,24.774417043238376],[93.935065747101376,24.774421139375086],[93.935183032941524,24.774486672650255],[93.935241675861562,24.774589068629322],[93.935390538382251,24.77472013415213],[93.935444670861273,24.774818433815156],[93.935485269322228,24.774969978874545],[93.935480169586342,24.775113573764877],[93.935395643508016,24.775281020043426],[93.935341854185424,24.775403116145792],[93.935295749051789,24.775574050487378],[93.935298153841785,24.775619025185122],[93.935324319071071,24.776420267970398],[93.935345332462205,24.776536866458084],[93.935372032189079,24.776609592421501],[93.935427384580265,24.776704195813881],[93.93564879773821,24.776934790312165],[93.935790712688501,24.777119223516323],[93.935814857606687,24.777230423574022],[93.935812996297443,24.777292940020342],[93.935779658020593,24.777387558388686],[93.935715533580691,24.777451588543993],[93.935362263908672,24.777703435002262],[93.935524584090629,24.77807502300492],[93.935591590325984,24.778263619036331],[93.935875905316777,24.778769432810584],[93.936010378623251,24.779100826924335],[93.936141009835225,24.779411290080795],[93.93619864125229,24.779522917093328],[93.936214009630163,24.779655474040272],[93.936214009630163,24.77971826412362],[93.936183272874402,24.779826402526073],[93.936152536118612,24.779941517496074],[93.936079536323689,24.780046167376181],[93.936029589095568,24.780126398891149],[93.935971957678518,24.78023104861537],[93.935929694639384,24.780293838407545],[93.935887431600207,24.780346163210091],[93.935833642277601,24.780398487990578],[93.935822115994213,24.780440347799068],[93.93585285274996,24.780520579059232],[93.935929694639384,24.780639181696671],[93.936018062812195,24.780722901137185],[93.936071852134745,24.780757784220757],[93.9361679044965,24.780782202373388],[93.936348482936594,24.780799643908068],[93.936509850904372,24.780799643908068],[93.936648166305289,24.780806620521236],[93.936786481706207,24.780806620521236],[93.936878691973504,24.780799643908068],[93.936986270618675,24.780792667294492],[93.937045823532117,24.780783946934768],[93.937103422609809,24.780769272717905],[93.937166449308478,24.780734938534383],[93.937216871745349,24.780684997886862],[93.937269584886224,24.780630896039753],[93.937320007323137,24.780576793353447],[93.937352093348437,24.780543499820105],[93.937366991009128,24.780513327573306],[93.937387618124674,24.780474831318653],[93.937407098989937,24.780431133161589],[93.937425434503183,24.780378071093047],[93.937439185913561,24.780344777506386],[93.937445743615143,24.780321813482029],[93.937463198779398,24.780277897505876],[93.937474097140452,24.780256946370386],[93.937497764154926,24.780217251103576],[93.937514576125466,24.780193662305599],[93.937558102195922,24.780145817534621],[93.937843673031495,24.779886540998909],[93.937924817851112,24.779826263057938],[93.937993668327735,24.779781612047874],[93.938050223563067,24.779761518843433],[93.938126451004848,24.7797548219235],[93.938212514100627,24.779788309781992],[93.938315788917265,24.779857518592319],[93.938576436893584,24.780098631750935],[93.938878886175004,24.780391092136398],[93.938967407959723,24.780518345950711],[93.93905514551524,24.780669890576007],[93.939080491480965,24.780726276893599],[93.939139534151337,24.780888944364033],[93.939252116412632,24.781177898279282],[93.9392716862111,24.781236028921064],[93.939308124573955,24.781344263056624],[93.939310277835702,24.781350660568187],[93.93933202245546,24.781415248991117],[93.939351823120973,24.781460807983233],[93.939373133854446,24.781493954463937],[93.93938419930214,24.78150511747176],[93.939404905469416,24.781521907246908],[93.939417297728752,24.781529139915335],[93.939454278674049,24.781541953677653],[93.93946657391534,24.781544744632512],[93.93950099915368,24.781547534771715],[93.9395231291507,24.781547534771715],[93.939617800801869,24.781547534771715],[93.939535423493666,24.781587719783456],[93.939387886886351,24.781623439420528],[93.939215761593061,24.781645764596238],[93.938706760881729,24.781650229141555],[93.938364968085793,24.781647996868934],[93.938160876243145,24.781672554312468]]]},"properties":{"objectid":12513,"id":"12511","name":"IMC Ward 16","code":"16","town":"Imphal","district":"Imphal","state":"Manipur","st_area(shape)":752866.24706860771,"st_perimeter(shape)":4498.9593393298019}},{"type":"Feature","id":12514,"geometry":{"type":"Polygon","coordinates":[[[93.939771093813491,24.788278033285504],[93.938960004045171,24.788489122884776],[93.938378723089414,24.788658484774313],[93.937927216352918,24.788768938871549],[93.937494634424468,24.78888921038272],[93.937302676126336,24.788953027455811],[93.936846011263469,24.789137957406048],[93.936657547411812,24.788745611857802],[93.936471204482501,24.788382068552988],[93.93629279098225,24.787968131390013],[93.936217460957479,24.787759362777631],[93.936207523793811,24.787705233839411],[93.936154024627058,24.787413814210787],[93.936015259170176,24.787143853595865],[93.935820986811891,24.786852295635107],[93.935571207552186,24.786517542544008],[93.935353146906863,24.786319570325613],[93.935246098267712,24.78613959478848],[93.93521438055167,24.786002813629807],[93.935230239409691,24.78581563865318],[93.935230239409691,24.785567272362435],[93.935281781147424,24.785365698716951],[93.9353293577215,24.785189321712402],[93.9353293577215,24.785048939586062],[93.935277816882092,24.784865363096088],[93.935234204573348,24.784757376702686],[93.9351350853632,24.784642190351626],[93.934897200696199,24.78451260659833],[93.934671210621872,24.784383022709708],[93.934377819053452,24.784199445234549],[93.934081676843618,24.783986246598783],[93.934393779421086,24.783706345608493],[93.934797045728544,24.783333524181806],[93.934924910129439,24.783161623460142],[93.935006054949085,24.783018744990059],[93.935094576733789,24.782902655806147],[93.935210147690029,24.782773172184271],[93.935345389056053,24.782668245673829],[93.935480630422077,24.782581178754054],[93.935615872686427,24.782518669049299],[93.935763409293756,24.782465089976377],[93.936171592979079,24.782340070418449],[93.936513385775015,24.782257468607472],[93.936928946425425,24.782132448840379],[93.937774822554857,24.781797574542818],[93.938001044394539,24.781717204642213],[93.938160876243145,24.781672554312468],[93.938364968085793,24.781647996868934],[93.938706760881729,24.781650229141555],[93.939215761593061,24.781645764596238],[93.939387886886351,24.781623439420528],[93.939535423493666,24.781587719783456],[93.939617800801869,24.781547534771715],[93.939700172720151,24.781507348931342],[93.939802550119836,24.78143569997291],[93.939830948560896,24.781409315555102],[93.939877216289602,24.781353306351807],[93.939926395458144,24.781268471604594],[93.939928854147098,24.78115014850178],[93.939919018493029,24.781016197667842],[93.939857544981493,24.780750528670666],[93.939734597958449,24.780268303602266],[93.939594438316249,24.779498079471828],[93.939547718734971,24.779265895224473],[93.939739515336342,24.779203383849886],[93.940029670274782,24.779109617544588],[93.940128028611866,24.779062733957563],[93.940228844739593,24.779024780448115],[93.940381298724773,24.778986826927049],[93.940964068188904,24.778926548549148],[93.942338615439439,24.778875199432395],[93.942670572581321,24.778886362675756],[93.9424902501611,24.779164686549535],[93.942074962598497,24.779843378485804],[93.941948190548985,24.780041825929004],[93.941825789701639,24.780148987775259],[93.94170776095477,24.780283931314802],[93.94161596031924,24.780414906002267],[93.941554759895567,24.780557787470137],[93.941502302774552,24.780811798743699],[93.941445473553031,24.780958648442731],[93.941362416220201,24.781089622418168],[93.941187558251826,24.781311880746827],[93.941017071485618,24.78152223266807],[93.940815985405919,24.781673050191696],[93.940623641730539,24.781792117429713],[93.940475011873502,24.781903245606966],[93.9403088972078,24.78200643719153],[93.940164641247904,24.782113594079085],[93.940133302620893,24.782153768304902],[93.940000163312646,24.78232444296486],[93.939921477181969,24.782532064221719],[93.939855086292582,24.782782102009197],[93.939830496708296,24.782916050937118],[93.939823119743195,24.782991955564466],[93.939835414086176,24.783045534409879],[93.939847709327481,24.783114741403843],[93.939857544981493,24.783208505498759],[93.939867380635562,24.783313431552436],[93.939894428908758,24.783476401473887],[93.939960820696484,24.783661696809986],[93.940194419501253,24.78425553063283],[93.940432936582255,24.784702020651686],[93.94070096152366,24.78526682835443],[93.940784565032203,24.785414169461525],[93.940838662476949,24.785456585425319],[93.940897676401221,24.785536952904135],[93.940968985566798,24.785632947369816],[93.941298484019754,24.786133010760249],[93.941433725385778,24.786447781236319],[93.941492740208361,24.786606282674441],[93.94150011717349,24.786655395594199],[93.941615687231405,24.786876404308128],[93.941829614728107,24.787322884896156],[93.941974692646482,24.787673371064699],[93.942033707469108,24.787755969270453],[93.942060755742304,24.787820708498479],[93.94206567312014,24.787872053913777],[93.94206567312014,24.787903307421704],[93.94206362046971,24.787910140098727],[93.940609220176967,24.788319760764029],[93.940479445957777,24.788039943764186],[93.939771093813491,24.788278033285504]]]},"properties":{"objectid":12514,"id":"12512","name":"IMC Ward 15","code":"15","town":"Imphal","district":"Imphal","state":"Manipur","st_area(shape)":563699.49936281727,"st_perimeter(shape)":4020.9051485260006}},{"type":"Feature","id":12515,"geometry":{"type":"Polygon","coordinates":[[[93.944238857692568,24.825993704642453],[93.943719851545595,24.826051745789925],[93.942939285632278,24.826145695100777],[93.942132800628087,24.82622902101042],[93.941629717119497,24.826271003948502],[93.941401802853818,24.82627982709803],[93.941078796525446,24.826277732598832],[93.940731878840808,24.826272654110674],[93.940663333791392,24.826268844225336],[93.940657014143341,24.826268493647373],[93.940620410490467,24.826267177757121],[93.940516251731594,24.82626342901893],[93.94050741680077,24.826262506917374],[93.940481168926468,24.826161228979334],[93.940383484325835,24.825784314393431],[93.940288438975543,24.825411870598554],[93.940273050834719,24.825297606619838],[93.940225489531997,24.825041147609177],[93.940040839927022,24.824426660019029],[93.940012862795811,24.824320012576425],[93.939937323463596,24.823951826018366],[93.939872976241475,24.823553166771163],[93.939822616686612,24.823266233298529],[93.939794639555416,24.823118957553703],[93.939719101121483,24.822697442994258],[93.939559630395621,24.821920430626193],[93.939380576396573,24.820998673244812],[93.939356449444659,24.820826015924826],[93.939260274013705,24.8201378530817],[93.939086814722245,24.819053566340397],[93.938893771259274,24.817999743077682],[93.938695133088714,24.817164295572653],[93.9385188755451,24.816646264460896],[93.93835381011165,24.816252660602984],[93.938163564002494,24.815747322572147],[93.938060048437322,24.815470528882756],[93.937948139014182,24.815399425457784],[93.937791466540446,24.815335940804864],[93.937637591420454,24.815236904355203],[93.937531277603242,24.815092158130771],[93.937462890657258,24.815005500459634],[93.936831845729742,24.81420590283301],[93.935735136616827,24.813111406124843],[93.934781111412036,24.812273386537658],[93.9346244389383,24.812192123147693],[93.934520922474832,24.812118478715117],[93.934439788434986,24.81200928154858],[93.934364250001053,24.811935637007345],[93.93425793618384,24.811788347793584],[93.933751549569962,24.810711607084514],[93.933371056453254,24.80973135795676],[93.933273136494051,24.809452010833777],[93.933152834111198,24.808974580251945],[93.933035329082131,24.808349853715651],[93.932954195042328,24.807633700785342],[93.932958387479744,24.807422501887832],[93.934484332296663,24.807412432246519],[93.934573843126529,24.807411841881258],[93.936359030056352,24.80740006148438],[93.93858322366556,24.807316257305136],[93.93863078496824,24.808743482674096],[93.938742694391422,24.809924361233687],[93.938854742155129,24.811346245083417],[93.938988102448917,24.814015525218537],[93.938983583024765,24.814862426294155],[93.93897202080872,24.814979315610934],[93.938989465193231,24.815055315581997],[93.939052263719773,24.815159815160314],[93.939090639748713,24.815210482282659],[93.939188326145981,24.815270648444294],[93.939265080000482,24.815299148066124],[93.939415097754619,24.815302314962157],[93.939826672580153,24.815249162629446],[93.943938466451428,24.814822217817873],[93.944087742197141,24.817804282672562],[93.944169707178602,24.820296490013693],[93.944197028539648,24.822621265078983],[93.944238857692568,24.825993704642453]]]},"properties":{"objectid":12515,"id":"12513","name":"IMC Ward 25","code":"25","town":"Imphal","district":"Imphal","state":"Manipur","st_area(shape)":1183862.3109765877,"st_perimeter(shape)":6471.2119402542949}},{"type":"Feature","id":12516,"geometry":{"type":"Polygon","coordinates":[[[93.934032580320093,24.831710882224318],[93.934249352781308,24.832479491463179],[93.934332190925218,24.832716126818251],[93.934509627956757,24.833101757368009],[93.934597387071804,24.833393225303855],[93.934633412209664,24.833537248212991],[93.934712617566575,24.83411339768713],[93.934897564513903,24.834845277635061],[93.93491065566252,24.834951140719753],[93.934928281506714,24.835093680526523],[93.934928057826198,24.835181195634249],[93.934912130696233,24.835255174462887],[93.934839131799592,24.835439111669771],[93.934789033654525,24.835511653897225],[93.934702780115899,24.835597073552695],[93.934277551796356,24.836123263330624],[93.934015835723173,24.836409859671075],[93.933910983464912,24.836495622733921],[93.933533674875889,24.83680525574729],[93.933425543766845,24.836869166358309],[93.933227383499982,24.836940438438909],[93.93308465287943,24.836964133017499],[93.932935054638563,24.83695935007988],[93.93259394635885,24.836909984804954],[93.932384010975269,24.836881999672855],[93.932247519154402,24.836889792433858],[93.931674351782291,24.837059475423253],[93.931541487358515,24.837109802605454],[93.930891075651758,24.837347860644662],[93.930744804770683,24.837356744146767],[93.930670957864464,24.837361228696871],[93.930320319357904,24.837273234962677],[93.930208564444996,24.837219924937084],[93.930125858353392,24.837156427826621],[93.930012927545775,24.837024039968117],[93.929924197351923,24.836873659078353],[93.929906030721909,24.836788089486536],[93.929897442827794,24.836664222824147],[93.929844152070203,24.836389680262116],[93.929758246179574,24.836191082517082],[93.929538578448216,24.835959171561559],[93.929408563480507,24.835845789616172],[93.929305480903352,24.835782034186671],[93.928445182322051,24.835593806086266],[93.927773921615866,24.835602286172364],[93.927325723374551,24.835678768337857],[93.927190296955558,24.835757472786945],[93.927119116249074,24.835816705307174],[93.927010880935441,24.836070507983475],[93.926994793007012,24.836139708202769],[93.926990180158057,24.836222852927584],[93.927003118593078,24.836489131870838],[93.92701921011475,24.836558310660127],[93.927079410713532,24.836696788776628],[93.927197738599375,24.836886476087876],[93.92733094528127,24.837095055163267],[93.92742269111956,24.837196600519881],[93.927802350599677,24.837531182509426],[93.928054866127709,24.83775012360034],[93.928162965795764,24.837821373977942],[93.928231915087082,24.837866820121306],[93.928242684090691,24.837877575333827],[93.92826121992826,24.837906221385012],[93.928278481954791,24.837945983778894],[93.92830323233747,24.838155699930372],[93.928309110014382,24.838184955701049],[93.928311142003551,24.838245386246498],[93.928307297214147,24.838276560205049],[93.928287214477635,24.838328377926405],[93.928147679164553,24.83852485267877],[93.927932438330913,24.838755123505678],[93.927520311939801,24.839092684147417],[93.927479222100416,24.839119745143453],[93.927408517501036,24.839160674532067],[93.926893462144662,24.839401892461282],[93.92679497355185,24.839434258782088],[93.926603582988974,24.839470013109825],[93.925870194797767,24.83965486687098],[93.925690481435311,24.839710448650703],[93.925628920787176,24.839721226528912],[93.92559616282206,24.839723096618247],[93.925511240586658,24.839717997486126],[93.925402338723089,24.839707407105763],[93.925301962769851,24.839697646607345],[93.925203979928582,24.839687397797867],[93.925131434681177,24.839675159061734],[93.924894992708474,24.839606643964604],[93.924818359228226,24.839568549208554],[93.924762257642129,24.839528043864135],[93.924577742784436,24.839402991365823],[93.924428325104927,24.839301725806411],[93.924340522870722,24.839256548394637],[93.924249411243053,24.839227245594916],[93.924168187371691,24.839207722075987],[93.92409153772175,24.839196362906627],[93.923996440269136,24.839192656950889],[93.92389612360472,24.839201568853035],[93.923503115159505,24.839277125159683],[93.923399174691255,24.839297107631879],[93.923274364562289,24.839303331773504],[93.923121880034387,24.839322511258082],[93.922856801567079,24.839373778273991],[93.922567755149686,24.839454982255496],[93.922347193594604,24.839554183577633],[93.922079133618908,24.839711412227782],[93.92194031156815,24.839801390076477],[93.921824027349572,24.839867236890044],[93.921804857301382,24.839872622153983],[93.921641037831236,24.839918645526435],[93.921400654051112,24.839972545415051],[93.921135457904512,24.84003200988278],[93.920835174461232,24.840061558684397],[93.920743304655431,24.840066496391422],[93.920467431133346,24.840030209905883],[93.920375551446085,24.840013198166503],[93.920259930184201,24.839981035798917],[93.919829315566218,24.839827346310393],[93.919761631102816,24.839798011852679],[93.919687702449892,24.839777153112085],[93.919609304678403,24.8397622478372],[93.919249597679084,24.839734925299588],[93.91910063005551,24.839738098907695],[93.919094923058523,24.839829660686643],[93.919094993127132,24.839846933317837],[93.919099990455052,24.83985717151641],[93.919102117665645,24.839859308176724],[93.919096501398485,24.839884832338317],[93.919092655710742,24.839911344526396],[93.919091065692683,24.839986551491059],[93.919098515421339,24.840029702031959],[93.919101938002584,24.840048737112394],[93.919109358985139,24.84012681107415],[93.919109505410546,24.84017996495869],[93.91910641790092,24.84019908887343],[93.919092478742655,24.840257841557953],[93.919062778642711,24.840336293642892],[93.919050172584321,24.840360156318823],[93.919014364838787,24.840450723903729],[93.918973563358577,24.84053029677143],[93.918934586356727,24.840587137647077],[93.918838434281966,24.840696404183209],[93.918749744512297,24.840777548602439],[93.918545138833295,24.840942277177646],[93.918331575154269,24.841114030925624],[93.918177955155841,24.84123832763613],[93.917945781079084,24.841416815322464],[93.917362407947053,24.841803904869334],[93.917205156958246,24.841933960235544],[93.917144100265034,24.841980410818405],[93.91702071845738,24.842062853814287],[93.916953650238256,24.842098272338195],[93.916818257955285,24.842144664165488],[93.916552454547556,24.842203630322075],[93.916482377870551,24.842212578691086],[93.916365886141151,24.842236945609368],[93.915693605847125,24.842314289409213],[93.915678266215323,24.842315926314516],[93.915596923766344,24.842325637694916],[93.915289323545068,24.842353741429406],[93.915235521646068,24.842358657034804],[93.915205666137609,24.84236384572921],[93.915179568281999,24.842374043775173],[93.915135713428128,24.84240585335829],[93.915085761708426,24.84245410126011],[93.914950453867093,24.842566044047896],[93.914774939230213,24.842711251352267],[93.914700318874537,24.842757794574915],[93.914639006161437,24.842785903917598],[93.914456605039618,24.842847866401165],[93.914396957803092,24.842868128721641],[93.914345191486518,24.842872184283056],[93.914248434845575,24.84287976553318],[93.913945798714565,24.84292496770842],[93.913869491322757,24.842945988140873],[93.913832482529699,24.84295269876602],[93.913742370726922,24.842955343234838],[93.913719554417014,24.8429523376379],[93.913673175297205,24.842937274598967],[93.913649613385601,24.842925216340738],[93.913608957432487,24.842891924063981],[93.913577198393952,24.842859485280446],[93.913556159849989,24.842835423365244],[93.913544436835537,24.842815690911987],[93.913530304539464,24.842780553018315],[93.913521527100826,24.842758756497904],[93.913512749662189,24.842736959973625],[93.913498541009332,24.842681303740438],[93.913433366438852,24.842510946143388],[93.913422675588663,24.842481935952446],[93.913417397986336,24.842442689401263],[93.91341806992618,24.84242987541267],[93.913418702340167,24.842407076145182],[93.913415772035691,24.842366584772812],[93.913412209317286,24.842348893484708],[93.913396567851549,24.842313049502348],[93.913376227298571,24.842287066073215],[93.913370156483893,24.842275461813621],[93.913365376548271,24.842244578255499],[93.913368758705289,24.842194046102133],[93.913375331678225,24.842177131668134],[93.913457264320371,24.841995963905333],[93.9134941248914,24.841931610030091],[93.91355808943122,24.841845259717328],[93.91357608717793,24.841816943101446],[93.913586120461318,24.841795069782926],[93.913602531783269,24.841762293220949],[93.913609076908415,24.841751024772741],[93.913625769403041,24.84171365375542],[93.913633606305552,24.841681373626283],[93.913636652492713,24.841658280750295],[93.913636888749622,24.841596163598986],[93.913627760968012,24.841563453830474],[93.913618578389176,24.841545062173392],[93.913599293356654,24.841502602632868],[93.913589402007077,24.841484475905897],[93.913550050407736,24.841430705476938],[93.913529522106856,24.841403122444301],[93.913524889494923,24.841396896777866],[93.913513652469035,24.841384473976039],[93.913504848979272,24.841376212759137],[93.913492935521973,24.841366237180008],[93.91348982555445,24.841364522818338],[93.913480080630251,24.841359920209566],[93.913315338590309,24.841305103826766],[93.913129057644767,24.841232655481551],[93.913047817603726,24.84119843423759],[93.912885195587847,24.841114674933458],[93.912858453640141,24.841099080975741],[93.912823859518554,24.841072982348532],[93.912693381918515,24.840957752950978],[93.912656483618207,24.840921621614946],[93.912585001077758,24.84083512956763],[93.912574228480906,24.840815559020612],[93.912558251943565,24.840759980997927],[93.912556683485093,24.840737065664111],[93.91257334992855,24.840658418184546],[93.912614397547145,24.840549771984744],[93.91262082858627,24.840527740292796],[93.912627012588686,24.840498278014056],[93.912627423118764,24.840474175694794],[93.912624988684328,24.840463622878474],[93.912617011644613,24.840445613388759],[93.912611515751706,24.840438358886431],[93.912582802900275,24.840412155773702],[93.912502432428454,24.840363943760067],[93.912427413220755,24.840315901290285],[93.912356291803079,24.84027646981583],[93.912343207840962,24.840267703912875],[93.912326550380641,24.840252781577739],[93.912315056436597,24.840240452409706],[93.912301729929339,24.840222010013296],[93.912295368060498,24.840210010185277],[93.912291297793956,24.840195921798777],[93.912290104831285,24.840179141600689],[93.91229406370671,24.840165265979444],[93.912302261731995,24.84015079688659],[93.912318438593616,24.840134571837819],[93.912328450317474,24.840127173840951],[93.912351552291639,24.840115991655747],[93.912396574955366,24.840095039219992],[93.912512348930889,24.840043239357552],[93.912734988289202,24.839943625117193],[93.91274436041256,24.839934856744996],[93.91275938743064,24.83991142604718],[93.912765041427051,24.839896763720365],[93.912771652129209,24.83985501284544],[93.912770712491422,24.839832837553139],[93.912758507979945,24.839781486760899],[93.912741405853581,24.83974602925915],[93.912704925269907,24.83968955484135],[93.912622220974939,24.839539448654836],[93.912599163018243,24.839508611696203],[93.912553784621664,24.839428510730222],[93.912540594658353,24.839388390934854],[93.912538008408646,24.839355902320349],[93.912538822282286,24.83934192470538],[93.91254425978471,24.839301519557846],[93.912569590479094,24.839218766572372],[93.912597975445451,24.839133761098516],[93.912607139159633,24.839113353873969],[93.912628494808899,24.839075242661821],[93.912659251327582,24.839030584458374],[93.912669955652504,24.839009844609659],[93.912685094959997,24.838974356723959],[93.912693784363753,24.838945464725331],[93.912695017750636,24.838911056164921],[93.912692718961821,24.838888391574866],[93.912684462546025,24.838858553907166],[93.912668829165142,24.838825745589386],[93.912645623884728,24.838791777211803],[93.912637202178928,24.838782517998546],[93.912633257676546,24.83877981311463],[93.912617883010455,24.838771608788935],[93.912610396450887,24.838768814231155],[93.912535757230543,24.838754799865207],[93.91241156334587,24.838729472752757],[93.912336601630372,24.83871790076822],[93.911993987774252,24.838695523098714],[93.911790012712586,24.838682200027513],[93.911719991731132,24.838676334549621],[93.911480223296977,24.838676334549621],[93.911413638371499,24.838680593237125],[93.911351581853339,24.838693392124814],[93.911253185787004,24.838727237431829],[93.91121812723641,24.838744992009207],[93.911177654539614,24.838778754150159],[93.911133963179111,24.838820022780897],[93.911099182207963,24.838863811226311],[93.911028282674152,24.838990194698287],[93.910999960589891,24.839056481343377],[93.910991056488797,24.8390773206403],[93.910947987660791,24.839149150685444],[93.910911786453156,24.839198977292817],[93.910872301903169,24.839240769149676],[93.910855025503622,24.839257099477976],[93.910795855272468,24.839289152795292],[93.910766429158727,24.839299836145607],[93.910645154798743,24.83933683126406],[93.910575826418381,24.839363672914896],[93.910467680037939,24.839413361665262],[93.910428862037904,24.83943620958166],[93.910153753880437,24.839626592144835],[93.910111691165582,24.839664775740836],[93.9100821815085,24.839701100648341],[93.910070846566242,24.839720925716783],[93.9100663064808,24.83972886666708],[93.910051337853218,24.839767104850523],[93.910044250145617,24.83980535198944],[93.910039322886306,24.839916117567466],[93.910027547769559,24.839978423059634],[93.909999630825453,24.840043315171798],[93.909977270859741,24.840081279348674],[93.909864091218779,24.840226145551579],[93.909768985681339,24.840338907189835],[93.90954775577967,24.840570423533485],[93.909188995604666,24.840917961362148],[93.909145050020967,24.840959159172407],[93.908812477533104,24.841178800162478],[93.908678584538336,24.841282707875433],[93.908620260520166,24.841332161078309],[93.908557373958701,24.841393709353937],[93.908422638344192,24.841548321330787],[93.908418271633593,24.841554763831954],[93.908399475284583,24.841586873617999],[93.908391871045737,24.841602470775037],[93.908374330541463,24.841642231981567],[93.908364461649754,24.841678473158705],[93.908361276223786,24.841708758504296],[93.908359308913305,24.841740639995631],[93.908360076972855,24.841790732128636],[93.908367406327272,24.841839524820529],[93.9083756007593,24.841873973326571],[93.908379821044491,24.841881967126405],[93.908400770655234,24.841912524697172],[93.908554026835944,24.842091021193518],[93.908587601369703,24.842132022151727],[93.908669216008221,24.842241743016515],[93.908675986610518,24.842256305612029],[93.908682224511836,24.842287502200975],[93.908683309676718,24.842310416432511],[93.908677255930016,24.842341167097949],[93.908674802630983,24.842349849704529],[93.908667528073778,24.842370040369701],[93.90865447195948,24.842391378005853],[93.908646237103241,24.842401206767882],[93.908608233875171,24.842441761713854],[93.908591434481025,24.842457006600657],[93.908536442314272,24.842504354512091],[93.908385502888663,24.842626345284664],[93.908192966973814,24.84276909879976],[93.908133853336537,24.842805662461632],[93.907938149063682,24.842913383073167],[93.907767422447307,24.842993517652001],[93.907696334267314,24.843024630906015],[93.90761909622087,24.843053561081401],[93.907565172150967,24.843072864708436],[93.907520818732152,24.843084464002114],[93.907504377765804,24.843086433493429],[93.907496224656327,24.843086234587862],[93.9074717976671,24.843082187185317],[93.907463675998613,24.843078536778666],[93.907450433034711,24.843069419728597],[93.907427748777138,24.843050225336071],[93.90741830748351,24.843040147178328],[93.907402871731975,24.843025737930233],[93.907324787472547,24.84295621874638],[93.906992646176022,24.842705382804592],[93.906913825298048,24.842652147670492],[93.906749559365196,24.842562949585755],[93.906501085357618,24.84241385446046],[93.906422418989862,24.842358657849996],[93.906397007447097,24.842335416735487],[93.906333621422334,24.842267306631182],[93.906276154396991,24.842168372421291],[93.906248948918588,24.842129014089224],[93.906209964730209,24.842087777539099],[93.906184098639926,24.842060416385571],[93.906156602107416,24.842040422946745],[93.905849194125608,24.841798981905157],[93.905823400798852,24.841784649140919],[93.905811047167063,24.841779593299098],[93.905796423492546,24.841775946929971],[93.905787106166429,24.841775556451363],[93.905769393185651,24.841779233797912],[93.905757394388388,24.841783485041912],[93.905507001579366,24.841953483324435],[93.905472361643689,24.84197273413546],[93.905455372705049,24.841980000775749],[93.905425881912578,24.841985299537217],[93.905400767712194,24.84198661036924],[93.905386357836704,24.841985850608378],[93.905365189037042,24.841982004522805],[93.905347367360093,24.84197504765638],[93.905255449045285,24.841899515822178],[93.905190277169723,24.841833341566208],[93.905013483331928,24.841628272559117],[93.904946156398012,24.841543460311375],[93.904856804569988,24.841414164299184],[93.904786869826793,24.841320863243784],[93.904740416146808,24.841270201911854],[93.904396084711891,24.84098897676887],[93.904360897702205,24.840946623828888],[93.904335018137189,24.840906405071042],[93.904326424853195,24.840881320513674],[93.904323297817669,24.840856791918593],[93.904326742856796,24.840833488566727],[93.904336371000014,24.840812337343202],[93.904439405966471,24.84067784120473],[93.90448807309528,24.840614314075239],[93.904547272970831,24.840518547240851],[93.904572052997949,24.840466075012305],[93.904582639643579,24.840424641443892],[93.904588625118294,24.84033773900121],[93.904588625118294,24.840286077010013],[93.904581385595421,24.840247357200479],[93.904550055951574,24.840181018204767],[93.904531296433504,24.840156077791839],[93.904519078447336,24.840144990173162],[93.904482003178941,24.840119104113619],[93.904388091502497,24.840091532201576],[93.904335769128764,24.840086570039357],[93.904289116921106,24.840093060713805],[93.904256498194826,24.84010395920923],[93.904213146397538,24.840123335849675],[93.904169367002169,24.840140321487301],[93.904150926386009,24.840145981463852],[93.904105556074271,24.840155224271022],[93.903963596208229,24.840178437262733],[93.903784137068982,24.840194456058679],[93.903592414129491,24.840221748332283],[93.903396930842177,24.840259274689089],[93.903082824123288,24.840303614519204],[93.903032287600382,24.840307817716777],[93.902970114301226,24.840309668232358],[93.9028534267391,24.840313140190755],[93.902815260017618,24.840309521495421],[93.902727014015682,24.840282221089161],[93.902683068431969,24.840266541430012],[93.902651198900656,24.840248729191313],[93.902635205295326,24.84023791304439],[93.902527881771704,24.840145155660029],[93.902494553376343,24.840110919441653],[93.902462510470158,24.840067993926102],[93.902447428654853,24.840043352671302],[93.902430880789026,24.840011601991101],[93.902425451371428,24.839985266724508],[93.902421264323891,24.839892165133051],[93.902424871059779,24.8398311704523],[93.902445206222836,24.839747100443518],[93.902455226929845,24.83972181347935],[93.902482334491864,24.839672243058136],[93.902608659180373,24.839492710201789],[93.902757940315965,24.839280553125619],[93.902792722185438,24.839235359401876],[93.902838121243292,24.839172730711461],[93.902848738431615,24.839155294943648],[93.902883085516507,24.839098891995061],[93.902902574466594,24.839071123389349],[93.902947307872793,24.839017842670522],[93.902948113661623,24.839016767403773],[93.902949206012991,24.839014749750106],[93.902949491677276,24.839013808178382],[93.902949753985325,24.839011188896972],[93.902949882444403,24.839008796244894],[93.90294979800278,24.839007325599464],[93.902949328183865,24.839006060387838],[93.90294878919471,24.839005268000157],[93.902913062297543,24.838962871175021],[93.902907730796329,24.838956544299304],[93.902905095139289,24.838954327732438],[93.902901806407044,24.838952633717682],[93.902898762914845,24.83895178426468],[93.90288917699246,24.838950298944713],[93.90282739895207,24.838940727516263],[93.90269929200602,24.838927292787069],[93.902627067457146,24.838925178936638],[93.902526025852339,24.838919790370618],[93.902463042272799,24.838912681702208],[93.902318015558393,24.838887849457247],[93.90212897319168,24.838849725947444],[93.901929549893566,24.838791486180043],[93.901873416866408,24.838770629715455],[93.901860535025236,24.838763067778803],[93.901854254903085,24.838758259639004],[93.901841975831459,24.838747307220871],[93.901839748009564,24.838744368369401],[93.901836646126895,24.838737675450808],[93.901835771167782,24.838733922198848],[93.901835134262271,24.83872912139487],[93.901835730743613,24.838722933093859],[93.901838131940352,24.838714346428279],[93.901838706862122,24.838712290454517],[93.901839544990281,24.838709900242357],[93.901840060623286,24.838708887744527],[93.901840674172604,24.838708145083089],[93.901841224839885,24.838707619269005],[93.90184399434591,24.838705300795681],[93.901868588421735,24.838683854915569],[93.901889701525889,24.838669255215009],[93.901918335325576,24.838653538666794],[93.901961957515766,24.838629595770669],[93.902004298708349,24.838606355586361],[93.902039721974958,24.83859054528029],[93.902180434979371,24.838541024134241],[93.902278513940402,24.838505805135739],[93.902315149932662,24.838490019273326],[93.902322222368866,24.838485795633584],[93.90239572881363,24.838441901891404],[93.902457572431047,24.838400273623591],[93.902565507707394,24.838306557795821],[93.902573768614729,24.83829938550517],[93.9026373082514,24.838249344133107],[93.902662608403091,24.838232503344916],[93.902726361838788,24.838200011166151],[93.90350782067749,24.837868724477939],[93.903936905464533,24.837639069125636],[93.904101148041192,24.837538354844579],[93.904137632218138,24.837512233455527],[93.904153002392633,24.83749905862765],[93.904170752204351,24.837479448422371],[93.904195036361415,24.837442160898632],[93.904201570706775,24.837424484395932],[93.90421407256062,24.837361355871884],[93.90421350482535,24.837333579539386],[93.90420545322543,24.837239243332792],[93.90417984046006,24.83712778078673],[93.904134573454584,24.83701830077182],[93.904086413873898,24.836941706117308],[93.904038453719181,24.83690604644093],[93.903950605670914,24.83684072958075],[93.903804864795831,24.836764085902658],[93.903248124915365,24.836471732410367],[93.903203942176447,24.836454015007543],[93.903156363805707,24.836439469664455],[93.90313638168054,24.836433361141577],[93.903088620951834,24.836428481986211],[93.90306084234831,24.83642971135404],[93.903022499557039,24.836434500018743],[93.902885712190411,24.836465390733203],[93.902492055161559,24.836603034158632],[93.902373650020579,24.836638005053565],[93.902324098949506,24.836648514988873],[93.902266212410922,24.836656372167685],[93.90222246984645,24.836659932273314],[93.902202462568468,24.836656240100545],[93.90219248857386,24.83665216721564],[93.902159923746467,24.836626873912625],[93.902121957349308,24.836575279667166],[93.901896993151041,24.836152987525075],[93.90184492050895,24.836021365728037],[93.901830475599184,24.835968051087118],[93.901806620836837,24.835843876260824],[93.901741142635771,24.835392391234262],[93.901733346157428,24.835293407506363],[93.901727406496747,24.83499887221949],[93.901742843146607,24.834521112901569],[93.901754760197178,24.8343794871395],[93.901769005680933,24.834330076812627],[93.901800303883746,24.834279533275733],[93.901829559317619,24.834251036390402],[93.901847938848334,24.834237820453168],[93.901876496291194,24.834226270875654],[93.90202226501404,24.834193687968362],[93.902569813332548,24.834082680848468],[93.903629569347927,24.83388092847127],[93.903892756861552,24.833851370857072],[93.904083081124185,24.833808970636284],[93.904162432906503,24.833786181194384],[93.904313491808054,24.833727647185778],[93.904376149299082,24.833693166248398],[93.904403390710101,24.833672409200467],[93.904457047082005,24.833621571090156],[93.904509360472588,24.833555581546655],[93.904553968114655,24.833490155305711],[93.904593855109908,24.83338956075217],[93.904599481258515,24.833347184830796],[93.904599481258515,24.833294082634097],[93.904587163559356,24.833242378571221],[93.904574075105643,24.833213032770008],[93.904544048917302,24.833161327858026],[93.904527111182588,24.833138968750148],[93.90448674897857,24.833091146040299],[93.904453964962258,24.833060170512866],[93.904337714879688,24.832974072446749],[93.904080567638019,24.832818958161848],[93.903878853635902,24.832698779003845],[93.903751049422127,24.832600958938301],[93.903658661288404,24.83251851045577],[93.90358475060178,24.832447241536247],[93.903521618800241,24.832367587653739],[93.903375337139394,24.832086702629908],[93.903284488718057,24.831914818143883],[93.903280498401585,24.831906539989753],[93.903251383104902,24.831852632512842],[93.903239834363603,24.831835163918829],[93.903229971760098,24.831823229313976],[93.903221732412334,24.831816083551338],[93.903213769745619,24.831811747993122],[93.903204863847904,24.831809715547308],[93.90285963589433,24.831791917581732],[93.901736077934203,24.831720311540945],[93.901692331776474,24.831714983805945],[93.90160302306758,24.831302737894489],[93.90156991745441,24.831177562950142],[93.901408268313986,24.830594154518536],[93.901991657615667,24.830432318611212],[93.902916130044233,24.830199972927421],[93.902899121342642,24.830154047850826],[93.902866838586306,24.830066882202704],[93.902731987987409,24.829713919237047],[93.902609285306113,24.829445343762913],[93.902537106571359,24.829309963743167],[93.902509363002139,24.829235908802531],[93.902496205378156,24.829171961639993],[93.902496205378156,24.829061039698637],[93.902505829928117,24.828748791462527],[93.902517859268087,24.828290243845711],[93.902519778069518,24.82821707777093],[93.902528512389026,24.828182066994344],[93.902536759821658,24.828165599867859],[93.902552330320475,24.82814232184673],[93.902576637833761,24.828117503747158],[93.902591338763358,24.82810562503872],[93.902642968536014,24.828071887706869],[93.902742721956727,24.827991194781024],[93.902773652748593,24.827954724577843],[93.902793662721564,24.827927087994858],[93.902818602648793,24.827877550354199],[93.902829144378657,24.827831670072445],[93.902833037677084,24.827757453636071],[93.902830631988749,24.827687579380321],[93.902812715090406,24.827599049648512],[93.902802372786567,24.827511131320435],[93.902790826740201,24.827108977774031],[93.90278412171493,24.827052345132017],[93.902774855592767,24.827015614574023],[93.902763988672788,24.826986211857204],[93.902747434518702,24.826962411826887],[93.902735217430845,24.826950797162581],[93.90272232211494,24.826943343753261],[93.902713616541547,24.826941001416159],[93.902704477980137,24.82694236540155],[93.902632664859695,24.826971208837804],[93.902308598519255,24.827082569647619],[93.901590670334087,24.82732927437166],[93.900268897309871,24.827845985700506],[93.900218729994535,24.827861686499659],[93.900124976421608,24.827883255732189],[93.900085189139318,24.827885187146855],[93.900027242413628,24.827883617719579],[93.89996569524024,24.827872412415722],[93.899942489959827,24.827862244971296],[93.899902738610166,24.827836737082631],[93.899854502672696,24.827797195646056],[93.899785062901216,24.827728075554031],[93.899137710856351,24.826981983748581],[93.899072751881505,24.826902698124243],[93.899048996832164,24.826865360943419],[93.899020086351371,24.826809802747459],[93.899010713329687,24.826757927211073],[93.89900892208901,24.826720621783085],[93.899025238189523,24.826653060749603],[93.899041327914574,24.82661422742671],[93.899054932899546,24.82659278271338],[93.899090718187182,24.82655143907618],[93.899558108934556,24.826132139134298],[93.899617065366684,24.826083414443847],[93.899876902164294,24.825857755031098],[93.899932872596409,24.825812601249144],[93.900012979861827,24.825742518809641],[93.900055658821003,24.825692034545604],[93.900138979360221,24.825577204190402],[93.900297033442897,24.825374965079114],[93.90051139482587,24.825138875809959],[93.900592722003495,24.825042152065699],[93.900607260338049,24.825018985969688],[93.900673475157646,24.82492149737438],[93.90071544983762,24.824849196795927],[93.900756701373794,24.824762176615256],[93.900790901134954,24.824677695242592],[93.900833370786629,24.824530216533443],[93.900840456697608,24.824496130090576],[93.900842654875106,24.824435518358278],[93.900830360532126,24.824368816230368],[93.900793971576604,24.824263217227593],[93.900769919184853,24.824208909366899],[93.900752666141543,24.824183916817848],[93.900645885200319,24.824051736853971],[93.900580537254996,24.823990005480081],[93.900450895088113,24.823903036875766],[93.90030358485626,24.823797698376332],[93.900178737896383,24.823716313725086],[93.89974040405518,24.823486905253965],[93.898900413687514,24.823137480768278],[93.898490919360199,24.82297547449884],[93.898340421007418,24.822931002088588],[93.89823912517933,24.82291530555629],[93.898166683238159,24.82291137082375],[93.898136443250777,24.822913975769978],[93.89808716436923,24.822913975769978],[93.898003911203645,24.822922689905869],[93.897934846029671,24.822940405168168],[93.89781158369793,24.822981534766495],[93.897761248397643,24.823003937289617],[93.897739968206864,24.8230166432208],[93.897671266850566,24.823069944685738],[93.897569730273986,24.823178267867604],[93.897463234997076,24.82330843248457],[93.897242413828891,24.823620214216511],[93.897161330094704,24.823734699062207],[93.896954018690053,24.823990084565398],[93.89692909852576,24.824017901395621],[93.89666926172815,24.82431878553432],[93.896413904828833,24.824660328365287],[93.896184801193726,24.825006884385548],[93.896128307942135,24.825084207152969],[93.896091510253171,24.825135753191855],[93.896066708666496,24.825180773510574],[93.896035349378224,24.825255993499901],[93.896032253783773,24.825262950490547],[93.896005707668806,24.825322610358437],[93.895981379494273,24.825370123807257],[93.895967021721091,24.825391675537006],[93.895885696340102,24.825506156299454],[93.895861075314784,24.825531609227586],[93.895816216144468,24.825571125297824],[93.895787983891722,24.825594200792032],[93.8957351925974,24.825634127754377],[93.895676953919207,24.825670720936138],[93.895620563075568,24.825699966612117],[93.895584253171805,24.825722102855384],[93.895547035071246,24.825750007349164],[93.895464156503138,24.82582929371139],[93.895361055959668,24.825922865707192],[93.895333863956026,24.825942830767605],[93.895282330303104,24.825974470098618],[93.895257049914392,24.825985644592798],[93.895161548219889,24.826019433856846],[93.895125899476184,24.826029414749055],[93.895068715420109,24.826040060924491],[93.895036148796137,24.826040626742039],[93.894959159583038,24.826031568769295],[93.894914367786328,24.826018807707076],[93.894814564059942,24.825967535161034],[93.894624166135472,24.825871986096111],[93.894427048812673,24.825786600496674],[93.89420529159996,24.825680886114593],[93.893914094615781,24.825565006455129],[93.893526579368512,24.825463357799254],[93.893210743392714,24.825414565990865],[93.892809788450464,24.825355609774213],[93.892644474183683,24.825306760036781],[93.89261490883105,24.825296430951553],[93.892593396874958,24.825286709266919],[93.892542713926616,24.825261153560142],[93.892517896170276,24.825247008847189],[93.892502911373029,24.825235663072444],[93.892431937279056,24.825171246674735],[93.892413038522108,24.825150246868041],[93.892362838867385,24.825077074861625],[93.892323420792707,24.825030955473128],[93.892225155880411,24.824936815350327],[93.892061764008346,24.824796760322311],[93.892025665208649,24.824771533898602],[93.891956550627327,24.824729112632021],[93.891492684869107,24.824487523686219],[93.891001448342507,24.824240373033714],[93.890527723574053,24.824050523669502],[93.890406474366912,24.824023132439621],[93.890330437368007,24.824017110542634],[93.890235490832353,24.824025396561932],[93.890183835906896,24.824032930862781],[93.889957667966129,24.824052265176228],[93.889933912018421,24.82405265734138],[93.889853266662115,24.824062196492925],[93.889710235105937,24.824093352009108],[93.889627122975853,24.824120444004073],[93.889549513026893,24.824156616117033],[93.889492604753627,24.824185931451982],[93.889404165613925,24.824238977221455],[93.88937263474746,24.824262708473672],[93.8892714691751,24.824327462067071],[93.889180376412028,24.824368799924162],[93.889098078155584,24.82439612666812],[93.889019302193375,24.824413321552122],[93.888869686884505,24.824424638051031],[93.888741465852405,24.824424638051031],[93.888674685992498,24.824415214701357],[93.888543616402671,24.824379968040741],[93.888374429498697,24.824349256940707],[93.888205241696397,24.82432971395416],[93.887940694133405,24.824321338271094],[93.887763584088631,24.824317144314492],[93.887594355862163,24.824306581152655],[93.887479227775344,24.824283449977393],[93.88742390413023,24.824268291721584],[93.887206247726809,24.824188333358901],[93.887146633727923,24.824158924263717],[93.887092158990782,24.824117238198497],[93.887035577704296,24.824065305277831],[93.886927178897281,24.82393580022903],[93.886868628503692,24.82384481127588],[93.886476454593335,24.823151527068646],[93.886301115127978,24.822847207597114],[93.88611347053984,24.822447960208354],[93.885938131074496,24.822023584834472],[93.88589198910995,24.821923074728904],[93.885857201850541,24.821865610528604],[93.885843927445606,24.821846487858775],[93.885833003931737,24.821833809528673],[93.885826904370973,24.821827955482551],[93.88580909527046,24.821813778579813],[93.885786901493063,24.821801096169725],[93.885778857079686,24.821798422712604],[93.885984793163615,24.821741042433199],[93.886043304929657,24.82172986184877],[93.886106437629508,24.82172986184877],[93.886177267993006,24.821742439904249],[93.88627427616224,24.821760607842009],[93.886406698614906,24.821785763945449],[93.886577617470749,24.821816509924759],[93.887014921842635,24.821887784962183],[93.887402951824569,24.821967445585305],[93.887995776131703,24.822070864735135],[93.888770298179764,24.822214811941983],[93.88903052484622,24.822274907030334],[93.889132152152627,24.822293074889956],[93.889210681976451,24.822307050352958],[93.889313848995272,24.822316833420697],[93.889432413138039,24.822325218207887],[93.889835842040569,24.822379722572013],[93.890179218566331,24.822434226912133],[93.890310102204907,24.822448202359197],[93.890470241277342,24.822464972730504],[93.890812078090732,24.82252367023527],[93.891104640514143,24.822569788926703],[93.891295576529487,24.822606125372115],[93.891511148841474,24.822646654189551],[93.89165743050232,24.822669625867476],[93.891710361035507,24.822684911509043],[93.891734420613759,24.822700197148741],[93.891741638577074,24.82273295185162],[93.891741638577074,24.822763523117271],[93.891727202650443,24.82280501314586],[93.891633370924069,24.823032113081606],[93.891513073931122,24.823353110219156],[93.891455331122955,24.823486312519343],[93.891395182626496,24.823591127851259],[93.892463421433121,24.824141405665724],[93.89255965884783,24.824195996468983],[93.892593342077731,24.824215648728295],[93.89268755918134,24.823996673921187],[93.892696797455727,24.823981301203055],[93.892712195478012,24.823974313158555],[93.89275377040768,24.823971518266752],[93.892804583611721,24.82397850631143],[93.893212631651437,24.824079128077518],[93.893887066105506,24.824259408911033],[93.894504527607637,24.824382391141949],[93.89457689858186,24.824383788583216],[93.894655428405684,24.824385186024493],[93.894729339092308,24.824380993700686],[93.894790931181433,24.82436422358877],[93.894863302155699,24.824333477426478],[93.894923354532423,24.82426499868156],[93.895154324866709,24.823951953207157],[93.895548514596541,24.823450238863867],[93.896221504559605,24.822619402069204],[93.896250376412851,24.822597565309788],[93.896293683294388,24.822591014199674],[93.896351426102527,24.82260629985096],[93.896794119467799,24.822894542625161],[93.896986595195514,24.82265215679347],[93.897044338003681,24.822591014199674],[93.897094862848505,24.822551708347103],[93.897145387693357,24.822525503894877],[93.897203129603184,24.822505851367406],[93.897253654448036,24.8224949325705],[93.897311397256189,24.822488382270294],[93.897388387367585,24.822477463471845],[93.897482219093973,24.822484014587964],[93.897573645131999,24.822484014587964],[93.897754090621433,24.822492749137126],[93.898158289380163,24.822514585915027],[93.898408507916045,24.822558259459264],[93.898673161480232,24.822630320039817],[93.899255400040019,24.822863971391861],[93.900285143341776,24.823276682404735],[93.900463183142918,24.823366212358419],[93.900862569626653,24.823591127851259],[93.901004520509545,24.823691575454728],[93.90105263966602,24.823739615406883],[93.901098352235891,24.823864083654893],[93.901353382148429,24.824492969952029],[93.901384659690009,24.824604335436074],[93.901449620461435,24.824709149006608],[93.901533828536188,24.824833616280326],[93.902142532362603,24.825495252442487],[93.9028474736037,24.826204924066129],[93.902889426724116,24.826230445335678],[93.902911982522568,24.826247504625588],[93.902960853568999,24.826254327851707],[93.902994686817507,24.826254327851707],[93.903032280413839,24.826227033314364],[93.903178891756426,24.825087461851851],[93.903502190935612,24.823265491359788],[93.903848045014925,24.821723278079702],[93.904254048489037,24.82030046641146],[93.904566069319841,24.819358740642159],[93.904779638388746,24.818753035503565],[93.904836611340698,24.818620264324956],[93.904876646557966,24.818540601549486],[93.904942857784292,24.818414818501697],[93.905055263077486,24.818254095940286],[93.905231763166185,24.817998684750794],[93.905402585902308,24.817773759104316],[93.90561671462163,24.817513892639411],[93.905946328957242,24.817153573621507],[93.90623263641136,24.816858765261063],[93.906571874398608,24.816548670617699],[93.906992913873964,24.816218920858137],[93.907534251240577,24.815777797717629],[93.908580987074274,24.815086764450815],[93.909759364724621,24.814375713117069],[93.90999803362088,24.814255516063433],[93.910067325170331,24.814228960875209],[93.910144315281769,24.814214984500989],[93.910239782840264,24.814206599164912],[93.911009684852843,24.81419961056903],[93.911088214676667,24.814192622788134],[93.911119010721237,24.814191225231923],[93.911137489066633,24.814182839078892],[93.911149806765792,24.814170260255931],[93.91116212536329,24.814149296091756],[93.911175983673175,24.814107366937414],[93.911188302270673,24.813988567181969],[93.911217558602843,24.813021395021973],[93.911301958917036,24.811340269863223],[93.911309176880351,24.811263834638339],[93.911311582568686,24.811228893271497],[93.911326018495302,24.811191767446914],[93.911345265798587,24.811154641611175],[93.911362107413524,24.811115332130441],[93.911390979266741,24.811071654552613],[93.911439097524934,24.811032345045582],[93.911496840333086,24.811003955336588],[93.911564206792889,24.810984300166204],[93.911708563364087,24.810966829444602],[93.912326890842152,24.810964644992676],[93.913270021279175,24.811006138972406],[93.913507547518364,24.811016466802904],[93.91374593883522,24.811021293143085],[93.913760688273868,24.81102134288237],[93.913814333866,24.811021523085294],[93.913913444092969,24.811021856583018],[93.914027716085343,24.811022388222451],[93.91403866654862,24.811022439592531],[93.914290140929282,24.811023609688487],[93.914634191191524,24.811030161410194],[93.915019141748658,24.811052000208345],[93.915423340507374,24.81108694162506],[93.915909340754183,24.811095677793109],[93.916210084134889,24.811091309709155],[93.916359252082756,24.811089126074837],[93.916519489969872,24.811111502209393],[93.916638660475485,24.81114028246898],[93.916699127873883,24.811160863905585],[93.916793144653198,24.811197852752812],[93.917251724724281,24.811378268116549],[93.917150682221134,24.810604549105086],[93.917016075065689,24.809986268404582],[93.916809163411344,24.809029723247853],[93.9167105203083,24.808337424337122],[93.916684055041713,24.808208573121206],[93.916590223315353,24.807605810965981],[93.916669328060962,24.80760170695525],[93.921115802766082,24.807583971560636],[93.923540993521783,24.80751845332146],[93.927146613679923,24.807476840753477],[93.927154687737712,24.807531101314893],[93.927159617691984,24.807572642107669],[93.927231513457457,24.808182483055568],[93.927242086628311,24.808248496716754],[93.927276449882882,24.808409897634146],[93.927286854170504,24.808458766264927],[93.927314409991865,24.808533252748816],[93.927437519609953,24.808806339574918],[93.927447947253782,24.808850344115918],[93.927459133974011,24.80891590812956],[93.927462306823585,24.809005970323412],[93.927453092803745,24.809160314510784],[93.927426071479971,24.809255385587754],[93.927393450058744,24.809325390920268],[93.927344481994297,24.809407032908645],[93.927281166038142,24.809527533919393],[93.927255778749881,24.809577330858538],[93.927202414330438,24.809667964171961],[93.927164803666116,24.809735249891325],[93.927132883829131,24.809822888919314],[93.927036319427671,24.810299204024322],[93.926997531970329,24.810544763916472],[93.926989466895691,24.810576466704195],[93.926968966442601,24.810621018565911],[93.926935393705506,24.810655713037818],[93.926916159876953,24.810670113821569],[93.926813374642137,24.810718683124875],[93.926397827466431,24.810829358116429],[93.925993330467037,24.811022489331791],[93.925713957108627,24.811166322172813],[93.925523246570435,24.811293435966398],[93.925492017537906,24.811313679803675],[93.924939788996767,24.811739527768371],[93.924731188509682,24.811900388427087],[93.924548051667685,24.812088129055301],[93.92446714669822,24.812169757808306],[93.924344550916487,24.812293448382988],[93.924329802376135,24.812318146529019],[93.92432758982558,24.812349180244027],[93.924335975598751,24.812380514829737],[93.924340491429703,24.812391649780679],[93.924361146393025,24.812415430594868],[93.92442454499421,24.812465104880836],[93.924473388192823,24.812501882153263],[93.924804608716173,24.812731536011992],[93.924882815146503,24.812785760026788],[93.924951487756701,24.812841630282044],[93.924984867356045,24.812873528174748],[93.925044604424102,24.812945040741695],[93.925095706885685,24.813021845929732],[93.925315000917891,24.813494618137934],[93.925371810376461,24.813620446134099],[93.925438429437946,24.813761394407553],[93.92548035021899,24.813825663446778],[93.9255121011727,24.813867142607148],[93.925565761137889,24.813926162183122],[93.925620181976115,24.813986018309187],[93.925628717767935,24.813999384806273],[93.925554377686609,24.814113434977227],[93.925479631566759,24.814238053141381],[93.925472260889862,24.814250340867979],[93.925437275102809,24.814372625288811],[93.92540054209249,24.81458393383387],[93.925359889732647,24.816654983929816],[93.925359394760918,24.816680233205748],[93.92536100813517,24.816797783695328],[93.925377341303673,24.817065201878552],[93.925418517381345,24.817511302256026],[93.925420682321189,24.817534755945665],[93.925422621783881,24.817555767643],[93.925423317079904,24.817563301521954],[93.925424012375927,24.817570836215832],[93.925438597422911,24.81772884616635],[93.927038766438486,24.817652580398928],[93.927170960719067,24.817672717201315],[93.927818847261548,24.817866997183081],[93.928019037720944,24.817941659835796],[93.928185306896879,24.818013441805341],[93.928511946910604,24.818188977156439],[93.928662078750776,24.818290847849418],[93.928874737826291,24.818479262058048],[93.92907321699505,24.818690360578255],[93.929166901397707,24.818819506650957],[93.929252090432755,24.81896510707999],[93.929643355248004,24.819633834627705],[93.929761667862493,24.820032888066866],[93.929955481181665,24.820763039559367],[93.930087494900889,24.821413435318739],[93.930171967080312,24.821829604888617],[93.930215931528622,24.822080966613658],[93.930250540921591,24.82225862990424],[93.930282186772416,24.82240112643332],[93.930291436724886,24.822428653365449],[93.930419759266599,24.822810553247461],[93.930459650753406,24.822929271980552],[93.930533493168085,24.823079802702544],[93.930841987213086,24.823579078307763],[93.930854468405613,24.823609453688952],[93.930928989048326,24.82376282984572],[93.931337051461114,24.824453375268082],[93.931557085705123,24.82482234384533],[93.931777119949103,24.825191310508139],[93.931889014100904,24.825378941313861],[93.932236019820408,24.826003135209735],[93.932370554212312,24.826311854424439],[93.932476211361092,24.826651640505695],[93.932587665338389,24.827045797518682],[93.93261919800149,24.827157312351577],[93.93286133619138,24.828419155706754],[93.93297588576317,24.828945828470321],[93.933345831760107,24.830097016302656],[93.933616411510201,24.830816889088606],[93.933694715856888,24.831008908917834],[93.934002560419913,24.831611191981668],[93.934032580320093,24.831710882224318]]]},"properties":{"objectid":12516,"id":"12516","name":"IMC Ward 5","code":"5","town":"Imphal","district":"Imphal","state":"Manipur","st_area(shape)":11188457.166329343,"st_perimeter(shape)":22666.261725491502}},{"type":"Feature","id":12518,"geometry":{"type":"Polygon","coordinates":[[[93.932040759315313,24.821758883424927],[93.931861346888454,24.821832955066245],[93.930518932375662,24.822341934784539],[93.930466355778705,24.822361869439856],[93.93044190094173,24.822371141295616],[93.930417447003066,24.822380413150711],[93.930291436724886,24.822428653365449],[93.930282186772416,24.82240112643332],[93.930250540921591,24.82225862990424],[93.930215931528622,24.822080966613658],[93.930171967080312,24.821829604888617],[93.930087494900889,24.821413435318739],[93.929955481181665,24.820763039559367],[93.929761667862493,24.820032888066866],[93.929643355248004,24.819633834627705],[93.929252090432755,24.81896510707999],[93.929166901397707,24.818819506650957],[93.92907321699505,24.818690360578255],[93.928874737826291,24.818479262058048],[93.928662078750776,24.818290847849418],[93.928511946910604,24.818188977156439],[93.928185306896879,24.818013441805341],[93.928019037720944,24.817941659835796],[93.927818847261548,24.817866997183081],[93.927170960719067,24.817672717201315],[93.927038766438486,24.817652580398928],[93.927070005352491,24.817609799569166],[93.92729748932517,24.817367035671833],[93.9274548139758,24.817223277702482],[93.927829520145437,24.81693185977063],[93.92785687474418,24.816909230294968],[93.927867426355476,24.816896834389258],[93.927881123866925,24.816879882254376],[93.92792429420453,24.816826456637504],[93.927935277905505,24.816800540427014],[93.927940221334538,24.816781393329926],[93.927939440698566,24.816760397808483],[93.927934370607076,24.816740212751569],[93.927897951108847,24.816644971298548],[93.927896839892838,24.816617988557834],[93.927910912001778,24.816592361756982],[93.927940214148023,24.816566407990912],[93.927963486802071,24.816557165053723],[93.928051927738437,24.8165251148212],[93.928446482184256,24.816391883836708],[93.928538028596563,24.81636097099247],[93.928743929646174,24.816285453701926],[93.929762223021328,24.815844073142568],[93.930190916142919,24.815667867498895],[93.930216706774715,24.815658064337267],[93.930286535516686,24.815793063825375],[93.930505342662045,24.816454006293867],[93.930570139041777,24.816575403057573],[93.930624426929356,24.816698590234111],[93.930655478993771,24.816839389872282],[93.930685813304294,24.817030847574792],[93.930897351282354,24.816998803172314],[93.930926896872052,24.816997239314567],[93.930954110435266,24.817000015610471],[93.930983170036399,24.81700670155039],[93.931001414819804,24.817010868032281],[93.931032735480514,24.817011913321831],[93.931077300901748,24.817011307510501],[93.931121465674394,24.817008995969193],[93.931459653531064,24.81697188818341],[93.931536802644288,24.816961711690663],[93.931550263898828,24.816962972235331],[93.93156292744942,24.816970246866283],[93.931570047496336,24.816977002928656],[93.931576830675056,24.816983440185407],[93.931581587254485,24.816987871659652],[93.931587303234622,24.816990527282673],[93.931601386123347,24.816994285270443],[93.931625082782219,24.816997409724515],[93.932063300740751,24.817046695693939],[93.932116647193894,24.817054952826563],[93.932139860559147,24.817058545294692],[93.93217070601105,24.816994052077884],[93.932372494573343,24.816644100493118],[93.932409236566755,24.816597461026006],[93.932471305661309,24.816538731360389],[93.932590189604355,24.816468162610551],[93.932618685063474,24.816451247923712],[93.932907082897245,24.816327673203851],[93.933002544167536,24.816293997893133],[93.933357574537496,24.816193937296838],[93.933563162973414,24.816130300577861],[93.933660631080045,24.816088312572202],[93.933888242613492,24.815948096697632],[93.933986239827817,24.815880833104828],[93.934388623989676,24.815600387681538],[93.934453470675081,24.81556294191158],[93.934515662838834,24.815538035677985],[93.934759820441499,24.815452853320686],[93.935002607215026,24.815372168481769],[93.935755349609011,24.815145910643714],[93.9359069915172,24.815108605795572],[93.935971345027511,24.815091628139573],[93.93601456746741,24.815087470562222],[93.936149901359911,24.815081430292711],[93.936215775717983,24.815100157736413],[93.936295255959408,24.815138112437616],[93.936365695555779,24.815159365891102],[93.936422464590152,24.815169712128981],[93.936463549937969,24.815168591809776],[93.936476506339346,24.815164403250947],[93.936485745512016,24.815159689593237],[93.936528193604133,24.815132930756079],[93.936560718905639,24.815119759254898],[93.936578107594585,24.815115484265103],[93.93659272138764,24.815114115257273],[93.936603921582588,24.815115458173221],[93.936719755745216,24.815129343939724],[93.936887526006004,24.815148606259392],[93.93696964998928,24.815156738766802],[93.937021746885847,24.815151146954548],[93.937103179166357,24.815133953231093],[93.937166437630367,24.815113018583315],[93.937327306134819,24.815045047610241],[93.93738350833226,24.81502573635219],[93.937427341626531,24.81501295132578],[93.937450095952684,24.815007773715838],[93.937462890657258,24.815005500459634],[93.937531277603242,24.815092158130771],[93.937637591420454,24.815236904355203],[93.937791466540446,24.815335940804864],[93.937948139014182,24.815399425457784],[93.938060048437322,24.815470528882756],[93.938163564002494,24.815747322572147],[93.93835381011165,24.816252660602984],[93.9385188755451,24.816646264460896],[93.938695133088714,24.817164295572653],[93.938893771259274,24.817999743077682],[93.939086814722245,24.819053566340397],[93.939260274013705,24.8201378530817],[93.939356449444659,24.820826015924826],[93.939353598191957,24.820826717111512],[93.939309154941597,24.820864546127844],[93.93929299335133,24.820874878844016],[93.939251713069069,24.82089110315524],[93.939131787080328,24.82091923784585],[93.939072401253512,24.820929961101786],[93.938844747499289,24.820951891103093],[93.938757338727186,24.820954757812281],[93.938252967932812,24.820883573555328],[93.938134456790635,24.820881492825503],[93.93707029364046,24.820903192096182],[93.936774931168301,24.820892526726571],[93.936663721532724,24.820888511211809],[93.936554429800339,24.821552693519592],[93.936531429335815,24.821717483547264],[93.936294330694665,24.821719642534486],[93.93611527220402,24.82170513296564],[93.93576809670293,24.82166072451021],[93.9353912525429,24.821665931193909],[93.935200882466219,24.821628688643173],[93.934889890206435,24.821591638498731],[93.934923006599348,24.821049703248089],[93.934920807523554,24.820894320458994],[93.934914939728117,24.820798959083994],[93.934909077322558,24.820761589895888],[93.93436253781212,24.820789856699946],[93.934275165870957,24.820804491121997],[93.934156946681284,24.820835563478212],[93.933852790600795,24.820926592962419],[93.933561105831402,24.821032744343462],[93.933358145866023,24.821128894779282],[93.933226019857386,24.821191486937867],[93.932845677657681,24.821401674190064],[93.932756633053458,24.821450883397144],[93.932528283104858,24.821557605058906],[93.932040759315313,24.821758883424927]]]},"properties":{"objectid":12518,"id":"12519","name":"IMC Ward 2","code":"2","town":"Imphal","district":"Imphal","state":"Manipur","st_area(shape)":749927.36919210327,"st_perimeter(shape)":4238.3251749158644}},{"type":"Feature","id":12519,"geometry":{"type":"Polygon","coordinates":[[[93.934085994146855,24.830645328132089],[93.934094490412804,24.83069653025888],[93.934118785349682,24.830752996550224],[93.934161077134959,24.830812968466635],[93.934288398055116,24.830944133544644],[93.934367543224909,24.831034699865725],[93.934491423597507,24.831125266120587],[93.934883708898965,24.831268923168256],[93.935055764123646,24.831362611712976],[93.935083292995529,24.831400087763228],[93.935093616434756,24.83146254673478],[93.935093616434756,24.83153749794818],[93.93505020624697,24.831640795785358],[93.934969105444807,24.831719802817684],[93.934849298033683,24.831802949695543],[93.934763270870477,24.831868531727576],[93.934721977113512,24.8319216214915],[93.934707988547899,24.8319558991072],[93.934716925886661,24.832094759021441],[93.934787358296518,24.832283883518578],[93.934856771118532,24.832371827807375],[93.934973728175279,24.832470261127003],[93.935083574168218,24.832522304658976],[93.935211337957796,24.832554530108677],[93.935364634562717,24.832599632517002],[93.935420758606739,24.832623213790598],[93.935451938231921,24.832636418486594],[93.93547792200151,24.832651510497747],[93.935496630315626,24.832668489008054],[93.935517416432987,24.832696785704833],[93.935530934281374,24.832724360894463],[93.935554233884901,24.832771891884779],[93.935595113518545,24.83284104177158],[93.935614879149711,24.832874477790593],[93.935692804407367,24.833008636740196],[93.935770278710734,24.83315686761334],[93.93579337978656,24.833275214456794],[93.935812445630148,24.833322443592763],[93.935826596790832,24.833344501024634],[93.935906913363752,24.833414285671779],[93.936142431868305,24.833584548990945],[93.936200422611492,24.833655625672286],[93.936210821509192,24.833685855098182],[93.936211904877425,24.833708349438549],[93.936181695432765,24.833817382363826],[93.936161586645113,24.833872888500888],[93.936143013976633,24.833911351870999],[93.936100954855021,24.833973165530725],[93.93609705257343,24.833978899976724],[93.936078299343563,24.834000182807351],[93.936023313465014,24.834043311792882],[93.935943902393902,24.834107592320983],[93.935829421992395,24.834212342411426],[93.935802515653009,24.834239411811541],[93.935760062171013,24.834298350754793],[93.935747550435735,24.834322304271602],[93.935738338212474,24.834360432436682],[93.935741229889402,24.834383585371747],[93.935755087300947,24.834408287266026],[93.93576454656089,24.834421656450882],[93.935782380814231,24.834437645827794],[93.935795134196326,24.834446453721078],[93.935825755967713,24.834468180779066],[93.935850979762577,24.834482800540965],[93.935883549979849,24.834490780143717],[93.935937183893884,24.834503921866791],[93.935946960259116,24.834507353225881],[93.936058635221983,24.834569685082542],[93.936098819559589,24.834597677259289],[93.936150207685415,24.834650697372577],[93.93618208350496,24.834681514345085],[93.936195065957435,24.834713215847483],[93.936206756632572,24.834792509514681],[93.936199544957461,24.834885632061745],[93.936185179997736,24.8349302387699],[93.936146818341868,24.834994524544161],[93.936092236705193,24.835050123090788],[93.935979207082866,24.835136783858704],[93.935849001672338,24.835199531170179],[93.935802501279952,24.835214727219427],[93.935745534616217,24.835227690328427],[93.935712061592099,24.835243078770496],[93.935660905231629,24.835284961639115],[93.935635350856728,24.835329301620597],[93.935632536434966,24.835355023188544],[93.935626606655759,24.835394646181083],[93.935611177192442,24.835497761448071],[93.935602664756814,24.835554644581272],[93.935529906608707,24.835819841514937],[93.935509434901675,24.835920447137561],[93.935497221407076,24.836207450748358],[93.935489166213941,24.836396740161554],[93.935488672140508,24.836478295014626],[93.935489727660979,24.836711827302938],[93.935490123818013,24.836799429311405],[93.935483399928103,24.836832111805922],[93.935454557719297,24.836908923378758],[93.935349531187853,24.837044549440439],[93.935273884057779,24.83714223637412],[93.935203003388594,24.837199233698506],[93.935158437967345,24.837235070194346],[93.935088662225979,24.837283204349863],[93.935063452804158,24.837295501203485],[93.935013033062205,24.837320095722262],[93.934896391314112,24.8373769943226],[93.934822004520399,24.837402514104721],[93.934776575818148,24.837405503531958],[93.934761460765188,24.837402501876365],[93.934493736759379,24.837349339462058],[93.934408589046853,24.837323933800466],[93.934217312570055,24.837275637430988],[93.93418635572705,24.837271149616885],[93.934127496312996,24.837271553153336],[93.934096066057819,24.837280341279563],[93.934082089170317,24.837289008751892],[93.93403431496688,24.837329203413169],[93.934024405650987,24.837340632863182],[93.934011230060733,24.837358277584112],[93.933983627526985,24.837410817978494],[93.933937511613564,24.837521222109661],[93.93391977886985,24.837579054863195],[93.933911885373448,24.83759570171722],[93.933899412265731,24.837618069802897],[93.933859143486472,24.837668382083987],[93.933835185417848,24.837691487117482],[93.933776492192123,24.837730758816686],[93.93359778224783,24.837849865150059],[93.93355635464188,24.837877475876841],[93.93339532983056,24.83794285822286],[93.933389339864249,24.837944537577449],[93.933363688471303,24.837947687590077],[93.933217522693113,24.837930523118196],[93.932662219218756,24.837843967839113],[93.932618800946145,24.837840565920487],[93.93256599168555,24.837845526542313],[93.932503196752236,24.837864115217382],[93.9324608115422,24.837885222107563],[93.932415027107098,24.837907423020631],[93.93224217058517,24.837923303522942],[93.931976896285136,24.837921028241638],[93.931946453278456,24.837915429304918],[93.931896968682764,24.837895505305564],[93.93182586523136,24.837873611728735],[93.931548459183432,24.83785492522853],[93.930894203585595,24.837947415306353],[93.930874011254645,24.837952268314773],[93.93085684355124,24.837960786554689],[93.930832277323177,24.837979593691564],[93.930825337837604,24.837986612739325],[93.930805465306875,24.838014145174437],[93.930789280360415,24.83802923245393],[93.930771205358567,24.838039739825454],[93.93075668948191,24.838046328433645],[93.930498701417136,24.838070816009427],[93.930298514551012,24.838104849802409],[93.930257937649628,24.838106521002615],[93.930228629215151,24.838100182670043],[93.93011354604414,24.838065844798798],[93.930085691982114,24.838054485524644],[93.930025275787685,24.838020662044634],[93.929999315374261,24.838001976381818],[93.929878273677957,24.837901926801116],[93.929795674485874,24.837833652843223],[93.929758536335413,24.837799546420978],[93.92969087792315,24.83772389546186],[93.929675837430352,24.83770101706618],[93.929646435571115,24.837641588978897],[93.929638126154728,24.83760736918774],[93.929640583047032,24.837584048104411],[93.929645963955579,24.837572652101009],[93.92965973063734,24.837556880793628],[93.929668115512172,24.837552504675298],[93.929832662617699,24.837513736727676],[93.93003309472391,24.837466513266794],[93.930051408677613,24.837457650968403],[93.930077171461633,24.837433389088332],[93.930084621190304,24.837417990320656],[93.93008087162228,24.837352780525009],[93.930049792608401,24.837305499936974],[93.930029440377325,24.837285402196503],[93.929905781888579,24.83718499741348],[93.929792468398645,24.837116754853984],[93.929465055833774,24.836919571064485],[93.929273496387665,24.836827581583879],[93.929185094078861,24.836797718962604],[93.92896075780294,24.836738601043766],[93.92883286555427,24.836704275838478],[93.92874480909687,24.836680122236217],[93.928710576098013,24.836653460984333],[93.928698357213534,24.836634424566576],[93.928686962982454,24.836596636237338],[93.928693862043815,24.836439984074939],[93.928707008888011,24.836391416703933],[93.928731842814031,24.836271051880018],[93.928723662755061,24.836229960120001],[93.928682798392799,24.836174181121653],[93.92865322315869,24.836144430029606],[93.928601950915521,24.8361067809556],[93.92853921527103,24.836077203491982],[93.928413512216679,24.836032543391703],[93.928271073548629,24.835978739615491],[93.928106306355829,24.835952185008189],[93.927904273451816,24.835959729181429],[93.927672366174704,24.835980967648929],[93.927511754588423,24.836046086861085],[93.927370083979909,24.836162074921042],[93.927345983977446,24.836211405439261],[93.927311883030953,24.836326181910575],[93.927285538138619,24.836498582834778],[93.927361911107454,24.836837887696124],[93.927448604820569,24.836976795939758],[93.927505040579987,24.837044503787759],[93.927621492783516,24.837144248351741],[93.927681509227668,24.837176285911685],[93.928006190914047,24.837387257182201],[93.928080678319105,24.837449194650858],[93.928152632475047,24.837509025550965],[93.928192053244643,24.837537743427074],[93.928370207131806,24.837661259484939],[93.928456644825062,24.837741354257538],[93.928492258534519,24.837786211024973],[93.928521626257762,24.837866252727348],[93.928528135450335,24.837917503226766],[93.928529063409997,24.837995609511211],[93.928490626295627,24.838192031802489],[93.928465295601271,24.838307946112543],[93.928422049805178,24.838415282595093],[93.928299485464422,24.838589889031088],[93.928238564416787,24.83866352098628],[93.928132442839029,24.838812933671932],[93.928005118325615,24.838967600231104],[93.927923985184108,24.839064527498806],[93.927865057498067,24.839122480998004],[93.927765267246443,24.839199145226591],[93.927693514313106,24.83925542014121],[93.927647632859987,24.839293990262096],[93.927593081766005,24.839349183348038],[93.927584413023524,24.839365806322903],[93.927568710472372,24.839409143763511],[93.927558049266565,24.839450596421742],[93.927552482406767,24.839491032498632],[93.927529450501183,24.83965832661961],[93.927516362945838,24.83969967403241],[93.927506914465653,24.839714580945255],[93.92748801840365,24.839744394765496],[93.927468006634072,24.839765260033289],[93.927422567152064,24.839798312664591],[93.927368107686263,24.839819810524936],[93.927332432891404,24.839831252788347],[93.927319267182597,24.839833787270738],[93.927244086278151,24.839842028210381],[93.927164695868271,24.839842789614817],[93.927133550379082,24.83984050458632],[93.927073786361547,24.839826345234638],[93.926956424164615,24.839775564270507],[93.926708062446437,24.83960413393385],[93.926674181587174,24.839591124001004],[93.926641430808559,24.839584043903475],[93.926576313730223,24.839601376079276],[93.926455261254134,24.83965011583048],[93.926333741654062,24.83968768393628],[93.926279167203901,24.839698296329018],[93.92621591772307,24.839706735373493],[93.925976575090345,24.839746644741798],[93.925745997319865,24.839808996786179],[93.925602168059726,24.839836616043232],[93.925341529964868,24.83985301069437],[93.925163455129479,24.839862824984241],[93.925051752318851,24.839848424333514],[93.924962814614133,24.8398117318103],[93.924388794740821,24.839533826965429],[93.924217416845892,24.839462351760179],[93.924061514228327,24.839419972211026],[93.923956317915298,24.839400808230547],[93.923912581639044,24.839398351184361],[93.923880398595671,24.839394693332146],[93.923725032272344,24.839389025984339],[93.923587110333514,24.839383995316201],[93.92342538842955,24.83939980307531],[93.923351744542572,24.83940419054127],[93.92321522307725,24.839426160477192],[93.923045156722623,24.839473717426813],[93.922552317601543,24.839710133980031],[93.921516433416514,24.840104458930757],[93.921275495375838,24.84018140216676],[93.921128979254689,24.840210103933934],[93.920956121834436,24.840222162456747],[93.920742916583222,24.840198550837595],[93.920448915957039,24.840145638262079],[93.920311533905704,24.840112390073969],[93.920008966944962,24.840016391332465],[93.919762715369387,24.839921744130741],[93.919707586658717,24.839908460321475],[93.919295379419225,24.839856842987544],[93.919245354037699,24.83984956807052],[93.919170481255392,24.83984266162712],[93.919123875760135,24.839851169139241],[93.919102117665645,24.839859308176724],[93.919099990455052,24.83985717151641],[93.919094993127132,24.839846933317837],[93.919094923058523,24.839829660686643],[93.91910063005551,24.839738098907695],[93.919249597679084,24.839734925299588],[93.919609304678403,24.8397622478372],[93.919687702449892,24.839777153112085],[93.919761631102816,24.839798011852679],[93.919829315566218,24.839827346310393],[93.920259930184201,24.839981035798917],[93.920375551446085,24.840013198166503],[93.920467431133346,24.840030209905883],[93.920743304655431,24.840066496391422],[93.920835174461232,24.840061558684397],[93.921135457904512,24.84003200988278],[93.921400654051112,24.839972545415051],[93.921641037831236,24.839918645526435],[93.921804857301382,24.839872622153983],[93.921824027349572,24.839867236890044],[93.92194031156815,24.839801390076477],[93.922079133618908,24.839711412227782],[93.922347193594604,24.839554183577633],[93.922567755149686,24.839454982255496],[93.922856801567079,24.839373778273991],[93.923121880034387,24.839322511258082],[93.923274364562289,24.839303331773504],[93.923399174691255,24.839297107631879],[93.923503115159505,24.839277125159683],[93.92389612360472,24.839201568853035],[93.923996440269136,24.839192656950889],[93.92409153772175,24.839196362906627],[93.924168187371691,24.839207722075987],[93.924249411243053,24.839227245594916],[93.924340522870722,24.839256548394637],[93.924428325104927,24.839301725806411],[93.924577742784436,24.839402991365823],[93.924762257642129,24.839528043864135],[93.924818359228226,24.839568549208554],[93.924894992708474,24.839606643964604],[93.925131434681177,24.839675159061734],[93.925203979928582,24.839687397797867],[93.925301962769851,24.839697646607345],[93.925402338723089,24.839707407105763],[93.925511240586658,24.839717997486126],[93.92559616282206,24.839723096618247],[93.925628920787176,24.839721226528912],[93.925690481435311,24.839710448650703],[93.925870194797767,24.83965486687098],[93.926603582988974,24.839470013109825],[93.92679497355185,24.839434258782088],[93.926893462144662,24.839401892461282],[93.927408517501036,24.839160674532067],[93.927479222100416,24.839119745143453],[93.927520311939801,24.839092684147417],[93.927932438330913,24.838755123505678],[93.928147679164553,24.83852485267877],[93.928287214477635,24.838328377926405],[93.928307297214147,24.838276560205049],[93.928311142003551,24.838245386246498],[93.928309110014382,24.838184955701049],[93.92830323233747,24.838155699930372],[93.928278481954791,24.837945983778894],[93.92826121992826,24.837906221385012],[93.928242684090691,24.837877575333827],[93.928231915087082,24.837866820121306],[93.928162965795764,24.837821373977942],[93.928054866127709,24.83775012360034],[93.927802350599677,24.837531182509426],[93.92742269111956,24.837196600519881],[93.92733094528127,24.837095055163267],[93.927197738599375,24.836886476087876],[93.927079410713532,24.836696788776628],[93.92701921011475,24.836558310660127],[93.927003118593078,24.836489131870838],[93.926990180158057,24.836222852927584],[93.926994793007012,24.836139708202769],[93.927010880935441,24.836070507983475],[93.927119116249074,24.835816705307174],[93.927190296955558,24.835757472786945],[93.927325723374551,24.835678768337857],[93.927773921615866,24.835602286172364],[93.928445182322051,24.835593806086266],[93.929305480903352,24.835782034186671],[93.929408563480507,24.835845789616172],[93.929538578448216,24.835959171561559],[93.929758246179574,24.836191082517082],[93.929844152070203,24.836389680262116],[93.929897442827794,24.836664222824147],[93.929906030721909,24.836788089486536],[93.929924197351923,24.836873659078353],[93.930012927545775,24.837024039968117],[93.930125858353392,24.837156427826621],[93.930208564444996,24.837219924937084],[93.930320319357904,24.837273234962677],[93.930670957864464,24.837361228696871],[93.930744804770683,24.837356744146767],[93.930891075651758,24.837347860644662],[93.931541487358515,24.837109802605454],[93.931674351782291,24.837059475423253],[93.932247519154402,24.836889792433858],[93.932384010975269,24.836881999672855],[93.93259394635885,24.836909984804954],[93.932935054638563,24.83695935007988],[93.93308465287943,24.836964133017499],[93.933227383499982,24.836940438438909],[93.933425543766845,24.836869166358309],[93.933533674875889,24.83680525574729],[93.933910983464912,24.836495622733921],[93.934015835723173,24.836409859671075],[93.934277551796356,24.836123263330624],[93.934702780115899,24.835597073552695],[93.934789033654525,24.835511653897225],[93.934839131799592,24.835439111669771],[93.934912130696233,24.835255174462887],[93.934928057826198,24.835181195634249],[93.934928281506714,24.835093680526523],[93.93491065566252,24.834951140719753],[93.934897564513903,24.834845277635061],[93.934712617566575,24.83411339768713],[93.934633412209664,24.833537248212991],[93.934597387071804,24.833393225303855],[93.934509627956757,24.833101757368009],[93.934332190925218,24.832716126818251],[93.934249352781308,24.832479491463179],[93.934032580320093,24.831710882224318],[93.934002560419913,24.831611191981668],[93.933694715856888,24.831008908917834],[93.933616411510201,24.830816889088606],[93.933345831760107,24.830097016302656],[93.93297588576317,24.828945828470321],[93.93286133619138,24.828419155706754],[93.93261919800149,24.827157312351577],[93.932587665338389,24.827045797518682],[93.932476211361092,24.826651640505695],[93.932370554212312,24.826311854424439],[93.932236019820408,24.826003135209735],[93.931889014100904,24.825378941313861],[93.931777119949103,24.825191310508139],[93.931557085705123,24.82482234384533],[93.931337051461114,24.824453375268082],[93.930928989048326,24.82376282984572],[93.930854468405613,24.823609453688952],[93.930841987213086,24.823579078307763],[93.930533493168085,24.823079802702544],[93.930459650753406,24.822929271980552],[93.930419759266599,24.822810553247461],[93.930291436724886,24.822428653365449],[93.930417447003066,24.822380413150711],[93.93044190094173,24.822371141295616],[93.930466355778705,24.822361869439856],[93.930518932375662,24.822341934784539],[93.931861346888454,24.821832955066245],[93.932040759315313,24.821758883424927],[93.932528283104858,24.821557605058906],[93.932756633053458,24.821450883397144],[93.932845677657681,24.821401674190064],[93.933226019857386,24.821191486937867],[93.933358145866023,24.821128894779282],[93.933561105831402,24.821032744343462],[93.933852790600795,24.820926592962419],[93.934156946681284,24.820835563478212],[93.934275165870957,24.820804491121997],[93.93436253781212,24.820789856699946],[93.934909077322558,24.820761589895888],[93.934914939728117,24.820798959083994],[93.934920807523554,24.820894320458994],[93.934923006599348,24.821049703248089],[93.934889890206435,24.821591638498731],[93.935200882466219,24.821628688643173],[93.9353912525429,24.821665931193909],[93.93576809670293,24.82166072451021],[93.93611527220402,24.82170513296564],[93.936294330694665,24.821719642534486],[93.936531429335815,24.821717483547264],[93.936554429800339,24.821552693519592],[93.936663721532724,24.820888511211809],[93.936774931168301,24.820892526726571],[93.93707029364046,24.820903192096182],[93.938134456790635,24.820881492825503],[93.938252967932812,24.820883573555328],[93.938757338727186,24.820954757812281],[93.938844747499289,24.820951891103093],[93.939072401253512,24.820929961101786],[93.939131787080328,24.82091923784585],[93.939251713069069,24.82089110315524],[93.93929299335133,24.820874878844016],[93.939309154941597,24.820864546127844],[93.939353598191957,24.820826717111512],[93.939356449444659,24.820826015924826],[93.939380576396573,24.820998673244812],[93.939559630395621,24.821920430626193],[93.939719101121483,24.822697442994258],[93.939794639555416,24.823118957553703],[93.939822616686612,24.823266233298529],[93.939872976241475,24.823553166771163],[93.939937323463596,24.823951826018366],[93.940012862795811,24.824320012576425],[93.940040839927022,24.824426660019029],[93.940225489531997,24.825041147609177],[93.940273050834719,24.825297606619838],[93.940288438975543,24.825411870598554],[93.940383484325835,24.825784314393431],[93.940481168926468,24.826161228979334],[93.94050741680077,24.826262506917374],[93.940516251731594,24.82626342901893],[93.940620410490467,24.826267177757121],[93.940657014143341,24.826268493647373],[93.940663333791392,24.826268844225336],[93.940700461162052,24.826498914455986],[93.940707042219813,24.826536139236467],[93.940716444885908,24.82660288503839],[93.940719266494227,24.826632406879273],[93.940776287955174,24.828011551660598],[93.940905630084728,24.830007073794793],[93.940959345745469,24.830621604625016],[93.94096851844283,24.830900643946759],[93.941016697786466,24.831392137310758],[93.941042720183617,24.83158913179517],[93.941048260093979,24.831670675955763],[93.941045004599388,24.831713780479671],[93.941032998615626,24.831823068707592],[93.941029888648103,24.831868345848161],[93.941028367800328,24.831900657885651],[93.94102870646519,24.831905890227226],[93.941013190763599,24.8319421684958],[93.940995091507261,24.831984487014626],[93.940981019398336,24.832010729413238],[93.940964190359807,24.832031602506618],[93.94090727130677,24.832085949330342],[93.940872375351248,24.832115154358846],[93.94083890232713,24.832137431310489],[93.940797235769296,24.832161514871515],[93.940760863881749,24.832177612969694],[93.940722100678926,24.832184742406298],[93.940683713870229,24.832183739638232],[93.940611751629447,24.832172141768819],[93.940578939765359,24.832162316270853],[93.940518424756263,24.832139457228863],[93.940210103187809,24.832030241838314],[93.939946689298722,24.831959836813446],[93.939792837534981,24.831935284438543],[93.939279091922316,24.831853296950356],[93.939198566041895,24.831829268767152],[93.938862849450558,24.831739901461649],[93.938671106748103,24.831722617100873],[93.938393635123134,24.831615572386291],[93.938225021344323,24.831543743676765],[93.938021995801904,24.831459424276098],[93.937841043662644,24.831369614830621],[93.937643474487245,24.831234570357982],[93.937492066141061,24.83108154505085],[93.937409479525414,24.830959748347986],[93.93730046447412,24.830805440285147],[93.937237704575097,24.83066923017843],[93.93721677742225,24.8306099748138],[93.937189248550354,24.83046007121872],[93.937189248550354,24.830360136203112],[93.93722081085788,24.830217054498117],[93.937292482044512,24.830097803855729],[93.937392274092801,24.829932285524965],[93.937424604459878,24.829882295394231],[93.937551522934783,24.829739045190511],[93.937602181628606,24.829701183012496],[93.937705414224411,24.829638722337226],[93.937767354859872,24.829579385767133],[93.937774236853286,24.829523170860952],[93.937750148528949,24.829454465077522],[93.937220218868092,24.829151532391379],[93.936951813040977,24.828932920142694],[93.9367728749246,24.828829860554382],[93.936676524322166,24.828789261200242],[93.936641276227064,24.828775398977452],[93.93650128636645,24.82875008205265],[93.936415000488438,24.828751784359827],[93.936298003007536,24.828783015332721],[93.936122506336986,24.828870459895185],[93.935857541955741,24.8289922578378],[93.935609782108813,24.829135917360016],[93.935482461188641,24.829213992497113],[93.935272553652837,24.829345159268808],[93.935083292995529,24.829507555876461],[93.934869944912165,24.829729289613084],[93.934205811439455,24.83040073504224],[93.934100176748572,24.830536079628153],[93.93408787791401,24.830582074676173],[93.934085994146855,24.830645328132089]]]},"properties":{"objectid":12519,"id":"12520","name":"IMC Ward 1","code":"1","town":"Imphal","district":"Imphal","state":"Manipur","st_area(shape)":1273001.8673419331,"st_perimeter(shape)":11859.308964603239}},{"type":"Feature","id":12520,"geometry":{"type":"Polygon","coordinates":[[[93.936598820948433,24.795171819323734],[93.936510851627602,24.79555195119681],[93.93636812100705,24.796167419475385],[93.936154024627058,24.796880061895376],[93.93580909221923,24.79802820008247],[93.935555348694166,24.79915113432785],[93.93527029349157,24.799862967779216],[93.93503887759293,24.799655611198496],[93.933360570418941,24.798207172453282],[93.930860838359308,24.795959377406373],[93.928045671870777,24.793484388773035],[93.928272553972207,24.793173558778953],[93.928288599679831,24.793100012327933],[93.928311811248435,24.792997607156824],[93.928444475347902,24.792922905829503],[93.928450978252258,24.792921157361221],[93.929004199431787,24.792772444497697],[93.929095039768242,24.792748025442567],[93.929047432651458,24.792373061900506],[93.929050754621358,24.791987939885615],[93.929054693733889,24.791928652975585],[93.929063582563643,24.791794850785532],[93.931567969693077,24.791395674631236],[93.931876476314471,24.792355639934126],[93.933066697353539,24.792137606219473],[93.933898055809635,24.792046634697837],[93.934782415765824,24.792001011088619],[93.93557631896617,24.791976113985061],[93.936717353650138,24.791980938619893],[93.937031806220403,24.791982267922581],[93.93703419843402,24.792161425986158],[93.937014374412328,24.792964074747793],[93.936958868409249,24.793431983881973],[93.936871643791775,24.793885494227908],[93.936800278032337,24.794205830451691],[93.936709089149545,24.794695330298314],[93.936598820948433,24.795171819323734]]]},"properties":{"objectid":12520,"id":"12521","name":"IMC Ward 11","code":"11","town":"Imphal","district":"Imphal","state":"Manipur","st_area(shape)":572417.72339508671,"st_perimeter(shape)":3372.8457989991061}}]}