{"type":"FeatureCollection","features":[{"type":"Feature","id":4429,"geometry":{"type":"Polygon","coordinates":[[[73.881193021922797,15.502074367056604],[73.879417962599447,15.502231560302805],[73.877336036080138,15.502483788762547],[73.875815742564654,15.503142252653133],[73.874173245831159,15.504146632969016],[73.873546375374772,15.504304014210259],[73.872912057884648,15.504348346371826],[73.871456596681568,15.504465708742286],[73.870970363771093,15.504851136681841],[73.87059214608702,15.5050975536151],[73.870271248104572,15.504718175117379],[73.86918627009095,15.503435466699376],[73.869000900935433,15.50319869783282],[73.868723909010853,15.502893999113232],[73.868677912573375,15.502849338565003],[73.868631915237557,15.502804677141512],[73.86845346221142,15.502642439422996],[73.868364561337643,15.502558177834459],[73.868326465583067,15.502512996102322],[73.868286012649207,15.502457099547009],[73.868263385883807,15.5024183832119],[73.868232407481244,15.502343749115171],[73.868198510452288,15.502285115378138],[73.868176623000423,15.502260649951955],[73.868126514973852,15.502226030628805],[73.868082084299914,15.502207621176172],[73.868043352538137,15.50219662761501],[73.867963664785904,15.502181676370881],[73.867893530616726,15.502173075423109],[73.867762376585219,15.50214243714065],[73.867684172849877,15.502112003143528],[73.867606672495356,15.5020728383447],[73.867559784030789,15.502041440019481],[73.867496773501813,15.501990575276514],[73.867387982130992,15.501882414942646],[73.867344059903516,15.501835532953061],[73.867226209921398,15.501702219730175],[73.867116295656487,15.501574410143675],[73.866911499534638,15.501336269704096],[73.866836818093503,15.501262837588522],[73.866891371882389,15.498561388425584],[73.867111123157088,15.498519559348095],[73.867265201296277,15.498499407876873],[73.867420670027585,15.498393443602428],[73.867599521905689,15.498287744162875],[73.867693704873346,15.49822602236188],[73.868341059613172,15.497960483625301],[73.868890082067054,15.497725071022614],[73.86934113964594,15.497497200599113],[73.870873131921357,15.497268061739147],[73.872081750457454,15.497155880558445],[73.872776294597443,15.497135084040531],[73.873460575485367,15.497172769503964],[73.874151264056181,15.497102216812172],[73.874899107936926,15.496960247430913],[73.875631091163058,15.496646366998567],[73.876110158212498,15.496414388699362],[73.876583617079618,15.496241051668289],[73.879174564073224,15.495494026672498],[73.880144352914613,15.495377962028817],[73.883025622831639,15.495033129082945],[73.884294621629536,15.495104743785785],[73.885466455053034,15.497219083815883],[73.885820433495795,15.497793743302985],[73.885956506701788,15.498301771173461],[73.886177857875978,15.498997215035972],[73.886399208151872,15.49969265569209],[73.886625943827909,15.5011193414815],[73.887007301123901,15.50219717815872],[73.885961928034504,15.502139650661617],[73.885485472387614,15.502113422785115],[73.885415345404937,15.502111800584929],[73.883706547613599,15.502072280875588],[73.881193021922797,15.502074367056604]]]},"properties":{"objectid":4429,"id":"4353","name":"Ward No 30","code":"30","town":"Panaji","district":"North Goa","state":"Goa","st_area(shape)":1609485.5693595451,"st_perimeter(shape)":5726.0650689250442}},{"type":"Feature","id":4436,"geometry":{"type":"Polygon","coordinates":[[[73.823414157195984,15.488634863639417],[73.823378318907714,15.488637969740761],[73.823234436646985,15.488659418979244],[73.823105962290001,15.488687700251734],[73.822870193155453,15.488752361325265],[73.82203092772825,15.489018020968699],[73.821897420110716,15.489072231332706],[73.821564254734767,15.489240856370353],[73.82131219105932,15.489383372109002],[73.821218547979157,15.489448333358753],[73.821154997562687,15.489509575592889],[73.821099057673308,15.489571990815643],[73.821062456715367,15.489628818873122],[73.821024372638888,15.489704186470517],[73.821006526707478,15.489754061294743],[73.820990781935478,15.489832490779866],[73.820978290861447,15.489964900092586],[73.820990966988418,15.490294727060139],[73.820994113786867,15.490416018961838],[73.821003440994446,15.490487810998145],[73.821024157043212,15.490563672587665],[73.821054806662417,15.490653113255128],[73.821078644356788,15.490709107362838],[73.821124789016295,15.490806977117755],[73.82130102589862,15.491111827840911],[73.821409339365687,15.491274290166865],[73.821353508172479,15.49131905969549],[73.821266490167545,15.491383858454839],[73.821220086793218,15.491414265464547],[73.821150378425486,15.491453222788998],[73.821092265511453,15.491481830040533],[73.820867374076698,15.490970920864848],[73.820582344026917,15.49016442503634],[73.820526439171857,15.490037564896749],[73.820464587469615,15.48992580657494],[73.820449905404573,15.489908305862757],[73.820414168625959,15.489881131970098],[73.820095056494324,15.489702101030302],[73.820305161659505,15.489399612423366],[73.820336121197457,15.489342341070328],[73.82036574673721,15.48927891551933],[73.82039571992496,15.489198510321462],[73.82047440336072,15.488954371970122],[73.820501253106229,15.488840375252346],[73.820543343668874,15.488627775356772],[73.820580737839208,15.48851286342239],[73.820619605246591,15.488424782697543],[73.820729165575301,15.488226403984283],[73.82074959326485,15.488179365669049],[73.820776709810019,15.488092989353291],[73.82081497444787,15.487904125171553],[73.820827460132008,15.487901664001727],[73.822123378744024,15.487607234120828],[73.822152352106869,15.487369081050185],[73.822160265366193,15.487200484785438],[73.822144859259083,15.486988843263326],[73.821999255826285,15.486040550669985],[73.822012738640382,15.485937805617548],[73.822058948876901,15.485765124662146],[73.822197305600326,15.485506416776611],[73.822383668292531,15.485253480227573],[73.822953689764503,15.484638230912605],[73.823025360052796,15.484574040363782],[73.823109825944044,15.484498388675464],[73.824134677919076,15.483665515319059],[73.824160334701915,15.4836454507025],[73.824407944530194,15.484022405801072],[73.824734548611303,15.484566190118386],[73.824787054241312,15.484644108206155],[73.825080048754387,15.485024598762099],[73.826179204878173,15.486454781941063],[73.826639917549727,15.486278772795369],[73.826912385558558,15.486181674834461],[73.827223095747357,15.486075577852924],[73.827243589912229,15.486069129236528],[73.82730495652423,15.486045194297732],[73.827344088036327,15.486024723031914],[73.827386237887765,15.485992382115587],[73.8273996389552,15.485965379117426],[73.827413006784937,15.485914746754931],[73.827422381603242,15.485828915752029],[73.827420126831854,15.485735830982321],[73.827417451648941,15.485710569746702],[73.827387761430501,15.485283205962826],[73.827390534529783,15.485230165039756],[73.827398009411269,15.485198669793899],[73.827407257567103,15.485186043472229],[73.827434468435399,15.485162102371275],[73.827471626348796,15.48514111072857],[73.827512035265229,15.485122432250908],[73.827610267838168,15.485095925188928],[73.827634139668532,15.485091698810312],[73.827707901234831,15.485086218023028],[73.827846863422764,15.4850828625449],[73.827900977037146,15.48508657382836],[73.827951187471655,15.485095666342717],[73.827980584839295,15.48510573623911],[73.828021839968727,15.485131968870986],[73.828038775906776,15.485144580478964],[73.828053905332794,15.485160280059926],[73.828069916006129,15.485187906471536],[73.828089465143321,15.485231857494604],[73.828096662445375,15.485254829862773],[73.82810659421915,15.485295324109412],[73.828138547293804,15.4854098742357],[73.828165856976767,15.485487427543934],[73.828172987803484,15.485506155333793],[73.82835379441569,15.485933430355246],[73.828431675655878,15.485906150324411],[73.829228457058363,15.485673919306983],[73.829353819651203,15.485644391008455],[73.829746667298011,15.485581294156486],[73.829982819114846,15.485537295593948],[73.830228509243369,15.485477546389784],[73.830256349830634,15.48546961480239],[73.830401423257456,15.485422303162972],[73.830447187929579,15.485542321008699],[73.830697939166413,15.486439245210123],[73.830747544136443,15.486784972907438],[73.83077049699024,15.487362532053305],[73.830743783788662,15.487546176582164],[73.830664997046654,15.487858088391908],[73.830650125437103,15.487895108961808],[73.830590195231252,15.487992058084462],[73.83051263289299,15.488072707011467],[73.830110732923075,15.488395460826641],[73.829986079999301,15.488476981348374],[73.829948980476402,15.488495168675584],[73.829151304351882,15.48875273097536],[73.828245897766905,15.488987235299998],[73.828028940252764,15.489030421977036],[73.827937754963187,15.489048572896602],[73.827687786159004,15.489098331010897],[73.827689033020604,15.489047911509569],[73.827716758623509,15.488857806799665],[73.827137414435541,15.488872122725184],[73.827003719968445,15.487716143826571],[73.82691087638888,15.487701828686751],[73.826291706291101,15.487551444343019],[73.826132464635634,15.487508520528737],[73.826018149524131,15.487484671460477],[73.825991855835781,15.487482343602901],[73.825950692334516,15.487487302311763],[73.825883735506494,15.487503503818719],[73.825838403822303,15.487518585979171],[73.825765012361913,15.487551691932103],[73.825711916538722,15.487592626368208],[73.82567818030823,15.48763429144341],[73.825639135034422,15.487704914891079],[73.825621687056639,15.48774975358257],[73.825538309025234,15.487945388501771],[73.825458541322945,15.488100757223936],[73.825374682692853,15.488228712788226],[73.825287320633166,15.488331905996962],[73.825152373914563,15.488452662320885],[73.825047274619578,15.488525331984997],[73.824945844044208,15.488580314675275],[73.824841160669223,15.488621562288083],[73.824751867231655,15.488642493844754],[73.824624749330752,15.488662106951219],[73.82443857438642,15.488677309358243],[73.824220865880704,15.488685820835816],[73.824125986718698,15.488684009809482],[73.824021538702311,15.488678807004344],[73.823951440465748,15.488671402745844],[73.823506867824904,15.488632121128537],[73.823414157195984,15.488634863639417]]]},"properties":{"objectid":4436,"id":"4352","name":"Ward No 16","code":"16","town":"Panaji","district":"North Goa","state":"Goa","st_area(shape)":394853.93656133598,"st_perimeter(shape)":4106.9569217703829}},{"type":"Feature","id":4437,"geometry":{"type":"Polygon","coordinates":[[[73.870271248104572,15.504718175117379],[73.87059214608702,15.5050975536151],[73.869609300232966,15.505737896942707],[73.868392978643314,15.506604319204852],[73.86684429477161,15.507284856952243],[73.865106747297929,15.508116019896095],[73.864305661168586,15.508663662885896],[73.863129558052535,15.508559040324602],[73.863321359145459,15.50747564152754],[73.863624669911246,15.505762360225781],[73.863588748977975,15.505729131675228],[73.863562886480963,15.505687595763103],[73.863552828943028,15.50563498423055],[73.863554266247476,15.505598986539541],[73.863555702653642,15.505569912076101],[73.863554266247476,15.505553298218832],[73.863545760998363,15.505523694854645],[73.863415198058362,15.505360938167707],[73.863390004806192,15.505337781925716],[73.863323027316937,15.505287070343901],[73.86306035004641,15.505129212893751],[73.862970151107021,15.505066439673934],[73.862917954497448,15.505018742990217],[73.86285689510926,15.504933162295606],[73.862801602905208,15.504839389303125],[73.8627428980014,15.504758267363584],[73.862665765057855,15.50468152977956],[73.862411999973219,15.5044290650909],[73.862344469121751,15.504348762737795],[73.862310198393658,15.50430913265631],[73.86229964139244,15.504285628314735],[73.862296259235407,15.504259556523431],[73.862303375689066,15.504228637221919],[73.862315453538088,15.504209064545977],[73.862327207993573,15.504175925770664],[73.86233010146708,15.504142467573809],[73.862328851910519,15.504132838343228],[73.862326851362383,15.504117418069598],[73.862315512826896,15.504087849990293],[73.862264356466412,15.504028176264585],[73.862215156636623,15.503970786046521],[73.86213053354021,15.503838837565617],[73.862239414742533,15.503828687212856],[73.862548065992684,15.503799913738767],[73.863019333868849,15.50378617275881],[73.863189729006876,15.503792774038562],[73.863282476466694,15.503799478327867],[73.863338520560646,15.503807937244943],[73.863427023480753,15.503828173895515],[73.863525524649972,15.503847640135303],[73.863564147715621,15.503850130546615],[73.863690107688129,15.503844944570199],[73.863736299958347,15.503840444170958],[73.863782702434349,15.503833096721463],[73.864001977601959,15.503798374652098],[73.864492803598452,15.503767766907735],[73.86463958472261,15.503756077464503],[73.864643025270169,15.503827501302613],[73.864645451619751,15.503877882572999],[73.864640836974132,15.504169120215272],[73.865040567512636,15.504138411247517],[73.865040567512636,15.504003035855643],[73.865002392706316,15.503294496279134],[73.864995540357313,15.503204565942328],[73.864983140013152,15.503171892715146],[73.864954237617169,15.503157234124808],[73.864899067583991,15.503149782775331],[73.864870306223551,15.503139066266154],[73.864856123621848,15.503129640412046],[73.864821098308923,15.503101590508066],[73.864795226828747,15.503066268433409],[73.864760837523036,15.502999992242049],[73.86473649407715,15.502924745488214],[73.864691609753976,15.502786001125676],[73.864588202885002,15.50248301488614],[73.86457636488619,15.502471607566783],[73.864567641346468,15.502468004799663],[73.864472770269316,15.502456096277559],[73.86440794424513,15.502442845156876],[73.864348259279339,15.502424885853149],[73.864144870817555,15.502340168852333],[73.86406932160385,15.502324905124649],[73.863936017005571,15.502311594266763],[73.863794981505976,15.502291061420687],[73.863568250321507,15.50224720058843],[73.863485939488655,15.502220848939828],[73.863339008345832,15.502152887085963],[73.863197885709653,15.502052684623134],[73.862835745174223,15.501710192245239],[73.862728436023659,15.501618175898708],[73.862704370157175,15.501596711557971],[73.862607783297832,15.501510565915426],[73.862507145036531,15.501466485045427],[73.86243399252804,15.501452311956927],[73.862409054397418,15.501435893402634],[73.862398436310755,15.50141621745113],[73.862388174855283,15.501383940403356],[73.862360304623593,15.501328612266979],[73.862339949697571,15.501297356659009],[73.862326729191523,15.501281483444698],[73.862249786690825,15.501189102473207],[73.862234972573461,15.50117568247161],[73.862204931113723,15.501140530598585],[73.862188837795429,15.501120886647596],[73.86217810831765,15.501097107535561],[73.862167378839885,15.501072293981588],[73.862164160176221,15.501052650024148],[73.862160941512599,15.501026802891095],[73.86215772284892,15.501006125355442],[73.862155577672013,15.500979243776939],[73.862152011360351,15.500865410372532],[73.862150312646136,15.500811183192077],[73.862145738424715,15.500635827711374],[73.862137448771264,15.500494993883324],[73.86202863494259,15.499036609814601],[73.862163066028231,15.498234617414418],[73.863120386253456,15.498105018111582],[73.863609618638662,15.498103622680734],[73.864755771923157,15.49810338635776],[73.865493119888157,15.498029058874378],[73.866218080983671,15.498144279749953],[73.866382746666844,15.498327581424432],[73.866562067465551,15.498474876212967],[73.866784238801586,15.498559665782107],[73.866891371882389,15.498561388425584],[73.866836818093503,15.501262837588522],[73.866911499534638,15.501336269704096],[73.867116295656487,15.501574410143675],[73.867226209921398,15.501702219730175],[73.867344059903516,15.501835532953061],[73.867387982130992,15.501882414942646],[73.867496773501813,15.501990575276514],[73.867559784030789,15.502041440019481],[73.867606672495356,15.5020728383447],[73.867684172849877,15.502112003143528],[73.867762376585219,15.50214243714065],[73.867893530616726,15.502173075423109],[73.867963664785904,15.502181676370881],[73.868043352538137,15.50219662761501],[73.868082084299914,15.502207621176172],[73.868126514973852,15.502226030628805],[73.868176623000423,15.502260649951955],[73.868198510452288,15.502285115378138],[73.868232407481244,15.502343749115171],[73.868263385883807,15.5024183832119],[73.868286012649207,15.502457099547009],[73.868326465583067,15.502512996102322],[73.868364561337643,15.502558177834459],[73.86845346221142,15.502642439422996],[73.868631915237557,15.502804677141512],[73.868677912573375,15.502849338565003],[73.868723909010853,15.502893999113232],[73.869000900935433,15.50319869783282],[73.86918627009095,15.503435466699376],[73.870271248104572,15.504718175117379]]]},"properties":{"objectid":4437,"id":"4354","name":"Ward No 29","code":"29","town":"Panaji","district":"North Goa","state":"Goa","st_area(shape)":643309.47953982023,"st_perimeter(shape)":4286.0758701478053}},{"type":"Feature","id":4438,"geometry":{"type":"Polygon","coordinates":[[[73.862548065992684,15.503799913738767],[73.862239414742533,15.503828687212856],[73.86213053354021,15.503838837565617],[73.862215156636623,15.503970786046521],[73.862264356466412,15.504028176264585],[73.862315512826896,15.504087849990293],[73.862326851362383,15.504117418069598],[73.862328851910519,15.504132838343228],[73.86233010146708,15.504142467573809],[73.862327207993573,15.504175925770664],[73.862315453538088,15.504209064545977],[73.862303375689066,15.504228637221919],[73.862296259235407,15.504259556523431],[73.86229964139244,15.504285628314735],[73.862310198393658,15.50430913265631],[73.862344469121751,15.504348762737795],[73.862411999973219,15.5044290650909],[73.862665765057855,15.50468152977956],[73.8627428980014,15.504758267363584],[73.862801602905208,15.504839389303125],[73.86285689510926,15.504933162295606],[73.862917954497448,15.505018742990217],[73.862970151107021,15.505066439673934],[73.86306035004641,15.505129212893751],[73.863323027316937,15.505287070343901],[73.863390004806192,15.505337781925716],[73.863415198058362,15.505360938167707],[73.863545760998363,15.505523694854645],[73.863554266247476,15.505553298218832],[73.863555702653642,15.505569912076101],[73.863554266247476,15.505598986539541],[73.863552828943028,15.50563498423055],[73.863562886480963,15.505687595763103],[73.863588748977975,15.505729131675228],[73.863624669911246,15.505762360225781],[73.863321359145459,15.50747564152754],[73.863129558052535,15.508559040324602],[73.863012382705165,15.508548616671677],[73.861028071616204,15.50824655470095],[73.858844982219452,15.507855516148473],[73.85577849855548,15.507355800020314],[73.854809676301329,15.507062794959237],[73.853840859437113,15.506769786885551],[73.852023372682908,15.50652448426488],[73.850605559873358,15.506059515176226],[73.848807726460947,15.504991158182385],[73.848598922056297,15.504867076274826],[73.846802678661945,15.504183869624592],[73.843950695619839,15.503678230637913],[73.843950638127637,15.503678208997229],[73.842414569297475,15.502768689344789],[73.840757978895525,15.502376708998177],[73.837836014397809,15.501878946338866],[73.836188759288262,15.501487075105597],[73.835689658909672,15.501524375432163],[73.835523305292114,15.501564106461846],[73.835441769705326,15.500757905605333],[73.835364784085485,15.499996691722044],[73.835358417725075,15.499692998487605],[73.835102364631439,15.499721814950339],[73.835041315124741,15.499633104484035],[73.83499114601274,15.499522212668586],[73.834794415863826,15.499087367944547],[73.8346867932012,15.498875011448273],[73.834579169640278,15.498662654733749],[73.834412642647862,15.4984811686253],[73.834189817338284,15.498291496760556],[73.833966992926975,15.498205607703982],[73.83359190497336,15.498112561402154],[73.833205077835601,15.497953550614229],[73.83306083894368,15.497894259466415],[73.832909262612546,15.497792824844961],[73.832743977091837,15.497638516908443],[73.832705335161592,15.497578524490406],[73.832497279951895,15.497268979333867],[73.832472262769528,15.497215840204277],[73.832416066860304,15.4970964896313],[73.832331089827676,15.496782588630127],[73.832297916840901,15.496551055432237],[73.83227700675603,15.495483086425217],[73.832497747974159,15.493739827926962],[73.832580877172219,15.493390076098725],[73.832761013641218,15.492986518624621],[73.833250831727966,15.492244771148862],[73.833350527656506,15.492156442699107],[73.83343717645387,15.492103141239054],[73.833820903505583,15.491867094347841],[73.83392259638903,15.491808848924638],[73.835678463206278,15.490965675698844],[73.835980613348724,15.491312007863439],[73.83561828057384,15.491796914683576],[73.835325128855573,15.492334372104754],[73.835663107404827,15.492461638568056],[73.836553840009614,15.492959069852409],[73.837246707893314,15.493028649210615],[73.837613147765722,15.493124819417412],[73.837884574627111,15.493327849013861],[73.838256116031985,15.493396901919594],[73.838866580556342,15.493383988695557],[73.838802362691652,15.494991133083598],[73.839279473210411,15.495156672393925],[73.839613003302347,15.495265881970417],[73.83978273638202,15.495426599317142],[73.839930847012795,15.495758726289608],[73.840181627894069,15.496643537162518],[73.840921767822934,15.496677784322513],[73.840901553034115,15.4970478882279],[73.840886055298824,15.497693614037839],[73.840829252128472,15.498307085405374],[73.840805327297502,15.498898475720001],[73.840885151593639,15.499139118959802],[73.842346591084976,15.49950093162707],[73.844561186195335,15.499951285227805],[73.845428281430088,15.500199866054608],[73.846895650700617,15.500484852022669],[73.848884872879239,15.500764552860817],[73.848851072868342,15.499647395425113],[73.849544115923521,15.499744825527925],[73.850442003609587,15.49989655227108],[73.851342182897923,15.500048665845613],[73.852028090634775,15.500267247704642],[73.853418474285448,15.500709118084716],[73.853766724171663,15.500782391119225],[73.854081991513851,15.500597565496729],[73.85436899785725,15.500425859382164],[73.854659432171758,15.500335522675821],[73.854979861233616,15.500394724827556],[73.855125490717569,15.500604852466424],[73.855846845077238,15.499812924080187],[73.856823588675582,15.499591795010902],[73.858289851221642,15.499189290155606],[73.859316767525243,15.498874489462128],[73.860094903495664,15.498344626956989],[73.860132136867605,15.49848751211079],[73.860277523806445,15.498991274958172],[73.860362440651926,15.499067111785305],[73.860447356599096,15.499142947718957],[73.86076431996058,15.499134323272177],[73.86112247107782,15.499171592860209],[73.861439581763008,15.499153934517407],[73.861702648004083,15.499027027956666],[73.86202863494259,15.499036609814601],[73.862137448771264,15.500494993883324],[73.862145738424715,15.500635827711374],[73.862150312646136,15.500811183192077],[73.862152011360351,15.500865410372532],[73.862155577672013,15.500979243776939],[73.86215772284892,15.501006125355442],[73.862160941512599,15.501026802891095],[73.862164160176221,15.501052650024148],[73.862167378839885,15.501072293981588],[73.86217810831765,15.501097107535561],[73.862188837795429,15.501120886647596],[73.862204931113723,15.501140530598585],[73.862234972573461,15.50117568247161],[73.862249786690825,15.501189102473207],[73.862326729191523,15.501281483444698],[73.862339949697571,15.501297356659009],[73.862360304623593,15.501328612266979],[73.862388174855283,15.501383940403356],[73.862398436310755,15.50141621745113],[73.862409054397418,15.501435893402634],[73.86243399252804,15.501452311956927],[73.862507145036531,15.501466485045427],[73.862607783297832,15.501510565915426],[73.862704370157175,15.501596711557971],[73.862728436023659,15.501618175898708],[73.862835745174223,15.501710192245239],[73.863197885709653,15.502052684623134],[73.863339008345832,15.502152887085963],[73.863485939488655,15.502220848939828],[73.863568250321507,15.50224720058843],[73.863794981505976,15.502291061420687],[73.863936017005571,15.502311594266763],[73.86406932160385,15.502324905124649],[73.864144870817555,15.502340168852333],[73.864348259279339,15.502424885853149],[73.86440794424513,15.502442845156876],[73.864472770269316,15.502456096277559],[73.864567641346468,15.502468004799663],[73.86457636488619,15.502471607566783],[73.864588202885002,15.50248301488614],[73.864691609753976,15.502786001125676],[73.86473649407715,15.502924745488214],[73.864760837523036,15.502999992242049],[73.864795226828747,15.503066268433409],[73.864821098308923,15.503101590508066],[73.864856123621848,15.503129640412046],[73.864870306223551,15.503139066266154],[73.864899067583991,15.503149782775331],[73.864954237617169,15.503157234124808],[73.864983140013152,15.503171892715146],[73.864995540357313,15.503204565942328],[73.865002392706316,15.503294496279134],[73.865040567512636,15.504003035855643],[73.865040567512636,15.504138411247517],[73.864640836974132,15.504169120215272],[73.864645451619751,15.503877882572999],[73.864643025270169,15.503827501302613],[73.86463958472261,15.503756077464503],[73.864492803598452,15.503767766907735],[73.864001977601959,15.503798374652098],[73.863782702434349,15.503833096721463],[73.863736299958347,15.503840444170958],[73.863690107688129,15.503844944570199],[73.863564147715621,15.503850130546615],[73.863525524649972,15.503847640135303],[73.863427023480753,15.503828173895515],[73.863338520560646,15.503807937244943],[73.863282476466694,15.503799478327867],[73.863189729006876,15.503792774038562],[73.863019333868849,15.50378617275881],[73.862548065992684,15.503799913738767]]]},"properties":{"objectid":4438,"id":"4355","name":"Ward No 28","code":"28","town":"Panaji","district":"North Goa","state":"Goa","st_area(shape)":2568222.1742973193,"st_perimeter(shape)":10700.906518932677}},{"type":"Feature","id":4439,"geometry":{"type":"Polygon","coordinates":[[[73.83392259638903,15.491808848924638],[73.833820903505583,15.491867094347841],[73.83343717645387,15.492103141239054],[73.833350527656506,15.492156442699107],[73.833250831727966,15.492244771148862],[73.832761013641218,15.492986518624621],[73.832580877172219,15.493390076098725],[73.832497747974159,15.493739827926962],[73.83227700675603,15.495483086425217],[73.832297916840901,15.496551055432237],[73.832331089827676,15.496782588630127],[73.832416066860304,15.4970964896313],[73.832472262769528,15.497215840204277],[73.832165083858129,15.497323525139478],[73.83222450382091,15.497518208300235],[73.832209557651225,15.497526850127526],[73.83214260980634,15.497560291217093],[73.832093489028296,15.497580388243696],[73.832042050596826,15.497595534592959],[73.831959966139422,15.49761219410424],[73.83185231473071,15.497630247316975],[73.831796174517052,15.49763670249796],[73.831682270833952,15.497645510525848],[73.83155284516107,15.497647338786717],[73.831481298840274,15.497644450965556],[73.831447290420257,15.497639598110132],[73.831478188872751,15.497373914055562],[73.831510904617076,15.49702121389195],[73.831511571167027,15.496962586435316],[73.831507561985916,15.49689644679102],[73.831470765195249,15.496609553156935],[73.831462868105589,15.496533429760539],[73.831449667362477,15.496249332568917],[73.831450500100757,15.496153181129174],[73.831451612215091,15.496024476479692],[73.831443362087512,15.495920097692839],[73.83141060861395,15.495714941980225],[73.831380473729425,15.495526183447584],[73.831378041091639,15.49551693557266],[73.831366976542256,15.4954748660903],[73.83135930672637,15.495445704501417],[73.831322265593954,15.495375505276259],[73.83129312604278,15.495327942264373],[73.831284101567434,15.495315450739152],[73.830831946247258,15.49480918494779],[73.830776157274855,15.494739603591979],[73.830694819317472,15.494625044784293],[73.830668497781318,15.494573211265896],[73.830558368819041,15.494231483860242],[73.830512344533787,15.494011572874294],[73.830489951330378,15.493929470208235],[73.830411957800777,15.493727499917442],[73.830405867223163,15.493704757027629],[73.830399788323646,15.493667399020939],[73.830399788323646,15.49364980859578],[73.830399232266473,15.493635332852083],[73.830402944105245,15.493581387714261],[73.830405873511381,15.493563322028471],[73.830426498830306,15.49345661593966],[73.830446453107697,15.49331114241093],[73.830463001871863,15.493017833489771],[73.830464237055367,15.492980834613354],[73.830468306423626,15.492792363584561],[73.830500929641488,15.492777497361724],[73.830637230121212,15.492728998823557],[73.830724664046144,15.492690278068723],[73.830817646864574,15.492654083345496],[73.830943322071136,15.492617087866661],[73.831030819776444,15.492600346579271],[73.831043467157315,15.492598225675605],[73.831224488466859,15.492581245460368],[73.831989200912034,15.492525115948775],[73.831991576955943,15.492181549922396],[73.832017722422293,15.491066101689464],[73.832012968537839,15.490129304186345],[73.831998707782674,15.489499426267678],[73.832017722422293,15.488704631442358],[73.832024700535428,15.48821106130176],[73.832031678648548,15.487528522440368],[73.832044976409705,15.487199604371007],[73.832046032828458,15.487173482810741],[73.832102693166718,15.487168569976303],[73.832381964117161,15.48714475289969],[73.832661234169336,15.487120935820293],[73.832679660412438,15.486773413224221],[73.833290230039708,15.486732579047086],[73.834586985881586,15.486631044587028],[73.835160112829456,15.486621984171109],[73.835760405729872,15.486102959148562],[73.835887971890102,15.486827676984348],[73.835791197282859,15.487878743869246],[73.836277910792006,15.488297443628015],[73.836525526908503,15.488597116886609],[73.836652292669839,15.488750532120013],[73.836300783695762,15.489295513371362],[73.83628884957723,15.489314016602929],[73.835553281174825,15.489844475344123],[73.835711682905512,15.490673566749088],[73.836070780847052,15.491152494076706],[73.835992314803619,15.491296348570856],[73.835982557303012,15.491314236124655],[73.835980613348724,15.491312007863439],[73.835678463206278,15.490965675698844],[73.83392259638903,15.491808848924638]]]},"properties":{"objectid":4439,"id":"4356","name":"Ward No 20","code":"20","town":"Panaji","district":"North Goa","state":"Goa","st_area(shape)":353741.88498920744,"st_perimeter(shape)":3682.1042408786852}},{"type":"Feature","id":4440,"geometry":{"type":"Polygon","coordinates":[[[73.823902742794175,15.503217239638612],[73.822089247254809,15.503843535328059],[73.821017681986675,15.504411408928803],[73.820914040657385,15.50446633285809],[73.819539512271476,15.505587451280412],[73.818876887070132,15.505924738320788],[73.81827254186949,15.505851945797993],[73.817742156762819,15.505531846405729],[73.817394822259899,15.505146090799983],[73.817024163898935,15.504734430673459],[73.816345519939432,15.503540102243846],[73.816160352006563,15.502367165383053],[73.816393212396193,15.500704991574054],[73.816393416313772,15.500704001280733],[73.816217640267183,15.500351283429257],[73.81493015234409,15.497767747735534],[73.812686234426209,15.495523982932966],[73.814477555052818,15.49486185377418],[73.816502876031123,15.494113228365919],[73.817134420421937,15.493863459443666],[73.817765963914468,15.493613690219602],[73.817786540724384,15.493605112288295],[73.817951007879842,15.493534683035181],[73.817991766240908,15.493520811521838],[73.818006977413631,15.493517880359461],[73.818045005794559,15.493517880359461],[73.818084555921558,15.493526675577829],[73.818111936571441,15.493541333985732],[73.818136421951124,15.493563041551091],[73.81815923376945,15.493590231407515],[73.818168188176202,15.493604901930302],[73.81819509002402,15.493660590522401],[73.818258412268378,15.493814368176476],[73.818286376823195,15.49388228083281],[73.818302848332237,15.4939179074618],[73.818335546110248,15.494003083257741],[73.818348781887664,15.494017255125861],[73.818349236435196,15.49401774249751],[73.818361679000191,15.494025236594149],[73.818391828257774,15.494032400870603],[73.818435789112826,15.494028449957423],[73.818483103378824,15.494018922404406],[73.818579745035393,15.493990621085212],[73.818649114738278,15.493966706108212],[73.819132931180633,15.49381786721408],[73.81966631666036,15.493660026105214],[73.81983595541692,15.493609823268475],[73.820068091764426,15.494399429468816],[73.820097659812021,15.494464059323079],[73.82012084802443,15.494491990937624],[73.820148615848211,15.494514795203161],[73.820201643399415,15.494548134631465],[73.820380759382246,15.49464282817004],[73.820711870311115,15.494833013260742],[73.820968689667708,15.494973837962865],[73.821009180330805,15.494995122933307],[73.821013304496276,15.494998302520578],[73.821028651314592,15.495010133562653],[73.821036649913879,15.495019201401947],[73.821050492952423,15.495042233279149],[73.821060227995133,15.495072912435042],[73.821071233255708,15.495129183223693],[73.821081315048133,15.495200023989581],[73.821123485560847,15.495665127459251],[73.821134612992253,15.495730263329904],[73.821146233598782,15.495757282365835],[73.821451950052875,15.496108826433236],[73.821625903417782,15.496304141804133],[73.822096457133284,15.496832479925214],[73.822306884793633,15.497081576972631],[73.822420957359981,15.497225038660771],[73.822320686509642,15.497761847442439],[73.822283548359152,15.49791215337439],[73.822914350741584,15.498092621110311],[73.823163706894775,15.498173399406785],[73.82399558547543,15.49842390931075],[73.824582357832483,15.498602844399542],[73.824534078775883,15.498860510966782],[73.824872776875637,15.49894618593596],[73.825196314108354,15.499034435306832],[73.825224817652327,15.498960602443557],[73.825291682852182,15.498792515112799],[73.825450844557608,15.498930366211212],[73.82678022631228,15.500137457503959],[73.826963240085107,15.500313814956241],[73.827010376484708,15.500347575016795],[73.827169347747258,15.500435651526276],[73.827410973897429,15.500553918984025],[73.827480597823538,15.500580488121273],[73.827521111842842,15.50059239675149],[73.827872498646002,15.500645860493798],[73.827979001109483,15.500653087732562],[73.828071241021135,15.500649909097918],[73.828101523229392,15.500646737388385],[73.82881563986281,15.500586152879407],[73.828914516527817,15.500580005958941],[73.829099052046743,15.500567403949127],[73.829394843015294,15.500561895871627],[73.829479302618296,15.500566683735329],[73.829604522379029,15.500574948015398],[73.829648571268962,15.500562023986596],[73.829702685781683,15.500511229861981],[73.829919009983584,15.500250615242361],[73.829923763868052,15.500225421569446],[73.829921386925804,15.500191065926417],[73.829903677538297,15.500164692374454],[73.829845449639905,15.500118543195063],[73.829736498369002,15.500032193509821],[73.829649491143826,15.499960708630036],[73.829579484535415,15.499892612723396],[73.829496859292234,15.499795638019492],[73.829425144088148,15.499693902221265],[73.829323019115066,15.499522999540766],[73.829150265001076,15.499196907852266],[73.828901001374376,15.498673269328464],[73.82877888978453,15.498416751246099],[73.828811141099862,15.498406084699161],[73.829030660609234,15.498326445690351],[73.829312816948388,15.498224079840119],[73.829443479601409,15.498172215195337],[73.829535433848818,15.498132575272468],[73.829748177366,15.498030250877484],[73.829567190192449,15.497609621380644],[73.829357392251097,15.497152042240261],[73.829346201937625,15.497115100371582],[73.829341448053114,15.497069292445277],[73.829343824995362,15.497030356089459],[73.829365216577216,15.496984548144386],[73.829504610854826,15.496830668104606],[73.829524733117168,15.496813058038592],[73.829595714397655,15.496737614258414],[73.829635820581828,15.496677238092373],[73.829657540947096,15.496631630901685],[73.829683672040389,15.49655042782992],[73.829709670183021,15.496486609750296],[73.829721735455607,15.496460048743197],[73.829731243224572,15.496448596942663],[73.829745503979694,15.49644172620833],[73.829912595114138,15.496432267153608],[73.830043404192551,15.49641904334768],[73.830038901836346,15.496054737375736],[73.83003117003669,15.495429227470391],[73.83053222425103,15.495427103133085],[73.83126413201866,15.495441909434591],[73.83135930672637,15.495445704501417],[73.831366976542256,15.4954748660903],[73.831378041091639,15.49551693557266],[73.831380473729425,15.495526183447584],[73.83141060861395,15.495714941980225],[73.831443362087512,15.495920097692839],[73.831451612215091,15.496024476479692],[73.831450500100757,15.496153181129174],[73.831449667362477,15.496249332568917],[73.831462868105589,15.496533429760539],[73.831470765195249,15.496609553156935],[73.831507561985916,15.49689644679102],[73.831511571167027,15.496962586435316],[73.831510904617076,15.49702121389195],[73.831478188872751,15.497373914055562],[73.831447290420257,15.497639598110132],[73.831481298840274,15.497644450965556],[73.83155284516107,15.497647338786717],[73.831682270833952,15.497645510525848],[73.831796174517052,15.49763670249796],[73.83185231473071,15.497630247316975],[73.831959966139422,15.49761219410424],[73.832042050596826,15.497595534592959],[73.832093489028296,15.497580388243696],[73.83214260980634,15.497560291217093],[73.832209557651225,15.497526850127526],[73.83222450382091,15.497518208300235],[73.832165083858129,15.497323525139478],[73.832472262769528,15.497215840204277],[73.832497279951895,15.497268979333867],[73.832705335161592,15.497578524490406],[73.832743977091837,15.497638516908443],[73.832909262612546,15.497792824844961],[73.83306083894368,15.497894259466415],[73.833205077835601,15.497953550614229],[73.83359190497336,15.498112561402154],[73.833966992926975,15.498205607703982],[73.834189817338284,15.498291496760556],[73.834412642647862,15.4984811686253],[73.834579169640278,15.498662654733749],[73.8346867932012,15.498875011448273],[73.834794415863826,15.499087367944547],[73.83499114601274,15.499522212668586],[73.835041315124741,15.499633104484035],[73.835102364631439,15.499721814950339],[73.835358417725075,15.499692998487605],[73.835364784085485,15.499996691722044],[73.835441769705326,15.500757905605333],[73.835523305292114,15.501564106461846],[73.835175147034079,15.501647258709104],[73.833451137171693,15.502220853267978],[73.832920643368865,15.502185372631551],[73.831193740931297,15.502930557339408],[73.830000326381409,15.503255014018178],[73.828274389632796,15.503225314239586],[73.828272724156236,15.503225285673789],[73.827545839767666,15.503216219925887],[73.825834216774766,15.503053604249807],[73.823902742794175,15.503217239638612]]]},"properties":{"objectid":4440,"id":"4357","name":"Ward No 27","code":"27","town":"Panaji","district":"North Goa","state":"Goa","st_area(shape)":1678746.7908594082,"st_perimeter(shape)":7931.8450438686723}},{"type":"Feature","id":4441,"geometry":{"type":"Polygon","coordinates":[[[73.828901001374376,15.498673269328464],[73.829150265001076,15.499196907852266],[73.829323019115066,15.499522999540766],[73.829425144088148,15.499693902221265],[73.829496859292234,15.499795638019492],[73.829579484535415,15.499892612723396],[73.829649491143826,15.499960708630036],[73.829736498369002,15.500032193509821],[73.829845449639905,15.500118543195063],[73.829903677538297,15.500164692374454],[73.829921386925804,15.500191065926417],[73.829923763868052,15.500225421569446],[73.829919009983584,15.500250615242361],[73.829702685781683,15.500511229861981],[73.829648571268962,15.500562023986596],[73.829604522379029,15.500574948015398],[73.829479302618296,15.500566683735329],[73.829394843015294,15.500561895871627],[73.829099052046743,15.500567403949127],[73.828914516527817,15.500580005958941],[73.82881563986281,15.500586152879407],[73.828101523229392,15.500646737388385],[73.828071241021135,15.500649909097918],[73.827979001109483,15.500653087732562],[73.827872498646002,15.500645860493798],[73.827521111842842,15.50059239675149],[73.827480597823538,15.500580488121273],[73.827410973897429,15.500553918984025],[73.827169347747258,15.500435651526276],[73.827010376484708,15.500347575016795],[73.826963240085107,15.500313814956241],[73.82678022631228,15.500137457503959],[73.825450844557608,15.498930366211212],[73.825291682852182,15.498792515112799],[73.825224817652327,15.498960602443557],[73.825196314108354,15.499034435306832],[73.824872776875637,15.49894618593596],[73.824534078775883,15.498860510966782],[73.824582357832483,15.498602844399542],[73.82399558547543,15.49842390931075],[73.823163706894775,15.498173399406785],[73.822914350741584,15.498092621110311],[73.822283548359152,15.49791215337439],[73.822320686509642,15.497761847442439],[73.822420957359981,15.497225038660771],[73.822306884793633,15.497081576972631],[73.822096457133284,15.496832479925214],[73.821625903417782,15.496304141804133],[73.821451950052875,15.496108826433236],[73.821146233598782,15.495757282365835],[73.821134612992253,15.495730263329904],[73.821123485560847,15.495665127459251],[73.821081315048133,15.495200023989581],[73.821071233255708,15.495129183223693],[73.821060227995133,15.495072912435042],[73.821050492952423,15.495042233279149],[73.821036649913879,15.495019201401947],[73.821028651314592,15.495010133562653],[73.821013304496276,15.494998302520578],[73.821009180330805,15.494995122933307],[73.820968689667708,15.494973837962865],[73.820711870311115,15.494833013260742],[73.820380759382246,15.49464282817004],[73.820201643399415,15.494548134631465],[73.820148615848211,15.494514795203161],[73.82012084802443,15.494491990937624],[73.820097659812021,15.494464059323079],[73.820068091764426,15.494399429468816],[73.81983595541692,15.493609823268475],[73.82062721846863,15.493392189203188],[73.820924318282536,15.494168784373786],[73.821091176753299,15.494702486427526],[73.821107548549378,15.494763767791326],[73.821145647897211,15.494906381870843],[73.82118427994601,15.495002637770433],[73.821210893434611,15.495053929275024],[73.821231182783592,15.495083073605924],[73.821261438940709,15.495105941865404],[73.821589429122312,15.495281171323855],[73.821722218985911,15.495352114185904],[73.821945597657717,15.495471455378366],[73.821986449443585,15.495507242746687],[73.822019873060356,15.495585975627732],[73.82206046163985,15.495815310261042],[73.822065246067027,15.495875244325976],[73.82209274259958,15.495954593417418],[73.822166625438427,15.496083637449273],[73.822230326771859,15.496158881500731],[73.822302649237059,15.496225090633887],[73.82241944280041,15.496307177671783],[73.822595503612945,15.496416245537858],[73.822719016574624,15.495962596452399],[73.823015156987793,15.49613352458479],[73.824055005438211,15.49667033533629],[73.82607528327452,15.497844158074027],[73.826461513032598,15.498076774485003],[73.826884958196317,15.498302549393781],[73.827193120762942,15.498466853365306],[73.827600197723839,15.498691009949047],[73.827712873409908,15.498740583090079],[73.827737109956288,15.498748139342149],[73.827772290677757,15.498760344130021],[73.827839012147166,15.498771233996107],[73.827916064242331,15.498770111249238],[73.828339687272475,15.498736904946396],[73.828666541983537,15.498698574859452],[73.828901001374376,15.498673269328464]]]},"properties":{"objectid":4441,"id":"4358","name":"Ward No 25","code":"25","town":"Panaji","district":"North Goa","state":"Goa","st_area(shape)":195021.67507291611,"st_perimeter(shape)":3206.8764776865974}},{"type":"Feature","id":4442,"geometry":{"type":"Polygon","coordinates":[[[73.823588637871921,15.495632060029124],[73.823758601818611,15.495723534540215],[73.825952033519215,15.496948135162018],[73.827269252084946,15.49768065520265],[73.826884958196317,15.498302549393781],[73.826461513032598,15.498076774485003],[73.82607528327452,15.497844158074027],[73.824055005438211,15.49667033533629],[73.823015156987793,15.49613352458479],[73.822719016574624,15.495962596452399],[73.822595503612945,15.496416245537858],[73.82241944280041,15.496307177671783],[73.822302649237059,15.496225090633887],[73.822230326771859,15.496158881500731],[73.822166625438427,15.496083637449273],[73.82209274259958,15.495954593417418],[73.822065246067027,15.495875244325976],[73.82206046163985,15.495815310261042],[73.822019873060356,15.495585975627732],[73.821986449443585,15.495507242746687],[73.821945597657717,15.495471455378366],[73.821722218985911,15.495352114185904],[73.821589429122312,15.495281171323855],[73.821261438940709,15.495105941865404],[73.821231182783592,15.495083073605924],[73.821210893434611,15.495053929275024],[73.82118427994601,15.495002637770433],[73.821145647897211,15.494906381870843],[73.821107548549378,15.494763767791326],[73.821091176753299,15.494702486427526],[73.820924318282536,15.494168784373786],[73.82062721846863,15.493392189203188],[73.820497148703694,15.492457172547889],[73.820452019140461,15.491974137140121],[73.820442294877509,15.491742643570847],[73.820891619606229,15.491563657527113],[73.821022372989091,15.491512037063858],[73.821092265511453,15.491481830040533],[73.821150378425486,15.491453222788998],[73.821220086793218,15.491414265464547],[73.821266490167545,15.491383858454839],[73.821353508172479,15.49131905969549],[73.821409339365687,15.491274290166865],[73.821411229421045,15.491272774360255],[73.821462112693709,15.491353446246563],[73.821482623926599,15.491385964654395],[73.821530137618581,15.491466987096798],[73.821546167156512,15.491497452960482],[73.821571499647533,15.49155528640809],[73.821620137131944,15.491682461589091],[73.821633234568793,15.491720276167191],[73.821650645715636,15.491790995175098],[73.821688839386567,15.492019644074329],[73.82172963637521,15.492255979927258],[73.821739252840302,15.492301324052269],[73.821787342352422,15.492836364931598],[73.821774271865053,15.49292403864159],[73.821753116540108,15.492974465854287],[73.821730427790953,15.493001886057243],[73.821583859567539,15.493080815534759],[73.821415737167158,15.493163899345006],[73.821381250843416,15.493209595599557],[73.821372628813293,15.493350837795932],[73.821325210342707,15.493766255104806],[73.821269168943729,15.494081972532168],[73.821247614766804,15.494256447130583],[73.821273479958762,15.494335376129046],[73.821346682772941,15.49440003976436],[73.821401223985447,15.494434038849615],[73.821501974536105,15.494488686686529],[73.821706074463606,15.494599391622176],[73.822577036047335,15.495087603628519],[73.823588637871921,15.495632060029124]]]},"properties":{"objectid":4442,"id":"4359","name":"Ward No 24","code":"24","town":"Panaji","district":"North Goa","state":"Goa","st_area(shape)":98936.966165788399,"st_perimeter(shape)":2581.9864255177013}},{"type":"Feature","id":4443,"geometry":{"type":"Polygon","coordinates":[[[73.832661234169336,15.487120935820293],[73.832381964117161,15.48714475289969],[73.832102693166718,15.487168569976303],[73.832046032828458,15.487173482810741],[73.832044976409705,15.487199604371007],[73.832031678648548,15.487528522440368],[73.832024700535428,15.48821106130176],[73.832017722422293,15.488704631442358],[73.831998707782674,15.489499426267678],[73.832012968537839,15.490129304186345],[73.832017722422293,15.491066101689464],[73.831991576955943,15.492181549922396],[73.831989200912034,15.492525115948775],[73.831224488466859,15.492581245460368],[73.831043467157315,15.492598225675605],[73.831030819776444,15.492600346579271],[73.830943322071136,15.492617087866661],[73.830817646864574,15.492654083345496],[73.830724664046144,15.492690278068723],[73.830637230121212,15.492728998823557],[73.830500929641488,15.492777497361724],[73.830468306423626,15.492792363584561],[73.83000233681102,15.492989125167055],[73.829911040130369,15.492594634855818],[73.82989228420557,15.492484268191141],[73.829885825318669,15.492437570189573],[73.82986786530121,15.492307779399699],[73.829853810260246,15.492206198333994],[73.829844473171192,15.49215544803643],[73.829832921734948,15.492115542927994],[73.829808376168117,15.49204519280965],[73.829783425461102,15.491977868210498],[73.829762040167466,15.491930635105614],[73.829733228501368,15.491887623035685],[73.829712201635502,15.491863758024705],[73.82964392518231,15.491786265108537],[73.829441274237396,15.491556258565989],[73.829331018612677,15.491450009385701],[73.82928875287854,15.491409278282431],[73.829274569378541,15.491383135611983],[73.829265612276842,15.491337058920053],[73.829267843692008,15.491294251892889],[73.829278344997675,15.491262587897333],[73.829317680427337,15.491143977506592],[73.829426777225336,15.490851816867872],[73.829534597517295,15.490563073534668],[73.829566021484268,15.490495120832085],[73.829589426190665,15.490449259497561],[73.829619332004796,15.490402498706969],[73.829655936555994,15.490364167074288],[73.829814430813158,15.490227794046147],[73.830415760369405,15.489771992266347],[73.830461609483152,15.489741928692778],[73.830646310292096,15.489620820787072],[73.83069912314599,15.48958155926095],[73.830743799958299,15.489538622017106],[73.830883990143235,15.489339093006656],[73.830962976311213,15.489201929793838],[73.831124046038298,15.488922226292397],[73.831263875998786,15.488659243243879],[73.831277747783432,15.48861452681216],[73.831304682868904,15.488484744876123],[73.831375331772733,15.487963484112116],[73.831422903855213,15.487728050600973],[73.831439687079694,15.487645958424777],[73.831446225916636,15.487588999967938],[73.831456172961794,15.487441602195307],[73.83146026838115,15.487380917723087],[73.831452568022542,15.487271980138447],[73.831408480505033,15.487091639735448],[73.831405490013452,15.487079536410933],[73.83139557171441,15.48702132599831],[73.831396114296837,15.486981062365436],[73.831400866384683,15.486917525280679],[73.831470208239779,15.486383468102742],[73.831464569514722,15.486318178655024],[73.831448974761415,15.4862552577461],[73.831382392530841,15.486040933310457],[73.831364462157779,15.485993896229482],[73.831300936894166,15.485863355158376],[73.831236170158817,15.485730261910321],[73.831212238141333,15.485688048460892],[73.831154712725464,15.485607667837845],[73.830976354920764,15.4853699583026],[73.830708036230234,15.485040566721215],[73.83063619975357,15.484956503994825],[73.830607170695174,15.484917812084086],[73.830525041322005,15.48477464485264],[73.830489138355048,15.484712061965892],[73.830452883248526,15.484640433274501],[73.830412901930174,15.484553942938453],[73.830402830917521,15.484531885546581],[73.830387619744798,15.484498168785398],[73.830376971115442,15.484483509736375],[73.830364041663543,15.484471048721414],[73.830329815851201,15.484448327321807],[73.830308519490785,15.484439531717255],[73.8302189844064,15.484409166101626],[73.830145124923746,15.484382227824902],[73.83011420042007,15.484368627530282],[73.829995849178047,15.484312253390472],[73.829690837901396,15.484151108399747],[73.829608458796599,15.484112398158404],[73.829586790533625,15.484102215671278],[73.829456169203098,15.484037150588183],[73.829422046697061,15.484024741488996],[73.829374471021268,15.484018158623462],[73.829303345112024,15.484016358810516],[73.829243193920618,15.484018329168517],[73.829219853892894,15.484020547119826],[73.829160567779084,15.484020786056007],[73.829116659924622,15.484016515504194],[73.829069324997363,15.484008819334129],[73.829049132666412,15.484005535692557],[73.82904047739865,15.483895640584423],[73.829038754429916,15.483772775322372],[73.829037218310773,15.483663224644101],[73.828988279890737,15.482888420136666],[73.828987305218646,15.482872988755139],[73.828977798348006,15.482561474582297],[73.828983212494236,15.482563136758888],[73.829156818211104,15.482616438080955],[73.829334835554306,15.482661694285373],[73.829474548733813,15.482689745231774],[73.829764518619328,15.482726393603151],[73.829786536326949,15.482725819633258],[73.829798463258982,15.482725509706803],[73.829890237843358,15.48271066007454],[73.830006951456639,15.482669129924854],[73.830097577994081,15.482641842537728],[73.830158757756507,15.482181577706642],[73.830255121833645,15.482171899838397],[73.830967277444827,15.482205820422612],[73.831158993197818,15.482439129689602],[73.831285888316529,15.482648967385671],[73.831137898059993,15.483143472787331],[73.830894898385722,15.484015996943365],[73.831377345795588,15.484141006425563],[73.831210757717756,15.484626325691751],[73.831534008387891,15.484794036704825],[73.832332782253687,15.484942158364197],[73.832141156332241,15.485810939421951],[73.831997688194832,15.48603457039753],[73.831867418105574,15.486303484241221],[73.831947371759142,15.486810784596504],[73.832362229028703,15.48679464276851],[73.832679660412438,15.486773413224221],[73.832661234169336,15.487120935820293]]]},"properties":{"objectid":4443,"id":"4360","name":"Ward No 19","code":"19","town":"Panaji","district":"North Goa","state":"Goa","st_area(shape)":198060.21888276178,"st_perimeter(shape)":3465.1015388317569}},{"type":"Feature","id":4445,"geometry":{"type":"Polygon","coordinates":[[[73.829265612276842,15.491337058920053],[73.829274569378541,15.491383135611983],[73.82928875287854,15.491409278282431],[73.829331018612677,15.491450009385701],[73.829441274237396,15.491556258565989],[73.82964392518231,15.491786265108537],[73.829712201635502,15.491863758024705],[73.829733228501368,15.491887623035685],[73.829762040167466,15.491930635105614],[73.829783425461102,15.491977868210498],[73.829808376168117,15.49204519280965],[73.829832921734948,15.492115542927994],[73.829844473171192,15.49215544803643],[73.829853810260246,15.492206198333994],[73.82986786530121,15.492307779399699],[73.829885825318669,15.492437570189573],[73.828786718602231,15.492705341671607],[73.828482726913464,15.492824466242498],[73.828024999343583,15.493116619764828],[73.827794747661557,15.493374293172511],[73.827553355971659,15.493488813718253],[73.827537960644335,15.493455996118939],[73.827390414155531,15.493152507958932],[73.827324924276368,15.49301780319121],[73.827292236379819,15.49294130536661],[73.827274163174607,15.49286002812828],[73.827277246192665,15.492776817807464],[73.827296735142752,15.4927094752674],[73.827368257209045,15.492581103489682],[73.827490509834377,15.492402561397936],[73.827629098323158,15.492208526138418],[73.827673897306369,15.492136572818065],[73.827683616179428,15.492108311062285],[73.827693017947198,15.492044982450079],[73.827675575359322,15.49185486145123],[73.827661002888775,15.491699868657781],[73.827638770483802,15.491051643944145],[73.827698831843705,15.49012556788851],[73.827681690191469,15.489344894851685],[73.827687786159004,15.489098331010897],[73.827937754963187,15.489048572896602],[73.828028940252764,15.489030421977036],[73.828245897766905,15.488987235299998],[73.829151304351882,15.48875273097536],[73.829948980476402,15.488495168675584],[73.829986079999301,15.488476981348374],[73.830110732923075,15.488395460826641],[73.83051263289299,15.488072707011467],[73.830590195231252,15.487992058084462],[73.830650125437103,15.487895108961808],[73.830664997046654,15.487858088391908],[73.830743783788662,15.487546176582164],[73.83077049699024,15.487362532053305],[73.830747544136443,15.486784972907438],[73.830697939166413,15.486439245210123],[73.830447187929579,15.485542321008699],[73.830401423257456,15.485422303162972],[73.830292456715185,15.485136552785423],[73.830284118552711,15.4851187348194],[73.830269770660976,15.48509384749358],[73.830251939102595,15.485075375049794],[73.830204093932252,15.485037659678397],[73.830176644112115,15.485009246319279],[73.830165722394895,15.484992648988884],[73.830157404893683,15.484968603115039],[73.830154977645776,15.484950785134524],[73.830155194139749,15.484941999939814],[73.830163179264318,15.484907092898167],[73.830185211344983,15.484810779490001],[73.830257779050257,15.484801773533906],[73.830330536300067,15.484791817030395],[73.830393053653935,15.484783262107168],[73.830525041322005,15.48477464485264],[73.830607170695174,15.484917812084086],[73.83063619975357,15.484956503994825],[73.830708036230234,15.485040566721215],[73.830976354920764,15.4853699583026],[73.831154712725464,15.485607667837845],[73.831212238141333,15.485688048460892],[73.831236170158817,15.485730261910321],[73.831300936894166,15.485863355158376],[73.831364462157779,15.485993896229482],[73.831382392530841,15.486040933310457],[73.831448974761415,15.4862552577461],[73.831464569514722,15.486318178655024],[73.831470208239779,15.486383468102742],[73.831400866384683,15.486917525280679],[73.831396114296837,15.486981062365436],[73.83139557171441,15.48702132599831],[73.831405490013452,15.487079536410933],[73.831408480505033,15.487091639735448],[73.831452568022542,15.487271980138447],[73.83146026838115,15.487380917723087],[73.831456172961794,15.487441602195307],[73.831446225916636,15.487588999967938],[73.831439687079694,15.487645958424777],[73.831422903855213,15.487728050600973],[73.831375331772733,15.487963484112116],[73.831304682868904,15.488484744876123],[73.831277747783432,15.48861452681216],[73.831263875998786,15.488659243243879],[73.831124046038298,15.488922226292397],[73.830962976311213,15.489201929793838],[73.830883990143235,15.489339093006656],[73.830743799958299,15.489538622017106],[73.83069912314599,15.48958155926095],[73.830646310292096,15.489620820787072],[73.830461609483152,15.489741928692778],[73.830415760369405,15.489771992266347],[73.829814430813158,15.490227794046147],[73.829655936555994,15.490364167074288],[73.829619332004796,15.490402498706969],[73.829589426190665,15.490449259497561],[73.829566021484268,15.490495120832085],[73.829534597517295,15.490563073534668],[73.829426777225336,15.490851816867872],[73.829317680427337,15.491143977506592],[73.829278344997675,15.491262587897333],[73.829267843692008,15.491294251892889],[73.829265612276842,15.491337058920053]]]},"properties":{"objectid":4445,"id":"4361","name":"Ward No 18","code":"18","town":"Panaji","district":"North Goa","state":"Goa","st_area(shape)":161606.99350026928,"st_perimeter(shape)":2620.5230150149564}},{"type":"Feature","id":4446,"geometry":{"type":"Polygon","coordinates":[[[73.798186962209826,15.460458838235679],[73.798275780438615,15.460289811386142],[73.79830825812941,15.460064646081648],[73.798327958183592,15.459906754981358],[73.798365865291942,15.459602938821739],[73.798621307531178,15.459698478667837],[73.798824274683099,15.459759889015535],[73.799506588260513,15.459872965809673],[73.799692765001495,15.459885227437173],[73.799986193400827,15.459887679416266],[73.800197130405934,15.459866402089702],[73.800480147331143,15.459816805780211],[73.800673262659373,15.459759535764112],[73.800748782228666,15.459738883540991],[73.800814272107829,15.459711160224774],[73.800871985271584,15.459672112940586],[73.800940288674184,15.459608208159628],[73.800982769105659,15.459540982099327],[73.801022396487795,15.459458627656513],[73.801048350613002,15.459388707134812],[73.801048350613002,15.459369383899187],[73.801048350613002,15.45934432810674],[73.801044636977593,15.459315693035352],[73.801033496071454,15.459279899407028],[73.801014926996231,15.459244105772493],[73.800995158670062,15.459200802921103],[73.800943779527401,15.45912674804581],[73.800892373435261,15.459079453761889],[73.800736508546947,15.458975058934023],[73.800627612073242,15.458917159237076],[73.800588080810869,15.4589037018605],[73.800397044184237,15.458838669549829],[73.80033647168294,15.458825432951292],[73.800092664423246,15.458802298339592],[73.798980955241689,15.458747241936054],[73.79878946496585,15.457751721036942],[73.79855874436322,15.456421374532324],[73.798393876559132,15.455625881234869],[73.798392568612059,15.455586556981071],[73.798396735896659,15.455564466198551],[73.798407802242664,15.455552444150237],[73.79842673064401,15.45554421010741],[73.798478639792677,15.455529012193379],[73.799067320171432,15.45541992797046],[73.799296388772248,15.455377480626385],[73.799628440237228,15.455306379465714],[73.799709061339044,15.455285854075887],[73.799774470369826,15.455271192092356],[73.799795766730284,15.455272658810275],[73.799815979722467,15.455280680735306],[73.799821626532363,15.455282921506104],[73.799839880298919,15.455301981044368],[73.799848399022764,15.455326612202665],[73.799863514974049,15.455391546045082],[73.79986695731823,15.4554088453399],[73.799879810413302,15.455458569115729],[73.799988688920706,15.455929088488096],[73.800077670642835,15.45635350932381],[73.800286800237615,15.457406692048371],[73.800303041777966,15.457468981018815],[73.800328214368832,15.457533285603349],[73.80036068846637,15.457588959660173],[73.800402370295558,15.457651320438954],[73.800570902327678,15.457885948317836],[73.800984289953448,15.457683034599986],[73.801169728279248,15.457599528742053],[73.801251518089202,15.45756652882327],[73.801351936263245,15.457537012965556],[73.801442642750771,15.457516046227612],[73.801507096872399,15.457501148032552],[73.801617941791918,15.457478992517501],[73.801742741141084,15.457454048187504],[73.802361454894722,15.457334809746255],[73.802567548183816,15.457299054737714],[73.802759016001801,15.457272366619046],[73.802844994655956,15.457263710988824],[73.802878212558525,15.45726355773821],[73.802966038148924,15.457273714705048],[73.803001781215769,15.45728144823363],[73.803069312067237,15.457298650398529],[73.80319955341038,15.45733182525613],[73.803250734025411,15.457347449888388],[73.803390816412474,15.457396085726318],[73.803443092972103,15.45741794167575],[73.803524490218336,15.45745530103191],[73.803552159227394,15.457663875711294],[73.80355711523282,15.457750527935961],[73.803556454971087,15.45778449234958],[73.803559154408504,15.459140309305713],[73.803590832598687,15.459336550498636],[73.803623029116778,15.459458610340237],[73.80367136207235,15.459569296788708],[73.803725805368444,15.459658101492836],[73.80374708825417,15.459690884625321],[73.804164183227087,15.460407402222549],[73.80452743857181,15.460892888828749],[73.804681128638819,15.461098292060434],[73.804748780762864,15.461206726536412],[73.804923115013395,15.461553795093266],[73.804981027603148,15.461648059575474],[73.805151657201506,15.46187981625252],[73.805241574968164,15.46198382520001],[73.805512239159896,15.462267267282289],[73.805575655727381,15.462350764332337],[73.805616380850793,15.462427146194536],[73.805795454612792,15.462963086836792],[73.805810765498478,15.463008910107723],[73.805155057324839,15.463372436182903],[73.804556161304703,15.463660944735015],[73.803291881356984,15.46426998980087],[73.803021278250654,15.464449802046213],[73.802852258433361,15.464556272882259],[73.801819759100297,15.4630292745597],[73.800543036587584,15.461880796342049],[73.799628052165062,15.461183503878358],[73.798186962209826,15.460458838235679]]]},"properties":{"objectid":4446,"id":"4362","name":"Ward No 2","code":"2","town":"Panaji","district":"North Goa","state":"Goa","st_area(shape)":402119.62357341102,"st_perimeter(shape)":3689.8111792733166}},{"type":"Feature","id":4447,"geometry":{"type":"Polygon","coordinates":[[[73.811027731511004,15.468654201337902],[73.811490150981612,15.469536193196499],[73.812474594938536,15.469452463553708],[73.813728335851351,15.469133578763563],[73.815347700067917,15.46813374340284],[73.81648852544447,15.468160883789361],[73.816879790259705,15.468998374387123],[73.815744733863966,15.469454690318843],[73.815990549756606,15.470068392632102],[73.816270950787711,15.470845398303673],[73.815920231432813,15.471201219169309],[73.816350990679524,15.472174756961365],[73.816060202428787,15.472292074394836],[73.815842937690817,15.473015942820913],[73.814868693205611,15.473054767686762],[73.815371539558953,15.475000778028663],[73.813748998899513,15.475181372247611],[73.813711533762273,15.474973779655958],[73.813693054518552,15.474871383198497],[73.813542871474397,15.473992395725034],[73.81353641438416,15.473962221638933],[73.81353111791725,15.473946909065564],[73.81352341396537,15.473934833541897],[73.813519420953909,15.473931393904842],[73.813506570553798,15.473928740371582],[73.813483714718004,15.47392686861337],[73.813437535024178,15.473931552337671],[73.813288206277889,15.473953979670496],[73.813252411108778,15.473960888379354],[73.813021594386413,15.473994336742901],[73.812906193211745,15.474007338618602],[73.812864520365721,15.474010609432579],[73.812769968190466,15.474006466805562],[73.812712157110354,15.473986953602571],[73.812679802488759,15.473962007797953],[73.8126240961614,15.473879687660245],[73.812597238331008,15.473817565521701],[73.812585038311155,15.473756765370659],[73.812581232149284,15.473683419558888],[73.812588677386373,15.473621835860683],[73.812600152465791,15.473585703597886],[73.812610614245585,15.473552764232029],[73.811936997258456,15.47361947841148],[73.811878050707804,15.473647514134448],[73.811845131944239,15.473664483783551],[73.811797668557872,15.473696946101104],[73.811752502163699,15.473733098256831],[73.811705037879037,15.473759658719917],[73.811565613058733,15.473799238383478],[73.811482193704833,15.473808105432193],[73.811427806104263,15.473808105432193],[73.811372564205854,15.473808105432193],[73.811224014298901,15.473786630412629],[73.81106432258747,15.47374368036685],[73.811031866456247,15.47373934986588],[73.810822929100937,15.473711468259538],[73.810648383746326,15.473704310205191],[73.810092126261139,15.473727896807157],[73.809055877360066,15.473775063077035],[73.808958941954415,15.473778076765862],[73.808700213677852,15.473791766063561],[73.808623210990021,15.473800765572888],[73.808455723698557,15.47383983270249],[73.807713628137279,15.474012927052739],[73.807650106466923,15.474027743544907],[73.807134764547968,15.474132858016182],[73.806480049012691,15.474266400258763],[73.806183970583291,15.474325927605497],[73.806105669829847,15.474345380173899],[73.806065762173361,15.473966268168276],[73.805473842469709,15.471051415880323],[73.805637873043949,15.471021742643574],[73.805890596981143,15.470949497982248],[73.808005934540844,15.470467867705359],[73.808178507195137,15.470434877628852],[73.808366470685172,15.470394390863007],[73.808460828824295,15.47037122377867],[73.808497073151088,15.470357462395977],[73.808510882951921,15.470350337124829],[73.808525647661952,15.470335270162428],[73.808547748912872,15.470272057823488],[73.808553028311792,15.470251706204589],[73.808571282078375,15.470160811748139],[73.80858821082991,15.470048635776701],[73.808589737965875,15.469995341606607],[73.808584889758308,15.469920705330715],[73.808549225743221,15.469644674334864],[73.808544453892424,15.469600982329505],[73.80855239140628,15.469518588598417],[73.80857170428655,15.469454772567172],[73.808613087875059,15.469382980157825],[73.808671025617627,15.469287256906643],[73.808742757889689,15.469207487208255],[73.808828284691288,15.469146330736123],[73.808899166258755,15.46911527891535],[73.808959035379218,15.469096611977605],[73.809062532978032,15.469080561405386],[73.809104486098406,15.469076610015607],[73.809252665899493,15.469073849064202],[73.809400844802241,15.469071088978531],[73.809601054126205,15.469067359226557],[73.80973039895072,15.469062838157591],[73.809775654278099,15.469062838157591],[73.811027731511004,15.468654201337902]]]},"properties":{"objectid":4447,"id":"4363","name":"Ward No 4","code":"4","town":"Panaji","district":"North Goa","state":"Goa","st_area(shape)":611348.69539959996,"st_perimeter(shape)":4118.6328084932529}},{"type":"Feature","id":4448,"geometry":{"type":"Polygon","coordinates":[[[73.813748998899513,15.475181372247611],[73.813737918180479,15.475182605938297],[73.813750455068586,15.475266816350349],[73.813821593554252,15.475744638300666],[73.813761678619755,15.477089910688649],[73.813804693548789,15.47812453739119],[73.81357785097326,15.479146569456317],[73.812844796955332,15.479047770447465],[73.81229857904178,15.478831154741071],[73.810836559238766,15.47825136241709],[73.810405626617197,15.47811093408793],[73.810164438844851,15.478049756005939],[73.810064447370607,15.478039048584408],[73.809887190900412,15.478060837424799],[73.809607264179789,15.478140879014939],[73.809469583887761,15.478180246601097],[73.809195349791082,15.478255706675421],[73.808564795343699,15.478412437550546],[73.807845825112807,15.478567379701143],[73.807742056222764,15.478589742467282],[73.807062692712705,15.478709179041783],[73.80686652221425,15.478738815681238],[73.806596702438867,15.478779594298141],[73.806524525500762,15.47879050253132],[73.806452347664305,15.478801410763976],[73.806358515039619,15.478815592331237],[73.806327234803078,15.478266934392442],[73.806296660642417,15.477829864172426],[73.806274940277149,15.477519363976612],[73.806270263647761,15.477190351208641],[73.806267937011171,15.477026682232109],[73.806257508469045,15.476293006843296],[73.806187783033337,15.475125440598832],[73.806105669829847,15.474345380173899],[73.806183970583291,15.474325927605497],[73.806480049012691,15.474266400258763],[73.807134764547968,15.474132858016182],[73.807650106466923,15.474027743544907],[73.807713628137279,15.474012927052739],[73.808455723698557,15.47383983270249],[73.808623210990021,15.473800765572888],[73.808700213677852,15.473791766063561],[73.808958941954415,15.473778076765862],[73.809055877360066,15.473775063077035],[73.810092126261139,15.473727896807157],[73.810648383746326,15.473704310205191],[73.810822929100937,15.473711468259538],[73.811031866456247,15.47373934986588],[73.81106432258747,15.47374368036685],[73.811224014298901,15.473786630412629],[73.811372564205854,15.473808105432193],[73.811427806104263,15.473808105432193],[73.811482193704833,15.473808105432193],[73.811565613058733,15.473799238383478],[73.811705037879037,15.473759658719917],[73.811752502163699,15.473733098256831],[73.811797668557872,15.473696946101104],[73.811845131944239,15.473664483783551],[73.811878050707804,15.473647514134448],[73.811936997258456,15.47361947841148],[73.812610614245585,15.473552764232029],[73.812600152465791,15.473585703597886],[73.812588677386373,15.473621835860683],[73.812581232149284,15.473683419558888],[73.812585038311155,15.473756765370659],[73.812597238331008,15.473817565521701],[73.8126240961614,15.473879687660245],[73.812679802488759,15.473962007797953],[73.812712157110354,15.473986953602571],[73.812769968190466,15.474006466805562],[73.812864520365721,15.474010609432579],[73.812906193211745,15.474007338618602],[73.813021594386413,15.473994336742901],[73.813252411108778,15.473960888379354],[73.813288206277889,15.473953979670496],[73.813437535024178,15.473931552337671],[73.813483714718004,15.47392686861337],[73.813506570553798,15.473928740371582],[73.813519420953909,15.473931393904842],[73.81352341396537,15.473934833541897],[73.81353111791725,15.473946909065564],[73.81353641438416,15.473962221638933],[73.813542871474397,15.473992395725034],[73.813693054518552,15.474871383198497],[73.813711533762273,15.474973779655958],[73.813748998899513,15.475181372247611]]]},"properties":{"objectid":4448,"id":"4364","name":"Ward No 5","code":"5","town":"Panaji","district":"North Goa","state":"Goa","st_area(shape)":451657.7054805698,"st_perimeter(shape)":2847.6880532006885}},{"type":"Feature","id":4449,"geometry":{"type":"Polygon","coordinates":[[[73.811996472018436,15.486542263574748],[73.811829354832881,15.486699736135696],[73.810544984962178,15.487858929847304],[73.810303996615829,15.488076431226668],[73.810063007371198,15.48829393237726],[73.809989367975774,15.488355923777553],[73.809918127082184,15.488245479534733],[73.809325944172144,15.487440414459615],[73.808941961998897,15.486918394442231],[73.808361746445115,15.486266053043851],[73.808209838635591,15.486095261324762],[73.808171118551911,15.486067275767892],[73.808000660531818,15.485944073306133],[73.807686893376086,15.48582648312571],[73.807312115341276,15.485566102776014],[73.807181379026389,15.48531412203881],[73.807050642711516,15.484936150357369],[73.806946053659615,15.484675768886706],[73.806806601889832,15.48428099780647],[73.80665843376687,15.4840122163838],[73.806606139240941,15.483768632890783],[73.806632286503898,15.483390658384881],[73.806710728292842,15.482878292129351],[73.806754307363903,15.482399521378658],[73.806815317344743,15.482105539898349],[73.806841464607714,15.481819956351009],[73.806850180062597,15.481567971049873],[73.806771738273682,15.481265588283376],[73.806641001958809,15.480929607201844],[73.806548347025455,15.480444873150009],[73.806518981098804,15.480291240518211],[73.806405676592021,15.47952687793272],[73.806386498459034,15.479254260339538],[73.806370813874182,15.479031301632778],[73.806358515039619,15.478815592331237],[73.806452347664305,15.478801410763976],[73.806524525500762,15.47879050253132],[73.806596702438867,15.478779594298141],[73.80686652221425,15.478738815681238],[73.807062692712705,15.478709179041783],[73.807742056222764,15.478589742467282],[73.807845825112807,15.478567379701143],[73.808564795343699,15.478412437550546],[73.809195349791082,15.478255706675421],[73.809469583887761,15.478180246601097],[73.809607264179789,15.478140879014939],[73.809887190900412,15.478060837424799],[73.810064447370607,15.478039048584408],[73.810164438844851,15.478049756005939],[73.810405626617197,15.47811093408793],[73.810836559238766,15.47825136241709],[73.81229857904178,15.478831154741071],[73.812267576384684,15.479323473776377],[73.812199277473624,15.480313932939733],[73.812181574374321,15.480419201779828],[73.812161120633618,15.480479354141917],[73.812137354804463,15.480521146180356],[73.812041038338023,15.480644133709609],[73.8117699348701,15.480930454745497],[73.811734134311081,15.480971828548222],[73.811906294638646,15.48115998570497],[73.811965558294588,15.481216030863596],[73.811995558431832,15.481238798501535],[73.81206386812265,15.481278243413213],[73.812196803513359,15.48134009060942],[73.812325153004508,15.481399804648492],[73.812408699020864,15.48143867382457],[73.812906340535434,15.481653413380954],[73.813068178322084,15.481753466439962],[73.813123321405811,15.481804118001275],[73.81339022974133,15.482188475752169],[73.813424736726347,15.482255065080995],[73.813432105606637,15.482276954766354],[73.813444525713734,15.482354754247474],[73.813440721348499,15.482407602852923],[73.813415123854512,15.482498054743015],[73.813388574146245,15.482578469471811],[73.813354604353819,15.482708045611087],[73.813348465267154,15.482745860098973],[73.813335919395882,15.482797058549769],[73.813327552487323,15.482831202386164],[73.813299994869368,15.482830899385622],[73.813132879480435,15.482830899385622],[73.813061530789,15.482828607835719],[73.812694589656687,15.482826240102815],[73.812553535292452,15.482834478254983],[73.812511998990317,15.482916316955004],[73.812475867851305,15.483022531563019],[73.812382702674867,15.483643325378409],[73.812263993005033,15.484943340920024],[73.81223329577513,15.485252406752469],[73.812223754768496,15.485346760863839],[73.812209493115049,15.485401733145066],[73.812190479373754,15.485433800590966],[73.812118005991564,15.485511065610607],[73.812015041992012,15.48559742915355],[73.811082891662707,15.484566695692182],[73.810570394708279,15.484913853205361],[73.811996472018436,15.486542263574748]]]},"properties":{"objectid":4449,"id":"4365","name":"Ward No 7","code":"7","town":"Panaji","district":"North Goa","state":"Goa","st_area(shape)":600692.47315121663,"st_perimeter(shape)":3715.6049673801567}},{"type":"Feature","id":4450,"geometry":{"type":"Polygon","coordinates":[[[73.817991766240908,15.493520811521838],[73.817951007879842,15.493534683035181],[73.817786540724384,15.493605112288295],[73.817765963914468,15.493613690219602],[73.817134420421937,15.493863459443666],[73.816502876031123,15.494113228365919],[73.814477555052818,15.49486185377418],[73.812686234426209,15.495523982932966],[73.811455029548938,15.494292851064859],[73.811063938108532,15.494162893500299],[73.812464727843462,15.492194290086193],[73.813265490579283,15.491068927273506],[73.813327547097444,15.49098171505074],[73.812263612119324,15.490084588938238],[73.810624103182505,15.489043406459581],[73.810118588832779,15.488556251904733],[73.809989367975774,15.488355923777553],[73.810063007371198,15.48829393237726],[73.810303996615829,15.488076431226668],[73.810544984962178,15.487858929847304],[73.811829354832881,15.486699736135696],[73.811996472018436,15.486542263574748],[73.812199568527788,15.486754090813607],[73.812923442661841,15.487525111597305],[73.812976833132424,15.487572258273364],[73.813026162319616,15.487615818360879],[73.813425931485682,15.487271015751674],[73.813468852091646,15.487203433351363],[73.813503569282432,15.487119384489633],[73.813529819851638,15.487045427038165],[73.813545801778858,15.486944219965794],[73.813557407114033,15.485328115301547],[73.815791442665471,15.485322664820192],[73.815849548393004,15.485322628460587],[73.816017764218145,15.485322524575924],[73.816089048230879,15.485560026396662],[73.816214559944072,15.485921052535161],[73.816407311454569,15.486421346846178],[73.816741969830517,15.487146988997095],[73.816907677559414,15.487458706627271],[73.816926455942095,15.487490921788245],[73.817990481650057,15.489316331454555],[73.818047723198276,15.489424403139544],[73.818147251141852,15.489637057620003],[73.81885032388719,15.491499031960061],[73.81966631666036,15.493660026105214],[73.819132931180633,15.49381786721408],[73.818649114738278,15.493966706108212],[73.818579745035393,15.493990621085212],[73.818483103378824,15.494018922404406],[73.818435789112826,15.494028449957423],[73.818391828257774,15.494032400870603],[73.818361679000191,15.494025236594149],[73.818349236435196,15.49401774249751],[73.818348781887664,15.494017255125861],[73.818335546110248,15.494003083257741],[73.818302848332237,15.4939179074618],[73.818286376823195,15.49388228083281],[73.818258412268378,15.493814368176476],[73.81819509002402,15.493660590522401],[73.818168188176202,15.493604901930302],[73.81815923376945,15.493590231407515],[73.818136421951124,15.493563041551091],[73.818111936571441,15.493541333985732],[73.818084555921558,15.493526675577829],[73.818045005794559,15.493517880359461],[73.818006977413631,15.493517880359461],[73.817991766240908,15.493520811521838]]]},"properties":{"objectid":4450,"id":"4366","name":"Ward No 9","code":"9","town":"Panaji","district":"North Goa","state":"Goa","st_area(shape)":705409.30085992592,"st_perimeter(shape)":4119.3397712124506}},{"type":"Feature","id":4451,"geometry":{"type":"Polygon","coordinates":[[[73.818490248578598,15.482358787626927],[73.818495086904733,15.482382102272728],[73.81794575093879,15.48308930328915],[73.817936911516412,15.48310068397533],[73.8179828549533,15.483142072926897],[73.818098235466707,15.483207044794423],[73.818223625009011,15.483231824998741],[73.818270206249736,15.483227967376282],[73.818390351427439,15.483261369224586],[73.818488000095428,15.483299215642722],[73.81860805094999,15.483359777515615],[73.81870438628107,15.483447260458494],[73.818772731006206,15.483538617429616],[73.818835611279468,15.483684142851271],[73.81889632212129,15.483947270740531],[73.818971629688207,15.484183196816595],[73.81899290538739,15.484259085824736],[73.819034240466877,15.484406510971283],[73.818977769673168,15.484448474492369],[73.818832875909422,15.484536657333098],[73.818781539885876,15.484567899892843],[73.818583697622657,15.484663230835315],[73.818314355751014,15.484781724610306],[73.818079134588814,15.484740913414013],[73.817979494355825,15.484708812963802],[73.817922986731176,15.484680151966964],[73.817882606560843,15.484659671043227],[73.817763017440356,15.484585826985581],[73.817673327845753,15.484516062121548],[73.817472838247397,15.484360110680763],[73.817407711287586,15.484322096509079],[73.817322532134042,15.484284142064395],[73.817126710181867,15.484216234912418],[73.816965404197887,15.484172708737235],[73.8168237883866,15.484141040188259],[73.816709198390654,15.484123080159961],[73.816656981119806,15.484118130027554],[73.81652736949566,15.484113699321275],[73.81634274953511,15.484117936108408],[73.816216203861032,15.484133909331764],[73.816095734391538,15.484160554165015],[73.815999967694054,15.484198830676547],[73.815910102927973,15.484262201514563],[73.81586757308915,15.484306913693217],[73.815828752394154,15.48438125476758],[73.815811491265976,15.484469448025466],[73.815808870880304,15.484524170350094],[73.815795644984362,15.484693057943254],[73.815798791782797,15.484741116855382],[73.815803090221436,15.484761680879025],[73.815822472272018,15.48482547660697],[73.816017764218145,15.485322524575924],[73.815849548393004,15.485322628460587],[73.815791442665471,15.485322664820192],[73.813557407114033,15.485328115301547],[73.813545801778858,15.486944219965794],[73.813529819851638,15.487045427038165],[73.813503569282432,15.487119384489633],[73.813468852091646,15.487203433351363],[73.813425931485682,15.487271015751674],[73.813026162319616,15.487615818360879],[73.812976833132424,15.487572258273364],[73.812923442661841,15.487525111597305],[73.812199568527788,15.486754090813607],[73.811996472018436,15.486542263574748],[73.810570394708279,15.484913853205361],[73.811082891662707,15.484566695692182],[73.812015041992012,15.48559742915355],[73.812118005991564,15.485511065610607],[73.812190479373754,15.485433800590966],[73.812209493115049,15.485401733145066],[73.812223754768496,15.485346760863839],[73.81223329577513,15.485252406752469],[73.812263993005033,15.484943340920024],[73.812382702674867,15.483643325378409],[73.812475867851305,15.483022531563019],[73.812511998990317,15.482916316955004],[73.812553535292452,15.482834478254983],[73.812694589656687,15.482826240102815],[73.813061530789,15.482828607835719],[73.813132879480435,15.482830899385622],[73.813299994869368,15.482830899385622],[73.813327552487323,15.482831202386164],[73.813335919395882,15.482797058549769],[73.813348465267154,15.482745860098973],[73.813354604353819,15.482708045611087],[73.813388574146245,15.482578469471811],[73.813415123854512,15.482498054743015],[73.813440721348499,15.482407602852923],[73.813444525713734,15.482354754247474],[73.813432105606637,15.482276954766354],[73.813682272040182,15.482286358197005],[73.813970403972647,15.482286826550512],[73.814032610509443,15.482289567414144],[73.81405704378686,15.482293028555185],[73.814071880362093,15.482297577903811],[73.814087664659922,15.482306024715111],[73.81410212214611,15.482319647654021],[73.814121603909697,15.482338980001833],[73.814161294173886,15.482378365834922],[73.814350072435886,15.482565694952553],[73.81449969582961,15.482710956149512],[73.814561428055953,15.482762992622208],[73.814636113090359,15.482817595063802],[73.814791022171207,15.482906438275135],[73.815490835828669,15.483299503925464],[73.815741740677439,15.48346845831283],[73.815871206774489,15.48356463296636],[73.816154566856127,15.483173758943099],[73.816155142676223,15.483147358979924],[73.816140289033029,15.483037530075915],[73.816109203730917,15.482877781357116],[73.816097336087708,15.482827586290981],[73.816050253587022,15.482571670996753],[73.816020744828251,15.48234416998071],[73.815974104298718,15.482189012497667],[73.815841606387565,15.481858780430676],[73.815770373578786,15.481661170239107],[73.815863228836463,15.481670649015468],[73.81658143010948,15.481690548470949],[73.817437520981954,15.481677168758113],[73.817564533780015,15.481685669269389],[73.817759820336249,15.481742370501653],[73.81801857825721,15.481858332853479],[73.818094604476329,15.48190181622968],[73.818175605565514,15.481972454620728],[73.818275649142066,15.482073040808356],[73.818405358682554,15.482216107755068],[73.818454327645327,15.482276572118909],[73.818476778340923,15.482319843306314],[73.818490248578598,15.482358787626927]]]},"properties":{"objectid":4451,"id":"4367","name":"Ward No 8","code":"8","town":"Panaji","district":"North Goa","state":"Goa","st_area(shape)":252065.31008319274,"st_perimeter(shape)":3409.8368800344201}},{"type":"Feature","id":4452,"geometry":{"type":"Polygon","coordinates":[[[73.818079134588814,15.484740913414013],[73.818314355751014,15.484781724610306],[73.818583697622657,15.484663230835315],[73.818781539885876,15.484567899892843],[73.818832875909422,15.484536657333098],[73.818977769673168,15.484448474492369],[73.819034240466877,15.484406510971283],[73.819059442702169,15.484496398410714],[73.819152639319654,15.484777999470033],[73.819231414383552,15.48534389711056],[73.819350168070841,15.485490342371783],[73.819390511410262,15.485516768872717],[73.81945612525692,15.485559750236948],[73.819734609283202,15.485627465627177],[73.819785527590156,15.485646336245493],[73.819921097739538,15.485616781971883],[73.820028348499648,15.485613953716252],[73.820300805728678,15.48547375373705],[73.820470577435927,15.485349903374139],[73.820515240773545,15.485197011966996],[73.820765979433943,15.485702692707616],[73.820760620983265,15.485718185342975],[73.820761785199906,15.48586285478196],[73.820776356772114,15.486053843530346],[73.820793111250481,15.486273447000091],[73.820806986628341,15.486455314346998],[73.820826130625363,15.486858929586374],[73.820858295702436,15.48718608390584],[73.82086834785045,15.487381650102607],[73.820865055524948,15.487564815018882],[73.82085172003454,15.487706410812825],[73.82083947150565,15.487787561954402],[73.82081497444787,15.487904125171553],[73.820776709810019,15.488092989353291],[73.82074959326485,15.488179365669049],[73.820729165575301,15.488226403984283],[73.820619605246591,15.488424782697543],[73.820580737839208,15.48851286342239],[73.820543343668874,15.488627775356772],[73.820501253106229,15.488840375252346],[73.82047440336072,15.488954371970122],[73.82039571992496,15.489198510321462],[73.82036574673721,15.48927891551933],[73.820336121197457,15.489342341070328],[73.820305161659505,15.489399612423366],[73.820095056494324,15.489702101030302],[73.819940407026593,15.489924753900572],[73.81991012930996,15.489881272211274],[73.819553797281131,15.489341383618703],[73.819137857541648,15.48873669751038],[73.818602164289956,15.488002797887145],[73.817845622920615,15.486916260494791],[73.817299372667691,15.487232176239738],[73.817104374470659,15.487353382502622],[73.816926455942095,15.487490921788245],[73.816907677559414,15.487458706627271],[73.816741969830517,15.487146988997095],[73.816407311454569,15.486421346846178],[73.816214559944072,15.485921052535161],[73.816089048230879,15.485560026396662],[73.816017764218145,15.485322524575924],[73.815822472272018,15.48482547660697],[73.815803090221436,15.484761680879025],[73.815798791782797,15.484741116855382],[73.815795644984362,15.484693057943254],[73.815808870880304,15.484524170350094],[73.815811491265976,15.484469448025466],[73.815828752394154,15.48438125476758],[73.81586757308915,15.484306913693217],[73.815910102927973,15.484262201514563],[73.815999967694054,15.484198830676547],[73.816095734391538,15.484160554165015],[73.816216203861032,15.484133909331764],[73.81634274953511,15.484117936108408],[73.81652736949566,15.484113699321275],[73.816656981119806,15.484118130027554],[73.816709198390654,15.484123080159961],[73.8168237883866,15.484141040188259],[73.816965404197887,15.484172708737235],[73.817126710181867,15.484216234912418],[73.817322532134042,15.484284142064395],[73.817407711287586,15.484322096509079],[73.817472838247397,15.484360110680763],[73.817673327845753,15.484516062121548],[73.817763017440356,15.484585826985581],[73.817882606560843,15.484659671043227],[73.817922986731176,15.484680151966964],[73.817979494355825,15.484708812963802],[73.818079134588814,15.484740913414013]]]},"properties":{"objectid":4452,"id":"4368","name":"Ward No 12","code":"12","town":"Panaji","district":"North Goa","state":"Goa","st_area(shape)":196392.8276521739,"st_perimeter(shape)":2187.37349331109}},{"type":"Feature","id":4453,"geometry":{"type":"Polygon","coordinates":[[[73.824386548456758,15.495203876194665],[73.824327341394692,15.495213021069578],[73.823931243643187,15.495313966126098],[73.823861893703267,15.495338119870313],[73.823740168389008,15.49539383742794],[73.823728334881778,15.495404606278655],[73.823701256065831,15.495440860250934],[73.823588637871921,15.495632060029124],[73.822577036047335,15.495087603628519],[73.821706074463606,15.494599391622176],[73.821501974536105,15.494488686686529],[73.821401223985447,15.494434038849615],[73.821346682772941,15.49440003976436],[73.821273479958762,15.494335376129046],[73.821247614766804,15.494256447130583],[73.821269168943729,15.494081972532168],[73.821325210342707,15.493766255104806],[73.821372628813293,15.493350837795932],[73.821381250843416,15.493209595599557],[73.821415737167158,15.493163899345006],[73.821583859567539,15.493080815534759],[73.821730427790953,15.493001886057243],[73.821753116540108,15.492974465854287],[73.821774271865053,15.49292403864159],[73.821787342352422,15.492836364931598],[73.821739252840302,15.492301324052269],[73.82172963637521,15.492255979927258],[73.821688839386567,15.492019644074329],[73.821650645715636,15.491790995175098],[73.821633234568793,15.491720276167191],[73.821620137131944,15.491682461589091],[73.821571499647533,15.49155528640809],[73.821546167156512,15.491497452960482],[73.821530137618581,15.491466987096798],[73.821482623926599,15.491385964654395],[73.821462112693709,15.491353446246563],[73.821917078842404,15.491263953941257],[73.822118690436525,15.491238690783996],[73.822174574630367,15.491302134778739],[73.822256487509577,15.491429762000362],[73.822295530088454,15.491505748767761],[73.822336084531941,15.491606960532646],[73.822373319700475,15.491745637952969],[73.822376041595774,15.491762828596691],[73.822389022251642,15.491860928123137],[73.822393606354524,15.491908553395996],[73.822407393697503,15.491997649807638],[73.822435661882864,15.492134620716664],[73.822454715150045,15.492196610965316],[73.822461745365459,15.492214600591041],[73.822488305853483,15.492272045149328],[73.822504800718718,15.49230208931006],[73.822534407393846,15.492347860203235],[73.822547623408312,15.492363425923124],[73.822576346141204,15.492383191035575],[73.822598276712213,15.492389623007162],[73.82262037347158,15.492390764833608],[73.822661628601011,15.492389256826302],[73.822709270752114,15.492383824710295],[73.822784436385177,15.49237525365335],[73.823197130511545,15.492354334594097],[73.823274934496624,15.492706398660193],[73.82329297895572,15.492728835211103],[73.823343259458838,15.492755472877064],[73.823378897422771,15.492759615994281],[73.823446298018538,15.492759682651201],[73.823494974130526,15.492754500724814],[73.823684313839578,15.492724623705003],[73.824030013408688,15.492668921009955],[73.824098233267989,15.49265796070261],[73.824111319026755,15.492680234511942],[73.82413061394071,15.49271307907035],[73.824159700491293,15.492772502421419],[73.82419602117487,15.492838188906632],[73.824155068777699,15.492893656958509],[73.824116218438292,15.49295861883655],[73.824093995914779,15.493023722664564],[73.824021279987477,15.493350733049644],[73.824016365304601,15.493399687650841],[73.824016317693875,15.4934725486207],[73.824047422758909,15.493824750155026],[73.824059258062775,15.493958767055446],[73.824065796001406,15.493990081773337],[73.824085028033295,15.494055331574486],[73.824354298039736,15.494734405267582],[73.824368958545151,15.494788780340343],[73.824381282532528,15.494856052084019],[73.824419632510356,15.4952055079714],[73.824400922399619,15.495202765547679],[73.824386548456758,15.495203876194665]]]},"properties":{"objectid":4453,"id":"4369","name":"Ward No 23","code":"23","town":"Panaji","district":"North Goa","state":"Goa","st_area(shape)":101528.09527412486,"st_perimeter(shape)":1517.2468695238338}},{"type":"Feature","id":4455,"geometry":{"type":"Polygon","coordinates":[[[73.827296735142752,15.4927094752674],[73.827277246192665,15.492776817807464],[73.827274163174607,15.49286002812828],[73.827292236379819,15.49294130536661],[73.827324924276368,15.49301780319121],[73.827390414155531,15.493152507958932],[73.827537960644335,15.493455996118939],[73.827553355971659,15.493488813718253],[73.827135789383178,15.493671332627613],[73.827805402579131,15.494609918993294],[73.827888662931244,15.494752531447636],[73.828057029673374,15.495074490541596],[73.828397612438607,15.495859668482611],[73.828426065676894,15.495901345742174],[73.828529260543505,15.496007404785928],[73.829504610854826,15.496830668104606],[73.829365216577216,15.496984548144386],[73.829343824995362,15.497030356089459],[73.829341448053114,15.497069292445277],[73.829346201937625,15.497115100371582],[73.829357392251097,15.497152042240261],[73.829567190192449,15.497609621380644],[73.829748177366,15.498030250877484],[73.829535433848818,15.498132575272468],[73.829443479601409,15.498172215195337],[73.829312816948388,15.498224079840119],[73.829030660609234,15.498326445690351],[73.828991460825151,15.497869505257839],[73.828968385800451,15.497733686871669],[73.828965372850988,15.497721849060278],[73.828923016387037,15.497555443553608],[73.828898400751612,15.497490443300357],[73.828849311414629,15.497390542421133],[73.828779104481896,15.497261203151211],[73.828704544313311,15.497145034755649],[73.828435469241327,15.496764840920445],[73.828401353921763,15.496717009008767],[73.828280119087637,15.496547028389262],[73.828165713246335,15.496380022900414],[73.827594205062567,15.495475034028905],[73.827553542821249,15.495412261338307],[73.827330864835332,15.495068510530468],[73.827256350480837,15.494941675907892],[73.827219771082468,15.494876076657713],[73.827166184779131,15.494788666072465],[73.827138409768878,15.494750791459094],[73.827119762540207,15.494732202147532],[73.827048898040701,15.494683329234554],[73.82698290869827,15.494648456732955],[73.826829518668546,15.494566468587868],[73.826432248615603,15.4943482953533],[73.826271939761568,15.494233661015581],[73.826192736201278,15.494166577785046],[73.82607410019331,15.494049574010806],[73.82585236274349,15.493840289793615],[73.825786231467234,15.493783102775197],[73.825602166665504,15.493635608135325],[73.825332865218087,15.493460181639996],[73.825206103948332,15.493386641113574],[73.825043777478186,15.493301581929298],[73.824958864225948,15.493266596657152],[73.824864229405719,15.493233923589838],[73.824461061912942,15.493111694086547],[73.82443229516258,15.493094228271003],[73.82438667332255,15.493056975766049],[73.824252540477616,15.49291694444628],[73.824215444547946,15.492868754986402],[73.82419602117487,15.492838188906632],[73.824159700491293,15.492772502421419],[73.82413061394071,15.49271307907035],[73.824111319026755,15.492680234511942],[73.824098233267989,15.49265796070261],[73.824030013408688,15.492668921009955],[73.823684313839578,15.492724623705003],[73.823494974130526,15.492754500724814],[73.823446298018538,15.492759682651201],[73.823378897422771,15.492759615994281],[73.823343259458838,15.492755472877064],[73.82329297895572,15.492728835211103],[73.823274934496624,15.492706398660193],[73.823197130511545,15.492354334594097],[73.822784436385177,15.49237525365335],[73.822709270752114,15.492383824710295],[73.822661628601011,15.492389256826302],[73.82262037347158,15.492390764833608],[73.822598276712213,15.492389623007162],[73.822576346141204,15.492383191035575],[73.822547623408312,15.492363425923124],[73.822534407393846,15.492347860203235],[73.822504800718718,15.49230208931006],[73.822488305853483,15.492272045149328],[73.822461745365459,15.492214600591041],[73.822454715150045,15.492196610965316],[73.822435661882864,15.492134620716664],[73.822407393697503,15.491997649807638],[73.822393606354524,15.491908553395996],[73.822389022251642,15.491860928123137],[73.822376041595774,15.491762828596691],[73.822373319700475,15.491745637952969],[73.822336084531941,15.491606960532646],[73.822295530088454,15.491505748767761],[73.822256487509577,15.491429762000362],[73.822174574630367,15.491302134778739],[73.822118690436525,15.491238690783996],[73.821917078842404,15.491263953941257],[73.821462112693709,15.491353446246563],[73.821411229421045,15.491272774360255],[73.821409339365687,15.491274290166865],[73.82130102589862,15.491111827840911],[73.821124789016295,15.490806977117755],[73.821078644356788,15.490709107362838],[73.821054806662417,15.490653113255128],[73.821024157043212,15.490563672587665],[73.821003440994446,15.490487810998145],[73.820994113786867,15.490416018961838],[73.820990966988418,15.490294727060139],[73.820978290861447,15.489964900092586],[73.820990781935478,15.489832490779866],[73.821006526707478,15.489754061294743],[73.821024372638888,15.489704186470517],[73.821062456715367,15.489628818873122],[73.821099057673308,15.489571990815643],[73.821154997562687,15.489509575592889],[73.821218547979157,15.489448333358753],[73.82131219105932,15.489383372109002],[73.821564254734767,15.489240856370353],[73.821897420110716,15.489072231332706],[73.82203092772825,15.489018020968699],[73.822870193155453,15.488752361325265],[73.823105962290001,15.488687700251734],[73.823234436646985,15.488659418979244],[73.823378318907714,15.488637969740761],[73.823414157195984,15.488634863639417],[73.823506867824904,15.488632121128537],[73.823951440465748,15.488671402745844],[73.824021538702311,15.488678807004344],[73.824125986718698,15.488684009809482],[73.824220865880704,15.488685820835816],[73.82443857438642,15.488677309358243],[73.824624749330752,15.488662106951219],[73.824751867231655,15.488642493844754],[73.824841160669223,15.488621562288083],[73.824945844044208,15.488580314675275],[73.825047274619578,15.488525331984997],[73.825152373914563,15.488452662320885],[73.825287320633166,15.488331905996962],[73.825374682692853,15.488228712788226],[73.825458541322945,15.488100757223936],[73.825538309025234,15.487945388501771],[73.825621687056639,15.48774975358257],[73.825639135034422,15.487704914891079],[73.82567818030823,15.48763429144341],[73.825711916538722,15.487592626368208],[73.825765012361913,15.487551691932103],[73.825838403822303,15.487518585979171],[73.825883735506494,15.487503503818719],[73.825950692334516,15.487487302311763],[73.825991855835781,15.487482343602901],[73.826018149524131,15.487484671460477],[73.826132464635634,15.487508520528737],[73.826291706291101,15.487551444343019],[73.82691087638888,15.487701828686751],[73.827003719968445,15.487716143826571],[73.827137414435541,15.488872122725184],[73.827716758623509,15.488857806799665],[73.827689033020604,15.489047911509569],[73.827687786159004,15.489098331010897],[73.827681690191469,15.489344894851685],[73.827698831843705,15.49012556788851],[73.827638770483802,15.491051643944145],[73.827661002888775,15.491699868657781],[73.827675575359322,15.49185486145123],[73.827693017947198,15.492044982450079],[73.827683616179428,15.492108311062285],[73.827673897306369,15.492136572818065],[73.827629098323158,15.492208526138418],[73.827490509834377,15.492402561397936],[73.827368257209045,15.492581103489682],[73.827296735142752,15.4927094752674]]]},"properties":{"objectid":4455,"id":"4370","name":"Ward No 17","code":"17","town":"Panaji","district":"North Goa","state":"Goa","st_area(shape)":406347.10765768285,"st_perimeter(shape)":3796.3607251686672}},{"type":"Feature","id":4456,"geometry":{"type":"Polygon","coordinates":[[[73.828024999343583,15.493116619764828],[73.828482726913464,15.492824466242498],[73.828786718602231,15.492705341671607],[73.829885825318669,15.492437570189573],[73.82989228420557,15.492484268191141],[73.829911040130369,15.492594634855818],[73.83000233681102,15.492989125167055],[73.830468306423626,15.492792363584561],[73.830464237055367,15.492980834613354],[73.830463001871863,15.493017833489771],[73.830446453107697,15.49331114241093],[73.830426498830306,15.49345661593966],[73.830405873511381,15.493563322028471],[73.830402944105245,15.493581387714261],[73.830399232266473,15.493635332852083],[73.830399788323646,15.49364980859578],[73.830399788323646,15.493667399020939],[73.830405867223163,15.493704757027629],[73.830411957800777,15.493727499917442],[73.830489951330378,15.493929470208235],[73.830512344533787,15.494011572874294],[73.830558368819041,15.494231483860242],[73.830668497781318,15.494573211265896],[73.830694819317472,15.494625044784293],[73.830776157274855,15.494739603591979],[73.830831946247258,15.49480918494779],[73.831284101567434,15.495315450739152],[73.83129312604278,15.495327942264373],[73.831322265593954,15.495375505276259],[73.83135930672637,15.495445704501417],[73.83126413201866,15.495441909434591],[73.83053222425103,15.495427103133085],[73.83003117003669,15.495429227470391],[73.830038901836346,15.496054737375736],[73.830043404192551,15.49641904334768],[73.829912595114138,15.496432267153608],[73.829745503979694,15.49644172620833],[73.829731243224572,15.496448596942663],[73.829721735455607,15.496460048743197],[73.829709670183021,15.496486609750296],[73.829683672040389,15.49655042782992],[73.829657540947096,15.496631630901685],[73.829635820581828,15.496677238092373],[73.829595714397655,15.496737614258414],[73.829524733117168,15.496813058038592],[73.829504610854826,15.496830668104606],[73.828529260543505,15.496007404785928],[73.828426065676894,15.495901345742174],[73.828397612438607,15.495859668482611],[73.828057029673374,15.495074490541596],[73.827888662931244,15.494752531447636],[73.827805402579131,15.494609918993294],[73.827135789383178,15.493671332627613],[73.827553355971659,15.493488813718253],[73.827794747661557,15.493374293172511],[73.828024999343583,15.493116619764828]]]},"properties":{"objectid":4456,"id":"4371","name":"Ward No 21","code":"21","town":"Panaji","district":"North Goa","state":"Goa","st_area(shape)":121605.87070575642,"st_perimeter(shape)":1609.886087272246}},{"type":"Feature","id":4457,"geometry":{"type":"Polygon","coordinates":[[[73.828901001374376,15.498673269328464],[73.828666541983537,15.498698574859452],[73.828339687272475,15.498736904946396],[73.827916064242331,15.498770111249238],[73.827839012147166,15.498771233996107],[73.827772290677757,15.498760344130021],[73.827737109956288,15.498748139342149],[73.827712873409908,15.498740583090079],[73.827600197723839,15.498691009949047],[73.827193120762942,15.498466853365306],[73.826884958196317,15.498302549393781],[73.827269252084946,15.49768065520265],[73.825952033519215,15.496948135162018],[73.823758601818611,15.495723534540215],[73.823588637871921,15.495632060029124],[73.823701256065831,15.495440860250934],[73.823728334881778,15.495404606278655],[73.823740168389008,15.49539383742794],[73.823861893703267,15.495338119870313],[73.823931243643187,15.495313966126098],[73.824327341394692,15.495213021069578],[73.824386548456758,15.495203876194665],[73.824400922399619,15.495202765547679],[73.824419632510356,15.4952055079714],[73.82449566591599,15.495225387945361],[73.824541458435931,15.495241661561634],[73.825000888313255,15.495404938693321],[73.825689575437607,15.49565910418211],[73.825824331713363,15.495717733739882],[73.82585965167371,15.495733979616185],[73.826033959873129,15.495831087806852],[73.82610711507661,15.495880164744422],[73.826758662253894,15.496374031673493],[73.826800916309892,15.496402534364877],[73.82700900475723,15.496156731201143],[73.827045672190536,15.49610712714213],[73.827073290893935,15.496060509599827],[73.827156027528218,15.495821596694721],[73.827185992631172,15.495751469447207],[73.827210430400157,15.495707116396343],[73.827226768958553,15.495683194692662],[73.82725426818601,15.495652411747928],[73.827299974467692,15.495612544538142],[73.82739669966756,15.495539308625107],[73.827553542821249,15.495412261338307],[73.827594205062567,15.495475034028905],[73.828165713246335,15.496380022900414],[73.828280119087637,15.496547028389262],[73.828401353921763,15.496717009008767],[73.828435469241327,15.496764840920445],[73.828704544313311,15.497145034755649],[73.828779104481896,15.497261203151211],[73.828849311414629,15.497390542421133],[73.828898400751612,15.497490443300357],[73.828923016387037,15.497555443553608],[73.828965372850988,15.497721849060278],[73.828968385800451,15.497733686871669],[73.828991460825151,15.497869505257839],[73.829030660609234,15.498326445690351],[73.828811141099862,15.498406084699161],[73.82877888978453,15.498416751246099],[73.828901001374376,15.498673269328464]]]},"properties":{"objectid":4457,"id":"4372","name":"Ward No 26","code":"26","town":"Panaji","district":"North Goa","state":"Goa","st_area(shape)":100729.07052319331,"st_perimeter(shape)":1797.4731273727002}},{"type":"Feature","id":4458,"geometry":{"type":"Polygon","coordinates":[[[73.827226768958553,15.495683194692662],[73.827210430400157,15.495707116396343],[73.827185992631172,15.495751469447207],[73.827156027528218,15.495821596694721],[73.827073290893935,15.496060509599827],[73.827045672190536,15.49610712714213],[73.82700900475723,15.496156731201143],[73.826800916309892,15.496402534364877],[73.826758662253894,15.496374031673493],[73.82610711507661,15.495880164744422],[73.826033959873129,15.495831087806852],[73.82585965167371,15.495733979616185],[73.825824331713363,15.495717733739882],[73.825689575437607,15.49565910418211],[73.825000888313255,15.495404938693321],[73.824541458435931,15.495241661561634],[73.82449566591599,15.495225387945361],[73.824419632510356,15.4952055079714],[73.824381282532528,15.494856052084019],[73.824368958545151,15.494788780340343],[73.824354298039736,15.494734405267582],[73.824085028033295,15.494055331574486],[73.824065796001406,15.493990081773337],[73.824059258062775,15.493958767055446],[73.824047422758909,15.493824750155026],[73.824016317693875,15.4934725486207],[73.824016365304601,15.493399687650841],[73.824021279987477,15.493350733049644],[73.824093995914779,15.493023722664564],[73.824116218438292,15.49295861883655],[73.824155068777699,15.492893656958509],[73.82419602117487,15.492838188906632],[73.824215444547946,15.492868754986402],[73.824252540477616,15.49291694444628],[73.82438667332255,15.493056975766049],[73.82443229516258,15.493094228271003],[73.824461061912942,15.493111694086547],[73.824864229405719,15.493233923589838],[73.824958864225948,15.493266596657152],[73.825043777478186,15.493301581929298],[73.825206103948332,15.493386641113574],[73.825332865218087,15.493460181639996],[73.825602166665504,15.493635608135325],[73.825786231467234,15.493783102775197],[73.82585236274349,15.493840289793615],[73.82607410019331,15.494049574010806],[73.826192736201278,15.494166577785046],[73.826271939761568,15.494233661015581],[73.826432248615603,15.4943482953533],[73.826829518668546,15.494566468587868],[73.82698290869827,15.494648456732955],[73.827048898040701,15.494683329234554],[73.827119762540207,15.494732202147532],[73.827138409768878,15.494750791459094],[73.827166184779131,15.494788666072465],[73.827219771082468,15.494876076657713],[73.827256350480837,15.494941675907892],[73.827330864835332,15.495068510530468],[73.827553542821249,15.495412261338307],[73.82739669966756,15.495539308625107],[73.827299974467692,15.495612544538142],[73.82725426818601,15.495652411747928],[73.827226768958553,15.495683194692662]]]},"properties":{"objectid":4458,"id":"4373","name":"Ward No 22","code":"22","town":"Panaji","district":"North Goa","state":"Goa","st_area(shape)":76689.776476669809,"st_perimeter(shape)":1220.9523149096613}},{"type":"Feature","id":4459,"geometry":{"type":"Polygon","coordinates":[[[73.828987305218646,15.482872988755139],[73.828988279890737,15.482888420136666],[73.829037218310773,15.483663224644101],[73.829038754429916,15.483772775322372],[73.82904047739865,15.483895640584423],[73.829049132666412,15.484005535692557],[73.828926290746267,15.483985561142919],[73.828691098330125,15.483944494404758],[73.828715368114175,15.482944107286551],[73.82781446568201,15.48266132549012],[73.827146010414495,15.482481261559013],[73.826966711175359,15.482444491943758],[73.826873910714937,15.482431242137292],[73.826689156007077,15.482423674900184],[73.826513688980953,15.482435259932322],[73.82604312538399,15.482473832838483],[73.825613575269642,15.482509045023271],[73.825310613050178,15.481308290902726],[73.825431239724821,15.481243498509068],[73.825444433281433,15.481236411704527],[73.825469796315147,15.481216262011515],[73.825476021640057,15.481203405164514],[73.825481240851857,15.481179723319414],[73.825481240851857,15.481166430145793],[73.825478603398182,15.481146951381238],[73.825470275117198,15.481118860402326],[73.825455599340387,15.481080074275607],[73.825327416037553,15.480826532366752],[73.825289731711379,15.480732635893167],[73.825239887789522,15.480572758132778],[73.825190043867693,15.480412880248805],[73.825164693410358,15.480300483879724],[73.825127574124494,15.480100873235287],[73.825123312516808,15.480074343886601],[73.825120988575179,15.480049762421366],[73.825121075711721,15.4800134893016],[73.825126691080584,15.479979529400156],[73.824881190496583,15.478971307278609],[73.825026564859002,15.478726974185086],[73.825436517327134,15.479013580102839],[73.825939728396477,15.478810426504335],[73.825727893974374,15.479652027778801],[73.826156144226516,15.480227987933906],[73.826579495067094,15.480808306273312],[73.827716278024823,15.480794678040482],[73.827768631839604,15.481283369355259],[73.828700782168895,15.481528544373615],[73.829083521073798,15.48176039393427],[73.829640413667889,15.482162197729604],[73.829905208267547,15.482207041951392],[73.830158757756507,15.482181577706642],[73.830097577994081,15.482641842537728],[73.830006951456639,15.482669129924854],[73.829890237843358,15.48271066007454],[73.829798463258982,15.482725509706803],[73.829786536326949,15.482725819633258],[73.829764518619328,15.482726393603151],[73.829474548733813,15.482689745231774],[73.829334835554306,15.482661694285373],[73.829156818211104,15.482616438080955],[73.828983212494236,15.482563136758888],[73.828977798348006,15.482561474582297],[73.828987305218646,15.482872988755139]]]},"properties":{"objectid":4459,"id":"4374","name":"Ward No 14","code":"14","town":"Panaji","district":"North Goa","state":"Goa","st_area(shape)":108396.81986840312,"st_perimeter(shape)":2182.8808569546509}},{"type":"Feature","id":4460,"geometry":{"type":"Polygon","coordinates":[[[73.824160334701915,15.4836454507025],[73.824134677919076,15.483665515319059],[73.823109825944044,15.484498388675464],[73.823025360052796,15.484574040363782],[73.822953689764503,15.484638230912605],[73.822383668292531,15.485253480227573],[73.822197305600326,15.485506416776611],[73.822058948876901,15.485765124662146],[73.822012738640382,15.485937805617548],[73.821999255826285,15.486040550669985],[73.822144859259083,15.486988843263326],[73.822160265366193,15.487200484785438],[73.822152352106869,15.487369081050185],[73.822123378744024,15.487607234120828],[73.820827460132008,15.487901664001727],[73.82081497444787,15.487904125171553],[73.82083947150565,15.487787561954402],[73.82085172003454,15.487706410812825],[73.820865055524948,15.487564815018882],[73.82086834785045,15.487381650102607],[73.820858295702436,15.48718608390584],[73.820826130625363,15.486858929586374],[73.820806986628341,15.486455314346998],[73.820793111250481,15.486273447000091],[73.820776356772114,15.486053843530346],[73.820761785199906,15.48586285478196],[73.820760620983265,15.485718185342975],[73.820765979433943,15.485702692707616],[73.820515240773545,15.485197011966996],[73.82050785931682,15.485079391062058],[73.820509870644756,15.484961949291558],[73.820512500013606,15.484808402256972],[73.820504701738628,15.484735586713422],[73.820500409588192,15.484694155661094],[73.820501732806591,15.484609554323249],[73.820499052233785,15.484492057746309],[73.820482917592983,15.484363418556597],[73.820495569465436,15.484335727972322],[73.820506208213359,15.484315196803301],[73.820545294809662,15.484239769239169],[73.820564819692379,15.484181449813402],[73.820660147113713,15.484052254644197],[73.82075625337437,15.483881811709978],[73.820736004449529,15.483705241124426],[73.820734898623442,15.483488409538149],[73.821060452573974,15.482969386174375],[73.82142086115752,15.48288030145542],[73.822256316829652,15.482500536754369],[73.822789052827432,15.481858521580419],[73.823210831616251,15.481142630558136],[73.823744774949787,15.480432541750641],[73.824224252529319,15.479897973497106],[73.824547260654342,15.479532549327821],[73.824881190496583,15.478971307278609],[73.825126691080584,15.479979529400156],[73.825121075711721,15.4800134893016],[73.825120988575179,15.480049762421366],[73.825123312516808,15.480074343886601],[73.825127574124494,15.480100873235287],[73.825164693410358,15.480300483879724],[73.825190043867693,15.480412880248805],[73.825239887789522,15.480572758132778],[73.825289731711379,15.480732635893167],[73.825327416037553,15.480826532366752],[73.825455599340387,15.481080074275607],[73.825470275117198,15.481118860402326],[73.825478603398182,15.481146951381238],[73.825481240851857,15.481166430145793],[73.825481240851857,15.481179723319414],[73.825476021640057,15.481203405164514],[73.825469796315147,15.481216262011515],[73.825444433281433,15.481236411704527],[73.825431239724821,15.481243498509068],[73.825310613050178,15.481308290902726],[73.825613575269642,15.482509045023271],[73.824160334701915,15.4836454507025]]]},"properties":{"objectid":4460,"id":"4375","name":"Ward No 13","code":"13","town":"Panaji","district":"North Goa","state":"Goa","st_area(shape)":227941.49793073686,"st_perimeter(shape)":2590.5915209322366}},{"type":"Feature","id":4461,"geometry":{"type":"Polygon","coordinates":[[[73.818602164289956,15.488002797887145],[73.819137857541648,15.48873669751038],[73.819553797281131,15.489341383618703],[73.81991012930996,15.489881272211274],[73.819940407026593,15.489924753900572],[73.819893222117983,15.490227536937727],[73.819887139625209,15.490289648954144],[73.819884161710021,15.49037095490497],[73.819881439814722,15.490464073081087],[73.819886883605335,15.490523091073017],[73.819899132134225,15.490603094078653],[73.819920907296734,15.490702769698348],[73.81995357093875,15.490807692171483],[73.820014306035119,15.491011606173361],[73.81885032388719,15.491499031960061],[73.818147251141852,15.489637057620003],[73.818047723198276,15.489424403139544],[73.817990481650057,15.489316331454555],[73.816926455942095,15.487490921788245],[73.817104374470659,15.487353382502622],[73.817299372667691,15.487232176239738],[73.817845622920615,15.486916260494791],[73.818602164289956,15.488002797887145]]]},"properties":{"objectid":4461,"id":"4376","name":"Ward No 11","code":"11","town":"Panaji","district":"North Goa","state":"Goa","st_area(shape)":75919.470813326916,"st_perimeter(shape)":1321.5235675921003}},{"type":"Feature","id":4462,"geometry":{"type":"Polygon","coordinates":[[[73.820414168625959,15.489881131970098],[73.820449905404573,15.489908305862757],[73.820464587469615,15.48992580657494],[73.820526439171857,15.490037564896749],[73.820582344026917,15.49016442503634],[73.820867374076698,15.490970920864848],[73.821092265511453,15.491481830040533],[73.821022372989091,15.491512037063858],[73.820891619606229,15.491563657527113],[73.820442294877509,15.491742643570847],[73.820452019140461,15.491974137140121],[73.820497148703694,15.492457172547889],[73.82062721846863,15.493392189203188],[73.81983595541692,15.493609823268475],[73.81966631666036,15.493660026105214],[73.81885032388719,15.491499031960061],[73.820014306035119,15.491011606173361],[73.81995357093875,15.490807692171483],[73.819920907296734,15.490702769698348],[73.819899132134225,15.490603094078653],[73.819886883605335,15.490523091073017],[73.819881439814722,15.490464073081087],[73.819884161710021,15.49037095490497],[73.819887139625209,15.490289648954144],[73.819893222117983,15.490227536937727],[73.819940407026593,15.489924753900572],[73.820095056494324,15.489702101030302],[73.820414168625959,15.489881131970098]]]},"properties":{"objectid":4462,"id":"4377","name":"Ward No 10","code":"10","town":"Panaji","district":"North Goa","state":"Goa","st_area(shape)":55747.612445669867,"st_perimeter(shape)":1189.06883156665}},{"type":"Feature","id":4463,"geometry":{"type":"Polygon","coordinates":[[[73.815770373578786,15.481661170239107],[73.815841606387565,15.481858780430676],[73.815974104298718,15.482189012497667],[73.816020744828251,15.48234416998071],[73.816050253587022,15.482571670996753],[73.816097336087708,15.482827586290981],[73.816109203730917,15.482877781357116],[73.816140289033029,15.483037530075915],[73.816155142676223,15.483147358979924],[73.816154566856127,15.483173758943099],[73.815871206774489,15.48356463296636],[73.815741740677439,15.48346845831283],[73.815490835828669,15.483299503925464],[73.814791022171207,15.482906438275135],[73.814636113090359,15.482817595063802],[73.814561428055953,15.482762992622208],[73.81449969582961,15.482710956149512],[73.814350072435886,15.482565694952553],[73.814161294173886,15.482378365834922],[73.814121603909697,15.482338980001833],[73.81410212214611,15.482319647654021],[73.814087664659922,15.482306024715111],[73.814071880362093,15.482297577903811],[73.81405704378686,15.482293028555185],[73.814032610509443,15.482289567414144],[73.813970403972647,15.482286826550512],[73.813682272040182,15.482286358197005],[73.813432105606637,15.482276954766354],[73.813424736726347,15.482255065080995],[73.81339022974133,15.482188475752169],[73.813123321405811,15.481804118001275],[73.813068178322084,15.481753466439962],[73.812906340535434,15.481653413380954],[73.812408699020864,15.48143867382457],[73.812325153004508,15.481399804648492],[73.812196803513359,15.48134009060942],[73.81206386812265,15.481278243413213],[73.811995558431832,15.481238798501535],[73.811965558294588,15.481216030863596],[73.811906294638646,15.48115998570497],[73.811734134311081,15.480971828548222],[73.8117699348701,15.480930454745497],[73.812041038338023,15.480644133709609],[73.812137354804463,15.480521146180356],[73.812161120633618,15.480479354141917],[73.812181574374321,15.480419201779828],[73.812199277473624,15.480313932939733],[73.812267576384684,15.479323473776377],[73.81229857904178,15.478831154741071],[73.812844796955332,15.479047770447465],[73.81357785097326,15.479146569456317],[73.814540967128721,15.479518616274115],[73.816632122040957,15.479809356680288],[73.816592025738245,15.479971400216005],[73.816486596761564,15.480150284614339],[73.816683844340076,15.480334209982384],[73.817859249465144,15.480803845195778],[73.817854476716036,15.481084650488331],[73.818173077706277,15.481491007559793],[73.818694428456169,15.482109897927224],[73.818522755015465,15.482346482313197],[73.818495086904733,15.482382102272728],[73.818490248578598,15.482358787626927],[73.818476778340923,15.482319843306314],[73.818454327645327,15.482276572118909],[73.818405358682554,15.482216107755068],[73.818275649142066,15.482073040808356],[73.818175605565514,15.481972454620728],[73.818094604476329,15.48190181622968],[73.81801857825721,15.481858332853479],[73.817759820336249,15.481742370501653],[73.817564533780015,15.481685669269389],[73.817437520981954,15.481677168758113],[73.81658143010948,15.481690548470949],[73.815863228836463,15.481670649015468],[73.815770373578786,15.481661170239107]]]},"properties":{"objectid":4463,"id":"4378","name":"Ward No 6","code":"6","town":"Panaji","district":"North Goa","state":"Goa","st_area(shape)":193092.89461192687,"st_perimeter(shape)":2343.8077164734327}},{"type":"Feature","id":4464,"geometry":{"type":"Polygon","coordinates":[[[73.829746667298011,15.485581294156486],[73.829353819651203,15.485644391008455],[73.829228457058363,15.485673919306983],[73.828431675655878,15.485906150324411],[73.82835379441569,15.485933430355246],[73.828172987803484,15.485506155333793],[73.828165856976767,15.485487427543934],[73.828138547293804,15.4854098742357],[73.82810659421915,15.485295324109412],[73.828096662445375,15.485254829862773],[73.828089465143321,15.485231857494604],[73.828069916006129,15.485187906471536],[73.828053905332794,15.485160280059926],[73.828038775906776,15.485144580478964],[73.828021839968727,15.485131968870986],[73.827980584839295,15.48510573623911],[73.827951187471655,15.485095666342717],[73.827900977037146,15.48508657382836],[73.827846863422764,15.4850828625449],[73.827707901234831,15.485086218023028],[73.827634139668532,15.485091698810312],[73.827610267838168,15.485095925188928],[73.827512035265229,15.485122432250908],[73.827471626348796,15.48514111072857],[73.827434468435399,15.485162102371275],[73.827407257567103,15.485186043472229],[73.827398009411269,15.485198669793899],[73.827390534529783,15.485230165039756],[73.827387761430501,15.485283205962826],[73.827417451648941,15.485710569746702],[73.827420126831854,15.485735830982321],[73.827422381603242,15.485828915752029],[73.827413006784937,15.485914746754931],[73.8273996389552,15.485965379117426],[73.827386237887765,15.485992382115587],[73.827344088036327,15.486024723031914],[73.82730495652423,15.486045194297732],[73.827243589912229,15.486069129236528],[73.827223095747357,15.486075577852924],[73.826912385558558,15.486181674834461],[73.826639917549727,15.486278772795369],[73.826179204878173,15.486454781941063],[73.825080048754387,15.485024598762099],[73.824787054241312,15.484644108206155],[73.824734548611303,15.484566190118386],[73.824407944530194,15.484022405801072],[73.824160334701915,15.4836454507025],[73.825613575269642,15.482509045023271],[73.82604312538399,15.482473832838483],[73.826513688980953,15.482435259932322],[73.826689156007077,15.482423674900184],[73.826873910714937,15.482431242137292],[73.826966711175359,15.482444491943758],[73.827146010414495,15.482481261559013],[73.82781446568201,15.48266132549012],[73.828715368114175,15.482944107286551],[73.828691098330125,15.483944494404758],[73.828926290746267,15.483985561142919],[73.829049132666412,15.484005535692557],[73.829069324997363,15.484008819334129],[73.829116659924622,15.484016515504194],[73.829160567779084,15.484020786056007],[73.829219853892894,15.484020547119826],[73.829243193920618,15.484018329168517],[73.829303345112024,15.484016358810516],[73.829374471021268,15.484018158623462],[73.829422046697061,15.484024741488996],[73.829456169203098,15.484037150588183],[73.829586790533625,15.484102215671278],[73.829608458796599,15.484112398158404],[73.829690837901396,15.484151108399747],[73.829995849178047,15.484312253390472],[73.83011420042007,15.484368627530282],[73.830145124923746,15.484382227824902],[73.8302189844064,15.484409166101626],[73.830308519490785,15.484439531717255],[73.830329815851201,15.484448327321807],[73.830364041663543,15.484471048721414],[73.830376971115442,15.484483509736375],[73.830387619744798,15.484498168785398],[73.830402830917521,15.484531885546581],[73.830412901930174,15.484553942938453],[73.830452883248526,15.484640433274501],[73.830489138355048,15.484712061965892],[73.830525041322005,15.48477464485264],[73.830393053653935,15.484783262107168],[73.830330536300067,15.484791817030395],[73.830257779050257,15.484801773533906],[73.830185211344983,15.484810779490001],[73.830163179264318,15.484907092898167],[73.830155194139749,15.484941999939814],[73.830154977645776,15.484950785134524],[73.830157404893683,15.484968603115039],[73.830165722394895,15.484992648988884],[73.830176644112115,15.485009246319279],[73.830204093932252,15.485037659678397],[73.830251939102595,15.485075375049794],[73.830269770660976,15.48509384749358],[73.830284118552711,15.4851187348194],[73.830292456715185,15.485136552785423],[73.830401423257456,15.485422303162972],[73.830256349830634,15.48546961480239],[73.830228509243369,15.485477546389784],[73.829982819114846,15.485537295593948],[73.829746667298011,15.485581294156486]]]},"properties":{"objectid":4464,"id":"4379","name":"Ward No 15","code":"15","town":"Panaji","district":"North Goa","state":"Goa","st_area(shape)":192432.46457948312,"st_perimeter(shape)":2076.8785996085749}},{"type":"Feature","id":4465,"geometry":{"type":"Polygon","coordinates":[[[73.809601054126205,15.469067359226557],[73.809400844802241,15.469071088978531],[73.809252665899493,15.469073849064202],[73.809104486098406,15.469076610015607],[73.809062532978032,15.469080561405386],[73.808959035379218,15.469096611977605],[73.808899166258755,15.46911527891535],[73.808828284691288,15.469146330736123],[73.808742757889689,15.469207487208255],[73.808671025617627,15.469287256906643],[73.808613087875059,15.469382980157825],[73.80857170428655,15.469454772567172],[73.80855239140628,15.469518588598417],[73.808544453892424,15.469600982329505],[73.808549225743221,15.469644674334864],[73.808584889758308,15.469920705330715],[73.808589737965875,15.469995341606607],[73.80858821082991,15.470048635776701],[73.808571282078375,15.470160811748139],[73.808553028311792,15.470251706204589],[73.808547748912872,15.470272057823488],[73.808525647661952,15.470335270162428],[73.808510882951921,15.470350337124829],[73.808497073151088,15.470357462395977],[73.808460828824295,15.47037122377867],[73.808366470685172,15.470394390863007],[73.808178507195137,15.470434877628852],[73.808005934540844,15.470467867705359],[73.805890596981143,15.470949497982248],[73.805637873043949,15.471021742643574],[73.805473842469709,15.471051415880323],[73.805429511508748,15.470833109620607],[73.80487170353139,15.468825510468571],[73.80420297337939,15.467130928388572],[73.803053923028131,15.464854519934892],[73.802852258433361,15.464556272882259],[73.803021278250654,15.464449802046213],[73.803291881356984,15.46426998980087],[73.804556161304703,15.463660944735015],[73.805155057324839,15.463372436182903],[73.805810765498478,15.463008910107723],[73.805827472366133,15.463041765436991],[73.805866571538871,15.463118651804779],[73.805992765073356,15.463091409459025],[73.80606590949705,15.463078266638481],[73.806114613456813,15.463065703036307],[73.806146161391283,15.463053228610615],[73.806147940953863,15.463052524716346],[73.806177632968925,15.463031087542127],[73.806194055070634,15.463011130015772],[73.80621426716452,15.462979257363415],[73.806237749126069,15.462928848813881],[73.806251515807816,15.462879467955878],[73.806267478870396,15.4627945780473],[73.806273158019607,15.462728896742384],[73.806264686008191,15.462628519335754],[73.806271748562935,15.462592780825283],[73.806287176229631,15.462570972175012],[73.80631110016229,15.462550793825152],[73.806330712181548,15.462534473481515],[73.806426113264735,15.462455085597547],[73.806305974375277,15.46239375223935],[73.806284731913749,15.462376042272089],[73.806251308296979,15.462318772963535],[73.806247594661571,15.46223644819648],[73.806269877372216,15.462143385715782],[73.806333010970391,15.461996633024256],[73.806403571839311,15.46178903154154],[73.806414996613086,15.461728469417613],[73.806423410234032,15.461659231050135],[73.806422705056548,15.46162698675958],[73.806487508622837,15.461248444543257],[73.807300392326809,15.461663360937134],[73.808167328559719,15.461907524559852],[73.809021212271574,15.462377393788103],[73.810284972094735,15.462569188625757],[73.810207172601253,15.463037662417193],[73.809993663719482,15.463269246977289],[73.809836778345002,15.463732068136517],[73.807688354935081,15.463788227104475],[73.808383281757401,15.464287191385448],[73.80925172985495,15.464996635159329],[73.80956679507625,15.465643234173609],[73.809947688841532,15.466810163005627],[73.809488131403441,15.466988086506053],[73.80994145004189,15.468282786919524],[73.810713932015958,15.468055677976283],[73.811027731511004,15.468654201337902],[73.809775654278099,15.469062838157591],[73.80973039895072,15.469062838157591],[73.809601054126205,15.469067359226557]]]},"properties":{"objectid":4465,"id":"4380","name":"Ward No 3","code":"3","town":"Panaji","district":"North Goa","state":"Goa","st_area(shape)":554133.233077524,"st_perimeter(shape)":3885.8179132386317}},{"type":"Feature","id":12309,"geometry":{"type":"Polygon","coordinates":[[[73.795531881793167,15.456742930916624],[73.795537686706538,15.456735909076057],[73.795540245108469,15.456732814617515],[73.795546239566335,15.456723840341171],[73.795553621921343,15.456712786352572],[73.795554335183681,15.456711718790272],[73.795555671876826,15.456709718734274],[73.795572865631357,15.456683975154993],[73.795600530148846,15.456668024922404],[73.795608596121781,15.456668030983193],[73.795636817594769,15.456668053494637],[73.795653961941966,15.456656982186558],[73.795678961158004,15.456627908636117],[73.795682913745253,15.456623856572991],[73.79572566456963,15.456580030215301],[73.795866247318315,15.456489242316108],[73.795960656661407,15.456429230174269],[73.796030533014104,15.456401821575973],[73.796108497797633,15.456358175263238],[73.796182304279682,15.456346425130556],[73.796189362342872,15.456348166307864],[73.796233274688888,15.456358998664305],[73.79628171454398,15.456366502783025],[73.79630588551332,15.456373399957068],[73.796399936428614,15.456402206002888],[73.796430794456938,15.456425004942],[73.796441177185002,15.456432676162789],[73.79648846450155,15.456460497756046],[73.796519105137577,15.456483357296571],[73.796536324943276,15.456503660916331],[73.796575314521519,15.456522690038417],[73.796584496202058,15.456527171553141],[73.796621439418118,15.45654359713493],[73.79667320842961,15.456555175822942],[73.796724243517559,15.456547117582577],[73.796797683486957,15.456525548129637],[73.796850847582107,15.456498397560239],[73.796919189612296,15.456395571175193],[73.796927179228447,15.45638355090678],[73.796934128595467,15.456368666483497],[73.796940305411368,15.456356759636796],[73.796949570635192,15.4563485732464],[73.796966557777253,15.456336665532691],[73.796977368103342,15.45632773539635],[73.796988177531176,15.456309874256638],[73.796988950082337,15.45630019950811],[73.79698972173513,15.456290524759073],[73.79698508912324,15.456265221833645],[73.796976595552209,15.456238430548369],[73.796968874532354,15.456219824789661],[73.796960380961337,15.456197498569649],[73.796947254778416,15.456165497592393],[73.796943933706814,15.456153760436182],[73.796940305411368,15.456140938397478],[73.796937988656254,15.45611935678067],[73.796937988656254,15.456098518907581],[73.796943393819319,15.456083634463868],[73.796950343186367,15.456073959704716],[73.796961152614173,15.456066517915046],[73.796979683960174,15.456065029557065],[73.796998215306147,15.456070238376988],[73.797016746652147,15.456078424778427],[73.797033733794194,15.456088099537324],[73.797045315773133,15.456097774295801],[73.79705921360889,15.456109682023223],[73.797076200750908,15.45612307724171],[73.797091643688972,15.456135728713488],[73.797145942356309,15.456204276265176],[73.79720024102366,15.456272822928369],[73.797202386200567,15.456276242078848],[73.797214643712621,15.456295781193845],[73.797235378625984,15.456328832398768],[73.797243561379915,15.456341875211631],[73.797245084024325,15.456343447552806],[73.797260451503917,15.456359317288493],[73.797272515878163,15.456366294984653],[73.79728578758818,15.456373271814734],[73.797302677712139,15.456377923034681],[73.797326807358971,15.456381411449589],[73.797352142544938,15.456382574254503],[73.79738351081636,15.456381411449589],[73.79741005243973,15.456373271814734],[73.797460723709975,15.456355828873244],[73.797652740398576,15.45628328125153],[73.797762339354819,15.456241872210942],[73.797791294751377,15.456222103646697],[73.797804560173176,15.45620856557314],[73.797811804187631,15.456201173140437],[73.797823535286923,15.456185754488645],[73.797825074999324,15.456183731050228],[73.797841966021608,15.456162799674289],[73.797860062583013,15.456138380743083],[73.797876952706957,15.456105821297891],[73.797910733853243,15.456030237130102],[73.797913446765378,15.45602145763459],[73.797961405123459,15.455866278691722],[73.797962611560891,15.455837207627813],[73.797962611560891,15.455784880395145],[73.797954166498911,15.455720924197211],[73.797939689249787,15.455675573788758],[73.797881779355009,15.455559291133257],[73.797823868561878,15.455443007546668],[73.79780215268822,15.455402308319261],[73.797785261665936,15.45537091243486],[73.797752687855407,15.455331376004109],[73.797724938896266,15.455304630487166],[73.797706730045476,15.455287080092633],[73.797658583939494,15.455240675006804],[73.797636867167498,15.45522090634703],[73.797630624774612,15.455211451468795],[73.797619977043553,15.45519532449328],[73.79761515129384,15.455179044264302],[73.797616357731272,15.455162764899899],[73.797622389918388,15.455152299593527],[73.797639524384124,15.45514239015052],[73.797640486479779,15.455141833420797],[73.797656171064659,15.455134856549215],[73.797676158579719,15.455130871125961],[73.797691157750023,15.455127879677443],[73.79771388333009,15.455107109239504],[73.797730232668272,15.455092165848013],[73.797761132917387,15.455063924142515],[73.797774403729079,15.455033690153556],[73.797781642353655,15.455004618972831],[73.797782848791059,15.454972060215313],[73.79778405522849,15.454937174960746],[73.797792501188809,15.454909266579719],[73.797806978437933,15.454892987194084],[73.79782869431159,15.454879033433976],[73.797875280043897,15.454867807912109],[73.797886605104708,15.454865078807103],[73.797913146728092,15.454865078807103],[73.797945721436932,15.454862753180189],[73.79797105662287,15.454861590366713],[73.797990360520032,15.454861590366713],[73.79806019285526,15.45486504244213],[73.798089017996091,15.454865700475064],[73.798138383115898,15.454865245047012],[73.79819466436507,15.45484012117493],[73.798232686457794,15.454808832568668],[73.798277470169651,15.454762701844878],[73.798316112998222,15.454692105254219],[73.798336131056018,15.454644255824503],[73.798345618163765,15.454626383283863],[73.798355692769647,15.454599209953958],[73.798379458598816,15.454555425593954],[73.798382366445381,15.454500425207071],[73.798403951165056,15.454476758490113],[73.798446447766167,15.454446320944344],[73.798489308185012,15.454418641943406],[73.798517654523792,15.454380133942772],[73.798532522540086,15.454345226076866],[73.79853267974525,15.454345062434045],[73.798550434946833,15.454320597399402],[73.798564483699579,15.454288358027625],[73.798616059573305,15.454244754561541],[73.798708231213027,15.454194207950618],[73.79881293974087,15.454150529137003],[73.799001709019706,15.454104937682505],[73.799208792252259,15.45408792313888],[73.799327923231999,15.454048186455241],[73.799494308290591,15.454008457556482],[73.79967414382395,15.453985465269948],[73.799743051792774,15.453974649240349],[73.799794038371658,15.453989216939391],[73.799819256776615,15.454017020678146],[73.799840832513141,15.454039696065063],[73.799861286253815,15.454058591208828],[73.799900786973524,15.454070191681591],[73.799953170432659,15.454068019298726],[73.799988459850269,15.454043981088681],[73.800028506745647,15.454000232110642],[73.800094047828779,15.45396376654074],[73.800141387247621,15.453958895344138],[73.8001745701159,15.453954497760005],[73.800212817685747,15.453949428286608],[73.800261282693654,15.453962647014054],[73.800267886209312,15.453965079148977],[73.800347008921221,15.453994216279101],[73.800398556947172,15.454010674097621],[73.800438057666838,15.454022274573029],[73.800483483674142,15.454022871134265],[73.800513890748192,15.454028725053588],[73.800541889438946,15.454035243069152],[73.800573213692914,15.454038332372969],[73.800600980618356,15.454038215485092],[73.800672804518555,15.454027079098779],[73.800719862764737,15.454014108004639],[73.800787363971793,15.453977103021048],[73.800799685264252,15.453961440037864],[73.800822931867174,15.45394685415428],[73.800835683452604,15.453940705848197],[73.800845489462262,15.4539370069939],[73.800895454656683,15.453925825578656],[73.800935259006934,15.453932248355425],[73.80096887755812,15.453945469681473],[73.801017060494985,15.45395058850769],[73.801065800387377,15.453943286907277],[73.801112294491546,15.453914116002359],[73.80112790092295,15.453894715196734],[73.801135537501224,15.453885221295309],[73.801210045567501,15.453864683643033],[73.801272510819103,15.453853599197622],[73.801285509441243,15.453855110083241],[73.801298508063411,15.453856620103025],[73.801314251038775,15.45385844875079],[73.80133890170849,15.453855743010099],[73.801371955219366,15.453852765396574],[73.801417892368036,15.453836014912561],[73.801434414182737,15.45381306070378],[73.801448692005877,15.453782547732697],[73.801471652944528,15.453745552231954],[73.801496853383199,15.453701806654271],[73.801547215632979,15.453627723838569],[73.801568029598116,15.453577194393926],[73.801579199250355,15.453529855551439],[73.801582756578867,15.453491651295012],[73.80158482989053,15.45346938712145],[73.801588183301504,15.453294382876205],[73.801589704149293,15.453214997512598],[73.801591536712465,15.453119379349017],[73.801593189612603,15.452928157608818],[73.801593189612603,15.452913272937401],[73.801590872857489,15.452893179365239],[73.801580835082476,15.452866386778187],[73.801570798205802,15.452845548578008],[73.801543773288799,15.452810570320485],[73.801533735513843,15.45280089540854],[73.801504393841711,15.452782290207054],[73.801487407597989,15.452774103675441],[73.801468876252002,15.452769638530549],[73.801457294273021,15.452768893906811],[73.801449573253166,15.452769638530549],[73.801441851334985,15.452770382288454],[73.801434509404174,15.452771797939411],[73.801430269356047,15.452772615293824],[73.801421775785016,15.452774847433307],[73.801404788642998,15.452778568820206],[73.801395523419146,15.452781545583353],[73.801375042728992,15.452781545583353],[73.801368498502171,15.452781545583353],[73.801360004931141,15.452779313443946],[73.801349195503334,15.452770382288454],[73.801346106197045,15.452756986853283],[73.801344561993105,15.452741357545698],[73.801344014020771,15.45273634085896],[73.801343017789122,15.452727217484751],[73.801342001794552,15.452723495231075],[73.801339960822204,15.452716022150764],[73.801339157728322,15.452713077422851],[73.801335296769238,15.452702657882384],[73.801331435810141,15.452695960595642],[73.801322942239153,15.452684797296111],[73.801319853831203,15.452679587525228],[73.801313677015301,15.452674377754256],[73.801305183444299,15.452668424224846],[73.801295917322136,15.452665447460072],[73.801282019486393,15.452663958211842],[73.801274297568199,15.452663958211842],[73.801266576548315,15.452663958211842],[73.801256538773345,15.452665447460072],[73.801242640039248,15.452668424224846],[73.801224881244408,15.452672889371927],[73.801215370780497,15.452674577763743],[73.801195540470601,15.452678099142963],[73.801182978429665,15.452678481845087],[73.801147118581838,15.452679576269285],[73.801108581754477,15.452678177934564],[73.801077872846477,15.452681349513579],[73.801072071526377,15.452682048248009],[73.80102780704074,15.45268365092141],[73.801004555047939,15.452683768675913],[73.800976530306031,15.452673201940861],[73.800964797410089,15.452662890628652],[73.800957825585186,15.452644168526094],[73.800966104458837,15.452629893387117],[73.800987360395084,15.452623385717464],[73.801002970419788,15.452609955639094],[73.801026489212234,15.452577728123002],[73.80104062599986,15.452546210592766],[73.801043342505267,15.452539433643436],[73.801058129673166,15.452502538358548],[73.801073958886789,15.452487341953169],[73.80108322950052,15.452486929812046],[73.801096389819435,15.452486345368165],[73.801112665495751,15.45249001394386],[73.801130922855592,15.452500181534782],[73.801148223509657,15.452503072583493],[73.801171532096319,15.452495009856333],[73.801176951632442,15.452481300968302],[73.801159273685954,15.45245148999973],[73.801135221294246,15.452428110508666],[73.801103030166018,15.452402897159313],[73.801080050362728,15.452389538065795],[73.801058816884378,15.452377193739673],[73.801029633315736,15.452357702742463],[73.80101782226636,15.452333046987677],[73.801017935454098,15.452329210435616],[73.80101840078143,15.452313404463725],[73.801021251135822,15.452290440562003],[73.80103531785484,15.452266977065962],[73.801078877162965,15.452229144023738],[73.801137557812282,15.452183401489723],[73.801138239633588,15.452182869861497],[73.801241771368396,15.452102162793711],[73.801279814122339,15.452082195556208],[73.801283879897341,15.452080061249658],[73.801363624243422,15.452038205459276],[73.80141308907622,15.452012623212614],[73.801460141034156,15.451985877267404],[73.801484476395231,15.451968503224208],[73.801492715743009,15.451962620673811],[73.801522877576986,15.4519323862324],[73.801544593450657,15.45189750046622],[73.801567515761789,15.451859126203203],[73.801591645408621,15.451824241290495],[73.801615944837039,15.451798397532075],[73.80162663299231,15.451787029844656],[73.80165920680281,15.451755632546755],[73.801686955761923,15.451735864420408],[73.80170867253392,15.451734701589377],[73.801736420594736,15.451739352913417],[73.801752104281306,15.451747492730226],[73.801770201741022,15.451770749347952],[73.801787091864981,15.451804472304852],[73.801793124052125,15.451827729782041],[73.80179553692696,15.451847497899609],[73.80179553692696,15.451876569523169],[73.801791917614693,15.45190680310686],[73.801781059677836,15.451939363211789],[73.801777168176045,15.45194891175055],[73.801767788866144,15.45197192331155],[73.801756930929329,15.4520021577472],[73.80175279328914,15.452011462980693],[73.801749691406457,15.452018437359863],[73.801747278531579,15.452032391312573],[73.801749691406457,15.452049834617995],[73.801753310718723,15.452061462910205],[73.801771408178425,15.45207890534731],[73.801788298302412,15.452089371674706],[73.801818460136388,15.452099837135767],[73.802013906592748,15.452110302596271],[73.802029590279304,15.452107976938416],[73.802038036239594,15.452102162793711],[73.802048894176437,15.452087046016647],[73.802054926363581,15.45207425403089],[73.80205975211328,15.452054485934964],[73.802062164988115,15.45203355414194],[73.802064577862993,15.452012623212614],[73.802067594405713,15.452005646235731],[73.80206855380645,15.452003426209771],[73.802070610050095,15.451998669258606],[73.80208991394727,15.451985877267404],[73.802103539593475,15.451980469200475],[73.802110423383496,15.451977737459945],[73.802135759467802,15.45197192331155],[73.802164713966008,15.451963783503546],[73.802191256487717,15.451955643695237],[73.802215385236252,15.451946340190897],[73.802251579257373,15.4519323862324],[73.802272089591938,15.451920757932939],[73.80229139259076,15.451907966802787],[73.802307076277287,15.451891686315587],[73.802319141549873,15.451875406692936],[73.802331397265306,15.451861728068492],[73.802342063860976,15.451849823560401],[73.802350643670252,15.451842190267179],[73.802373432132399,15.451821915629461],[73.802390925924229,15.451810287323777],[73.802408418817777,15.451798658151612],[73.802442454187243,15.451781290153658],[73.802490458359401,15.451756795377621],[73.802539616866696,15.451740483708122],[73.802564052839031,15.451732375927325],[73.802589388025012,15.451719583919685],[73.802630407795846,15.451690513139924],[73.802654537442677,15.451663767153152],[73.802669014691787,15.451640510523429],[73.802683394922866,15.451616254704387],[73.802693144338633,15.451599810549302],[73.80269345785068,15.451599071116432],[73.802723305274313,15.451528876066883],[73.80273657698433,15.451495153065137],[73.802749847796022,15.45147771057891],[73.80277156366968,15.451463756588849],[73.802795693316511,15.451453290229864],[73.802814996315348,15.451447476066763],[73.802846364586756,15.451446313234152],[73.802871699772737,15.451446313234152],[73.802889797232424,15.451441661903534],[73.802906687356412,15.451430033576516],[73.802922371941278,15.451411427386132],[73.802942881377504,15.451393984892871],[73.802969423899214,15.451382356563169],[73.802987520460604,15.451384682229165],[73.802997395640531,15.451389721460664],[73.803008029896873,15.45139514772576],[73.803028540231438,15.451409101720428],[73.803044223917993,15.451423056580015],[73.803050508531712,15.451429450861394],[73.80306594068999,15.451445150401504],[73.803080417939071,15.451459105258637],[73.803102133812786,15.451480036243838],[73.803124991445188,15.451489950191158],[73.803126263459617,15.451490501735613],[73.803162457480724,15.45149980439456],[73.803214335188372,15.45149980439456],[73.803247345580161,15.451363298396142],[73.803251735646938,15.451345145038006],[73.803327069264952,15.45135889729359],[73.803405034946806,15.451373130093531],[73.803410859623085,15.451379242976058],[73.80341103838785,15.451379543425107],[73.803412194519609,15.451502130925068],[73.80341521106233,15.45151550392934],[73.803418226706754,15.451528876066883],[73.803420639581589,15.451567250391044],[73.803413099123091,15.451692766071407],[73.803388375689849,15.451895888262442],[73.80338664553463,15.45191010197693],[73.803382521369144,15.45194398769004],[73.803373512165152,15.452018000974135],[73.803356546582719,15.45207432676183],[73.803333925207198,15.452127018585958],[73.803325104649446,15.452141366490441],[73.803303764271561,15.452176076449259],[73.803260407084395,15.452226950841329],[73.803222704791906,15.452270558195336],[73.803173692710004,15.45230689678411],[73.80313222018826,15.452337784882639],[73.803092633230349,15.452357772009906],[73.803039850919177,15.452375940864544],[73.802985183044257,15.45239592798816],[73.802936170064029,15.45242499866894],[73.802838145900211,15.452515846360079],[73.802764979916958,15.452592876900439],[73.802715613898826,15.452644849943804],[73.80269864831638,15.452663019639086],[73.802687337628655,15.452677555394201],[73.802677912504677,15.452695725086636],[73.80267037204618,15.45272116178754],[73.802666601816938,15.452746599351165],[73.802666601816938,15.452777487384161],[73.802666601816938,15.452804741476173],[73.80267037204618,15.452835629500466],[73.802674142275421,15.452864700985455],[73.802691107857882,15.45291375867418],[73.802853225918895,15.453217188952864],[73.80298265787998,15.453154127241],[73.803003714390243,15.45314386876896],[73.803024770002182,15.453133609430575],[73.803316959624752,15.453595112914446],[73.803336865393135,15.453627968870702],[73.803445975665852,15.453808058762197],[73.803506936239359,15.45387051245755],[73.803657555864717,15.454024820997676],[73.803869136961922,15.454241583006443],[73.804095144104267,15.454474674426633],[73.804112140229407,15.454522319558622],[73.804111515002006,15.45455452512647],[73.804111436848558,15.454558557315863],[73.804097952237825,15.454592218344985],[73.80410380027034,15.45460513052622],[73.80410983245747,15.454618447916902],[73.804149323295661,15.454658394888803],[73.804220062031035,15.454676205086653],[73.804510202596433,15.4547492528568],[73.804562332730697,15.454762378023254],[73.804657966477521,15.454785462001873],[73.804925972554344,15.454840381790637],[73.805286250882176,15.454871777755416],[73.805453465984115,15.454879135602246],[73.805559082708697,15.454867275424929],[73.805655495294872,15.454851249725056],[73.805819132407052,15.454835821448667],[73.805919800312722,15.454829209948278],[73.80625758033429,15.454817535922212],[73.806392616884423,15.454795647662669],[73.806592424661503,15.454754609767317],[73.80667687707799,15.454732515432767],[73.806738406285049,15.454712747590357],[73.806769774556457,15.454698793818098],[73.806796317078167,15.454681350735671],[73.80681923938927,15.454663908517578],[73.806837335950661,15.45464879106153],[73.806851814098081,15.454637162914455],[73.806868088876101,15.454629319326305],[73.806864456987412,15.454667923388163],[73.806734204864469,15.455483445285385],[73.806730637654482,15.45624687236214],[73.806454286228671,15.457710585023426],[73.806277688223616,15.458236445885296],[73.806251580486489,15.459500913989027],[73.806163980373242,15.460276462324998],[73.806487508622837,15.461248444543257],[73.806422705056548,15.46162698675958],[73.806423410234032,15.461659231050135],[73.806414996613086,15.461728469417613],[73.806403571839311,15.46178903154154],[73.806333010970391,15.461996633024256],[73.806269877372216,15.462143385715782],[73.806247594661571,15.46223644819648],[73.806251308296979,15.462318772963535],[73.806284731913749,15.462376042272089],[73.806305974375277,15.46239375223935],[73.806426113264735,15.462455085597547],[73.806330712181548,15.462534473481515],[73.80631110016229,15.462550793825152],[73.806287176229631,15.462570972175012],[73.806271748562935,15.462592780825283],[73.806264686008191,15.462628519335754],[73.806273158019607,15.462728896742384],[73.806267478870396,15.4627945780473],[73.806251515807816,15.462879467955878],[73.806237749126069,15.462928848813881],[73.80621426716452,15.462979257363415],[73.806194055070634,15.463011130015772],[73.806177632968925,15.463031087542127],[73.806147940953863,15.463052524716346],[73.806146161391283,15.463053228610615],[73.806114613456813,15.463065703036307],[73.80606590949705,15.463078266638481],[73.805992765073356,15.463091409459025],[73.805866571538871,15.463118651804779],[73.805827472366133,15.463041765436991],[73.805810765498478,15.463008910107723],[73.805795454612792,15.462963086836792],[73.805616380850793,15.462427146194536],[73.805575655727381,15.462350764332337],[73.805512239159896,15.462267267282289],[73.805241574968164,15.46198382520001],[73.805151657201506,15.46187981625252],[73.804981027603148,15.461648059575474],[73.804923115013395,15.461553795093266],[73.804748780762864,15.461206726536412],[73.804681128638819,15.461098292060434],[73.80452743857181,15.460892888828749],[73.804164183227087,15.460407402222549],[73.80374708825417,15.459690884625321],[73.803725805368444,15.459658101492836],[73.80367136207235,15.459569296788708],[73.803623029116778,15.459458610340237],[73.803590832598687,15.459336550498636],[73.803559154408504,15.459140309305713],[73.803556454971087,15.45778449234958],[73.80355711523282,15.457750527935961],[73.803552159227394,15.457663875711294],[73.803524490218336,15.45745530103191],[73.803443092972103,15.45741794167575],[73.803390816412474,15.457396085726318],[73.803250734025411,15.457347449888388],[73.80319955341038,15.45733182525613],[73.803069312067237,15.457298650398529],[73.803001781215769,15.45728144823363],[73.802966038148924,15.457273714705048],[73.802878212558525,15.45726355773821],[73.802844994655956,15.457263710988824],[73.802759016001801,15.457272366619046],[73.802567548183816,15.457299054737714],[73.802361454894722,15.457334809746255],[73.801742741141084,15.457454048187504],[73.801617941791918,15.457478992517501],[73.801507096872399,15.457501148032552],[73.801442642750771,15.457516046227612],[73.801351936263245,15.457537012965556],[73.801251518089202,15.45756652882327],[73.801169728279248,15.457599528742053],[73.800984289953448,15.457683034599986],[73.800570902327678,15.457885948317836],[73.800402370295558,15.457651320438954],[73.80036068846637,15.457588959660173],[73.800328214368832,15.457533285603349],[73.800303041777966,15.457468981018815],[73.800286800237615,15.457406692048371],[73.800077670642835,15.45635350932381],[73.799988688920706,15.455929088488096],[73.799879810413302,15.455458569115729],[73.79986695731823,15.4554088453399],[73.799863514974049,15.455391546045082],[73.799848399022764,15.455326612202665],[73.799839880298919,15.455301981044368],[73.799821626532363,15.455282921506104],[73.799815979722467,15.455280680735306],[73.799795766730284,15.455272658810275],[73.799774470369826,15.455271192092356],[73.799709061339044,15.455285854075887],[73.799628440237228,15.455306379465714],[73.799296388772248,15.455377480626385],[73.799067320171432,15.45541992797046],[73.798478639792677,15.455529012193379],[73.79842673064401,15.45554421010741],[73.798407802242664,15.455552444150237],[73.798396735896659,15.455564466198551],[73.798392568612059,15.455586556981071],[73.798393876559132,15.455625881234869],[73.79855874436322,15.456421374532324],[73.79878946496585,15.457751721036942],[73.798980955241689,15.458747241936054],[73.800092664423246,15.458802298339592],[73.80033647168294,15.458825432951292],[73.800397044184237,15.458838669549829],[73.800588080810869,15.4589037018605],[73.800627612073242,15.458917159237076],[73.800736508546947,15.458975058934023],[73.800892373435261,15.459079453761889],[73.800943779527401,15.45912674804581],[73.800995158670062,15.459200802921103],[73.801014926996231,15.459244105772493],[73.801033496071454,15.459279899407028],[73.801044636977593,15.459315693035352],[73.801048350613002,15.45934432810674],[73.801048350613002,15.459369383899187],[73.801048350613002,15.459388707134812],[73.801022396487795,15.459458627656513],[73.800982769105659,15.459540982099327],[73.800940288674184,15.459608208159628],[73.800871985271584,15.459672112940586],[73.800814272107829,15.459711160224774],[73.800748782228666,15.459738883540991],[73.800673262659373,15.459759535764112],[73.800480147331143,15.459816805780211],[73.800197130405934,15.459866402089702],[73.799986193400827,15.459887679416266],[73.799692765001495,15.459885227437173],[73.799506588260513,15.459872965809673],[73.798824274683099,15.459759889015535],[73.798621307531178,15.459698478667837],[73.798365865291942,15.459602938821739],[73.798327958183592,15.459906754981358],[73.79830825812941,15.460064646081648],[73.798275780438615,15.460289811386142],[73.798186962209826,15.460458838235679],[73.798159821410152,15.460445190481138],[73.797550278557281,15.460151447953256],[73.797436346128109,15.460096542559375],[73.79734546985901,15.460088559782315],[73.79733083091314,15.460087274052983],[73.79710212882496,15.460151789082682],[73.79696267705522,15.460270066584966],[73.796957099415607,15.460404472322661],[73.79698498941022,15.460517373871507],[73.79698498941022,15.460596637821663],[73.79698498941022,15.460646403642912],[73.796873427635077,15.460721670972468],[73.796815938151838,15.460721670972468],[73.796814879936463,15.460721670972468],[73.796750709682428,15.460721670972468],[73.79665588262273,15.460608769534993],[73.796488539960023,15.460565759612306],[73.796349088190283,15.460560383804243],[73.796232341339348,15.460582887910746],[73.796209635522203,15.460587264574757],[73.796059027574927,15.460710918498481],[73.795824747847149,15.460893709614355],[73.795614843006277,15.46107816724712],[73.795255783692269,15.461393698189694],[73.795060550136611,15.461576489568891],[73.794903186858406,15.461631641324823],[73.794692397176988,15.461705518680574],[73.794552069549837,15.461811785731852],[73.79445811744921,15.461882934010877],[73.794462803960059,15.461898290766618],[73.794486007443851,15.461974329071865],[73.794329820958637,15.462119486105189],[73.794195947726791,15.462065724092511],[73.794017183883568,15.462051366485568],[73.794010822913052,15.462050855661936],[73.793928199466492,15.462044219283529],[73.793772012981293,15.462033466878205],[73.79356004560853,15.462259267272804],[73.793090464768497,15.46261584921286],[73.793007815270769,15.462678610209743],[73.792611771418194,15.462759252551969],[73.792528099637678,15.462904409901045],[73.792461697070195,15.463086301248241],[73.792422116400488,15.463194722562344],[73.792182259033098,15.463302245987643],[73.792177836626948,15.46330189101063],[73.792143452711144,15.463299129116445],[73.792048384902927,15.46329149364761],[73.79198144783787,15.463361384280647],[73.791954908909418,15.4634636981197],[73.791947979305306,15.463490412280482],[73.791825060130037,15.463555235339587],[73.79165234105038,15.463646320573469],[73.791451529855124,15.46372696253894],[73.791367858972933,15.463834485687926],[73.791289785493262,15.463950580150158],[73.791172625417289,15.464124797911339],[73.790759847747609,15.464393605162762],[73.790659015450217,15.464446483462583],[73.790481794912665,15.464539421100136],[73.790380537712139,15.464592521871296],[73.790123945629347,15.464646283228081],[73.789906400616999,15.464603274143776],[73.789694433244208,15.464592521871296],[73.789515934403994,15.464614026415708],[73.789343014101718,15.464689292303454],[73.789242608504068,15.46474842933463],[73.789103155836031,15.464769933862845],[73.789044504831097,15.464767751202665],[73.789036370586217,15.464767448175662],[73.788958688772013,15.464765246468069],[73.78888557489104,15.464754236198141],[73.788715618130865,15.464672513258709],[73.78855415853495,15.464586657860977],[73.788322444395604,15.464454317155342],[73.787790359676421,15.464164820971716],[73.787759272577702,15.464147906820582],[73.78767452641209,15.464072663246728],[73.787585033548567,15.463954490079601],[73.787517452391413,15.463827155864594],[73.787413950301016,15.463564431829711],[73.787412704337711,15.463561268209448],[73.787364002174598,15.463372565186683],[73.787344783617399,15.463182343382217],[73.78735931566375,15.463046873648869],[73.787373848608425,15.462911402961115],[73.787374763093354,15.462902877436417],[73.787482716336015,15.462539773047892],[73.787532552173033,15.462394996395881],[73.787718410910372,15.462023517937416],[73.787735348645043,15.461995536917634],[73.787781961326829,15.461910708118847],[73.787794185601243,15.461888461300223],[73.787816626415321,15.461847621347125],[73.787851292402152,15.461784533690382],[73.78792277853583,15.461653438818523],[73.787945820322861,15.461611184094336],[73.78797984311592,15.461545784666562],[73.788020425407197,15.461515744697964],[73.788060664542044,15.461512178447061],[73.788066063416906,15.461511699656867],[73.788140337022924,15.461521413123318],[73.788242374859394,15.461513447717225],[73.788301429207877,15.461499795703158],[73.788386392765744,15.461490105612475],[73.788460263028199,15.46148150730161],[73.788533606877891,15.461489684831184],[73.788595855635492,15.46149895240902],[73.788632722494782,15.461487482222935],[73.788670383464719,15.461463206777186],[73.78870916912544,15.461424907879092],[73.788770012917936,15.461394799494322],[73.788870983555881,15.461370955208917],[73.788940071187767,15.461365047817104],[73.788986971330417,15.461361322255369],[73.789051745252294,15.461371230535121],[73.789105555236134,15.461371857378378],[73.78915650947566,15.461373060848173],[73.789203805775372,15.461362932653891],[73.789242130600357,15.46133622341358],[73.78927088926585,15.46131489428746],[73.789303637349533,15.461303681235531],[73.789343562074009,15.461300790309602],[73.789381762931484,15.461309167847441],[73.789439158091625,15.461301598106523],[73.789491244208435,15.461313494279361],[73.789526126689225,15.461334038119787],[73.789587120500386,15.461367701511374],[73.789612171818717,15.461389657475284],[73.789647922072049,15.461399519000155],[73.789686069928933,15.461408480952716],[73.789756439456696,15.461403921621104],[73.789812026308184,15.461385947498497],[73.789848044259472,15.461368541342843],[73.789902719320949,15.461363179408499],[73.789997954215806,15.461360415756854],[73.790084567978838,15.46137426345217],[73.790142441941015,15.461387686036034],[73.790185532328579,15.461387693828277],[73.790217911204664,15.46137920373889],[73.790266378009207,15.461384089479759],[73.79032571263204,15.46140250429748],[73.790365125316796,15.46141017013915],[73.790425175896942,15.461409686153901],[73.79048629547222,15.461401619444306],[73.79054322620334,15.46138486524155],[73.790620481317788,15.461349902278386],[73.790694632752931,15.461291326184949],[73.790705730539941,15.461286536546369],[73.790709049814907,15.461283986747754],[73.790772977523787,15.461257380528178],[73.790818686500401,15.461215781138568],[73.7908270327477,15.461190368857212],[73.790847513437868,15.461177189552156],[73.790882698650904,15.461174909883837],[73.790919187319446,15.461172592119967],[73.790964612428397,15.461163722798529],[73.790982444885117,15.461149361665841],[73.790996764929048,15.461106156183048],[73.790998352252146,15.461073388859104],[73.791003216629434,15.461051852778043],[73.791015871196848,15.461028933135101],[73.791035114906862,15.460995586573894],[73.791062466810629,15.460975984698221],[73.791079452156012,15.460953262450957],[73.791098578186748,15.460918534048815],[73.791116061198778,15.460894274986753],[73.791140219591739,15.460860217575711],[73.79118893702622,15.460798968594462],[73.791195210860153,15.460782301789582],[73.791204919851751,15.460752330109097],[73.791214876778369,15.460721589586488],[73.791220796676072,15.460687104437659],[73.791225392457065,15.460658337948985],[73.791227611295824,15.460644453841853],[73.791229613640581,15.460625464925528],[73.791231836072612,15.460604397200495],[73.791242637415579,15.460562946598886],[73.791252046369863,15.460531198246333],[73.791263049833773,15.46049992868144],[73.791277084213462,15.460426896791663],[73.791293246702054,15.460363809568022],[73.791328391490921,15.460314670525339],[73.791362320859193,15.460269283026696],[73.791372758384469,15.460258830965426],[73.791383195909773,15.460248378037797],[73.791422402880329,15.460209115268052],[73.791466189462255,15.460172871572549],[73.791496225532072,15.46012631346666],[73.791501448337129,15.460096998841763],[73.791506671142216,15.460067683346896],[73.791501790595262,15.460016795295209],[73.791496548925593,15.459980213033784],[73.791468554726379,15.459934725893566],[73.791458024674625,15.459923333543911],[73.791454735044056,15.459880536468624],[73.791454203241415,15.459867726781898],[73.791463996674636,15.459855930960204],[73.791486568642767,15.459828458745141],[73.791491467156007,15.459804893936793],[73.791482041133747,15.459787561242322],[73.791465607353928,15.459770755826097],[73.7914603081921,15.459753346937305],[73.791461626918931,15.45973661251494],[73.791480929019428,15.459710792254432],[73.791504905054353,15.459691650003681],[73.791525453118169,15.459666204634454],[73.791540707410007,15.459644438100922],[73.791548335005061,15.459633554833303],[73.791564914311962,15.459616139872272],[73.791570518002715,15.459607283471366],[73.791574175942543,15.459604430617542],[73.791589588337871,15.459590618302247],[73.791625002621316,15.459555413474375],[73.791663264564207,15.459526442496605],[73.791685186152094,15.459512797278085],[73.791712389833862,15.459499054221761],[73.791728730188865,15.459483728457421],[73.791745432564923,15.459455897746176],[73.791801867426045,15.459406987062968],[73.79184964522274,15.45936902458639],[73.791898129095244,15.459332792865297],[73.791922204843189,15.459316868811053],[73.791971573556239,15.459293039871136],[73.792000638547265,15.45928363885921],[73.79202857884755,15.459271827419593],[73.79206143023751,15.459268376283383],[73.79208164682295,15.459273417054819],[73.792105815097358,15.459285597331224],[73.792119535066689,15.459292344622238],[73.792140979649176,15.459296028662111],[73.792172202393488,15.45929458361803],[73.792215082575268,15.459292541162096],[73.792244830285895,15.459286185219176],[73.792270529289553,15.459286876139007],[73.792302546144597,15.459289141975106],[73.79235131747798,15.459294286643738],[73.792404557031631,15.459309900738209],[73.79244494798175,15.459325169371668],[73.792474192635822,15.459340777403112],[73.792502795892773,15.459364801145703],[73.792524799227351,15.459383281944806],[73.7925435389825,15.45939081279422],[73.792574349400113,15.459393557424239],[73.792630720480801,15.459383445583633],[73.79272031485398,15.459375119916761],[73.79276767134084,15.459360420992613],[73.792843285233218,15.459335876029433],[73.792925927544431,15.459311263529823],[73.79298585595366,15.459269813535306],[73.793039681208839,15.459223983376528],[73.793111824909317,15.459168167765428],[73.793140943799258,15.459123973108742],[73.793207151432327,15.45904398044444],[73.793270731493195,15.458968922898519],[73.793286461892137,15.458946384849888],[73.79331453693969,15.45890615731445],[73.793322111534181,15.458899513042963],[73.793370395980702,15.458857154724967],[73.793438173868878,15.458813863048315],[73.793457313374333,15.458802902679407],[73.793737314655118,15.458737411454312],[73.793745114726761,15.458735833070579],[73.793837266603532,15.458736177665601],[73.793887269527204,15.45872734893323],[73.793937669506221,15.458693364760389],[73.79396344845992,15.458669886404619],[73.793999120559832,15.458637399220015],[73.794048986041275,15.458571198838206],[73.794108437445075,15.458493061407694],[73.794157100980655,15.458403694288283],[73.794211422105903,15.458286730898802],[73.79423558768535,15.458244309250759],[73.794274004138487,15.458225246519829],[73.794300968868356,15.458204001923665],[73.794342546492956,15.458166616727903],[73.794378208711436,15.458154117764282],[73.794397675203626,15.45814729510996],[73.794433428151947,15.458115109148514],[73.794492849013039,15.458071946323892],[73.794537721658131,15.458024292484041],[73.794567480148544,15.457974907859432],[73.794584705344121,15.457952016448148],[73.794634190838153,15.457903584208427],[73.794635987468709,15.457901934821127],[73.794636397998829,15.457901423987252],[73.794652249670307,15.457885909355927],[73.794723975654179,15.457806408865501],[73.79475429469332,15.457783394489036],[73.794827198368523,15.457729609705584],[73.794873604437782,15.45770059864471],[73.794921374149666,15.457667833379565],[73.79496807845959,15.457619954333248],[73.795026333307462,15.457567967818621],[73.795106760373173,15.457500705597614],[73.795164548995373,15.457445189096703],[73.79520522830471,15.457415087925963],[73.795237750911255,15.457372537091892],[73.795258854133905,15.457342148457546],[73.795286717179081,15.457313620471441],[73.795309885628583,15.457284772127004],[73.795326195440879,15.457260351596387],[73.795326692209215,15.457228905775789],[73.795325340244716,15.45718065692156],[73.795325189327741,15.457175287952236],[73.795325085123167,15.457132259134484],[73.795344521970975,15.457075173662526],[73.795407030341693,15.456935683377258],[73.795482490622206,15.456802674561992],[73.795530800221556,15.456744239178125],[73.795531825199305,15.456742999316793],[73.795531881793167,15.456742930916624]]]},"properties":{"objectid":12309,"id":"12306","name":"Ward No 1","code":"1","town":"Panaji","district":"North Goa","state":"Goa","st_area(shape)":1050405.7144198294,"st_perimeter(shape)":9057.116283505291}}]}