{"type":"FeatureCollection","features":[{"type":"Feature","id":4740,"geometry":{"type":"Polygon","coordinates":[[[92.72623813981474,11.66203446241455],[92.726098613484794,11.662112018645498],[92.725989254378746,11.662204347086616],[92.725911948958668,11.662307755326472],[92.725898750910503,11.662385310601282],[92.725894979782964,11.662490565410728],[92.725908177831116,11.662564428241293],[92.725938345953267,11.66265675653192],[92.725985483251208,11.662701074030126],[92.726062788671285,11.66273615922441],[92.726168376649795,11.662784169980029],[92.726471941638806,11.662918969026526],[92.726590727665425,11.662979906186997],[92.726660490830412,11.663027916900479],[92.726767964372698,11.663120245036925],[92.726937658824795,11.663116551771308],[92.727165803957504,11.663186721170611],[92.727331727282063,11.663210726510489],[92.727482566994667,11.66321995967134],[92.727706940999838,11.663201494229087],[92.728323497898444,11.663118398404118],[92.728727521485709,11.663062263048253],[92.728778203535711,11.663282078293335],[92.728807165220459,11.663417985604367],[92.728838539780099,11.663488893051754],[92.728879568534055,11.663537347079535],[92.728956797597348,11.663579891707796],[92.729019547614868,11.663625981787671],[92.729084709608955,11.663674435791547],[92.729166767116922,11.663737071614175],[92.729251429739165,11.663693202962069],[92.72962395659593,11.663678849578202],[92.729624450669334,11.663588826615554],[92.72977992928206,11.663321753159918],[92.729958104728794,11.663377840955903],[92.730040595224693,11.663403808159666],[92.730659273045717,11.663660596190134],[92.730694626243732,11.663695219385927],[92.730738817067476,11.66373561208248],[92.730788900839514,11.663776005652947],[92.730818361987588,11.663813514465813],[92.730868444861301,11.663888531196617],[92.730915583057524,11.663931809495322],[92.731104132249143,11.663963547027361],[92.731227867992999,11.663992399805974],[92.731272058816771,11.664260728039894],[92.731292681440749,11.664384793250139],[92.731445878332693,11.664707940893324],[92.731498907680518,11.664976268435449],[92.73163299471139,11.665304947326984],[92.731583820932741,11.665326586806618],[92.73154958074737,11.665341655350861],[92.731464733072158,11.665406284334873],[92.731283725237347,11.665572473710156],[92.731157397853892,11.665675880695156],[92.73092548159363,11.665834683450111],[92.730774641881013,11.665987947152884],[92.730708649843606,11.666126437868972],[92.730655855854351,11.666303706482946],[92.730640771344099,11.666451430094767],[92.730638391706918,11.666509539819936],[92.730612489684006,11.667142036101188],[92.730599290737558,11.667282373726131],[92.730584207125631,11.667324843880865],[92.730544611184527,11.667398705424805],[92.730182596413243,11.667751393432196],[92.729969534892462,11.667934200810398],[92.729797954876545,11.668026527314559],[92.729577351998984,11.668139165502435],[92.729139917371384,11.668307199839248],[92.728731805551305,11.668491426769155],[92.728586804887996,11.668458460742844],[92.727538124201729,11.668255594494315],[92.72665257218118,11.668103444930484],[92.726242951191395,11.668033067393353],[92.725900331047114,11.667872494074304],[92.725805431223833,11.667805578306833],[92.725737102668376,11.66772627031864],[92.725686489788643,11.667625895728722],[92.725670039839173,11.667551544222356],[92.725671305565399,11.667301227748403],[92.725668775011258,11.667179787271495],[92.725658598895734,11.667073994070664],[92.725647678975108,11.667003934743921],[92.725639430644165,11.666961663364885],[92.725629428801824,11.666925120949386],[92.725616281059288,11.666870089577525],[92.725608039016592,11.666821660764802],[92.725608039016592,11.666795637576445],[92.725618794545483,11.666742971843881],[92.725624171860773,11.666729650572057],[92.725641733026265,11.666698669946983],[92.725724449897641,11.666578779338062],[92.725864901492287,11.666423879612818],[92.725982578099561,11.666299960474191],[92.726035721533449,11.666229326470031],[92.726074947368673,11.666147538872467],[92.726104050088892,11.666076904829518],[92.726148337032399,11.665938114970672],[92.726178096421151,11.665868167086556],[92.725693449037152,11.665598264756582],[92.724853187378272,11.665212951587291],[92.724677227177054,11.665127756373771],[92.724513129229152,11.665059987455264],[92.724396481192898,11.665023199335796],[92.724299604177716,11.664988346687803],[92.724244245498326,11.664968984005949],[92.723637279911998,11.664473302761239],[92.723506792430427,11.66434938275161],[92.723500861752939,11.664312593658167],[92.723487338514659,11.664276347374393],[92.723474684845542,11.664249084359449],[92.723446846953223,11.664219343925263],[92.723422806239569,11.664200755382479],[92.723396234073491,11.664184646014856],[92.72336839707944,11.664167297058032],[92.723336762906712,11.664147469803165],[92.723296272243616,11.664121446364041],[92.723274762084117,11.664100380397079],[92.723241863083487,11.664064442883094],[92.723217821471536,11.664032224131107],[92.723202638146589,11.664001243204872],[92.723198389115311,11.66397259365298],[92.723200253119529,11.663936623571093],[92.723203902974504,11.663866170197149],[92.723212825041912,11.663693959560915],[92.723228270674895,11.663621349818145],[92.723271519165962,11.663551764693684],[92.723302411330238,11.663500333537986],[92.723317857861574,11.663439824938214],[92.723341027209372,11.663402007276616],[92.72341362276245,11.66327342754057],[92.723425732052448,11.663218606588813],[92.723425732052448,11.663176009119097],[92.723396075970001,11.663061769498354],[92.723232726318727,11.662427030181775],[92.723285229253833,11.66241966562629],[92.723327865992161,11.662413685828781],[92.723403373883357,11.662416750947902],[92.723471689862393,11.662430697063483],[92.723535547502692,11.662452954365776],[92.723623603960107,11.662445244061324],[92.723721260712935,11.662439823798101],[92.723812553800329,11.662431127271059],[92.724007256451657,11.662423948347147],[92.724286995424393,11.662399551441499],[92.724406801038896,11.662385644913989],[92.724505285140111,11.662366068266374],[92.724597299574668,11.662331708835914],[92.72464896168664,11.662304845925501],[92.724686725064544,11.66226998237892],[92.724703386118122,11.662243772252404],[92.724725961679553,11.662196850559575],[92.724739654699405,11.662164871768278],[92.724774771640512,11.662125252161873],[92.724820819281945,11.662087864529285],[92.724890293189404,11.662045564248766],[92.72507579439727,11.661982375547938],[92.725195387111043,11.661954837818932],[92.725287273984819,11.6619401913812],[92.725345793835672,11.661913463917749],[92.725372143219602,11.661899874963495],[92.725397502660059,11.661901046819493],[92.72548379662291,11.661908125462945],[92.725591951986473,11.661919667188039],[92.725722152905448,11.661943400788081],[92.725793121609513,11.661945138337048],[92.725828583503656,11.661938783746589],[92.725885607659578,11.661918073041745],[92.725919273821503,11.661898917771811],[92.725951721867858,11.661872347783589],[92.725994478980439,11.661828176195199],[92.726059649957691,11.661761603841057],[92.726111082999282,11.661712564454655],[92.726167440605252,11.661657576037879],[92.72619537731228,11.66161680737601],[92.726210221972337,11.66154554578171],[92.726212054535523,11.661506622867158],[92.72623813981474,11.66203446241455]]]},"properties":{"objectid":4740,"id":"4651","name":"Ward No 7","code":"7","town":"Port Blair","district":"South Andamans","state":"Andaman and Nicobar Islands","st_area(shape)":408415.81292812031,"st_perimeter(shape)":3086.8061416301703}},{"type":"Feature","id":4734,"geometry":{"type":"Polygon","coordinates":[[[92.723565096685647,11.683270970593284],[92.72368740410819,11.684321344817238],[92.723670033385559,11.684324012949256],[92.723655097097321,11.684326307208446],[92.723570287151347,11.684339333814906],[92.7222794512072,11.684427994423279],[92.722238563488744,11.684430621208355],[92.722144544912794,11.684436660350764],[92.722103393987936,11.684439303850036],[92.722024748281441,11.684441926236518],[92.721992107995604,11.684443014425721],[92.721959467709738,11.684444102614897],[92.721951613739208,11.684443948667361],[92.721950238418515,11.684443715546788],[92.721949183796355,11.68444317365145],[92.721948465144152,11.684442622079391],[92.721947837221748,11.684441865537183],[92.721947278469642,11.684440373565572],[92.721946585868565,11.684438157600596],[92.72194564982405,11.684433548850899],[92.721942025121848,11.684406528855575],[92.721914955289094,11.684154124232784],[92.721911600979837,11.684122844696725],[92.72191112577103,11.684119888020753],[92.721911060194046,11.684119459606221],[92.721910941616414,11.684119213289893],[92.721910770038178,11.684119031191726],[92.721910545459366,11.684118927386958],[92.721910214879344,11.684118861409353],[92.721909751348662,11.684118834138616],[92.721905210364909,11.684119528222935],[92.721874714357639,11.684125324574573],[92.721869451128384,11.684126324794889],[92.721867603293859,11.684126865811171],[92.72186733739251,11.684127005683646],[92.721867127186769,11.6841272282481],[92.721866839725848,11.68412766282049],[92.72186643548396,11.684128487980264],[92.721864937094068,11.684131718243211],[92.721816737089213,11.684250024838603],[92.72163740551072,11.68469019776906],[92.721624664705047,11.684721471083163],[92.721622365017907,11.684726842527418],[92.721622178168317,11.684727296452289],[92.721622003895177,11.684727601707944],[92.721621768536565,11.684727968542562],[92.721621384057613,11.684728332738082],[92.721609719433658,11.684739573536051],[92.721245179498112,11.685081086671095],[92.72122184396197,11.685105827302735],[92.721221248378924,11.685106458046295],[92.721214512810917,11.685115010471501],[92.721212114309097,11.685118151873439],[92.721209721197198,11.685123095776719],[92.721209222632211,11.685126676147924],[92.721209996081683,11.685129780602402],[92.721212814995042,11.68513479312195],[92.721297512651603,11.68523917015567],[92.72134640974916,11.685299427683473],[92.721519833108005,11.685504398890938],[92.721890674725273,11.685942699595756],[92.721942697960017,11.686008315194472],[92.721951305617068,11.686019146002531],[92.721952129372184,11.686020182283528],[92.721952430307809,11.686021400661408],[92.721952340476292,11.686022306747509],[92.721952196745818,11.68602288558696],[92.721951252616464,11.686024398662774],[92.721939587992495,11.686034154482622],[92.721747187723267,11.686189835856837],[92.721740110795466,11.68619511138589],[92.721739044495209,11.686195370016154],[92.721738154264784,11.686195282046668],[92.721737082574649,11.686195063002694],[92.72173299793505,11.686190839588496],[92.721681294500542,11.6861287225796],[92.720727135446793,11.684982392430388],[92.716711741585257,11.680167849372557],[92.716660410053279,11.680106301068085],[92.716620920113414,11.680067187220816],[92.716609967853472,11.68005548350366],[92.716595348670538,11.680041861129297],[92.716589217668727,11.680036734154804],[92.716448773260566,11.679919293159214],[92.716434017533714,11.679906891822084],[92.716263062745256,11.679763223826335],[92.716261652390244,11.679761416011802],[92.716260349833092,11.679759367155294],[92.716259663520205,11.679757641154245],[92.716259562010606,11.679755651238631],[92.716260321087006,11.679754088864563],[92.716263603531047,11.679750907814631],[92.716266885975102,11.679747725884919],[92.716336951872321,11.679692419947198],[92.716667787018423,11.679431278088389],[92.716675222374036,11.679423435418745],[92.716676473727219,11.679421422628122],[92.716677589434781,11.679419392243156],[92.716678160763294,11.67941767063855],[92.716678321561744,11.67941570447285],[92.716678247001582,11.679413624823725],[92.716677961337311,11.679411871549293],[92.716665199870377,11.67939377842524],[92.715941191887381,11.678511537718773],[92.715862125769334,11.678414736933629],[92.715850128768722,11.678397620233044],[92.715849754171231,11.678395061129192],[92.71584995808881,11.678392671811164],[92.715850101819242,11.678391101511941],[92.715850204227181,11.678389978110182],[92.715851865212144,11.678386883257099],[92.715888229913176,11.678354585234546],[92.715891993854214,11.678351377776925],[92.715894834327145,11.678347594102998],[92.715897172641817,11.678341852173132],[92.71589910401967,11.678332351201115],[92.715904269332555,11.678299450564159],[92.715905678789227,11.678285341618466],[92.715907114297067,11.678253157067939],[92.715905386836781,11.678239388571502],[92.715902612839173,11.67822313574514],[92.715900313152034,11.67821239260439],[92.715876324540716,11.678149768847577],[92.715855549203141,11.678101381591841],[92.715943335267639,11.678193352823234],[92.716007441741255,11.678259825344675],[92.716209578849856,11.678290654246261],[92.716261358641162,11.678296515819067],[92.716466059541588,11.678310287831556],[92.716502664092772,11.678311526476911],[92.716520854977276,11.678311526476911],[92.716561033026679,11.67830945033838],[92.71658344778966,11.67830737419985],[92.716608888976793,11.678303221042997],[92.71663012065855,11.67829375525845],[92.71664847234149,11.678279971808802],[92.716657011726568,11.678271303929371],[92.716675171170067,11.678248742633455],[92.716918135809991,11.677897918028767],[92.716997326793873,11.677776051128316],[92.71702713558993,11.677720003191881],[92.71703843100633,11.677694554604619],[92.717043877491903,11.677679931870646],[92.717054623139305,11.677641189803312],[92.717172677937342,11.677103936118328],[92.717199074931941,11.677030077158969],[92.717253754484972,11.676954371639242],[92.717372540511633,11.676895284089559],[92.718113540128243,11.676634931348238],[92.719319786213674,11.676179428706728],[92.719437629009278,11.676144807069077],[92.719561364753147,11.676124611185111],[92.7196968845969,11.676124611185111],[92.719994439856663,11.676139036942333],[92.720445191110045,11.676156347322197],[92.720607225627731,11.676153462698828],[92.720725069321631,11.676130381312122],[92.720831128017352,11.676061138899996],[92.721007893109061,11.675804362348048],[92.721208227298902,11.675458147068063],[92.721329016568617,11.675184059518179],[92.721429184112708,11.674901316028846],[92.721473374936451,11.674829187792845],[92.721529350758445,11.674768599848985],[92.721605949204417,11.674733978035182],[92.721697277326101,11.674728207879099],[92.721815121020001,11.674742633708965],[92.722053753983644,11.67481476196747],[92.722127405955476,11.674834957946853],[92.722189273827411,11.674834957946853],[92.72224819612353,11.674811876450393],[92.722469152039025,11.67467339007052],[92.722592887782881,11.674595491616429],[92.72267537827878,11.674563754420893],[92.722757868774707,11.674540673781616],[92.722852143370517,11.674532018101521],[92.722946417966327,11.674546443941642],[92.723102561332382,11.674601261775273],[92.72323513470198,11.674635883605665],[92.72333235577193,11.674632998086754],[92.723585719309611,11.67456086978096],[92.723730077677473,11.674506051939341],[92.723791945549408,11.674454119607688],[92.723847920473048,11.67440218726629],[92.723862651047085,11.674358909721237],[92.72385970547127,11.674304091839694],[92.723842028423121,11.674211767425042],[92.72374186177737,11.673845354106572],[92.723753645877267,11.67375302953919],[92.723889165721005,11.673522217106603],[92.724004063839132,11.6733519936282],[92.724095391960773,11.673279864109508],[92.724230911804554,11.673230817081759],[92.724366432546617,11.673199079730082],[92.725244365955263,11.673031743348439],[92.725035194139693,11.673193309542031],[92.724593280512082,11.673441432797761],[92.724537305588413,11.673493365319064],[92.724499005916257,11.673536642999215],[92.724445976568404,11.673603001391884],[92.724413569844558,11.673666475119404],[92.724398839270506,11.673735718129564],[92.724390000746439,11.673903056725599],[92.72438705517061,11.674350254035469],[92.724307510250497,11.674820532121759],[92.724251534428532,11.675013836180241],[92.724151367782781,11.675221565908901],[92.724021739988956,11.675452376927019],[92.723965764166991,11.675576437132051],[92.723921573343205,11.675688957009498],[92.723895058669271,11.675827442882136],[92.723847920473048,11.676450629772619],[92.723665263331398,11.677665263390361],[92.723506175287824,11.67861734679019],[92.723403062167961,11.679254953004103],[92.723376546595716,11.679497300778142],[92.723361816920004,11.679748302978055],[92.723317625197922,11.68002527147806],[92.723261649375928,11.680155099679896],[92.723134968056243,11.680336859939983],[92.722972933538557,11.680509964587429],[92.722828575170723,11.680628253375454],[92.722693055326957,11.680706150134373],[92.72258405015711,11.680735001171223],[92.722413177115357,11.680726345684546],[92.722212842925515,11.680651333507903],[92.722097945705727,11.680599402327484],[92.721985994061768,11.680559011207125],[92.721921180614018,11.680559011207125],[92.721853420692156,11.680561896664345],[92.721803336920104,11.680590746836531],[92.72177682224617,11.680636907985495],[92.721767983722103,11.680694610070674],[92.72177387577203,11.680772506810904],[92.721821013069956,11.680986002250259],[92.721935910289744,11.681412992635515],[92.722074376607608,11.681831327790432],[92.722180436201668,11.682099638764871],[92.722277656373265,11.682290052307994],[92.722371931867386,11.682402569460141],[92.722533966385058,11.682509316572473],[92.72302596288641,11.682771856901773],[92.7232940569981,11.682965155415189],[92.723456091515828,11.683123833027874],[92.723499675078429,11.683182662376069],[92.723565096685647,11.683270970593284]]]},"properties":{"objectid":4734,"id":"4646","name":"Ward No 1","code":"1","town":"Port Blair","district":"South Andamans","state":"Andaman and Nicobar Islands","st_area(shape)":646638.56437892246,"st_perimeter(shape)":4712.8134023803514}},{"type":"Feature","id":4735,"geometry":{"type":"Polygon","coordinates":[[[92.729565573288966,11.676126684700815],[92.729405034466225,11.67617740005748],[92.728954489825369,11.676344759173119],[92.728682610213056,11.6764588684029],[92.728522071390344,11.676565369721814],[92.728408140757779,11.67665412078968],[92.728322693007939,11.676689621208853],[92.728237244359804,11.676692157455609],[92.728154385554632,11.676676942613915],[92.728066348860153,11.676643978440303],[92.727830718964483,11.676593263168966],[92.727677948772339,11.676560298105702],[92.727564018139802,11.676524797669954],[92.727455265396557,11.676474083256553],[92.727351692339241,11.676392939120161],[92.72726624458943,11.676294044726781],[92.726981417558932,11.675769143328388],[92.726947756786899,11.675680391977236],[92.726937399211707,11.675566282427095],[92.726924452691804,11.674851197775892],[92.726919273904201,11.673575704983786],[92.726906327384327,11.673433701685029],[92.726883023289233,11.673350021261335],[92.726854540406535,11.673268876210711],[92.72665257218118,11.672908794872074],[92.72653605260399,11.672766791231812],[92.726186492075797,11.672536035161365],[92.72612693736572,11.672515748401509],[92.726080329175517,11.672525893541097],[92.726041489615909,11.672576607796843],[92.72595604186607,11.672632394611126],[92.725244365955263,11.673031743348439],[92.725132633500237,11.672901187787398],[92.725078257577778,11.672774398320188],[92.725060132270272,11.672627322923082],[92.725052363639705,11.672528427186707],[92.72506272121494,11.672411780933388],[92.725117097137385,11.672234276053601],[92.725469246610245,11.671574969837444],[92.725883539737794,11.670925805492692],[92.725968988385929,11.67080915944509],[92.726000060213295,11.670748299661931],[92.726000060213295,11.670689976167077],[92.725989702638074,11.670603758613147],[92.725953452023106,11.670482040702815],[92.72587059321792,11.670284247665037],[92.725860236541024,11.670157457001558],[92.725924969140408,11.669830337490795],[92.726067382655643,11.669155811186164],[92.726199438595657,11.668255594494315],[92.726242951191395,11.668033067393353],[92.72665257218118,11.668103444930484],[92.727538124201729,11.668255594494315],[92.728586804887996,11.668458460742844],[92.728731805551305,11.668491426769155],[92.729298871565945,11.668575108658613],[92.729798613341657,11.668666397723889],[92.730500322444399,11.668755152199287],[92.731062207874828,11.668810939782118],[92.731590432533238,11.668861656476574],[92.73197365383345,11.668866728233494],[92.732286962848349,11.66888447894206],[92.732574378823514,11.668925052111694],[92.732791883411664,11.668945338254384],[92.732986083006423,11.668932659305412],[92.733263141406368,11.66885151296249],[92.7336567202818,11.668696828285377],[92.733889760334492,11.668618217314304],[92.733993334290091,11.668608073791328],[92.734083960827533,11.668633432598108],[92.734262624957765,11.668745008681285],[92.734480128647618,11.66888447894206],[92.734578523815614,11.668935194743339],[92.734669150353071,11.668958017202781],[92.734798616450149,11.668998590361653],[92.734917725870289,11.669023948253006],[92.735101568788153,11.669029020006938],[92.735319073376289,11.66902141281588],[92.735531398278525,11.669011269307623],[92.73575408075601,11.668970696150607],[92.736007835959143,11.66887687086729],[92.736347038912101,11.668717114444769],[92.736593025484666,11.668603002909428],[92.736813119017484,11.668529463674846],[92.736989193304765,11.668491425889387],[92.737193750474731,11.668460996185136],[92.737406076275292,11.668438173684805],[92.737688313462854,11.668438173684805],[92.737919902736323,11.668456027351665],[92.737886760292255,11.668701088035874],[92.737873502955281,11.668860134509634],[92.737880131623768,11.668986722543957],[92.737918246242955,11.669145769733687],[92.737992818987962,11.669415174194503],[92.7380176771685,11.669528778661174],[92.738025962330369,11.669730020845623],[92.738009391108321,11.66989393612595],[92.737986190319475,11.670004294133603],[92.737924874911428,11.670168209251862],[92.737825444884223,11.670322386375373],[92.737702814068157,11.67044897374244],[92.737578525860371,11.670544725134191],[92.737424408195281,11.670624247853983],[92.737119488546838,11.670715131562755],[92.736690280690581,11.670898520257756],[92.736618193584007,11.670940716258803],[92.73653864956222,11.671004415809803],[92.736502398947252,11.671065274657041],[92.73649722015962,11.671118526357352],[92.736504989688513,11.671171778927166],[92.73653864956222,11.671242781164674],[92.736572310334225,11.671328997640257],[92.736589141169375,11.671377178458746],[92.736610177916717,11.67146831528634],[92.736619152984716,11.671559976409734],[92.736623074130947,11.67164854873273],[92.736618918524442,11.671803191295826],[92.736613739736796,11.671942660018994],[92.736613739736796,11.672117629676558],[92.736644811564176,11.672292599223731],[92.736696598541982,11.672482783733217],[92.736745795676853,11.67261717866695],[92.735469254623808,11.672875830250474],[92.735069136013109,11.672891993657144],[92.735040156362047,11.672895925201331],[92.734913581941882,11.672918524761483],[92.734764738285847,11.67294509985012],[92.734608303865642,11.672961408409316],[92.734595295361999,11.672957954563071],[92.734574260411293,11.672950225196322],[92.734561053380006,11.672942171206527],[92.734543936880584,11.672930370417532],[92.734540039988872,11.67292768370138],[92.734529257510502,11.672917686372294],[92.734494287893128,11.672885040216531],[92.734472457933407,11.672858913788005],[92.734460661257117,11.672832679149364],[92.734450583956246,11.672802687150694],[92.734439315489325,11.672766909116616],[92.734431751674634,11.672729748130697],[92.734424672051873,11.672696560914238],[92.734359094137815,11.672497236951807],[92.734331424230433,11.672459387094689],[92.734312744662404,11.672440858046432],[92.734299919415122,11.6724280226638],[92.734291985494522,11.672418760777999],[92.73428334909137,11.67241152580924],[92.734273259214092,11.672404120171025],[92.734258327417436,11.6723973655391],[92.734243466587699,11.672395116927536],[92.734209920800055,11.672396831537849],[92.733290570565231,11.672419069566169],[92.733056856776088,11.67245018767133],[92.732979533389681,11.672455561112884],[92.732898183754202,11.672478047222675],[92.732800079640327,11.672503959910726],[92.732645361002298,11.672572358662734],[92.732554254764509,11.672631086441124],[92.732428298385258,11.672702372460277],[92.732300112387463,11.672809196326085],[92.732168163346969,11.672916372045476],[92.732062914931646,11.673024768797696],[92.731991080251646,11.673105866413959],[92.731878497092055,11.673255857001637],[92.731819652949355,11.673333879874752],[92.731773535239299,11.673425587887269],[92.731560833044611,11.673756013597512],[92.731490075444654,11.673848166615759],[92.731441178347097,11.673930837834709],[92.73141574704141,11.673981562390351],[92.731376436764592,11.674065195997603],[92.731344917576195,11.674131365121225],[92.731321210137537,11.674258165404547],[92.73133189919109,11.674348277277019],[92.731341150041914,11.674423649210173],[92.731361066590054,11.674511039138785],[92.731536600091516,11.674991026535306],[92.731168370775109,11.675043915912758],[92.730974170282011,11.675071809512971],[92.73085506086187,11.675084488181316],[92.730772988082592,11.675098554183148],[92.730736599127027,11.675107944420017],[92.730721710449544,11.67511364946821],[92.730710059300293,11.67512157407463],[92.730682547496414,11.675142494929002],[92.730658272322486,11.675165632700645],[92.730611664132283,11.675213813732334],[92.730528351677876,11.675299810800469],[92.730496032090599,11.675322137448676],[92.730425232269795,11.67535581436],[92.730355742192657,11.67538498001699],[92.730317313163127,11.675396733196159],[92.730229672625697,11.675411341974888],[92.730201869767669,11.675417118274861],[92.730075753488293,11.67544331923933],[92.730046499851042,11.675458641475633],[92.730018705976164,11.675487674282762],[92.730014465928022,11.675502901505922],[92.730010439678935,11.675517358965754],[92.730005973255331,11.675569992241801],[92.730010938243922,11.67561699788625],[92.730042010071259,11.675685463609467],[92.730062727916675,11.67572096943104],[92.730094106069529,11.675748730124257],[92.730152539682166,11.675776569110479],[92.730195259963793,11.675783147714554],[92.730302342738923,11.675778231795933],[92.730363607841312,11.675780415280181],[92.730389241267915,11.675783654437716],[92.730433606364869,11.675794366882117],[92.730472820521967,11.675810012838776],[92.73049409711949,11.675823254499063],[92.730500832687454,11.675829379162568],[92.730507567357165,11.675835503825947],[92.730514302925172,11.675841628489236],[92.730525451916137,11.675858401374152],[92.73053179222542,11.675867940259218],[92.730546787802467,11.675896085378611],[92.730554838504034,11.675915427943737],[92.730567644886705,11.675959325453526],[92.730569615790472,11.676001774925634],[92.730566816640021,11.676012358041739],[92.730559314809085,11.676028860840182],[92.730515858807237,11.676083577212172],[92.730464071829402,11.676126684700815],[92.730363087716754,11.676154578192101],[92.730285407699185,11.676154578192101],[92.730080850529191,11.676136827948813],[92.729819327593802,11.676091184209522],[92.729702808016626,11.676091184209522],[92.729565573288966,11.676126684700815]]]},"properties":{"objectid":4735,"id":"4647","name":"Ward No 3","code":"3","town":"Port Blair","district":"South Andamans","state":"Andaman and Nicobar Islands","st_area(shape)":789580.8748626702,"st_perimeter(shape)":4635.3355777967972}},{"type":"Feature","id":4737,"geometry":{"type":"Polygon","coordinates":[[[92.743277296987344,11.675529301280921],[92.742895909148615,11.67572915881823],[92.742635564802882,11.675835144017379],[92.742404776826604,11.675950238751367],[92.742092033750311,11.676076176070676],[92.741628573132303,11.676273614846519],[92.74137388098633,11.67638813317806],[92.741070794799384,11.676524909395079],[92.740815160320651,11.676623052420851],[92.740608626857053,11.676688790748583],[92.74036770947761,11.676740000407717],[92.740273981057484,11.676770447677843],[92.740081107376113,11.676849331691912],[92.73980745808268,11.676981954504695],[92.739593391347114,11.677096125052863],[92.739445614889632,11.677140296849437],[92.739126158703229,11.677228065082474],[92.738967432680724,11.677294953944324],[92.738770673785723,11.677384792115806],[92.738546713005604,11.677461600689924],[92.738320316892782,11.677537423953911],[92.738302620979994,11.677542029299408],[92.738300185647262,11.67754243397161],[92.738297100832554,11.677542216680223],[92.738267706159846,11.677539015371304],[92.738127833080213,11.677517493847475],[92.737844207995565,11.677473854343061],[92.737248144363505,11.677362716354715],[92.736633360739233,11.677296205790087],[92.736380192135996,11.677224260279804],[92.736102988208984,11.677145580468272],[92.735871310900592,11.677049902613325],[92.735808310253063,11.677021662600898],[92.735740937505085,11.676990838836533],[92.735350119152528,11.676812037534974],[92.735255207651178,11.676768615211504],[92.735239550015791,11.676759076357415],[92.735228746876146,11.676749674740051],[92.735218520454964,11.676740090139651],[92.735210025087341,11.676728405635947],[92.735192292343612,11.67670550112182],[92.735177687533735,11.676686629264575],[92.73516343755837,11.676671431137382],[92.735155012259327,11.676663073750534],[92.735110097393459,11.676633129671346],[92.734816321346074,11.67647968886763],[92.734803762000098,11.676469314264342],[92.734799258745582,11.676458607124404],[92.734799424933897,11.676449272355976],[92.734799663885767,11.676441327553798],[92.734795499296098,11.676430817471308],[92.734781702969968,11.676412003657278],[92.734773024345998,11.676405151473428],[92.734755682369439,11.67639368512762],[92.734749775946455,11.676387945796469],[92.734745780240061,11.676383892899592],[92.734742345980735,11.676378653252538],[92.734742124096883,11.676378314558095],[92.734740284347154,11.676372644724939],[92.73474004000542,11.676365315728678],[92.734744081525861,11.676341244667904],[92.734845954970652,11.675932531601644],[92.734892475125974,11.675780402084277],[92.735041178644835,11.675454191807498],[92.735043209735707,11.675449926002612],[92.735044388325377,11.675447805856221],[92.735045107875905,11.675446431719836],[92.735045424082884,11.67544518954278],[92.735045722323548,11.67544242631458],[92.735045867850616,11.675437747036963],[92.735045460913796,11.675435240689533],[92.735044292205615,11.675430965207338],[92.735042102112956,11.675428188783069],[92.735020860549753,11.675417834374178],[92.734972167369747,11.675398512008105],[92.734970443502732,11.675397726410157],[92.73496767309841,11.675396464878816],[92.734967267958226,11.675396196561485],[92.734966944564704,11.675395961673845],[92.734966689443155,11.675395730305146],[92.734966485525618,11.675395420640553],[92.734966324727168,11.675395064350326],[92.734966225014148,11.675394642960125],[92.734966138775903,11.675394002517439],[92.734966127097806,11.675393589044846],[92.734966173810193,11.675393065606091],[92.734966478339075,11.675391640445147],[92.734989420413115,11.675322342425565],[92.734989530905878,11.675322124252732],[92.734989639602034,11.675321909598814],[92.734989715958847,11.675321823385337],[92.734989803095445,11.675321753886731],[92.734989914486519,11.675321679109754],[92.734989995334885,11.675321639521936],[92.734990110319245,11.675321619288177],[92.734990302558728,11.675321631604366],[92.734990740936581,11.675321731893527],[92.735259939976103,11.675400827454713],[92.735264353399074,11.675402810363755],[92.735298414819709,11.675418105330669],[92.73537829301479,11.675453974514495],[92.735421767881249,11.675474597115748],[92.73548090667137,11.675498689365249],[92.735489429886798,11.675502279537804],[92.735492052967416,11.675502439648403],[92.735496199590756,11.675501778092483],[92.735501308309779,11.675499724805844],[92.735517923549267,11.675473657565481],[92.735519907029428,11.675470545965021],[92.735524753440387,11.675461962451688],[92.735550109287601,11.675417056693838],[92.735551277097471,11.675412732826272],[92.735550785719013,11.675407378796091],[92.735548093468083,11.675402657290922],[92.735543599196731,11.675398047511223],[92.735534474110082,11.675391174188794],[92.735523123896456,11.675384580620031],[92.735506867084752,11.675375953117603],[92.735489386767625,11.675368534362629],[92.735486596600381,11.675365661167541],[92.735483978011317,11.6753632023248],[92.735482011599174,11.675359640301794],[92.73548184630917,11.675355965673413],[92.735481572322982,11.675351732417012],[92.735481722341632,11.675347330252523],[92.735482832659343,11.675344356768097],[92.735484577187606,11.675341130801391],[92.735493201912675,11.675335778529254],[92.735567281482545,11.675316418329096],[92.735570115667286,11.675315712786283],[92.735571698498816,11.675314189974983],[92.735573655029498,11.675311190978054],[92.735574724922998,11.675305258084069],[92.735574965671532,11.675300870874256],[92.735545304199121,11.675135805463805],[92.735540571874225,11.675120180582573],[92.735540238599256,11.675118516133729],[92.735539155231024,11.675116558734821],[92.73553795508181,11.67511523914005],[92.735535895244851,11.675114491369673],[92.735532787073964,11.675114184343936],[92.735503568471046,11.675118528449957],[92.735498147138287,11.675119334282465],[92.735470168210455,11.6751250586845],[92.735469735222495,11.675125405298054],[92.735467588248966,11.675127129568487],[92.735466447388561,11.675128182605068],[92.735465514937303,11.675129246198418],[92.735465019067234,11.67513039072691],[92.735464853777231,11.675132453693287],[92.735472855969789,11.675167853138372],[92.735475539237541,11.675178152133643],[92.73547548354199,11.67517893861193],[92.735475347896397,11.675179251795704],[92.735474955332592,11.675179551783522],[92.735474473835623,11.675179931826705],[92.735472691578082,11.67518058634557],[92.735446790453494,11.675188745837927],[92.735443860149033,11.675189862214795],[92.73544322773509,11.675189941390467],[92.735442850442666,11.675189860455351],[92.735442772289247,11.675189843740492],[92.735442469556986,11.675189563106745],[92.735442237791645,11.675189301827052],[92.735441988958314,11.675188873398715],[92.735441217305478,11.67518686145706],[92.735440334261554,11.675184280330326],[92.735440162683346,11.675183777124973],[92.735425091647812,11.67513261116493],[92.735421220807254,11.675122287535537],[92.735420464425786,11.675120153310957],[92.735419529279582,11.675118779172955],[92.735418780982926,11.675117954866092],[92.735417304152605,11.675117093610572],[92.735414929007007,11.675116433813193],[92.735409822982945,11.675116634391591],[92.735405474238632,11.675116679257819],[92.735403004769907,11.675116659903763],[92.735401032069547,11.675116448768593],[92.735399844496754,11.675115890140116],[92.735398656923948,11.675114873172438],[92.735397282501566,11.675113306373545],[92.735389141070129,11.675097707882978],[92.7353565528866,11.675047533362806],[92.735353565089952,11.675043320335471],[92.735352673062877,11.675041508971235],[92.735352373025577,11.67504043921944],[92.735352231091767,11.675038889135024],[92.735352199650734,11.67503743406146],[92.735352907523151,11.675036384543438],[92.735354740984661,11.675034608368337],[92.735367493468416,11.675027662019319],[92.735475908445125,11.674965356005517],[92.735480940807363,11.674962191615496],[92.735482158024553,11.674961791338198],[92.73548309047581,11.67496155469073],[92.735483871111782,11.674961706004348],[92.735484693070305,11.674962434421088],[92.735485617436723,11.674964230830419],[92.735498087849479,11.674985724401063],[92.735498831654539,11.674986882126097],[92.735499398491484,11.674987661567089],[92.735499765004135,11.674988027534878],[92.735500348909042,11.674988508747344],[92.735501044205108,11.674988685573105],[92.735502301846466,11.674988490272989],[92.735510574431942,11.674983870809379],[92.735639644371972,11.674902922416777],[92.735654697441163,11.674892637486989],[92.73565823141351,11.674888531784443],[92.735660962291959,11.674884013488183],[92.735664145023009,11.67487599386404],[92.735664171972488,11.674875925245061],[92.735666928003781,11.674870214033831],[92.735670774589821,11.674860748132099],[92.735672219080783,11.674856590524952],[92.735673792929163,11.674852059911942],[92.735675562610282,11.674844938491962],[92.735674117220981,11.67483616317795],[92.735667684385234,11.67482311589109],[92.735648346352122,11.674787963606351],[92.735607493667956,11.674713703752362],[92.735590954785266,11.674686167287003],[92.735588938067451,11.674683075031759],[92.735585780489203,11.674681575969736],[92.735584233590274,11.67468115193928],[92.735583126865848,11.674680849311729],[92.735579236262353,11.674680980391699],[92.7355729785981,11.6746825920593],[92.735566748781608,11.674684772033272],[92.735497703370555,11.674723815381778],[92.735220401527187,11.674887926529824],[92.735212185535602,11.674892893488588],[92.735210829079506,11.674893388776878],[92.735209354045821,11.674893626304149],[92.735207584364701,11.674893682606875],[92.735206038364097,11.674893537451334],[92.735204857079509,11.674892920760229],[92.735203978527139,11.674892274158271],[92.735203037991056,11.674891033738191],[92.73520179023113,11.674888895113162],[92.734975746257859,11.674495869043744],[92.734911014556815,11.674382535809611],[92.734852501892476,11.674280088339374],[92.734846852387633,11.674268604311056],[92.734843931964662,11.674262666996063],[92.734830848900842,11.674229952379497],[92.734789643178772,11.674108827241225],[92.734786408345428,11.67409808833971],[92.734781465814734,11.674088380484992],[92.734771893367068,11.674074317950881],[92.734741160204564,11.6740386553259],[92.734724868358569,11.674021038666622],[92.734719218853755,11.674012450709773],[92.734715511506579,11.67400245869818],[92.734716652366984,11.673992304815298],[92.734732928941625,11.673955687668887],[92.734963677392017,11.673274513557072],[92.735039202351217,11.673051562050794],[92.735062913383146,11.672976350736532],[92.735076463570891,11.672933368560495],[92.735084813411447,11.672910548187611],[92.735085629980048,11.672908316295219],[92.735085634471631,11.67290808228522],[92.735085733286311,11.672902179250856],[92.735085226636471,11.672900191045516],[92.735084135183399,11.67289807175934],[92.73508194598908,11.672896101148725],[92.735079181872948,11.672894257220202],[92.735077599939729,11.672893562228014],[92.735075534712905,11.672892656099039],[92.735069136013109,11.672891993657144],[92.735469254623808,11.672875830250474],[92.736745795676853,11.67261717866695],[92.736696598541982,11.672482783733217],[92.736644811564176,11.672292599223731],[92.736613739736796,11.672117629676558],[92.736613739736796,11.671942660018994],[92.736618918524442,11.671803191295826],[92.736623074130947,11.67164854873273],[92.736619152984716,11.671559976409734],[92.736610177916717,11.67146831528634],[92.736589141169375,11.671377178458746],[92.736572310334225,11.671328997640257],[92.73653864956222,11.671242781164674],[92.736504989688513,11.671171778927166],[92.73649722015962,11.671118526357352],[92.736502398947252,11.671065274657041],[92.73653864956222,11.671004415809803],[92.736618193584007,11.670940716258803],[92.736690280690581,11.670898520257756],[92.737119488546838,11.670715131562755],[92.737424408195281,11.670624247853983],[92.737578525860371,11.670544725134191],[92.737702814068157,11.67044897374244],[92.737825444884223,11.670322386375373],[92.737924874911428,11.670168209251862],[92.737986190319475,11.670004294133603],[92.738009391108321,11.66989393612595],[92.738025962330369,11.669730020845623],[92.7380176771685,11.669528778661174],[92.737992818987962,11.669415174194503],[92.737918246242955,11.669145769733687],[92.737880131623768,11.668986722543957],[92.737873502955281,11.668860134509634],[92.737886760292255,11.668701088035874],[92.737919902736323,11.668456027351665],[92.738405558928392,11.668613145552854],[92.739190126836306,11.668925052111694],[92.739223896304452,11.66894016972649],[92.739284098699841,11.66898010858869],[92.739310531627098,11.669004929834696],[92.739325420304581,11.669024582552145],[92.739355844446663,11.669083540696178],[92.739371380809487,11.669122845238832],[92.739394684904596,11.669242029190142],[92.739395979376908,11.669281334590071],[92.739393292515885,11.669314267967923],[92.739388158644047,11.669345828054986],[92.739421302884793,11.66930643908807],[92.739471018347558,11.669275603029472],[92.73954061981577,11.669244767847145],[92.739645021119756,11.669225292854485],[92.739722908648162,11.669217178053897],[92.739782566664474,11.669217178053897],[92.73984388207252,11.669226915110775],[92.739933369546179,11.669249636375183],[92.740299604602669,11.669397322348868],[92.740682411779545,11.669520663869466],[92.741262422517437,11.669785200327453],[92.741683345211825,11.670015654294302],[92.741946835457696,11.670153602836169],[92.743030109367226,11.67005348864946],[92.743136272267506,11.670142242681106],[92.743229487749588,11.670213245182156],[92.743366722477234,11.6703096054389],[92.743566101757921,11.670416109119401],[92.743760301352665,11.670527684485579],[92.743861285465343,11.670583472591726],[92.743664496027634,11.670811694865895],[92.743493600527984,11.670994272374076],[92.743364133532594,11.671156563782581],[92.743296811090261,11.671301104543296],[92.743141451055138,11.671410143258445],[92.743030109367226,11.671488753438334],[92.742955018294339,11.671562291008634],[92.742885106907352,11.671658651676472],[92.742838498717148,11.671722046672338],[92.742791890526945,11.67178036907046],[92.742750461124345,11.671808262998931],[92.742693496257232,11.671836156924618],[92.742620995027295,11.671858979145391],[92.742561440317218,11.67189194476758],[92.74250188560714,11.671922374095496],[92.742455277416937,11.671965482231014],[92.742408669226734,11.67203902055466],[92.742346214754932,11.67216601269806],[92.742321356574394,11.672269878208628],[92.742294841900446,11.672445152049214],[92.742193754481519,11.673050494930539],[92.742192097089841,11.673128393818674],[92.742208669210186,11.673206292684888],[92.742251756004478,11.67330204400449],[92.742299814075551,11.673375074366456],[92.742380186344036,11.673453987497982],[92.742465634992172,11.673524990031003],[92.742587333356951,11.673618813742031],[92.742719389296994,11.67369742241617],[92.742918767679356,11.673770960280583],[92.743089664077303,11.673829283127532],[92.743182880457709,11.673857175970227],[92.743289042459693,11.673933249184516],[92.743553155238047,11.674136111280564],[92.743869053197585,11.674344044884954],[92.744096915361013,11.674486047717545],[92.744226381458049,11.674572264064585],[92.744337723145932,11.674671158192325],[92.744407635431244,11.674772589428855],[92.744469779085989,11.674906985012298],[92.744495672125723,11.675061666225991],[92.744510302088443,11.675249506996654],[92.744423567951131,11.675233432580097],[92.744217454899058,11.675217721490895],[92.744060214690066,11.675244094021442],[92.743874993756549,11.675287806014643],[92.743600989628632,11.675380646471924],[92.743277296987344,11.675529301280921]]]},"properties":{"objectid":4737,"id":"4648","name":"Ward No 4","code":"4","town":"Port Blair","district":"South Andamans","state":"Andaman and Nicobar Islands","st_area(shape)":676417.59746203164,"st_perimeter(shape)":4080.032776279957}},{"type":"Feature","id":4738,"geometry":{"type":"Polygon","coordinates":[[[92.750393257493059,11.666853865116826],[92.750193547632335,11.6669700096072],[92.748895530555799,11.667691976653554],[92.748755943140452,11.667789330147501],[92.748658069893594,11.667876197833692],[92.748637471524148,11.667894479976303],[92.748617836148654,11.667923833805226],[92.748607638473544,11.667945507390966],[92.748602857639625,11.667957772901376],[92.748597977990997,11.667977743283647],[92.748590339616129,11.668061860805423],[92.748585071895292,11.668119862863561],[92.748580290163034,11.668141753732735],[92.748567738901897,11.66816546744613],[92.748439110933006,11.668409899364956],[92.748374386418462,11.668532988836063],[92.74824378395256,11.668730112752879],[92.748007985173643,11.669103972865599],[92.747699801945743,11.669859457102286],[92.74764675373325,11.670040425302174],[92.747445222089155,11.67070808921344],[92.747401850528931,11.670899110565461],[92.747383824036149,11.671006014302657],[92.747369720486176,11.671098594030088],[92.747362863645591,11.671175824862253],[92.747356543099258,11.67124335211733],[92.747365794848363,11.67133353534874],[92.747379190525891,11.671410971975044],[92.747412525209469,11.671544294143878],[92.747421512853862,11.671571375215331],[92.747457914385819,11.671620858008332],[92.74751099044606,11.671670416450176],[92.747860435091596,11.672012605491815],[92.747936669719849,11.672083860879061],[92.747957552855269,11.672100170368621],[92.747971677964799,11.672109862457621],[92.747990228175425,11.672120663017854],[92.748009004761485,11.67213059703445],[92.748026841709745,11.672136910043751],[92.748052059216405,11.672143840629902],[92.748171555810472,11.672182074096341],[92.748587155088458,11.672363650439708],[92.748663596329237,11.672396880803191],[92.74868072540508,11.672407040022955],[92.748759352246935,11.672452558566087],[92.748804652490108,11.672493177839911],[92.748817352871569,11.672506163654765],[92.748824097422741,11.672517307297422],[92.748829843047275,11.672526799671317],[92.748832573925753,11.672532792446926],[92.748838085988353,11.672544887965062],[92.748927330916885,11.672707437109052],[92.749001568590273,11.672856588643073],[92.749020261633007,11.672951792887144],[92.749030364985003,11.673055558693212],[92.749056829353293,11.673335933177434],[92.749082186997128,11.673461693097833],[92.749106019301621,11.673540485681057],[92.749273592831344,11.673916747141098],[92.749318434035388,11.674010796811059],[92.74932422277908,11.674036350424741],[92.749364802375396,11.674425239765696],[92.749423076986204,11.674899562725864],[92.74943183466192,11.674968364683238],[92.749426019867073,11.67503725371677],[92.74939550769011,11.675180896890147],[92.749360031422924,11.675340002108905],[92.749344019851293,11.675377813744484],[92.749290956367474,11.675462639842815],[92.749184193392566,11.675638056820548],[92.749122388402725,11.675710654620868],[92.749051585886974,11.67577649169443],[92.748840171876438,11.675987121311936],[92.74874023969096,11.676050606809927],[92.748661913784716,11.676085467745006],[92.748499424719483,11.676122647635212],[92.748255618358129,11.676151895026097],[92.747973188032788,11.6761690109856],[92.74789993850618,11.676174545345003],[92.747831937835841,11.676206621930518],[92.747725261997516,11.676280747666254],[92.747630377445631,11.676342298579621],[92.747570833515354,11.676362644880861],[92.74737871352049,11.67638617138949],[92.747286943427667,11.676399022424],[92.747244191705008,11.676405523597435],[92.747153071094161,11.676420823787431],[92.747070992924961,11.676419890398432],[92.746996632182359,11.67641786790899],[92.74688451884164,11.676397558560287],[92.746726320130236,11.676361078968769],[92.746660731436393,11.676341697726787],[92.746519403984308,11.676297445747906],[92.746410351203764,11.676253003741138],[92.746322858888362,11.676211253689937],[92.746188484396583,11.676144661034456],[92.74592580982096,11.675960935354242],[92.745718651129948,11.675818914802717],[92.745658263681605,11.675779808268052],[92.745221580943877,11.675590082598779],[92.74501079216077,11.675507507764964],[92.744815075311521,11.675399838639382],[92.744680702616378,11.675310618274326],[92.744544597969366,11.675255863041695],[92.744510302088443,11.675249506996654],[92.744495672125723,11.675061666225991],[92.744469779085989,11.674906985012298],[92.744407635431244,11.674772589428855],[92.744337723145932,11.674671158192325],[92.744226381458049,11.674572264064585],[92.744096915361013,11.674486047717545],[92.743869053197585,11.674344044884954],[92.743553155238047,11.674136111280564],[92.743289042459693,11.673933249184516],[92.743182880457709,11.673857175970227],[92.743089664077303,11.673829283127532],[92.742918767679356,11.673770960280583],[92.742719389296994,11.67369742241617],[92.742587333356951,11.673618813742031],[92.742465634992172,11.673524990031003],[92.742380186344036,11.673453987497982],[92.742299814075551,11.673375074366456],[92.742251756004478,11.67330204400449],[92.742208669210186,11.673206292684888],[92.742192097089841,11.673128393818674],[92.742193754481519,11.673050494930539],[92.742294841900446,11.672445152049214],[92.742321356574394,11.672269878208628],[92.742346214754932,11.67216601269806],[92.742408669226734,11.67203902055466],[92.742455277416937,11.671965482231014],[92.74250188560714,11.671922374095496],[92.742561440317218,11.67189194476758],[92.742620995027295,11.671858979145391],[92.742693496257232,11.671836156924618],[92.742750461124345,11.671808262998931],[92.742791890526945,11.67178036907046],[92.742838498717148,11.671722046672338],[92.742885106907352,11.671658651676472],[92.742955018294339,11.671562291008634],[92.743030109367226,11.671488753438334],[92.743141451055138,11.671410143258445],[92.743296811090261,11.671301104543296],[92.743364133532594,11.671156563782581],[92.743493600527984,11.670994272374076],[92.743664496027634,11.670811694865895],[92.743861285465343,11.670583472591726],[92.743760301352665,11.670527684485579],[92.743566101757921,11.670416109119401],[92.743366722477234,11.6703096054389],[92.743229487749588,11.670213245182156],[92.743136272267506,11.670142242681106],[92.743030109367226,11.67005348864946],[92.741946835457696,11.670153602836169],[92.741683345211825,11.670015654294302],[92.741262422517437,11.669785200327453],[92.740682411779545,11.669520663869466],[92.740299604602669,11.669397322348868],[92.739933369546179,11.669249636375183],[92.73984388207252,11.669226915110775],[92.739782566664474,11.669217178053897],[92.739722908648162,11.669217178053897],[92.739645021119756,11.669225292854485],[92.73954061981577,11.669244767847145],[92.739471018347558,11.669275603029472],[92.739421302884793,11.66930643908807],[92.739388158644047,11.669345828054986],[92.739393292515885,11.669314267967923],[92.739395979376908,11.669281334590071],[92.739394684904596,11.669242029190142],[92.739371380809487,11.669122845238832],[92.739355844446663,11.669083540696178],[92.739325420304581,11.669024582552145],[92.739310531627098,11.669004929834696],[92.739284098699841,11.66898010858869],[92.739223896304452,11.66894016972649],[92.739190126836306,11.668925052111694],[92.738405558928392,11.668613145552854],[92.737919902736323,11.668456027351665],[92.737912722502287,11.668248832723341],[92.737921929335613,11.667766461844765],[92.737972564673242,11.667568102948691],[92.738280983259742,11.667058682807987],[92.739266081190195,11.665462791355292],[92.739348939995367,11.665345579084217],[92.73943640176806,11.665255415020647],[92.739533070374108,11.665205825520991],[92.739628157945248,11.665166426289026],[92.739652754716033,11.665156235132727],[92.739772439956283,11.665138202661966],[92.739919743899932,11.665165251807558],[92.74004863507524,11.66524189045259],[92.740260385055691,11.665489840469258],[92.74075753698844,11.665845986597192],[92.741576917308535,11.666359917722099],[92.741834700557419,11.666490654952403],[92.741982004501068,11.666504179459597],[92.742129308444746,11.666395983383444],[92.742577256056123,11.66593931144285],[92.742690906414268,11.665823445404772],[92.742994722033245,11.665539430797931],[92.743146629842741,11.665327545745978],[92.74321567794874,11.665165251807558],[92.743316950420621,11.664840661886448],[92.743427427929191,11.664123858678881],[92.743468857331806,11.663920990141216],[92.743537906336087,11.663776727060903],[92.743680607312243,11.663664021999589],[92.743864737690956,11.663551316892551],[92.744108711138992,11.66347016897598],[92.744509194465692,11.663380005182898],[92.744826818987207,11.663352955863317],[92.745001743430919,11.663352955863317],[92.745084602236091,11.663551316892551],[92.745208890443877,11.66372262849643],[92.745508102197022,11.663902956710412],[92.745830330584369,11.66407877689219],[92.745926998292092,11.66409680943179],[92.746000651162248,11.664105826141036],[92.746083509069081,11.664092301516963],[92.746193987475991,11.664051727640709],[92.746318275683777,11.664015662554485],[92.746433357058194,11.663997629129838],[92.746553042298459,11.663997629129838],[92.746925906023421,11.664042711809476],[92.748472601923424,11.66427262949076],[92.7487119715056,11.664286154106055],[92.748873085250125,11.664304186632183],[92.749015786226281,11.664313203334698],[92.749268965609332,11.664308695423381],[92.749512938159029,11.664299678720713],[92.749687862602684,11.664344760471529],[92.749895008717345,11.664421400222885],[92.750079139096073,11.664507055769535],[92.750254063539771,11.664606235889444],[92.750369144914202,11.664709924758583],[92.750438193918498,11.664912792719573],[92.750447399853527,11.665165251807558],[92.750393257493059,11.666853865116826]]]},"properties":{"objectid":4738,"id":"4649","name":"Ward No 5","code":"5","town":"Port Blair","district":"South Andamans","state":"Andaman and Nicobar Islands","st_area(shape)":1101309.538709363,"st_perimeter(shape)":5498.536849833371}},{"type":"Feature","id":4739,"geometry":{"type":"Polygon","coordinates":[[[92.737919902736323,11.668456027351665],[92.737688313462854,11.668438173684805],[92.737406076275292,11.668438173684805],[92.737193750474731,11.668460996185136],[92.736989193304765,11.668491425889387],[92.736813119017484,11.668529463674846],[92.736593025484666,11.668603002909428],[92.736347038912101,11.668717114444769],[92.736007835959143,11.66887687086729],[92.73575408075601,11.668970696150607],[92.735531398278525,11.669011269307623],[92.735319073376289,11.66902141281588],[92.735101568788153,11.669029020006938],[92.734917725870289,11.669023948253006],[92.734798616450149,11.668998590361653],[92.734669150353071,11.668958017202781],[92.734578523815614,11.668935194743339],[92.734480128647618,11.66888447894206],[92.734262624957765,11.668745008681285],[92.734083960827533,11.668633432598108],[92.733993334290091,11.668608073791328],[92.733889760334492,11.668618217314304],[92.7336567202818,11.668696828285377],[92.733263141406368,11.66885151296249],[92.732986083006423,11.668932659305412],[92.732791883411664,11.668945338254384],[92.732574378823514,11.668925052111694],[92.732286962848349,11.66888447894206],[92.73197365383345,11.668866728233494],[92.731590432533238,11.668861656476574],[92.731062207874828,11.668810939782118],[92.730500322444399,11.668755152199287],[92.729798613341657,11.668666397723889],[92.729298871565945,11.668575108658613],[92.728731805551305,11.668491426769155],[92.729139917371384,11.668307199839248],[92.729577351998984,11.668139165502435],[92.729797954876545,11.668026527314559],[92.729969534892462,11.667934200810398],[92.730182596413243,11.667751393432196],[92.730544611184527,11.667398705424805],[92.730584207125631,11.667324843880865],[92.730599290737558,11.667282373726131],[92.730612489684006,11.667142036101188],[92.730638391706918,11.666509539819936],[92.730640771344099,11.666451430094767],[92.730655855854351,11.666303706482946],[92.730708649843606,11.666126437868972],[92.730774641881013,11.665987947152884],[92.73092548159363,11.665834683450111],[92.731157397853892,11.665675880695156],[92.731283725237347,11.665572473710156],[92.731464733072158,11.665406284334873],[92.73154958074737,11.665341655350861],[92.731583820932741,11.665326586806618],[92.73163299471139,11.665304947326984],[92.731498907680518,11.664976268435449],[92.731445878332693,11.664707940893324],[92.731292681440749,11.664384793250139],[92.731272058816771,11.664260728039894],[92.731227867992999,11.663992399805974],[92.731104132249143,11.663963547027361],[92.730915583057524,11.663931809495322],[92.730868444861301,11.663888531196617],[92.730818361987588,11.663813514465813],[92.730788900839514,11.663776005652947],[92.730738817067476,11.66373561208248],[92.730694626243732,11.663695219385927],[92.730659273045717,11.663660596190134],[92.730040595224693,11.663403808159666],[92.729958104728794,11.663377840955903],[92.72977992928206,11.663321753159918],[92.729624450669334,11.663588826615554],[92.72962395659593,11.663678849578202],[92.729251429739165,11.663693202962069],[92.729166767116922,11.663737071614175],[92.729084709608955,11.663674435791547],[92.729019547614868,11.663625981787671],[92.728956797597348,11.663579891707796],[92.728879568534055,11.663537347079535],[92.728838539780099,11.663488893051754],[92.728807165220459,11.663417985604367],[92.728778203535711,11.663282078293335],[92.728727521485709,11.663062263048253],[92.728323497898444,11.663118398404118],[92.727706940999838,11.663201494229087],[92.727482566994667,11.66321995967134],[92.727331727282063,11.663210726510489],[92.727165803957504,11.663186721170611],[92.726937658824795,11.663116551771308],[92.726767964372698,11.663120245036925],[92.726660490830412,11.663027916900479],[92.726590727665425,11.662979906186997],[92.726471941638806,11.662918969026526],[92.726168376649795,11.662784169980029],[92.726062788671285,11.66273615922441],[92.725985483251208,11.662701074030126],[92.725938345953267,11.66265675653192],[92.725908177831116,11.662564428241293],[92.725894979782964,11.662490565410728],[92.725898750910503,11.662385310601282],[92.725911948958668,11.662307755326472],[92.725989254378746,11.662204347086616],[92.726098613484794,11.662112018645498],[92.72623813981474,11.66203446241455],[92.726364468096534,11.66199568385105],[92.72699045281405,11.66200861033272],[92.728219795483753,11.662010456972945],[92.728749620041668,11.66199568385105],[92.729426512286352,11.661991991450225],[92.72956038282328,11.661988298169595],[92.729912970673965,11.661955059521352],[92.730018557754136,11.661949519599645],[92.730092092945,11.661931054072879],[92.730214650099214,11.661875656605472],[92.73036171868425,11.661774095726189],[92.730474848019554,11.661707618374452],[92.730574779306721,11.661687306189281],[92.731051809875396,11.661705771732255],[92.732007755678268,11.661716851585302],[92.732085061098346,11.661729777200206],[92.732149167571976,11.661779634771641],[92.732160418970906,11.661806334975017],[92.732198191331989,11.661895969656634],[92.732454618124777,11.662549656028666],[92.732605457837394,11.663081467504892],[92.732654480699068,11.663225499567679],[92.732722358300251,11.663358451768692],[92.732777037853282,11.663474785112209],[92.732841145225237,11.66356711397979],[92.732976900427587,11.663736997713835],[92.73308157302283,11.663821866961186],[92.733135282395352,11.663821939101981],[92.733205045560311,11.663807166956273],[92.733259725113328,11.663773928525861],[92.733271037597703,11.663724071312647],[92.733301205719897,11.663611431332669],[92.733380396703765,11.66301499046625],[92.733427534001649,11.662828487457878],[92.733461473251424,11.662741699130407],[92.733542548900772,11.662557041695223],[92.733616083193269,11.66245917345986],[92.733674533873867,11.662392697151969],[92.733744297038825,11.66232068091387],[92.733819716895141,11.662278209993337],[92.733940388485564,11.662261590247182],[92.734057288948449,11.662274516716485],[92.734160991363154,11.66232068091387],[92.734250665686403,11.662393362258241],[92.734329102085439,11.662455997490214],[92.734385818119208,11.662496179222332],[92.734447360800985,11.662532814596807],[92.734507696147077,11.662561178372185],[92.734570446164597,11.662589541264921],[92.734642848579881,11.662608450151684],[92.734722492314646,11.662614359563454],[92.734816615993481,11.662615541093897],[92.734928840725317,11.662601359209344],[92.735054338963749,11.662570632376822],[92.73519311160716,11.662524542121709],[92.735339124671754,11.662474906386075],[92.735474277104558,11.662427634583828],[92.735524959154603,11.662414634220978],[92.735591328484418,11.662399270794799],[92.735666144672834,11.662390998315733],[92.735743374634438,11.662382725836371],[92.735838705649016,11.662387452841788],[92.73600523264146,11.662400453205912],[92.736168139423285,11.662463088436271],[92.73637328139651,11.66254699648487],[92.736623071435986,11.662642722450746],[92.737169714252687,11.662848357035864],[92.73727590589904,11.66287671989925],[92.737472600115339,11.662919264628767],[92.737657228160757,11.662947628364668],[92.737870787348186,11.662980436687297],[92.737933867945742,11.663038995821012],[92.738143158338971,11.663310441112372],[92.738278913541322,11.663511716838899],[92.738369417009565,11.663653902049179],[92.738425982126373,11.66374807660605],[92.738493859727583,11.663812706840934],[92.738584364094123,11.66386810304197],[92.738769142158191,11.663956738524268],[92.738912440513971,11.664021367830788],[92.739080249402321,11.664119235515304],[92.739176409561892,11.664209716663168],[92.739257486109565,11.664302044406522],[92.739331020402091,11.664359288014223],[92.73939324131193,11.664396219623207],[92.739498829290412,11.664416531610167],[92.739762798338333,11.664438690219656],[92.739834447067068,11.664425763851151],[92.739911752487188,11.664405451864877],[92.740007912646746,11.664344515897128],[92.74006259219982,11.664272500165426],[92.740092760321971,11.664209716663168],[92.740134240928541,11.664141394148533],[92.740181378226438,11.66404537309848],[92.740224745295123,11.663967817407718],[92.740285080641158,11.663912420346774],[92.740371813880145,11.66386810304197],[92.740496256598163,11.663840404502963],[92.74060372924211,11.663845944386924],[92.740707431656844,11.663892108322957],[92.74078285151316,11.663982590424629],[92.740933691225749,11.664198637789401],[92.741094311795194,11.664511744029179],[92.741265763352004,11.664845963334821],[92.741367882935194,11.665008685024272],[92.741523851129742,11.665184698053055],[92.741680347533716,11.665313956958883],[92.741857584240947,11.665415517422673],[92.742104584113164,11.665568780477171],[92.742328958118321,11.66570542566661],[92.74248168249639,11.665842069908981],[92.742577256056123,11.66593931144285],[92.742129308444746,11.666395983383444],[92.741982004501068,11.666504179459597],[92.741834700557419,11.666490654952403],[92.741576917308535,11.666359917722099],[92.74075753698844,11.665845986597192],[92.740260385055691,11.665489840469258],[92.74004863507524,11.66524189045259],[92.739919743899932,11.665165251807558],[92.739772439956283,11.665138202661966],[92.739652754716033,11.665156235132727],[92.739628157945248,11.665166426289026],[92.739533070374108,11.665205825520991],[92.73943640176806,11.665255415020647],[92.739348939995367,11.665345579084217],[92.739266081190195,11.665462791355292],[92.738280983259742,11.667058682807987],[92.737972564673242,11.667568102948691],[92.737921929335613,11.667766461844765],[92.737912722502287,11.668248832723341],[92.737919902736323,11.668456027351665]]]},"properties":{"objectid":4739,"id":"4650","name":"Ward No 6","code":"6","town":"Port Blair","district":"South Andamans","state":"Andaman and Nicobar Islands","st_area(shape)":747631.30706463195,"st_perimeter(shape)":5725.2430183419465}},{"type":"Feature","id":4742,"geometry":{"type":"Polygon","coordinates":[[[92.725244365955263,11.673031743348439],[92.724366432546617,11.673199079730082],[92.724230911804554,11.673230817081759],[92.724095391960773,11.673279864109508],[92.724004063839132,11.6733519936282],[92.723889165721005,11.673522217106603],[92.723753645877267,11.67375302953919],[92.72374186177737,11.673845354106572],[92.723842028423121,11.674211767425042],[92.72385970547127,11.674304091839694],[92.723862651047085,11.674358909721237],[92.723847920473048,11.67440218726629],[92.723791945549408,11.674454119607688],[92.723730077677473,11.674506051939341],[92.723585719309611,11.67456086978096],[92.72333235577193,11.674632998086754],[92.72323513470198,11.674635883605665],[92.723102561332382,11.674601261775273],[92.722946417966327,11.674546443941642],[92.722852143370517,11.674532018101521],[92.722757868774707,11.674540673781616],[92.72267537827878,11.674563754420893],[92.722592887782881,11.674595491616429],[92.722469152039025,11.67467339007052],[92.72224819612353,11.674811876450393],[92.722189273827411,11.674834957946853],[92.722127405955476,11.674834957946853],[92.722053753983644,11.67481476196747],[92.721815121020001,11.674742633708965],[92.721697277326101,11.674728207879099],[92.721605949204417,11.674733978035182],[92.721529350758445,11.674768599848985],[92.721473374936451,11.674829187792845],[92.721429184112708,11.674901316028846],[92.721329016568617,11.675184059518179],[92.721208227298902,11.675458147068063],[92.721007893109061,11.675804362348048],[92.720831128017352,11.676061138899996],[92.720725069321631,11.676130381312122],[92.720607225627731,11.676153462698828],[92.720445191110045,11.676156347322197],[92.719994439856663,11.676139036942333],[92.7196968845969,11.676124611185111],[92.719561364753147,11.676124611185111],[92.719437629009278,11.676144807069077],[92.719319786213674,11.676179428706728],[92.718113540128243,11.676634931348238],[92.717372540511633,11.676895284089559],[92.717253754484972,11.676954371639242],[92.717199074931941,11.677030077158969],[92.717172677937342,11.677103936118328],[92.717054623139305,11.677641189803312],[92.717043877491903,11.677679931870646],[92.71703843100633,11.677694554604619],[92.71702713558993,11.677720003191881],[92.716997326793873,11.677776051128316],[92.716918135809991,11.677897918028767],[92.716675171170067,11.678248742633455],[92.716657011726568,11.678271303929371],[92.71664847234149,11.678279971808802],[92.71663012065855,11.67829375525845],[92.716608888976793,11.678303221042997],[92.71658344778966,11.67830737419985],[92.716561033026679,11.67830945033838],[92.716520854977276,11.678311526476911],[92.716502664092772,11.678311526476911],[92.716466059541588,11.678310287831556],[92.716261358641162,11.678296515819067],[92.716209578849856,11.678290654246261],[92.716007441741255,11.678259825344675],[92.715943335267639,11.678193352823234],[92.715855549203141,11.678101381591841],[92.715839305866169,11.678061898858763],[92.715826016189865,11.678011570044234],[92.715804678506913,11.677930760651796],[92.715793394768625,11.677891576119841],[92.715678413107184,11.677657030074265],[92.715569742110645,11.677471049788148],[92.715540215385573,11.677427978577152],[92.715509116608757,11.677399270590861],[92.715476094538886,11.677372009745399],[92.715461791562944,11.677344435715934],[92.715462330552143,11.677324860123969],[92.715476753902323,11.677303496933625],[92.715536940128061,11.677214349318527],[92.715585091623907,11.677162165893265],[92.715718484257081,11.677025242197042],[92.715824790887794,11.676917132919053],[92.715903542595512,11.676861592409928],[92.715956372517368,11.676805908494542],[92.715978390224961,11.676734106252152],[92.715991346626296,11.676677550503815],[92.715982305981299,11.676631936764176],[92.715963332664188,11.676579759387375],[92.715928146552812,11.676515449707898],[92.715892265145413,11.676456343590441],[92.715865621114091,11.67640900555196],[92.715843644728977,11.676359089028781],[92.715812479476838,11.676288944074749],[92.715802147054418,11.676236814138592],[92.715781161511089,11.676185628139146],[92.715760232561578,11.676163641134945],[92.715735139920753,11.67612621844566],[92.715701655218552,11.676068752935786],[92.715684602499522,11.676038456021907],[92.715666247223282,11.676012734564923],[92.715639137864656,11.675993004926635],[92.715593751383224,11.675978046926907],[92.715545331291111,11.675947784312472],[92.715523251599762,11.675929132335485],[92.715514758927071,11.675914821811615],[92.715509275610557,11.675897861548153],[92.71550383361658,11.67587396903148],[92.715503577596692,11.675847706526778],[92.715506443222466,11.675822928120096],[92.715508475211649,11.675801077444902],[92.715509998754342,11.675773091546633],[92.715512336170733,11.675745644038971],[92.715522147570269,11.675720237497396],[92.715539282035991,11.675699670337295],[92.715557759483062,11.67568230978442],[92.715584412497549,11.675663395630595],[92.715594581426558,11.67564692184143],[92.715606833548733,11.675623128712424],[92.715627527139603,11.675599115649295],[92.715666770042802,11.675568806367904],[92.715677447418273,11.675558467799396],[92.715689995984462,11.675554005816689],[92.715702260683031,11.67555167453625],[92.715718990008583,11.675554033088266],[92.715735678909923,11.675563323900384],[92.715787545837799,11.675586007697056],[92.715810255248201,11.675589999904332],[92.715836940602031,11.675589081467923],[92.715856190600235,11.67557919068191],[92.715869482073188,11.675564200989633],[92.715875542108108,11.675551971004746],[92.715888760817506,11.675525916085498],[92.715897281337959,11.675511833390498],[92.715913125822937,11.675502590081987],[92.715930840600365,11.675499222480818],[92.715946736289311,11.675504509649862],[92.715977601504136,11.675510413508537],[92.715998948170238,11.675514664357081],[92.716028603354417,11.675518028439196],[92.716076899479035,11.67552269627898],[92.716118818463457,11.675523729080286],[92.716177791963545,11.675518058349946],[92.716196777857064,11.675506833013126],[92.716205696331215,11.675494751699842],[92.716208918588137,11.675478906026948],[92.716206253286686,11.675469026673476],[92.716198838592334,11.675456588188688],[92.716176891851617,11.675438603013118],[92.716154699870856,11.675415818035559],[92.716117354209516,11.675377218167949],[92.716105626703524,11.675357290545424],[92.716107334400874,11.675344502803137],[92.716116536742632,11.675330290778756],[92.716125414792572,11.675325140844146],[92.716139061998376,11.675319084788347],[92.716150644875654,11.675316882826118],[92.716172123594092,11.675321801392133],[92.716201982695807,11.675336897544737],[92.716232106800533,11.675353328245579],[92.716249264622476,11.675375685679976],[92.716275688566569,11.675419823441207],[92.716293812077438,11.675439919967189],[92.716312169150257,11.67544335442849],[92.71632920300469,11.675440116146691],[92.716343531133461,11.675433930773279],[92.716361683390403,11.675425633170716],[92.716417326835725,11.675376627869747],[92.716555455387066,11.675272475851315],[92.716566417528483,11.67526000656718],[92.716576982614555,11.675245535018266],[92.716577083225857,11.675228205227489],[92.716574285872071,11.675217659030094],[92.716562670655421,11.675201864365713],[92.716549825645203,11.675186996055718],[92.716545838023649,11.675170443942303],[92.716543457488143,11.675158432992751],[92.716553453042309,11.675148224608938],[92.716571849640999,11.675144727683147],[92.71659405060494,11.675142584661458],[92.716616892067663,11.675147243710278],[92.716648193863762,11.675148217571108],[92.716659776741039,11.67514601560752],[92.716680562858372,11.675129601609259],[92.716697809613521,11.675113167376232],[92.716714302682121,11.675085798099223],[92.716725497487218,11.675056666720241],[92.716740740100931,11.675033689930121],[92.716765958505917,11.675003969126408],[92.716768367787495,11.674987585910294],[92.716760596461967,11.674966213742591],[92.716745819175557,11.674955867234033],[92.716739085404186,11.674943299405818],[92.716735646653291,11.674925950242104],[92.716735045680366,11.674912216769631],[92.716741523431864,11.674898522004646],[92.716750725773622,11.674884309957404],[92.716765134750815,11.674864260896596],[92.716790333392822,11.674838006213882],[92.716813884524626,11.674814141757247],[92.71683840134537,11.674788017269929],[92.716866874346607,11.674760448261885],[92.716875415528349,11.674742899387745],[92.716882593965792,11.674725609153464],[92.716885155960966,11.674706427496135],[92.716891103706459,11.674690063616508],[92.716905605210101,11.674677613660272],[92.716919464418282,11.674658361621098],[92.716926246698705,11.674639069992669],[92.716925572962211,11.67461427124414],[92.716920547786515,11.674588915623346],[92.716913610097606,11.674564614798413],[92.71689908523777,11.674534140894096],[92.716893133898992,11.674504113890203],[92.716890212577695,11.674467971866626],[92.716890181136677,11.67444997519044],[92.716892911116815,11.674420721461892],[92.716882196910433,11.674361091457209],[92.716866479087884,11.674320804116073],[92.716854336560189,11.67428740947315],[92.716840746846572,11.674246717444342],[92.716824377745496,11.674208718271416],[92.716796917145544,11.674176072267633],[92.71676430919905,11.674150896072272],[92.716727855564841,11.674128614196174],[92.716696931061179,11.67410636398867],[92.716658649355338,11.674069283237969],[92.716647715061711,11.674047560865636],[92.716634665235574,11.67398729209423],[92.71662784612424,11.673952886597316],[92.7166256982524,11.673919755830195],[92.716628842355888,11.673891029885946],[92.716636308254238,11.673850662420746],[92.716648413950978,11.673816987086086],[92.716668115801795,11.673793768266391],[92.716706454999809,11.673747532080291],[92.716719306298259,11.673695322490246],[92.716730122912608,11.673627271510368],[92.716737123483611,11.673567173316179],[92.716741688721896,11.673554534166518],[92.716754979296525,11.673539544364793],[92.716765789622627,11.673529873439382],[92.716782598898249,11.67351836914607],[92.716796398817621,11.673509514613995],[92.716810086447637,11.673496526206888],[92.716823264732867,11.673477403406805],[92.716835810604081,11.673447063102754],[92.716843908916374,11.673370873629993],[92.716856984793665,11.67335324109308],[92.716874050089089,11.6733445880151],[92.716894484965209,11.67334178517789],[92.716930443627717,11.673339277052046],[92.716967705745688,11.67333219430153],[92.717027625171781,11.67330565795832],[92.717100589932429,11.673266904722965],[92.717123724245909,11.673238705672864],[92.71714029456966,11.673205262514168],[92.717163285152722,11.673165190540423],[92.717189707300165,11.673120138374454],[92.717210837472265,11.673070682241054],[92.717229600583607,11.67302600394771],[92.717255666099888,11.672895550433443],[92.717256901283434,11.672829320313117],[92.717250588821926,11.672780753542204],[92.717235014729852,11.672752338907022],[92.717215388337493,11.67272577699597],[92.717193776668395,11.672711493578609],[92.717159628111204,11.672695265060883],[92.717139112386718,11.672675363637744],[92.71712944920921,11.672654480425974],[92.717125729285627,11.672635713861579],[92.717123519430032,11.672613414268966],[92.717123231969126,11.672589667505779],[92.71712898118696,11.672551790389386],[92.717129313563618,11.672531171089714],[92.717119919880702,11.672500499900602],[92.717114484174886,11.672484222984897],[92.71708578389989,11.672445320958982],[92.71707780596185,11.672427363739738],[92.717066458443171,11.672403555378953],[92.717058606269276,11.672363936354769],[92.717059858520798,11.672331241748191],[92.717066197033446,11.6723019077399],[92.717078810278338,11.672254071059998],[92.717183724520368,11.671920514325151],[92.717250181885106,11.671688792475001],[92.717290003303305,11.671542906792045],[92.717297548253399,11.67152958135199],[92.717302558157741,11.67152512898158],[92.717310104006131,11.671522673623747],[92.717324787867739,11.67152114375374],[92.717403291640437,11.671514789382584],[92.717500051874623,11.67151179738247],[92.717516182922211,11.671510917641211],[92.717520758041914,11.671509250531464],[92.71752307749199,11.671507482251455],[92.717525907185149,11.671504170025448],[92.717529253409566,11.671499554022752],[92.717536124623194,11.671489453712445],[92.717588327520957,11.671419407817158],[92.717595086445186,11.671409477294045],[92.717596914516776,11.671406149231522],[92.717596979195463,11.671406030466391],[92.717600632643737,11.671394234890517],[92.717613183006577,11.671353710467871],[92.717616059412123,11.671338482137125],[92.717616401670242,11.671336079562163],[92.717620684837499,11.671299280838229],[92.71762222724486,11.671275358893856],[92.717621407981298,11.671221554745571],[92.717617960247239,11.671080646400814],[92.717616180684658,11.670878251852754],[92.71756984109075,11.670036635356562],[92.717558293247777,11.669955321305039],[92.717551601697224,11.669908207371941],[92.717517475597887,11.669667924781011],[92.71752089278921,11.669537108990854],[92.717531168617739,11.669388145697427],[92.71753579673809,11.669259067278473],[92.717534946931835,11.669148875246895],[92.717520638566,11.669048814362286],[92.717515202860199,11.669032537244082],[92.717511659904744,11.6689282667163],[92.717513588587636,11.668907343633682],[92.717510582824701,11.668875457989369],[92.717505829838544,11.668851477772503],[92.717492002969692,11.668815157302877],[92.71748189602441,11.668797604533575],[92.717463715919692,11.668778340649519],[92.717413403975584,11.66872515448124],[92.717378666123565,11.668700382476191],[92.717356546906302,11.668700259311182],[92.717331440790758,11.668701786557524],[92.717304713216109,11.668689556270024],[92.71726536610835,11.668652678017478],[92.717240861864013,11.668623797571438],[92.717208491072753,11.668594247632223],[92.717159961386159,11.668556559996397],[92.71712052534518,11.668531648095932],[92.717091483710377,11.668509997429499],[92.717083818386044,11.668501953867789],[92.717075115507555,11.668491898315596],[92.717062223784907,11.668470613622448],[92.7169621218179,11.668311562526666],[92.716948052403893,11.668288195447843],[92.716935511922543,11.66826362926567],[92.716926132612642,11.668223485318137],[92.716923585888836,11.668184540466614],[92.716917677669201,11.668085181276449],[92.716916155923116,11.667934893175742],[92.716907696488079,11.667878472874456],[92.71689648281837,11.667817658195544],[92.71688577939176,11.667772820700552],[92.716863669157703,11.667472444663264],[92.716864719288239,11.667442143291353],[92.716873038586087,11.667383191836562],[92.716899499361105,11.667290257207878],[92.716923923655386,11.66720447055706],[92.716958202468291,11.667081310995879],[92.716969432307664,11.667032286625538],[92.716986529044163,11.666967087938549],[92.716993317612761,11.666938713176632],[92.716993710176524,11.666922159691266],[92.71699390600925,11.666907333165719],[92.716992209990011,11.666898705399598],[92.716989730639824,11.666891738612424],[92.716986272125993,11.666885538972265],[92.716959779011631,11.666857033998108],[92.716932698399063,11.666833705506093],[92.716847585720828,11.666755712475894],[92.716835060510846,11.666744235174093],[92.716786909014985,11.666704775457342],[92.716692532909519,11.666646644658901],[92.716621459102583,11.6665991633053],[92.716593154984594,11.666574417503183],[92.716562917692116,11.666543587299225],[92.716544071935786,11.666509286449889],[92.716524605443581,11.666455153227778],[92.716503665714313,11.666389233004022],[92.716487928128871,11.666303932580703],[92.716476539287697,11.666207295568439],[92.716489566655937,11.666090984484491],[92.716501142346686,11.666045190412872],[92.716499647550066,11.666001154091692],[92.716496151306956,11.665954390510914],[92.716487867941723,11.66590686065215],[92.716469183882126,11.665848039955305],[92.716438993302063,11.665781601408982],[92.71641586887003,11.66570522508138],[92.716390464513765,11.665639552771747],[92.716349666626826,11.665571896587519],[92.716302102629186,11.665482944027582],[92.716282405269951,11.665456688456908],[92.716267712425164,11.665437250148321],[92.716247421279533,11.665415475194143],[92.716230509595974,11.665397326611814],[92.716223514414864,11.6653880644913],[92.716217733756025,11.665376671589984],[92.716209519561048,11.665362085156559],[92.716201725777637,11.665338568269998],[92.716200239065842,11.66532933342012],[92.716200371118177,11.665309274871118],[92.716202489345648,11.665273035755614],[92.716199429683797,11.665238374926915],[92.71620352689979,11.665172612771165],[92.716220810485851,11.665116181351118],[92.716252061976277,11.665064393302046],[92.716292103481749,11.665018825159818],[92.716345399629247,11.664979228834591],[92.716397660917522,11.664939949218097],[92.716444720960325,11.66492004987793],[92.716476039824371,11.664914957814377],[92.716514653906884,11.664922102363095],[92.716557846702344,11.664940088220538],[92.716624903243371,11.664965262612524],[92.716696031847547,11.664992533474964],[92.716777677927112,11.664992129664249],[92.716855113602918,11.66499634636328],[92.716898329754613,11.664996527594223],[92.716947229547117,11.665003875365883],[92.716986418551343,11.665016406694409],[92.717041071154938,11.665027562954608],[92.717113443925825,11.665044444704121],[92.717193040948175,11.665076921988511],[92.717246842847203,11.665096124546231],[92.717295350974197,11.665105816000178],[92.717357068827482,11.665107034469976],[92.717417820991841,11.665105210724185],[92.717472106184445,11.665100906930411],[92.717530165199591,11.665079881506843],[92.717583645501719,11.665048016536975],[92.71764016390614,11.665018562111026],[92.717707152175194,11.664997041375212],[92.717768041781781,11.66498850152592],[92.7178098314088,11.664991341397522],[92.717861400994295,11.664985641419731],[92.717934072904157,11.664971287222929],[92.718005272475267,11.664945145972917],[92.718058430282198,11.664912266621785],[92.718088622658883,11.66487859724017],[92.718120564055454,11.664843282698719],[92.718149145752832,11.664804543237201],[92.718175265168043,11.664768778247876],[92.718217124863642,11.66471820684594],[92.718249572011715,11.664691637127556],[92.718290304321627,11.664662542486855],[92.718313823114102,11.664636468949517],[92.718348848427027,11.664567958270585],[92.718365533735138,11.664523943709055],[92.718401985572712,11.664452774356578],[92.718447114237634,11.664376736372375],[92.718495141765985,11.664309825920272],[92.718543283380399,11.664254004001457],[92.718585442214987,11.664222250666857],[92.71861443713739,11.664213416952379],[92.718679538046047,11.664200256556038],[92.71871688730063,11.664185541615151],[92.71875540975492,11.664163793835506],[92.718792389801948,11.664133618788407],[92.71883827754327,11.664070697131658],[92.718957080637921,11.66387217547655],[92.719061213345654,11.663708363970445],[92.719100011582796,11.663646142511205],[92.719140499550932,11.663605999655262],[92.71920748692169,11.663554307218931],[92.719259084354974,11.663521207761354],[92.719304425920612,11.663479585999443],[92.71935652730879,11.663448070993041],[92.719415604115142,11.663416168885643],[92.719458213005666,11.663377117787384],[92.719482411822824,11.663347151159567],[92.719508408168821,11.663334017115153],[92.719530449232636,11.663330777812254],[92.719564715469147,11.663332503915564],[92.719603224448718,11.663336413601034],[92.719660646558324,11.663332823271064],[92.719704333427231,11.663319513272489],[92.71977582315418,11.663300096808408],[92.719829165115755,11.66327494689887],[92.719893576118238,11.663245312812153],[92.719954282468521,11.663229042391649],[92.720012778963181,11.663220118909283],[92.720063174450615,11.663221449997598],[92.720128712838815,11.663220392516969],[92.720204698633736,11.663195017379708],[92.720280063692812,11.663149810515108],[92.720314121520175,11.663128311628599],[92.72035786767789,11.663119433011177],[92.720390658880717,11.663126127164983],[92.720426856495081,11.663150692922207],[92.720465009741829,11.663163539291252],[92.72050551118474,11.663162323452218],[92.720532434592116,11.663154120497518],[92.720572959391205,11.663135100797138],[92.720620594355765,11.663120588146411],[92.720666986052009,11.663116464674273],[92.720721087988295,11.663104431208634],[92.720783289135213,11.663082144046506],[92.720890157212978,11.663039574708451],[92.720955534802741,11.663012981955408],[92.721014813729994,11.662999371060774],[92.721062310354043,11.662991574554221],[92.721108058856487,11.662985423214195],[92.721166624521459,11.662973141648179],[92.721201832192392,11.662962415512162],[92.721235568422884,11.662939902238117],[92.721251125446955,11.662917365208509],[92.721282238596828,11.662872292903318],[92.721323861137208,11.662828556079871],[92.721351770894756,11.662795137179597],[92.72138296489301,11.6627514628076],[92.721410329373185,11.662723194066738],[92.721433084597663,11.662705582847341],[92.721477075995423,11.662690756976302],[92.72152644291188,11.662681411187378],[92.721579993282589,11.662671503225532],[92.721640700531168,11.662665821675262],[92.721680760002968,11.662650057967932],[92.721704795326701,11.662634192206449],[92.721727094206983,11.662617432598289],[92.721747271266594,11.662607726101388],[92.72177510646398,11.662599246002898],[92.721804797580759,11.662596606694251],[92.721831498205944,11.662600573575112],[92.721873427970124,11.662611291807195],[92.721919834039397,11.662617797702609],[92.721971100892674,11.662612145183642],[92.722029172484199,11.66259587648551],[92.722065756374164,11.662578323322863],[92.722098496373022,11.662555535529521],[92.722124034578229,11.662530669718157],[92.722140323729263,11.662517876106016],[92.722155566343019,11.662513231801166],[92.722186789087331,11.662510838827266],[92.722235110364764,11.662509642340304],[92.722354496466053,11.662494726722281],[92.722459885018537,11.662452190725411],[92.722738525351687,11.662313491429842],[92.722771052449829,11.662299687831151],[92.72281272709246,11.662291439982669],[92.722837694867493,11.662294956425411],[92.72287248931336,11.662304377887619],[92.722912827262903,11.66231940964558],[92.723022024672204,11.662378253964263],[92.723111949625419,11.662416221326275],[92.723122449134451,11.662420653608123],[92.723183789695327,11.662434986822362],[92.723232726318727,11.662427030181775],[92.723396075970001,11.663061769498354],[92.723425732052448,11.663176009119097],[92.723425732052448,11.663218606588813],[92.72341362276245,11.66327342754057],[92.723341027209372,11.663402007276616],[92.723317857861574,11.663439824938214],[92.723302411330238,11.663500333537986],[92.723271519165962,11.663551764693684],[92.723228270674895,11.663621349818145],[92.723212825041912,11.663693959560915],[92.723203902974504,11.663866170197149],[92.723200253119529,11.663936623571093],[92.723198389115311,11.66397259365298],[92.723202638146589,11.664001243204872],[92.723217821471536,11.664032224131107],[92.723241863083487,11.664064442883094],[92.723274762084117,11.664100380397079],[92.723296272243616,11.664121446364041],[92.723336762906712,11.664147469803165],[92.72336839707944,11.664167297058032],[92.723396234073491,11.664184646014856],[92.723422806239569,11.664200755382479],[92.723446846953223,11.664219343925263],[92.723474684845542,11.664249084359449],[92.723487338514659,11.664276347374393],[92.723500861752939,11.664312593658167],[92.723506792430427,11.66434938275161],[92.723637279911998,11.664473302761239],[92.724244245498326,11.664968984005949],[92.724299604177716,11.664988346687803],[92.724396481192898,11.665023199335796],[92.724513129229152,11.665059987455264],[92.724677227177054,11.665127756373771],[92.724853187378272,11.665212951587291],[92.725693449037152,11.665598264756582],[92.726178096421151,11.665868167086556],[92.726148337032399,11.665938114970672],[92.726104050088892,11.666076904829518],[92.726074947368673,11.666147538872467],[92.726035721533449,11.666229326470031],[92.725982578099561,11.666299960474191],[92.725864901492287,11.666423879612818],[92.725724449897641,11.666578779338062],[92.725641733026265,11.666698669946983],[92.725624171860773,11.666729650572057],[92.725618794545483,11.666742971843881],[92.725608039016592,11.666795637576445],[92.725608039016592,11.666821660764802],[92.725616281059288,11.666870089577525],[92.725629428801824,11.666925120949386],[92.725639430644165,11.666961663364885],[92.725647678975108,11.667003934743921],[92.725658598895734,11.667073994070664],[92.725668775011258,11.667179787271495],[92.725671305565399,11.667301227748403],[92.725670039839173,11.667551544222356],[92.725686489788643,11.667625895728722],[92.725737102668376,11.66772627031864],[92.725805431223833,11.667805578306833],[92.725900331047114,11.667872494074304],[92.726242951191395,11.668033067393353],[92.726199438595657,11.668255594494315],[92.726067382655643,11.669155811186164],[92.725924969140408,11.669830337490795],[92.725860236541024,11.670157457001558],[92.72587059321792,11.670284247665037],[92.725953452023106,11.670482040702815],[92.725989702638074,11.670603758613147],[92.726000060213295,11.670689976167077],[92.726000060213295,11.670748299661931],[92.725968988385929,11.67080915944509],[92.725883539737794,11.670925805492692],[92.725469246610245,11.671574969837444],[92.725117097137385,11.672234276053601],[92.72506272121494,11.672411780933388],[92.725052363639705,11.672528427186707],[92.725060132270272,11.672627322923082],[92.725078257577778,11.672774398320188],[92.725132633500237,11.672901187787398],[92.725244365955263,11.673031743348439]]]},"properties":{"objectid":4742,"id":"4652","name":"Ward No 8","code":"8","town":"Port Blair","district":"South Andamans","state":"Andaman and Nicobar Islands","st_area(shape)":1290393.5468686547,"st_perimeter(shape)":5648.385041672931}},{"type":"Feature","id":4746,"geometry":{"type":"Polygon","coordinates":[[[92.755368714136395,11.665961969633805],[92.755377029840957,11.666077132686961],[92.755377288555749,11.666133399396793],[92.75537745204916,11.666171799965898],[92.755367031591859,11.666206632230836],[92.755355622987764,11.666231322641021],[92.755341037042484,11.666246916351648],[92.755289204250587,11.666277099966523],[92.755271202012295,11.666287583161266],[92.755133107596933,11.666374798821867],[92.755088520616127,11.66639544057305],[92.755025515477044,11.666406306457842],[92.754943024981102,11.666405255147653],[92.754891936892605,11.666395168728],[92.75487003506764,11.666379761534298],[92.754856345641031,11.666364481904603],[92.754851722910573,11.666359321246421],[92.754842543925008,11.666355768785129],[92.754789952056697,11.66633541207246],[92.754780386795574,11.666331710052059],[92.75476810413069,11.666323795751552],[92.754728430934478,11.666298234389378],[92.754716536341775,11.666290570818918],[92.754707296270766,11.666282222796639],[92.754642405567893,11.666223590447599],[92.75463507262026,11.666216964989614],[92.754628655055868,11.666213017515098],[92.754554992304236,11.666195343174577],[92.754551954201958,11.666195354611432],[92.754546660429995,11.666196997119879],[92.754533444415543,11.666201354561903],[92.754524056122492,11.666206075343966],[92.754461245019513,11.66618984820515],[92.754455664684983,11.666189279881388],[92.754452561903975,11.666190968137306],[92.75445051284683,11.66619246724518],[92.754449219272814,11.666193772806288],[92.754447249267372,11.666196279237226],[92.754445597265573,11.666198967778101],[92.754444636068214,11.666201216439854],[92.754444013535718,11.666216525990336],[92.754440089694569,11.666223255259768],[92.754435439116335,11.666225279583067],[92.754426075976141,11.666224904806121],[92.754400991420141,11.666219282272369],[92.754295627122147,11.666192028245863],[92.754281362773767,11.666188568157013],[92.754279166392891,11.666187836198217],[92.754277341914559,11.666185840906703],[92.754276413056559,11.666183456762036],[92.754276241478308,11.66617980488579],[92.754275001803222,11.666161798874318],[92.754274486170246,11.666158220897485],[92.754273533057727,11.666154199522449],[92.75427268145485,11.666151788984763],[92.7542719133953,11.666149459384815],[92.75427080487421,11.666146245627777],[92.754269122329688,11.666143199904518],[92.754267699398284,11.666141200213875],[92.754266448045101,11.666139842746789],[92.754263612063752,11.66613672928208],[92.754258190731008,11.666132626968963],[92.754252111831477,11.666129922591814],[92.754233009156962,11.666124844626578],[92.754097965420314,11.666097406721278],[92.754085651314398,11.666093699419109],[92.754068451271635,11.666091969813984],[92.754055652075465,11.666088748138444],[92.754019290069422,11.666085310922021],[92.753971697325653,11.666086806511474],[92.753826497236389,11.666094205280238],[92.753814026823619,11.666097233408859],[92.753698355256063,11.66613210087349],[92.75363311061696,11.666155476051683],[92.753620068875662,11.666161241107581],[92.753538544068689,11.66621057354711],[92.753525033406817,11.666219530364144],[92.753480702445842,11.666260198937291],[92.753470978182904,11.666270557207056],[92.753382412380731,11.666401706205964],[92.753265015149523,11.666603668540166],[92.753115277669735,11.666880512926454],[92.75299953693191,11.667094502047068],[92.752938553002224,11.667211103909258],[92.752890953071955,11.667251664127241],[92.752786138542916,11.667296888798493],[92.752308990294907,11.667400623289254],[92.752042178977433,11.667406833474935],[92.751978847749896,11.667400814195929],[92.751948798205319,11.667385112340362],[92.751916806503118,11.667350642682209],[92.751871863789461,11.667292300877971],[92.751772962869936,11.667147222257686],[92.751633762628458,11.666979631494986],[92.751524313690865,11.666777366798248],[92.751445916817715,11.666684318478028],[92.751292348023242,11.666537154515655],[92.751197759017103,11.666493376041419],[92.751153728991767,11.666480828943984],[92.751112648135503,11.666475111401617],[92.751080814536792,11.666477555367289],[92.751044883722059,11.666490917999797],[92.750946294517945,11.666542372354726],[92.750482485353587,11.666801972701045],[92.750393257493059,11.666853865116826],[92.750447399853527,11.665165251807558],[92.750438193918498,11.664912792719573],[92.750369144914202,11.664709924758583],[92.750254063539771,11.664606235889444],[92.750079139096073,11.664507055769535],[92.749895008717345,11.664421400222885],[92.749687862602684,11.664344760471529],[92.749512938159029,11.664299678720713],[92.749268965609332,11.664308695423381],[92.749015786226281,11.664313203334698],[92.748873085250125,11.664304186632183],[92.7487119715056,11.664286154106055],[92.748472601923424,11.66427262949076],[92.746925906023421,11.664042711809476],[92.746553042298459,11.663997629129838],[92.746433357058194,11.663997629129838],[92.746318275683777,11.664015662554485],[92.746193987475991,11.664051727640709],[92.746083509069081,11.664092301516963],[92.746000651162248,11.664105826141036],[92.745926998292092,11.66409680943179],[92.745830330584369,11.66407877689219],[92.745508102197022,11.663902956710412],[92.745208890443877,11.66372262849643],[92.745084602236091,11.663551316892551],[92.745001743430919,11.663352955863317],[92.744826818987207,11.663352955863317],[92.744509194465692,11.663380005182898],[92.744108711138992,11.66347016897598],[92.743864737690956,11.663551316892551],[92.743680607312243,11.663664021999589],[92.743537906336087,11.663776727060903],[92.743468857331806,11.663920990141216],[92.743427427929191,11.664123858678881],[92.743316950420621,11.664840661886448],[92.74321567794874,11.665165251807558],[92.743146629842741,11.665327545745978],[92.742994722033245,11.665539430797931],[92.742690906414268,11.665823445404772],[92.742577256056123,11.66593931144285],[92.74248168249639,11.665842069908981],[92.742328958118321,11.66570542566661],[92.742104584113164,11.665568780477171],[92.741857584240947,11.665415517422673],[92.741680347533716,11.665313956958883],[92.741523851129742,11.665184698053055],[92.741367882935194,11.665008685024272],[92.741265763352004,11.664845963334821],[92.741094311795194,11.664511744029179],[92.740933691225749,11.664198637789401],[92.74078285151316,11.663982590424629],[92.740707431656844,11.663892108322957],[92.74060372924211,11.663845944386924],[92.740496256598163,11.663840404502963],[92.740371813880145,11.66386810304197],[92.740285080641158,11.663912420346774],[92.740224745295123,11.663967817407718],[92.740181378226438,11.66404537309848],[92.740134240928541,11.664141394148533],[92.740092760321971,11.664209716663168],[92.74006259219982,11.664272500165426],[92.740007912646746,11.664344515897128],[92.739911752487188,11.664405451864877],[92.739834447067068,11.664425763851151],[92.739762798338333,11.664438690219656],[92.739498829290412,11.664416531610167],[92.73939324131193,11.664396219623207],[92.739331020402091,11.664359288014223],[92.739257486109565,11.664302044406522],[92.739176409561892,11.664209716663168],[92.739080249402321,11.664119235515304],[92.738912440513971,11.664021367830788],[92.738769142158191,11.663956738524268],[92.738584364094123,11.66386810304197],[92.738493859727583,11.663812706840934],[92.738425982126373,11.66374807660605],[92.738369417009565,11.663653902049179],[92.738278913541322,11.663511716838899],[92.738143158338971,11.663310441112372],[92.737933867945742,11.663038995821012],[92.737870787348186,11.662980436687297],[92.737320135350373,11.66256423557175],[92.737193579794848,11.662418602863994],[92.73709233606904,11.662307055029167],[92.737048041939019,11.662223393243893],[92.73701007554186,11.662108746776811],[92.736991092343274,11.662000296492765],[92.736983385696433,11.661932374610137],[92.736945215381709,11.661696637935304],[92.73692148638348,11.661588187490258],[92.736848717455572,11.661334104605881],[92.736822683380325,11.661259501558197],[92.736766101195542,11.661067682653336],[92.736735553984275,11.660950466766682],[92.73664939297214,11.660519177966453],[92.736522838314912,11.660193826883811],[92.736434249156531,11.659986221389616],[92.736383627293648,11.659843685908578],[92.7363678079615,11.659716644137076],[92.736288711300702,11.659276643597655],[92.73627075307985,11.659163122912496],[92.736255747621385,11.659033520667354],[92.736254834034739,11.659015829153848],[92.736256422256133,11.658945832897034],[92.736263381504642,11.658887337123989],[92.736266311809118,11.658873466491583],[92.736281448421636,11.658835306852726],[92.736314912462618,11.658791294021674],[92.736370408584236,11.658763187637149],[92.736450068488679,11.658743683756018],[92.736508600915954,11.658737486573232],[92.736592605971452,11.6587356918184],[92.736618406484723,11.658740151432205],[92.736703718588942,11.658760213975004],[92.736719431021569,11.658765809386603],[92.736820655882738,11.658810620183598],[92.736867552432145,11.658828916999864],[92.736895878109692,11.658836684590518],[92.736930135363025,11.658842839541594],[92.736964970233103,11.658842839541594],[92.737011078960023,11.658836825355545],[92.737040558074384,11.658830810289617],[92.737073325921003,11.658816004446631],[92.7370891183037,11.658804661423105],[92.737115394025778,11.658768356354601],[92.737133466332651,11.658725092207215],[92.737158777264099,11.658650725999676],[92.7371777604627,11.658573261178963],[92.737222054592706,11.658486499674305],[92.737301152151801,11.658399739022331],[92.737421379076181,11.658309878867287],[92.737516295967382,11.658263399920402],[92.737633359025352,11.658232413951488],[92.737740931382291,11.658216920965733],[92.737971894530034,11.658204526576524],[92.738187038345643,11.658201427979126],[92.738389525797203,11.658207625173871],[92.738535064551343,11.658210723771205],[92.738655292374006,11.65822931535442],[92.738743880634061,11.658244808339489],[92.738829305027693,11.658254104130117],[92.738911566453226,11.658260301323692],[92.738996990846843,11.658244808339489],[92.739072923641174,11.658210723771205],[92.739161512799555,11.658164244807718],[92.739326033853942,11.658071285977607],[92.739512702871664,11.657975229396293],[92.740453225499408,11.657566499834035],[92.740557890009782,11.657510146928358],[92.740619110196405,11.657472673335096],[92.740686129008168,11.657423232008819],[92.740759356076865,11.657362010337605],[92.740797789597977,11.657322013497341],[92.740863097119131,11.657241122417279],[92.740905290089742,11.657180669639537],[92.740999726382299,11.657023954068071],[92.741077473773487,11.656879280062279],[92.741111148020224,11.656795984392856],[92.741148428104538,11.656680006324674],[92.741221197930741,11.656441412034699],[92.741284475259349,11.656202817539757],[92.741319177178795,11.656088721974859],[92.74133296631841,11.656024304610872],[92.741335097122246,11.656007604429444],[92.741335609161965,11.655928731206384],[92.741319277790097,11.655846475164767],[92.741297130725087,11.65576591005749],[92.741287050729298,11.65570865324073],[92.741282458541534,11.655645712078835],[92.741283605690171,11.655615374224308],[92.741295548791868,11.655566048699926],[92.741306622324387,11.655539709490983],[92.741330001877955,11.655484755923238],[92.741373063519418,11.655418863007496],[92.741390464784786,11.655395623293094],[92.741444231649496,11.65534639362707],[92.74152493000642,11.655288719702078],[92.741641993064334,11.655220549835763],[92.741768548619888,11.655161675846815],[92.741910922609279,11.655102800965608],[92.741963127303691,11.655078011908687],[92.742055705880233,11.655024977959123],[92.742075319696156,11.655011256698732],[92.742181521223969,11.654923972363555],[92.742364312214619,11.654777218309897],[92.742412366692463,11.654743601366711],[92.74245070319553,11.654720855160534],[92.742489033410365,11.654698109832278],[92.74257931948631,11.654649726405165],[92.742639532661499,11.654628072896449],[92.742672089404024,11.654621240409977],[92.742736695340952,11.654616313558961],[92.742757260472743,11.654616313558961],[92.742793028692404,11.6546278942981],[92.742813901946349,11.654643794829038],[92.742847431564314,11.654684484453346],[92.742860087030053,11.65470927354542],[92.742875906362215,11.654777443537252],[92.742872742495777,11.654861106686132],[92.742867996696134,11.654910685716343],[92.742866414762901,11.654992799508518],[92.742869578629325,11.655025335155273],[92.742882234095063,11.655121393636701],[92.742910708892921,11.65520815531279],[92.74294867529008,11.655301114221448],[92.742980993080764,11.655369286707357],[92.743000000533854,11.655399858613547],[92.743018631592847,11.655421755764534],[92.743074829298706,11.65546204760884],[92.743087885413047,11.655468441058375],[92.74313712836198,11.655486813756912],[92.743174032950506,11.655491475775111],[92.743216384024564,11.655487704986285],[92.743304612060186,11.655466891744403],[92.743350488123426,11.655449849290317],[92.743508681444951,11.655344495034811],[92.744068688498146,11.654882797128023],[92.744486319765301,11.654538847612955],[92.744525745026479,11.65450550073802],[92.744569134553018,11.654468800079416],[92.744589153509139,11.654458034903884],[92.744613776331079,11.654447881185716],[92.744644878701152,11.654444073431351],[92.744666908985167,11.654444073431351],[92.744690235538172,11.654444073431351],[92.744747359407086,11.654448847201023],[92.744761577941375,11.654452085727764],[92.744903022174455,11.65449918556808],[92.744945665201016,11.654526499688711],[92.744971559139046,11.654548236785866],[92.744993168113226,11.654580970438598],[92.745000121971827,11.654601402795686],[92.745001740735987,11.654641136969104],[92.744998284018763,11.654665960377047],[92.744979885623437,11.654698428317934],[92.74494982799402,11.654720118772522],[92.744935590595105,11.654727865363043],[92.744885169954813,11.654748415601778],[92.744799544338576,11.654768147630266],[92.744698299714472,11.654811528526858],[92.744619203053716,11.654864205320781],[92.744572914663749,11.654911600701992],[92.744538118421204,11.654959208985218],[92.74451538295969,11.655006216361226],[92.744502041181065,11.655026542232019],[92.744492647498163,11.655053222849514],[92.744481479642545,11.655084941161194],[92.744474046083567,11.655106050922042],[92.744431640212284,11.655226497235823],[92.744384189402339,11.655374063980322],[92.744280668447317,11.65576591005749],[92.744274973128427,11.655806564325786],[92.744276997931053,11.655852176210004],[92.744291172447902,11.655883906747507],[92.744319520583346,11.655923568594654],[92.744382664961293,11.656030978700581],[92.744414784224276,11.656105182848465],[92.744445415877166,11.656190010439202],[92.74461471507054,11.656771109267796],[92.744624046769729,11.656800482748514],[92.744654266095893,11.656866538976974],[92.744692098644066,11.656932977897306],[92.744813592192983,11.657121374648174],[92.744955333768402,11.657287956089174],[92.74526514025203,11.657621119551244],[92.7454613107505,11.657809991798779],[92.745581832322259,11.657906450498754],[92.745694343616663,11.657991413026075],[92.745759738274387,11.658036470287534],[92.745823697424299,11.658073715940709],[92.745865909259507,11.658095976231628],[92.745956327387802,11.658151020780158],[92.746029108892131,11.658204637429249],[92.746092467069104,11.658260647078508],[92.746155614142012,11.658324743682755],[92.746223314775108,11.658400164837255],[92.746423734304855,11.658652822520295],[92.746504368881375,11.658761407838798],[92.746567139560199,11.65883478250297],[92.746588400886338,11.658854613656434],[92.746632948341258,11.658881386283189],[92.746656234470066,11.658888326877962],[92.74668559590512,11.658891301418537],[92.746743304577294,11.65888535233735],[92.746771652712724,11.658876427835603],[92.746885046152713,11.65883478250297],[92.746974433015069,11.658793798759895],[92.747015124900813,11.658781556598635],[92.747033267276294,11.658779652751159],[92.747085104559773,11.658777114581097],[92.747153788848081,11.658784729091197],[92.74724061551187,11.658806305734851],[92.747287268617825,11.658830419666637],[92.747332626353142,11.658859611694561],[92.747355305220793,11.658878014961129],[92.747401741832789,11.658930396257057],[92.747478286379817,11.659039871805193],[92.747533009051978,11.659114400667955],[92.747672353922241,11.659308250574732],[92.747742166494533,11.659394836746415],[92.747794218475349,11.659449544961719],[92.747859014855123,11.659516970376439],[92.747906037168676,11.659554387388003],[92.747953171771627,11.659580429730614],[92.747982532308384,11.659592327863042],[92.748047548775375,11.659614540524123],[92.748090107360269,11.659625164735143],[92.748201219977787,11.659641906048599],[92.748371864847442,11.659661257664922],[92.748579305609482,11.659692196846123],[92.748706440578403,11.659723472979076],[92.748719265825699,11.659727734626864],[92.748865381298245,11.659774772867761],[92.749051670328598,11.659846165123726],[92.749187337496068,11.659895742384213],[92.749280482011244,11.659935404538132],[92.749371601723794,11.6599592016518],[92.749513343299213,11.659979032724936],[92.749730006165962,11.660006795873008],[92.749869722938712,11.660020677006155],[92.74997906677342,11.660022660904872],[92.750076260893906,11.660016710968165],[92.750151181286896,11.660016710968165],[92.750246350604726,11.660042491093698],[92.750426565227144,11.660121815353953],[92.750679675439912,11.660234851769779],[92.75075257103029,11.660260631875058],[92.750853815654381,11.660284428960853],[92.750971258699678,11.660300293976826],[92.750993532427145,11.660303764696399],[92.751053472514471,11.660321067266514],[92.75111605364873,11.660344048794148],[92.751145398914119,11.660359787118884],[92.751238543429324,11.660425229296505],[92.751286487414347,11.660484704816266],[92.75130549037587,11.660520324314756],[92.751323587835572,11.660577926771145],[92.751336218148467,11.660641699962762],[92.751340502214049,11.660692831644658],[92.751339787155089,11.660718726957986],[92.751326644802489,11.660778792744091],[92.751313113479341,11.660804894796604],[92.751277601279554,11.660859974878889],[92.751255085905271,11.660882814718128],[92.751179821457484,11.660944799257557],[92.751145398914119,11.660996359333872],[92.751125149989306,11.661045936388959],[92.75111802185755,11.661122562974727],[92.751120614395433,11.661146677585103],[92.751130334166831,11.661194906799601],[92.75113746140029,11.661219020523914],[92.751147504565139,11.661255429965079],[92.751157547730031,11.661291839401461],[92.75117848206942,11.661336384099128],[92.751194335537562,11.661362510732864],[92.751208271102541,11.661384466358513],[92.751237461857713,11.661423496622536],[92.751252717047848,11.661440571261608],[92.75130536461171,11.66149609726271],[92.751376235399434,11.661579387123322],[92.751453180595107,11.661664659966167],[92.751517815278106,11.661749060048791],[92.751542889952617,11.661791819615489],[92.75157287032691,11.661858932142366],[92.751588418367845,11.661930454948397],[92.751600914831769,11.662011264603091],[92.751671382275916,11.662280050473324],[92.751744763854845,11.662499537303923],[92.751873952372492,11.66285691454642],[92.752049066360712,11.663412335741011],[92.752105193099666,11.663621957736671],[92.752133541235096,11.663717145794784],[92.752161889370498,11.663766722363945],[92.752196312812202,11.663810349948621],[92.752232760158208,11.663848028551621],[92.752267183599912,11.663865875475681],[92.752321855068104,11.663879757295598],[92.752431198902812,11.663887689261072],[92.752793652950274,11.663893639114816],[92.752809192906355,11.663893866094313],[92.752959446917416,11.663890995419635],[92.753029819140124,11.663888384275792],[92.753067012087854,11.663885706269715],[92.753218877676531,11.663879757295598],[92.753292583547278,11.663879757295598],[92.753340307445043,11.663884268732966],[92.75342946613533,11.663899588088642],[92.753516535344232,11.663933299817765],[92.753587407030238,11.663980893357634],[92.753627903981581,11.664028487769102],[92.753640210900954,11.664048574563159],[92.75365560263505,11.664069228804099],[92.753692376967834,11.664105113531576],[92.753713759566551,11.664120343139084],[92.75375004521581,11.664139380367221],[92.753799289961364,11.664153341352264],[92.753864086341139,11.664162225215248],[92.753918515264203,11.664166032836349],[92.753988494923149,11.664162225215248],[92.754009552331709,11.664162225215248],[92.754061067120006,11.664162225215248],[92.7541323430479,11.664163494715533],[92.754162149149025,11.664163494715533],[92.754242496264681,11.664174916698913],[92.754304701004827,11.66419141668249],[92.754349667074706,11.664202318723905],[92.754432233029092,11.664231037753515],[92.754498603257233,11.664262489327964],[92.754646420138926,11.66433784552634],[92.754753739170965,11.664401303778426],[92.754846883686142,11.664460796041555],[92.754911679167591,11.664522271278763],[92.754963915303037,11.664584796059907],[92.754997737771831,11.664656128134714],[92.755004318829592,11.66467942953717],[92.75501534385306,11.664741907655454],[92.755049830176844,11.664937338963892],[92.755072189244217,11.66503728344305],[92.755151981201053,11.665374074536263],[92.755227505261928,11.665660577273169],[92.755252049032109,11.665731897634616],[92.755301961225953,11.665841282524452],[92.755368714136395,11.665961969633805]]]},"properties":{"objectid":4746,"id":"4654","name":"Ward No 10","code":"10","town":"Port Blair","district":"South Andamans","state":"Andaman and Nicobar Islands","st_area(shape)":1329655.6754627402,"st_perimeter(shape)":6821.3533149628793}},{"type":"Feature","id":4762,"geometry":{"type":"Polygon","coordinates":[[[92.750788298825739,11.644366607949618],[92.750464126484104,11.644572874581611],[92.750452567861359,11.64458022817249],[92.750441008340275,11.64458758352284],[92.749930468814881,11.644776192763691],[92.749891153148141,11.644790716930736],[92.749699632329566,11.644861470764329],[92.74953561702668,11.644936832225989],[92.749395900253887,11.644998311784233],[92.749146839646428,11.645121270859939],[92.748990923554146,11.645182749497566],[92.748887655025712,11.645222413751922],[92.748794510510535,11.645248195250284],[92.74871958921922,11.645266044249208],[92.748624419901375,11.6452779438745],[92.748547474705703,11.645283893247015],[92.74846242940113,11.645295791991712],[92.748399657824052,11.645307691615692],[92.748363210478004,11.645333473106154],[92.748330811838969,11.645375120462486],[92.748300438900898,11.645404868193284],[92.748268041160188,11.645424700305353],[92.748233617718498,11.645430649674726],[92.748057452701389,11.645432633677638],[92.747709173170776,11.645394952576655],[92.747449988550059,11.645375120462486],[92.747200927942586,11.645375120462486],[92.74707943529198,11.645389003206507],[92.746992365184752,11.645396935700017],[92.746921428820059,11.64541287459156],[92.746855588597924,11.645436954492851],[92.746791901637536,11.645470313893727],[92.746712931639223,11.645507994984506],[92.746635985545254,11.64553377645638],[92.746569164362867,11.645541708945755],[92.746502343180424,11.645543692947879],[92.746442120123788,11.645540237880731],[92.746362626407674,11.645506011861933],[92.74631807895274,11.645460398279413],[92.746253283471276,11.645394952576655],[92.746200635907414,11.645303725367672],[92.746121665909101,11.645188699751959],[92.746036701452894,11.645083510532496],[92.745987456707354,11.645032740225338],[92.745943395240985,11.64499466314877],[92.745879895130187,11.644961662659572],[92.745820282029612,11.644946431121824],[92.745747710731052,11.644946431121824],[92.745711424183469,11.644961662659572],[92.745935619423875,11.64518885812039],[92.745996995019027,11.645295580833873],[92.746021150717041,11.645358937857491],[92.746027630265175,11.645388130421058],[92.746025038625589,11.645443977247101],[92.746018559077413,11.645482054262132],[92.746010297271781,11.645513944352109],[92.745973849027422,11.645547659192477],[92.745929301572488,11.64558533939293],[92.745872605301642,11.645613104859256],[92.745801734513933,11.645630952954955],[92.745747062147416,11.645642852564585],[92.745704539495136,11.64563293695643],[92.74567416655708,11.645615087981065],[92.745627594299464,11.645583356270905],[92.745591146953458,11.645559557925839],[92.745550649103805,11.645553608559215],[92.745500027240908,11.645561541048016],[92.745465603799232,11.645573440660637],[92.745425105949593,11.645587322514929],[92.745380558494659,11.645611121737435],[92.745348160753949,11.645640869443017],[92.745317787815878,11.64568846611717],[92.745273240360916,11.645742012145961],[92.745196294266933,11.64583918945157],[92.745078851221635,11.646001811418685],[92.745016079644529,11.646063290741417],[92.744971532189595,11.646116836697972],[92.744941159251539,11.646160467054882],[92.744922935129367,11.646208063640106],[92.744910786313483,11.646257643334405],[92.744908761510814,11.646309207016527],[92.744896611796619,11.646370685391441],[92.744890537388628,11.646434147748556],[92.744876362871778,11.646481744286884],[92.74485813874962,11.646509509663685],[92.744813592192983,11.646535291042674],[92.74476296943179,11.64654124038832],[92.74470829796357,11.64654124038832],[92.744643501583838,11.646531324812212],[92.74460097893153,11.646507526548287],[92.744570605993474,11.646444064207929],[92.744532132946475,11.646374652504038],[92.744489610294181,11.646311190133336],[92.744424813914435,11.646257643334405],[92.744362043235625,11.646229878812258],[92.744287121944296,11.646202114287362],[92.744208151945998,11.646184265348513],[92.744131206750339,11.646180299113011],[92.744080583989145,11.646170383524053],[92.744050211051047,11.64615451770112],[92.744040087037789,11.646122786052535],[92.744048186248392,11.646081139688002],[92.744074509581182,11.646025609725902],[92.744104882519238,11.645966113514103],[92.744127156246734,11.64591058440883],[92.744143355566223,11.645843155691917],[92.744129181947685,11.64579159280318],[92.744086659295377,11.645736062783206],[92.744044136643112,11.645706315087864],[92.743985414671315,11.64568846611717],[92.743934792808403,11.645684499874619],[92.743884170945506,11.64568648299592],[92.743831524279983,11.645700365724382],[92.743712055533692,11.645757877992404],[92.74361891101853,11.645811424007825],[92.743578413168905,11.645819357369078],[92.743531840911288,11.645815391128398],[92.743495393565297,11.645807457766992],[92.743462994926233,11.645807457766992],[92.743404273852732,11.645843155691917],[92.74331315414021,11.645906618169461],[92.743203810305531,11.646013711012451],[92.743084342457578,11.646138651877285],[92.742934500773231,11.646249710865437],[92.742851481169637,11.646289374967571],[92.742725938015411,11.646329039064032],[92.742711764396844,11.646279458502663],[92.742673291349874,11.646190214701639],[92.742618618983371,11.646108904225009],[92.742545723392993,11.646037509318649],[92.742367533573258,11.645872903372654],[92.742282489166968,11.645815391128398],[92.742209593576604,11.645767794475937],[92.742126573074685,11.645726147178383],[92.742059751892285,11.64568846611717],[92.742003054723128,11.645666650902527],[92.741938259241678,11.645628969833259],[92.741885611677816,11.64560318837024],[92.741851189134437,11.645579390026853],[92.741814740890121,11.645555591681443],[92.741498859100219,11.645266044249208],[92.741231575268912,11.645028059555349],[92.741166778889138,11.644990379279363],[92.741099957706737,11.644966580883525],[92.741029086919042,11.644954681244938],[92.740948091219749,11.644944765612241],[92.740871146024091,11.644938815352619],[92.740769902298325,11.644930882846044],[92.740688906599019,11.644930882846044],[92.740628159824567,11.644920967212496],[92.740563363444835,11.644905101318255],[92.740512741581938,11.644873370406909],[92.740464144521695,11.644833706102746],[92.740306203626744,11.644653234415216],[92.739846555458826,11.644111818649659],[92.739504350336148,11.643675511557289],[92.739445629262661,11.643633863946347],[92.739407156215648,11.643614031706546],[92.739364633563383,11.643614031706546],[92.739334260625327,11.643616014842605],[92.7392471905181,11.643635847082241],[92.738990030700009,11.643709226620599],[92.738684272923408,11.643792520933861],[92.738364341528197,11.643909530261185],[92.738335993392795,11.643937295894872],[92.73829954514845,11.643982909727283],[92.738275246618343,11.644028523552212],[92.738254997693502,11.644097935841886],[92.738204375830634,11.644599687296905],[92.738101107302199,11.645014177673156],[92.738088957587962,11.64514903549278],[92.738088957587962,11.645208531879435],[92.738107181710134,11.645260094876313],[92.738129455437601,11.645311657863624],[92.738167928484586,11.645359254594174],[92.738210451136894,11.645400901946701],[92.738263097802431,11.645464364525195],[92.738329918984846,11.64553774270108],[92.738386615255692,11.645595255882583],[92.738427113105317,11.645666650902527],[92.738483809376149,11.645765810475417],[92.738516208015199,11.645853071292567],[92.738532407334716,11.645906618169461],[92.738534432137385,11.645944298321252],[92.738528356831111,11.645995862061501],[92.738514183212544,11.646033542201243],[92.738491909485077,11.646055357387084],[92.738435212315906,11.646097004635289],[92.737892544544366,11.646473811824329],[92.737815598450368,11.646525374586545],[92.737754852574255,11.646549172848943],[92.737688031391812,11.646563055534314],[92.737615134903166,11.646563055534314],[92.737538189707507,11.646551156843877],[92.737485543041956,11.646529341696942],[92.737422771464836,11.646481744286884],[92.737384298417851,11.646442081092035],[92.737329626949673,11.646392500550832],[92.737212183904361,11.646271526034344],[92.737133213007738,11.646200131169751],[92.737070442328942,11.646190214701639],[92.737027919676635,11.646215996990076],[92.736995521037642,11.646249710865437],[92.736981347419061,11.64628342561657],[92.736981347419061,11.646319122600524],[92.736999571541247,11.646372669387635],[92.737157511537859,11.646670148124425],[92.737250656053021,11.646844669163618],[92.737299254011603,11.646912097637612],[92.737333676554982,11.646939862091619],[92.737376199207247,11.646955727869694],[92.737396448132088,11.646967626542814],[92.737426821070159,11.647005307430637],[92.737447069994957,11.647046954536556],[92.737430870675439,11.647148096727902],[92.737293178705329,11.648080194219888],[92.737357975085104,11.648179352931791],[92.737434921179073,11.648318176300695],[92.737489592647265,11.648431217519768],[92.737499716660523,11.648476830614786],[92.737509841572077,11.648526409904377],[92.737509841572077,11.648566073681613],[92.737501741463149,11.64860573657338],[92.737479468634007,11.648657299819906],[92.737353925479781,11.648831818731589],[92.737193959782189,11.64906385087729],[92.737074491934266,11.649256218276415],[92.736580968296934,11.650051076958697],[92.732694637188914,11.64485870635192],[92.732660023304391,11.644811890821032],[92.732130854516598,11.644096172666297],[92.732051659041147,11.643486224980473],[92.731828471710486,11.643514430571434],[92.731850070803205,11.643733025124032],[92.730504469067739,11.641931379654647],[92.730573584547386,11.641881737600421],[92.730449175965362,11.641719271593981],[92.730380059587418,11.641764401000852],[92.729990706387085,11.641240899254795],[92.729123229368327,11.640101517458568],[92.728651904000031,11.639470235382705],[92.729001165389221,11.639249700943932],[92.729047694527694,11.639309974614513],[92.729163267280569,11.639246760507007],[92.729137751533244,11.639211478781146],[92.729221804199426,11.639162965960812],[92.72937790264973,11.639092402483316],[92.729624058105543,11.639036538544463],[92.730521623296411,11.638866008859239],[92.731052958820641,11.638821906640834],[92.731243578628991,11.638820436420108],[92.731570784581365,11.638785154640164],[92.731750898592438,11.638743991971323],[92.731770944497995,11.638754374143009],[92.731796594992645,11.638804621208834],[92.731836904196072,11.638865635805111],[92.731862554690693,11.638890759769046],[92.731899198767749,11.638926650388004],[92.731979816276308,11.638966129887514],[92.732051932128996,11.638954214154952],[92.732732048427238,11.638637227150515],[92.733599782364138,11.63819160708934],[92.735166394812296,11.637422106953808],[92.735161704708204,11.637360087252889],[92.735152323601696,11.637275097302457],[92.735152323601696,11.637157949687007],[92.735175775918805,11.637066068686741],[92.735236751763651,11.636912167855318],[92.735269585187311,11.636804207493546],[92.735304763213833,11.636512485633844],[92.735316489821543,11.636303456445194],[92.73528131089671,11.636147257895004],[92.735232061659573,11.635956605060864],[92.735173430417589,11.635706228446679],[92.735145287996389,11.635561515190439],[92.735098383362143,11.635419099161837],[92.735056168832003,11.635345593376766],[92.734997538488344,11.635288167821034],[92.734929527038176,11.635216959305968],[92.734852134481486,11.635138860616724],[92.734793503239544,11.63505846371981],[92.734748944106514,11.634975770372929],[92.734716111581207,11.634872403874713],[92.734617611310298,11.634447450943371],[92.73433852900601,11.633528632384543],[92.734150911367351,11.632844109803321],[92.733801472111722,11.631550863732356],[92.733742841768063,11.631328048556648],[92.733632615787783,11.630921467174799],[92.733557568732294,11.630673383372805],[92.733452032856107,11.6304184073171],[92.733384021405911,11.630266800154848],[92.733330081166358,11.630179511571786],[92.733247998505618,11.630128976110157],[92.733142462629417,11.630089925614447],[92.733022856440911,11.630046281298631],[92.73287041682876,11.629988853769555],[92.732706250608899,11.629922238595325],[92.73257491781267,11.629846434889419],[92.732450620621762,11.62975225412548],[92.732370882563856,11.629669559202048],[92.732309906719024,11.62960294395141],[92.732279418796594,11.629540922507903],[92.732258311980701,11.62945363369724],[92.732251276375351,11.62936175015337],[92.732265347585994,11.629256084216417],[92.732300526510826,11.629145824409829],[92.732345085643857,11.629021781305342],[92.73239902588341,11.628886253121237],[92.732415442595226,11.628792072032512],[92.732410751592809,11.628693297954793],[92.732391990278103,11.628608305357657],[92.732356811353256,11.628504935614894],[92.732323977929624,11.628442914806632],[92.732279418796594,11.628403864074443],[92.732204371741119,11.628367110697928],[92.731983920678857,11.628318871388988],[92.731650898135015,11.628275226795482],[92.731463279598017,11.628259147021446],[92.731320221092432,11.628243067246506],[92.731198268504372,11.628192531433337],[92.731038793286956,11.628089161536202],[92.730891043778911,11.627960524111852],[92.73069638963662,11.627781350740266],[92.730276594327933,11.627383952776002],[92.730011583234258,11.627126677216232],[92.72987556033398,11.626922234845166],[92.729823964697317,11.626807379366369],[92.729788786670781,11.62671549494922],[92.729774715460181,11.62661212538365],[92.729793476774859,11.626499567153484],[92.729837193288176,11.626275918204069],[92.729851737910934,11.626199680602122],[92.730201010079909,11.62627029486225],[92.730280817308085,11.626286430183848],[92.730360655977279,11.625896371852395],[92.730369166616285,11.62586959077044],[92.730399322162043,11.625818947180461],[92.730419742665106,11.625792558520228],[92.730431104556786,11.625781381327933],[92.730477992123056,11.625748578294122],[92.730503847433582,11.625734992851559],[92.730584146938497,11.625697632881119],[92.730627058561311,11.625669612020106],[92.730639471481908,11.625655098293487],[92.730650847746645,11.625623994305739],[92.73065527823762,11.625608239056788],[92.730660325871213,11.625589154315822],[92.730669051207585,11.625556168242944],[92.730681732724449,11.62552777605543],[92.730694414241313,11.625499384744947],[92.730708906761777,11.625476316748045],[92.730734269795533,11.625449700164543],[92.730759632829248,11.625428406016063],[92.730779560157188,11.625415984648663],[92.730806735092855,11.625389368059411],[92.730830286224659,11.625359202001961],[92.730844779643462,11.625332584527406],[92.730853838254788,11.625315727642796],[92.730866518873313,11.625274027130326],[92.730869236277073,11.625259831902456],[92.730883613813191,11.625213958073592],[92.730903007541841,11.625178386845464],[92.730918412750682,11.625155537914088],[92.730964772107527,11.625076073455162],[92.730994373392775,11.625043470952843],[92.731122638442301,11.624987151931473],[92.731268594913047,11.624930833778585],[92.731653390061624,11.624848521934746],[92.731980687642135,11.624774874335982],[92.732246063451768,11.624800867142522],[92.732471633114571,11.624813863984855],[92.732679510457828,11.624813863984855],[92.732944886267504,11.624783538605087],[92.733143918798476,11.624783538605087],[92.733227954396682,11.624813863984855],[92.733303144284278,11.62499148450269],[92.733338527126676,11.625108454221856],[92.73339160228862,11.62523841983448],[92.733453524059485,11.625329396695083],[92.733555251078855,11.625320731563054],[92.733864856339849,11.625199430245043],[92.734041774145183,11.62516477233879],[92.734218691052178,11.625125782739074],[92.734302726650384,11.625086793133864],[92.734435415004356,11.62501747728904],[92.734523873008698,11.624952494878714],[92.734630023332556,11.624874514734429],[92.734727327945819,11.624818195678902],[92.734829055863528,11.624779206030626],[92.734939628593565,11.624770541761368],[92.735054625526317,11.624770541761368],[92.735209427707673,11.624800867142522],[92.735390767919114,11.624852853628246],[92.735726911210236,11.625047802643326],[92.735930366147358,11.625199430245043],[92.73604093887738,11.625268745164695],[92.736173627231352,11.625355389449906],[92.736275354250765,11.625442033708149],[92.736394773589666,11.625554670675657],[92.736802191910385,11.625912368173728],[92.737007399460609,11.626099008572622],[92.737016369138743,11.626117936659121],[92.737553397286945,11.627251151427057],[92.737608402928416,11.627398288676551],[92.73771852560246,11.627360622730643],[92.737731228678925,11.627400403910331],[92.737864872840362,11.627818920722401],[92.73788160306421,11.627817281506655],[92.73788106227839,11.627793993731846],[92.73788106227839,11.627778116302345],[92.737882683737482,11.627763297367345],[92.737884304298248,11.627756417587195],[92.737887546318134,11.627743185954319],[92.737889563035935,11.627739893443882],[92.737895651816913,11.627729954320779],[92.737908079110568,11.627716193878767],[92.7379221278633,11.627702963123838],[92.73793401526946,11.627692378167479],[92.737954578604615,11.627680422357626],[92.737983600476511,11.627671377190557],[92.738013941973549,11.6276675013188],[92.738161691481579,11.627650703527472],[92.738194671330618,11.627651995191515],[92.738238204587589,11.627655871943396],[92.738259311403496,11.627663624567084],[92.738272465434221,11.627678226177009],[92.738279099492587,11.627685590773002],[92.738294929604507,11.627715309599441],[92.738566682554392,11.62849833213458],[92.738710474085281,11.628893718871044],[92.738747411911461,11.628885966281603],[92.738774537439781,11.628880651829046],[92.738780391760457,11.628879505350277],[92.738814690336341,11.628871752760441],[92.738842393481406,11.62887046022219],[92.738863500297299,11.62887046022219],[92.738875900641503,11.628873263508025],[92.738897799771479,11.62887821369192],[92.73892418329136,11.628889842136402],[92.738951886436425,11.628905347314889],[92.738980908308307,11.62892860596083],[92.739009931078499,11.628963493046239],[92.739028399542434,11.628993211736271],[92.739058741039457,11.629042311446879],[92.739151084257415,11.629224499339221],[92.739152403882557,11.62927618408183],[92.739149765530584,11.629308486931079],[92.739144487928257,11.629343373968918],[92.739137892497482,11.629371800082444],[92.739133934520339,11.629400226193106],[92.739133934520339,11.629422192262005],[92.739148445905414,11.629462247667959],[92.739177467777296,11.629517808212468],[92.739562671659343,11.63032408420746],[92.739573225067303,11.630348633506562],[92.739585098100406,11.630357678586646],[92.739610162893456,11.630358971118028],[92.739627900128752,11.630363058121507],[92.739632589334533,11.630364139483635],[92.73964784991459,11.630380083635881],[92.739652376525299,11.630384812945278],[92.739660291581288,11.630406778936484],[92.739664249558388,11.630436497472449],[92.739657653229273,11.630455878397788],[92.739636546413379,11.630471383489013],[92.739600928212369,11.630471383489013],[92.739578501771291,11.630468799307215],[92.739351601703561,11.63057862833295],[92.739262390911009,11.630621187684699],[92.739450534064105,11.630922149073903],[92.739467637088808,11.630948480936301],[92.739478612704943,11.630959231184358],[92.739490432737455,11.630968327277053],[92.739504786019069,11.630978250446889],[92.739520827235111,11.630986520341386],[92.739541089634642,11.630995616433193],[92.739555442916256,11.631003059249814],[92.739573172965009,11.631010501186362],[92.739595124197322,11.631020425234539],[92.739715174153559,11.631082269494714],[92.739738933694525,11.631093563496798],[92.739850003192885,11.631152368672904],[92.739906101185724,11.631204006424534],[92.73993893460937,11.63127980976077],[92.739962386926479,11.631355613076344],[92.739967077030599,11.631449793297797],[92.739955351321186,11.631518705441634],[92.739913136791017,11.63159450869216],[92.739873267762107,11.631665717254235],[92.739838089735571,11.631713955983258],[92.739809946416045,11.631766788490268],[92.739791185101325,11.631824214772655],[92.739784149496018,11.631890830371576],[92.739788839600095,11.631955147743186],[92.739809946416045,11.632030950874849],[92.739828708629048,11.632088377102747],[92.739849815444984,11.632141209538677],[92.739856851050291,11.632187150855678],[92.739856851050291,11.632253766367759],[92.739840435236758,11.632299706786291],[92.739807601813155,11.632361727615125],[92.739758351677679,11.63241915465461],[92.739706756939356,11.632469689700489],[92.739662197806297,11.632501848761212],[92.739566043036618,11.632563868665114],[92.739512102797065,11.632600622367406],[92.739460508058713,11.632674127997673],[92.739425329133866,11.632763713123321],[92.739397186712637,11.632864783960601],[92.739352627579606,11.633066924645222],[92.739230675889914,11.633085300583904],[92.739136866621422,11.633115163131379],[92.73905712856353,11.633140430152338],[92.738989117113377,11.633195559709879],[92.738953938188516,11.633230015127875],[92.738928141268502,11.633292035749399],[92.738921105663209,11.633365541197051],[92.7389234502661,11.633450532341643],[92.738921105663209,11.633526335066016],[92.738909379055499,11.633569978836166],[92.73889296234367,11.633615919917309],[92.738876545631854,11.633659564553282],[92.738860129818363,11.633719287762096],[92.738841367605346,11.633774416325117],[92.738827296394703,11.633852516277143],[92.73882026078941,11.633955883154202],[92.738831986498823,11.634047765181508],[92.73885074871184,11.634116676682071],[92.738883581237147,11.634199370284248],[92.738963319295053,11.634415292987319],[92.739209714601074,11.635036067845739],[92.739444091346883,11.63546963366295],[92.739512102797065,11.635584485567556],[92.739601221961451,11.635662585011557],[92.739683304622233,11.635713119468448],[92.739770078285417,11.635747574574738],[92.740016327166032,11.635809594635111],[92.740377492131074,11.635885396716873],[92.740996632584441,11.636000248449841],[92.741099822061145,11.636007139464359],[92.741191285828435,11.636014030478673],[92.741310892915223,11.635997951151708],[92.741475059135084,11.635958901479508],[92.741667367776188,11.635885396716873],[92.741901890049078,11.635791218876371],[92.742117651007277,11.635701633845503],[92.742424876631105,11.635600564918413],[92.74250930479306,11.63556610891405],[92.742537447214275,11.63594511944798],[92.742542137318381,11.636115100135422],[92.742549173822013,11.636218466171988],[92.742584351848521,11.636287377134972],[92.742607804165644,11.63636317908656],[92.742600768560351,11.636427495424515],[92.742579661744443,11.636464247736637],[92.742539792715505,11.636494109921527],[92.742490542580029,11.636517079341793],[92.742422531129876,11.63655153522835],[92.74237562649563,11.636579099230671],[92.742331067362613,11.636618148815838],[92.742314650650783,11.63665030739711],[92.742305269544261,11.636700841674605],[92.742305269544261,11.636753673234827],[92.742321686256076,11.636808802076516],[92.74238969770623,11.63695121739373],[92.742455364553535,11.637093632638084],[92.742474125868242,11.63717632535552],[92.742478816870644,11.637272800014808],[92.742478816870644,11.637369275520516],[92.742443637945783,11.637445077177329],[92.742394388708647,11.637513987836495],[92.74228650822954,11.6376265416125],[92.742180972353353,11.637748283598066],[92.742082472980783,11.637872321933196],[92.742009770528185,11.63795271801702],[92.741862021918479,11.638003252057908],[92.741793130119333,11.638032969782653],[92.741751795938157,11.638046895125854],[92.741709581407989,11.638230656448165],[92.741702545802696,11.638412120370859],[92.741697855698618,11.638483327188274],[92.741688474592095,11.638582098671154],[92.741672057880265,11.6386027724021],[92.741632188851327,11.638630336201173],[92.741620463141942,11.638671681894627],[92.741620463141942,11.638701542962698],[92.741615772139539,11.638745186800923],[92.741604046430112,11.638802611643129],[92.741597010824819,11.638825581752647],[92.741575904008883,11.638853145529646],[92.74155714179588,11.638871521965996],[92.74154072508405,11.638928946782123],[92.741531343977528,11.638977184251964],[92.741519618268143,11.639030015379886],[92.741503201556327,11.639071361893821],[92.741472713633897,11.639124193003868],[92.741444571212668,11.63915864768769],[92.741418773394358,11.639206885117686],[92.741416427893128,11.639255121659506],[92.741444571212668,11.639305656343653],[92.741496165951034,11.639326329140955],[92.74155479629465,11.639333220073084],[92.741608736534189,11.639330922802431],[92.741657986669665,11.639330922802431],[92.741709581407989,11.639333220073084],[92.741765867148757,11.639333220073084],[92.74181980738831,11.639333220073084],[92.741869057523772,11.639340111004996],[92.741901890049078,11.639356190138786],[92.741937068973925,11.639367674730979],[92.741960521291048,11.63938834840353],[92.742016806133478,11.639464149510159],[92.742122342009694,11.639585889811674],[92.742190353459861,11.639663988132341],[92.742234912592892,11.639721413664715],[92.742248983803492,11.63977194738429],[92.74226071041123,11.639859232958306],[92.742267746016537,11.639937331202246],[92.742279471725951,11.63999705306346],[92.742321686256076,11.640059072176486],[92.742408459919275,11.640114200363081],[92.743412802458039,11.640839618427712],[92.74356635598113,11.640975623821058],[92.745477997855218,11.640704367869594],[92.745774385305097,11.640732921279005],[92.746075632640697,11.640947070436557],[92.746108237892258,11.640965465211183],[92.746316435035752,11.641041867697041],[92.746506123291155,11.641057095929328],[92.746879280765242,11.641099735503227],[92.747012995893584,11.641054050810846],[92.747180916173022,11.64100531923228],[92.747311521333856,11.640959634524387],[92.747569621688044,11.640968771642525],[92.74777786105237,11.641056430772002],[92.747777030110726,11.641061260201418],[92.747777550235284,11.64106564267316],[92.747778837521082,11.641072309203542],[92.747779887651618,11.641077150950421],[92.747781330345987,11.641080252378257],[92.747781434550561,11.64109005376987],[92.747780692542122,11.641094265552692],[92.747779523833941,11.641097645009047],[92.747778034427213,11.641101900783609],[92.747776076099868,11.641106674782458],[92.747773210474122,11.641112974419574],[92.747756537742461,11.641147060205158],[92.747703528157544,11.641221124913582],[92.747695430743576,11.641230801363363],[92.747661872379496,11.641278577399364],[92.747636073662861,11.64131715561204],[92.747621852433582,11.6413410035911],[92.747621379021453,11.641341713619436],[92.747620963101454,11.641342495794394],[92.747609577853552,11.641361587373618],[92.747608150430551,11.641366560211129],[92.74757675431141,11.641425533024503],[92.747564151846248,11.64144004680851],[92.747556950052626,11.641448341027472],[92.747541332841408,11.641462866248181],[92.747528707020109,11.641471475447904],[92.747511231194579,11.641473313426246],[92.747496459298034,11.641472779365531],[92.747484091293202,11.641470463636008],[92.747470210525421,11.641466678579594],[92.747452694275722,11.641458183758433],[92.747440901192661,11.641448780945739],[92.747435717015136,11.641433743659414],[92.747432363604204,11.64142401354669],[92.74743081490864,11.641413686904398],[92.747427766026561,11.641404841026789],[92.747418083984442,11.641395725918906],[92.747407505423652,11.641388385441351],[92.747396333974791,11.641383703830186],[92.74717960283607,11.641391602124335],[92.747170293594792,11.641391941741279],[92.747130504515908,11.641391797448076],[92.747102191414754,11.641397219001751],[92.747073356392463,11.641405077702856],[92.74702385922032,11.641422838085013],[92.747012459599361,11.641428504232632],[92.746986616865257,11.641441350726277],[92.746951032800226,11.641461763813071],[92.746912171681032,11.641484299063794],[92.746895442355523,11.6414950682612],[92.746870777312751,11.641519343825394],[92.746849566292255,11.6415428389728],[92.746826471504605,11.641572154234227],[92.746800079899884,11.641642610622446],[92.746768575084573,11.641720000977736],[92.746765055485284,11.641738548792627],[92.74674257424698,11.641924281145856],[92.746749431087537,11.642105791929456],[92.746776270951614,11.642278432989277],[92.746812277224805,11.642484766277988],[92.746935948289973,11.642818238712509],[92.746988262578881,11.64295930041107],[92.747040575969436,11.643100361158226],[92.747274831442709,11.643573540182743],[92.747548454685003,11.644055362714875],[92.747593801640519,11.644118008240193],[92.74769932943191,11.644236476184894],[92.747933880450887,11.644492735561336],[92.748084913301312,11.644613003471381],[92.748128431286943,11.644638279126045],[92.74823919356146,11.644702610267103],[92.748311765758302,11.644742104783512],[92.748420205887854,11.644806662895631],[92.748511133360893,11.644850989400339],[92.748660408208309,11.644906012817557],[92.748706670547122,11.644920097944878],[92.748776781360093,11.644937465700334],[92.748852250623742,11.644932749835752],[92.748894166014907,11.64493003293461],[92.748964191487914,11.644910900248586],[92.749318620884949,11.644820627491837],[92.749630240168813,11.644735543920264],[92.749709337727907,11.644711763978945],[92.750151698716536,11.644543425023057],[92.750259766045176,11.644503924319602],[92.750524465423439,11.644407174143254],[92.750644894468763,11.644378562162693],[92.750788298825739,11.644366607949618]]]},"properties":{"objectid":4762,"id":"4664","name":"Ward No 21","code":"21","town":"Port Blair","district":"South Andamans","state":"Andaman and Nicobar Islands","st_area(shape)":2498493.9270976274,"st_perimeter(shape)":11653.263353028009}},{"type":"Feature","id":4763,"geometry":{"type":"Polygon","coordinates":[[[92.741150134005252,11.592789755797488],[92.741190287800151,11.59284902488729],[92.741232681095042,11.592920357744005],[92.741292197177529,11.593062923083988],[92.741321813734146,11.59319568703545],[92.74134732139666,11.593292293076212],[92.741357899957436,11.59332038758952],[92.741408663754115,11.593398592153996],[92.741443998985858,11.593449266271296],[92.741570067654507,11.593621060128447],[92.741642917430752,11.593732216610356],[92.741695820116149,11.593850201745687],[92.741715887581321,11.59396052742917],[92.741715921717272,11.594118541272078],[92.741741905486876,11.594223816612107],[92.741798908981522,11.594323007694053],[92.741881775871548,11.594410319823053],[92.741959192682742,11.594456398475707],[92.742035174884435,11.594483311052352],[92.742069826498209,11.594504714921992],[92.742112886343008,11.594564826673015],[92.742209990631991,11.594726654024852],[92.742300394387215,11.594922823518049],[92.742330429558734,11.595004667244158],[92.742344874468529,11.595072021147377],[92.742348578222433,11.595169158048579],[92.742345654206176,11.595329696756348],[92.742351548951063,11.595437442628688],[92.742345539221816,11.595502196961883],[92.742335416106897,11.595543829768067],[92.7423029680605,11.595635062711489],[92.742253435854053,11.595756800160974],[92.742234805693371,11.59584455359186],[92.742237208686774,11.59589237524896],[92.742255755304114,11.595959033753743],[92.742281386035799,11.596023749246894],[92.742337499300021,11.596127890454902],[92.742401493484252,11.596219672314582],[92.742677497262022,11.596545301437661],[92.742971952435752,11.596871891996125],[92.743579592656857,11.597521319752635],[92.743928659111674,11.597898771673682],[92.744080377376605,11.598095550519744],[92.744183900128291,11.598294314445692],[92.744285961320955,11.598513901890771],[92.744422123460154,11.598805528013409],[92.744488029259273,11.598918938676594],[92.744701434834809,11.599213151487627],[92.744982405397792,11.599551176760251],[92.745082132767365,11.599671626868206],[92.745173857944394,11.599768234188213],[92.745314637424158,11.599916506142087],[92.745489903227664,11.600080599827272],[92.745576998487749,11.600137327784719],[92.745663612250794,11.60016376199173],[92.745739256685937,11.600175615145632],[92.745802952629461,11.600172837090247],[92.745865038792019,11.600165788555515],[92.74590370138354,11.600155728773757],[92.745934424664568,11.600147734274126],[92.745979808451025,11.600121288626037],[92.746024160971544,11.600091199911519],[92.746064530362119,11.60005552252187],[92.74610611786818,11.600019907605351],[92.746139187548721,11.59999523595951],[92.746171943717243,11.599976534010993],[92.746206183902615,11.599964491655614],[92.746306372107924,11.599949632523504],[92.746343118592975,11.599945171087866],[92.746362631797552,11.599941608979011],[92.746385078001566,11.599933068893302],[92.746402618505783,11.599923137578434],[92.746420415029874,11.599911037142894],[92.746434508698371,11.599896796625236],[92.746440367510672,11.599890725727709],[92.7465647248887,11.599761864098694],[92.746573581379096,11.599753042417678],[92.746577005756947,11.599749632540869],[92.746577464796061,11.599749335991612],[92.74658177760773,11.599746550892201],[92.746586126352057,11.599744219856372],[92.746587311229888,11.599743782512165],[92.746589195895368,11.599742979101178],[92.746598790800903,11.599741073969966],[92.746646439240209,11.599731611671372],[92.746657400483329,11.599730269719769],[92.746662443625326,11.599729651982033],[92.746664074965864,11.599729625582995],[92.746666529163221,11.599730006609247],[92.746670182611496,11.599730573308802],[92.746671956784184,11.599731178726991],[92.746673552192135,11.599731976858182],[92.746687133820885,11.599738769333136],[92.746715690365477,11.599753052097327],[92.746719086895538,11.599755957752278],[92.746720523301704,11.599757260985157],[92.74672233700025,11.599758901245856],[92.746724667230112,11.599760968291116],[92.746728339542983,11.599764180174898],[92.74673217355263,11.599768770968785],[92.746887212889177,11.600042169898595],[92.746896576029386,11.600054547518189],[92.746904903412087,11.600060979198691],[92.746909643821837,11.600063339270809],[92.746918878502967,11.60006793709946],[92.746943860651015,11.60007650885988],[92.746965304335149,11.600079450590133],[92.746997852992862,11.600080011129245],[92.747055218508564,11.600071933030517],[92.747066732215558,11.600071897831839],[92.74708069383172,11.600073631367202],[92.747098534373237,11.600080316477838],[92.747107885835362,11.600086071463043],[92.747117090872095,11.600096971615896],[92.747129324129631,11.600111316839399],[92.747148130360102,11.600143560590825],[92.747154703333024,11.600161458238382],[92.747176462325839,11.600235188896034],[92.747183708136902,11.600284385188727],[92.74718344133727,11.600318620284192],[92.747180024145948,11.600346777448092],[92.747175128327626,11.600367908958615],[92.747168543676608,11.600386939988258],[92.747151959878153,11.600414706440315],[92.747127464616966,11.60044040936927],[92.747059833154196,11.60049065982488],[92.746999797845433,11.60053357839706],[92.746979044965727,11.600548414618986],[92.746969053004833,11.600556094959417],[92.746944158891679,11.600583223419596],[92.746797782907706,11.600791423198157],[92.746782507056295,11.600813151291199],[92.746776369766295,11.600824488758184],[92.746773920958802,11.600833230328558],[92.746775206447992,11.600887873496875],[92.74677594486316,11.600897322556781],[92.74678125300818,11.600909869971584],[92.746830402532296,11.600998758696491],[92.746876404359696,11.601060495222933],[92.746882368274868,11.601067482137598],[92.746894650041412,11.601079881710794],[92.746905750523382,11.601089391481725],[92.746981575519882,11.601154346895605],[92.747027528838231,11.601193712952464],[92.747044084788939,11.601204744176636],[92.74714316177824,11.601251408643519],[92.747171146095994,11.601259895011109],[92.747192072350515,11.601263197513919],[92.747209494277158,11.601262917685551],[92.747258215304896,11.601254785063322],[92.747283779561272,11.601248502124156],[92.747324238783335,11.60123354362451],[92.747346118150418,11.601221809310582],[92.747400024253963,11.601179737369348],[92.747429927373148,11.601156398971128],[92.747642775094889,11.600973578517779],[92.747664395747123,11.600956850394999],[92.747685088439695,11.600945396778128],[92.747694778566682,11.600942273784284],[92.747730430005362,11.600935723328881],[92.747784292091495,11.600939862681694],[92.747869553890041,11.60095458008681],[92.747903510207777,11.600956303057147],[92.74793070221142,11.600955950191413],[92.747955210947339,11.600954478010955],[92.747979212135093,11.600949608287879],[92.748008586146582,11.600940476016946],[92.748029118040705,11.600926383385856],[92.748234455846671,11.600691235653759],[92.748251897536207,11.600671262202038],[92.748284345582604,11.60063632933729],[92.748343758358828,11.60057954692339],[92.748373935464187,11.600562216000514],[92.748388288745787,11.600552582136464],[92.748394567969626,11.600550367262862],[92.748411388025019,11.600544433654196],[92.748413923070757,11.600543539609001],[92.748451172612334,11.600548179668142],[92.748453361806668,11.600548988356625],[92.748481739586495,11.600559466987843],[92.748523025258635,11.600587017831153],[92.74853984621231,11.600608355235417],[92.748600637902555,11.600776411876137],[92.748600876854425,11.60077707184986],[92.748600991838785,11.600778427875875],[92.748603016641397,11.600802255566137],[92.748604358724478,11.600812742987518],[92.748604749491605,11.600818976658479],[92.748603806260547,11.600828863943198],[92.74859901734176,11.60084893681967],[92.748581163325525,11.600898923212386],[92.748532783657566,11.601012898842002],[92.748511990353691,11.601051047928452],[92.748480911339811,11.601088764067391],[92.748455751325295,11.601109400982031],[92.74832284557904,11.601218418810948],[92.748266923655962,11.601249173536285],[92.74806548453833,11.601317427015324],[92.74803347666645,11.601336901481641],[92.748002494670615,11.601371117088805],[92.747955596324587,11.601437843802415],[92.747942541108571,11.601470430586103],[92.747926802624789,11.601539882520042],[92.747924403224644,11.60155047198934],[92.747923055751727,11.601567601339411],[92.747922291285434,11.601577321404763],[92.747920914168077,11.601613530097115],[92.74792063838531,11.601620774826895],[92.747922357760757,11.601644285658889],[92.747925937547151,11.601693252913057],[92.747937834834786,11.60176281038696],[92.747982614953386,11.601898100970413],[92.748007158723581,11.601952185154857],[92.748067351237509,11.602045222563778],[92.748104573829622,11.602098104693253],[92.748122059536641,11.602119246630691],[92.748158684749058,11.602145989516195],[92.748180228146211,11.602154780322957],[92.748212640259993,11.602166607873482],[92.748236806737737,11.60216929967291],[92.748276417950208,11.602170096037213],[92.748315313205367,11.602168257799581],[92.748336375105524,11.602162684129185],[92.74843219031203,11.602117343275628],[92.748587444345958,11.60204387446359],[92.748655760325022,11.60203088535933],[92.748822582863156,11.602015274850476],[92.748873847919782,11.602011577254038],[92.748927868109405,11.602013118065903],[92.748996616178118,11.602027573186032],[92.7490326862317,11.602040689004848],[92.749060921179407,11.602065530302317],[92.749072489683627,11.602095079387986],[92.749072440276279,11.602096590280704],[92.749060919382785,11.602134652982881],[92.749049521558433,11.602156075624995],[92.749025319148075,11.602185662539391],[92.749007824457905,11.602207049099217],[92.748990631601686,11.602237960348544],[92.748983052515641,11.602253741557245],[92.74897798332249,11.602276492930223],[92.748974728726196,11.602300566881445],[92.748974255314053,11.602304074402657],[92.748976006130547,11.602315356371557],[92.749057178797926,11.602463179952766],[92.749066468276283,11.602486401207074],[92.74907853534549,11.602525649161439],[92.74908181689122,11.60253632218947],[92.74908159500734,11.60254094197639],[92.749067939716724,11.602560691784637],[92.749065396586147,11.602563337822358],[92.74903905438876,11.602583106988135],[92.74903399238211,11.602586906652251],[92.74902876778043,11.602587952923828],[92.748978660652199,11.602570828036153],[92.748969001966273,11.602566002339245],[92.748707658693931,11.602435432183643],[92.74867734594298,11.60241817529268],[92.748637046621027,11.602394294062792],[92.748592816271369,11.602359242619103],[92.748532818691857,11.602330140581133],[92.748484144376505,11.602307837992196],[92.748436550734439,11.60229766653274],[92.748389860797545,11.602300937344694],[92.748352527712655,11.60230542162164],[92.748306643564547,11.602312794807649],[92.748229676809345,11.602338787068661],[92.748177047211797,11.602375931059616],[92.748126242990921,11.602459946980966],[92.748087743892768,11.602553554434289],[92.748077733067248,11.602617545072173],[92.748071891322951,11.602660758103529],[92.748070160269393,11.602724592964076],[92.748160448141959,11.603220275971564],[92.748159909152804,11.603284136222914],[92.748159613607058,11.603300573820395],[92.74815400183148,11.60331003599795],[92.748144785116679,11.603323605814245],[92.748121328307988,11.603347588159641],[92.748101568964998,11.603371124364866],[92.748051646889706,11.603430588318513],[92.748045690161049,11.60344465442445],[92.748040210437836,11.603456527678034],[92.748035872473309,11.603484679245582],[92.748031828257908,11.603516649820806],[92.7480310458253,11.603616303097512],[92.748030902993165,11.603627731086071],[92.748032744539472,11.60364122169088],[92.748039931960093,11.603660685435585],[92.748078518194788,11.603772465328184],[92.748101267131048,11.603838365189572],[92.748196883809896,11.604094806929593],[92.748218856601738,11.604154829500025],[92.748533892178614,11.604842496232814],[92.748656597554856,11.605099835480253],[92.749196555109194,11.606155057049218],[92.749524949532685,11.606803899158351],[92.7496365867663,11.607008952010679],[92.749712179997459,11.607141239438258],[92.749773472049284,11.607229090483232],[92.749825273400134,11.607295023845948],[92.749854966313535,11.607328200388199],[92.749879319640911,11.60735248157037],[92.749933794378023,11.607402509035307],[92.749981112237322,11.607444687391437],[92.750043491250665,11.607499739318778],[92.750070409268147,11.607520148733785],[92.750106298760386,11.607547361871411],[92.75014726283564,11.607554658363789],[92.750174100004756,11.607558377885319],[92.750198738098035,11.6075501116952],[92.75021482692479,11.607520350240856],[92.750235949910376,11.607466995729341],[92.750268458143864,11.607399555063047],[92.750294475151136,11.607358293601978],[92.750328685692097,11.607314717001238],[92.750392648435295,11.607269689365207],[92.750438438260232,11.607242815859093],[92.750540109584094,11.607249812298326],[92.75061500123104,11.607283193873011],[92.750704832759453,11.607338391023053],[92.750784421696991,11.607423164841753],[92.750854112098438,11.607514442298781],[92.750913812335568,11.607580653656226],[92.750992962895253,11.607656928909323],[92.751168803620558,11.607871761696659],[92.751351254149711,11.608085767173135],[92.751479986323162,11.608219200653799],[92.75152421667282,11.608256876226406],[92.751617451019541,11.608312180536586],[92.751819642925355,11.608436980809811],[92.75189127638275,11.608486562830253],[92.751942205469462,11.608521631982876],[92.752000245619953,11.608585418865598],[92.752066208911273,11.608673873974505],[92.752108149455282,11.608742969499556],[92.75215763764426,11.608849280291642],[92.752205027368788,11.608944669237941],[92.752291888168529,11.609106817348705],[92.752407856180128,11.609307478497021],[92.752485777844512,11.609488154361353],[92.752577648548595,11.609742869751456],[92.75262378422498,11.609944066323214],[92.752645150654004,11.610017437141751],[92.7526679193532,11.61009931163842],[92.752691919642658,11.610185611305697],[92.75271491920887,11.610238538528634],[92.75273655243754,11.610276938014987],[92.752771639734235,11.610335782782309],[92.752803865896738,11.610389830133565],[92.752872799916673,11.6104826632236],[92.752917586323505,11.610534587265189],[92.752942952052166,11.610560075437837],[92.752951656727291,11.610566867649149],[92.752962652106348,11.610575447886358],[92.75296888282115,11.610580677334429],[92.752980701057027,11.610589166058036],[92.75299823886634,11.610598450241739],[92.753007257951808,11.610602554253857],[92.753022356835075,11.61060516765774],[92.753036811626316,11.61060581088948],[92.753051355350777,11.610605423718535],[92.75306786458907,11.610604001745221],[92.75309049584601,11.610599655751324],[92.753217932648852,11.610549851483212],[92.753278228469028,11.610526287725758],[92.753289941602006,11.610528255258664],[92.753314769239822,11.610541109337335],[92.753333418265129,11.610555010537022],[92.753348251247118,11.610571150288342],[92.753358272852438,11.6105809272357],[92.753365568969144,11.610589554988907],[92.753386271543192,11.610622068549013],[92.753397531026991,11.610639751700408],[92.753415444332035,11.610667884944386],[92.753413667464415,11.610676581329715],[92.753412553553474,11.610691570120711],[92.753408308115425,11.61070202901244],[92.75339390093491,11.610726603798712],[92.753377579444518,11.610754444895996],[92.753369826983601,11.610780346617252],[92.753363207298278,11.610803219605568],[92.753355799790455,11.610838519009384],[92.753336373722419,11.610897886338455],[92.753316447292804,11.610958786497918],[92.753309750352344,11.610976621856333],[92.753293459404688,11.611015245623891],[92.753271556681412,11.611069574421846],[92.753266230570091,11.611120906159675],[92.753262051607408,11.611178327018695],[92.753274608258423,11.611222229470558],[92.753294688299974,11.611260573385726],[92.753321414976327,11.611301343267529],[92.753375870848842,11.611384412334237],[92.753451156856173,11.611488330466422],[92.753489704463334,11.611544858999745],[92.754234223679219,11.612636667332934],[92.754312392380299,11.612772455080936],[92.754326201282851,11.612852712343013],[92.754314769322562,11.612920810755648],[92.754268637239448,11.613056314149098],[92.754252967027611,11.613185881497119],[92.754275789625737,11.613350816504916],[92.75433429420525,11.613491720668224],[92.754385757789564,11.613559412399541],[92.754395420068775,11.613568355073589],[92.754426507167494,11.613597127727211],[92.754438428709605,11.613605842499581],[92.754472052650684,11.613630424069328],[92.754506459922723,11.61364741892911],[92.754517927815641,11.613652598163881],[92.754670396173864,11.613721454875726],[92.754739278091535,11.613744224671658],[92.754821926690909,11.613778880478709],[92.75486645617957,11.613805315152879],[92.754919312152552,11.61384122924335],[92.754936570585798,11.613854616403037],[92.754953861358388,11.613868028199972],[92.755080018960257,11.614022918481245],[92.755107873920593,11.614063312231973],[92.755116117759954,11.614075266866358],[92.755124921249745,11.614094941944343],[92.755125658766588,11.614096590040033],[92.75517285714993,11.614265634626657],[92.755174000705296,11.614274493685413],[92.75517725440325,11.614299695541449],[92.755176298595771,11.614310097982798],[92.755173640480862,11.614339030705695],[92.755167921805779,11.614386701365936],[92.755160941895994,11.614408042994155],[92.755122021488006,11.614471138671659],[92.755106350377886,11.614488764384044],[92.755038752152743,11.614550326340028],[92.755028411645497,11.614559743259971],[92.755024073681,11.614562599485106],[92.755021942877136,11.614563416052256],[92.755018863452364,11.61456453795212],[92.754997559007066,11.614565250688521],[92.754990280856646,11.61456537827716],[92.754954562942615,11.61456600478123],[92.754952907347572,11.614565903590254],[92.754944934799397,11.61456541523383],[92.754942309922143,11.614565417873601],[92.75493895381625,11.61456508438336],[92.754921712451008,11.614561304240688],[92.754812809689113,11.614536187760738],[92.75474272852054,11.614504364515662],[92.754639707028787,11.614431257974489],[92.754637439681019,11.61443036573365],[92.754625974483062,11.614425852614225],[92.754621442482446,11.61442521731059],[92.754614055635869,11.614422959430955],[92.75453079348712,11.614404239091455],[92.75451926900034,11.61440164860114],[92.754512704112244,11.614400896267851],[92.754508357164596,11.614400397352062],[92.754496779677197,11.614399435597337],[92.754438727848594,11.614406149402086],[92.75442255188527,11.614410409984259],[92.754413667547112,11.614414560576083],[92.754402737745053,11.614420190316656],[92.754388622517013,11.614433900379904],[92.75432512150789,11.614514445777983],[92.754314486353238,11.614527934976275],[92.75426672921779,11.61459712584203],[92.754255105018004,11.614618187639158],[92.754234571327245,11.614695130587169],[92.754218843623235,11.614754541091086],[92.754213461816391,11.614795789138853],[92.754209980844635,11.614930192600491],[92.754211856526979,11.614948841631103],[92.754213702564883,11.614956477579032],[92.754226734424719,11.615007102905325],[92.754227491704498,11.615010044478128],[92.754229157181015,11.615014440558749],[92.754316270407372,11.615244306379219],[92.754316444680555,11.615244766577023],[92.754317075297877,11.61524593774967],[92.754398924396682,11.615397935851977],[92.754411969731223,11.615422162656433],[92.754431197271572,11.615450734497236],[92.754433069360616,11.615453236985953],[92.754437039914194,11.615459667431498],[92.754440577479755,11.615463270698333],[92.754445433772204,11.615469759218312],[92.754603756451147,11.615654665255025],[92.754605039245362,11.615656164635359],[92.754639757334459,11.615702564468934],[92.754642657096184,11.615707780622095],[92.754645556857909,11.615712996775157],[92.754653021857933,11.615730906622456],[92.754660800370004,11.615756711970349],[92.754666361839938,11.61578700225599],[92.754677136233411,11.61584569187481],[92.754677561136575,11.615887272369839],[92.754672795573981,11.615953703478194],[92.754653647085377,11.61605643289945],[92.754643464681635,11.616069846350275],[92.754625905312778,11.616091404309163],[92.754606031883768,11.616107313201793],[92.754580677833189,11.61612637835422],[92.754544253843335,11.616140534451178],[92.754500527448556,11.616141279740456],[92.754471661883557,11.616136957590593],[92.754429707864844,11.616124225198417],[92.754403838181261,11.616108777383015],[92.754375759540466,11.616079659181402],[92.754304811497633,11.615965130961198],[92.754265855157016,11.615908301512556],[92.754255667363353,11.615897984482816],[92.754246420105844,11.615893645610766],[92.754231574547433,11.615888986448745],[92.754211865510129,11.615886166313782],[92.754195120913224,11.615884361603394],[92.754179543227892,11.615884739967852],[92.754162167115339,11.615886285102638],[92.754149882653834,11.6158893912107],[92.754137953925166,11.615893788157361],[92.754111159875208,11.615908338469074],[92.754072349959984,11.615957706221005],[92.754013209373227,11.616032934721268],[92.754000756926771,11.616048774983749],[92.753994682518822,11.616062946043272],[92.753891389735884,11.616303931377479],[92.753855162477095,11.616429930038288],[92.753853921005387,11.61643424954385],[92.753842563605232,11.61655569810433],[92.753838960462645,11.616594222548457],[92.753837956146157,11.616603429979548],[92.753839135634109,11.616611603510211],[92.753877160421794,11.61674979236871],[92.753903998489207,11.616836544013138],[92.753907338425435,11.616844320695625],[92.75390990940376,11.616849815760228],[92.753913161305093,11.61685588892839],[92.753931593836398,11.61688306507839],[92.753971913819626,11.616940032474762],[92.753975732557919,11.616946222669489],[92.753981140415917,11.61695441378839],[92.754004211847374,11.616975915364337],[92.754070286529782,11.617038527387969],[92.754112994235015,11.617067576856142],[92.754173461633414,11.617108706653202],[92.754203590229721,11.61713661486646],[92.754226123570319,11.617160191263883],[92.754243109814027,11.617180018349112],[92.754332465235308,11.617271712330563],[92.754371719816618,11.617308519085894],[92.754397541889446,11.61732998631792],[92.75442136880406,11.617352191795044],[92.754440296307109,11.617369961630905],[92.754462129860059,11.617392904471544],[92.754479276003892,11.617416689386539],[92.75448745426624,11.617435534471273],[92.754494098206109,11.61746031896303],[92.754498680512356,11.617484325610166],[92.754500871503311,11.617503363391084],[92.754499316519571,11.617520790051595],[92.754496539827045,11.617562208392926],[92.75448211378189,11.617608306099417],[92.754481043888376,11.617611726316818],[92.754412768333509,11.617741186837945],[92.754397580517022,11.617770289027565],[92.75437751664515,11.617843734338663],[92.754371576984468,11.617919281737509],[92.754380869157785,11.618008420215331],[92.754438611965938,11.61810193885823],[92.754496964730166,11.618172900975662],[92.754535182655616,11.618280498119564],[92.754522735599025,11.618360738837248],[92.754493089398025,11.618421434987217],[92.754450427506868,11.618491517114213],[92.754408264180711,11.61859564289513],[92.754397353243249,11.618684604294998],[92.754390126296769,11.618768452519998],[92.75437252740204,11.618881895541739],[92.754333120107177,11.618949630839287],[92.754264535531874,11.618981884731518],[92.754173962893361,11.61898822006564],[92.75405489210074,11.618973328510561],[92.753935572474816,11.618941415141633],[92.753829767104023,11.618934159423011],[92.753692100286727,11.618964623585011],[92.753579857588605,11.61899887222572],[92.753481987036722,11.619052244768255],[92.75339498699806,11.619110065231148],[92.753281844188038,11.619243257620436],[92.753207001948468,11.619297226692797],[92.753130982017552,11.619302895930552],[92.753031435209351,11.619273925886951],[92.752936001786836,11.619237075395864],[92.752834738298091,11.619219172813141],[92.75276197206513,11.619222497100919],[92.752684913681748,11.619253489175378],[92.752608603594993,11.619335547499556],[92.752491418366191,11.619513430202753],[92.752325729501919,11.620003972882419],[92.752243798656451,11.620215410285917],[92.752212035126306,11.620420161146285],[92.752212244433764,11.62053059246875],[92.752256861058967,11.620690095013824],[92.752374051677677,11.621089691722345],[92.752419138121795,11.621153017300951],[92.752452855487647,11.621177851616403],[92.752523275321096,11.621219724322705],[92.752566045010099,11.621237947060633],[92.752600631945185,11.621247815143491],[92.752618796778521,11.621249827475641],[92.752637725179866,11.621251262593107],[92.752683374867658,11.62124608525934],[92.752711795766629,11.621236993248582],[92.752813934214444,11.621201989048432],[92.752850457018923,11.621187173283147],[92.752881423743418,11.621178894298611],[92.752912390467884,11.621170616193741],[92.752940578703175,11.621165606039584],[92.752982404262795,11.621159020863184],[92.753026974175626,11.621146860635914],[92.753050419306234,11.62113961025411],[92.753077981415771,11.621123998175335],[92.753117181199812,11.621098994034204],[92.753162496714339,11.621073443472381],[92.753206185379881,11.621065447812585],[92.753264137495492,11.6210664790565],[92.753317091384858,11.62108003744982],[92.753334982232047,11.621089798190358],[92.753354700252544,11.62111796293591],[92.753370834893332,11.621150044996472],[92.753384014975182,11.621202370045372],[92.753396294945148,11.621253695517598],[92.753400698486658,11.621297539188955],[92.753400594282084,11.621333994332389],[92.753395821532962,11.621363978686468],[92.753387024331403,11.62138381427159],[92.753371623614157,11.62140822269493],[92.753349001340396,11.621435205702886],[92.753302920461252,11.621480583010751],[92.753269377368525,11.621506446779504],[92.753225026644628,11.621545782686333],[92.753182389906328,11.621576602921975],[92.753131874942937,11.62161871490091],[92.753084386403756,11.621650429105998],[92.753032654223176,11.621686204921206],[92.753005004078744,11.621696024593732],[92.752982234481223,11.621700221711741],[92.752956811260361,11.621701758015272],[92.752921170601482,11.621711476498907],[92.752841026505067,11.621729396519454],[92.752758166801598,11.62174991751972],[92.752691733691378,11.621761112471734],[92.752609774998135,11.621775167974047],[92.752481304234394,11.621792549492564],[92.752398188511066,11.62180785972866],[92.752332818107817,11.621835284406961],[92.752273451145641,11.621866727578677],[92.75222719419672,11.621898316809977],[92.752150316374696,11.621961176738699],[92.752049448144717,11.622048958880796],[92.751987582069404,11.622121865446617],[92.751943579891844,11.622219667808762],[92.751907484685404,11.622331388346867],[92.751885272941706,11.622420049389081],[92.751871741618558,11.622499422216647],[92.751861688572248,11.622583279852337],[92.751855412043327,11.622645939890081],[92.751856091169699,11.622717567811179],[92.75186215030628,11.62280358112509],[92.751887023758187,11.622919439575638],[92.751912020279292,11.622981461613998],[92.75195170156033,11.623038213069231],[92.75198457720478,11.62307315544605],[92.752037042410635,11.623114738382142],[92.752098188935392,11.623147033147196],[92.75214890152813,11.62316587520468],[92.752200239348284,11.623174351226487],[92.752234236988528,11.623178414578254],[92.752268871534326,11.623170353866687],[92.752305663833411,11.623157655231875],[92.752343828758271,11.623150609917799],[92.752384402066383,11.623145761699828],[92.752418332332979,11.62315027027859],[92.75246775584327,11.62316449817007],[92.752498573447397,11.623179380702156],[92.752546088936043,11.623205079772971],[92.752576036072682,11.623227975498743],[92.752642204179892,11.623286091619242],[92.752672235758155,11.623311265383565],[92.752694502299107,11.623346976753229],[92.752695588362258,11.623376589575534],[92.752676077852598,11.623416051043053],[92.752660883747893,11.623446237548531],[92.752651044500595,11.623463690234136],[92.752629555002358,11.623518206662425],[92.752607310919288,11.623560523362888],[92.752582274872324,11.623598852382159],[92.752542392368653,11.623653023865998],[92.752506768777749,11.623684785353683],[92.752466222419102,11.623723764596431],[92.752394468587454,11.623783718708642],[92.752343998539857,11.623831322641152],[92.752276315873075,11.623888540266035],[92.752235769514414,11.623927520360141],[92.752208791309826,11.623957380370346],[92.752182397908427,11.623996621782654],[92.752163958190621,11.624050064638972],[92.75216374169662,11.624101033230508],[92.752187623408446,11.624212040302325],[92.75223190765702,11.624346475297573],[92.752252253599892,11.624432493387802],[92.752264219159471,11.624506549346124],[92.752274402461524,11.624583758809898],[92.752295650312931,11.624702401370156],[92.752309132228731,11.624787167268169],[92.752321278349697,11.624941247261598],[92.752320686359909,11.625031562543228],[92.752303444994652,11.625072472072411],[92.752268484360442,11.625119425547314],[92.752226927397089,11.625151264297912],[92.752198434632874,11.625170415060477],[92.752171297426472,11.625188653377945],[92.75212074832713,11.625230446291408],[92.752088501503351,11.625275575732578],[92.75208684860327,11.625321645766183],[92.75209402973563,11.625346140073443],[92.752124753914984,11.625389997178852],[92.75219463835252,11.625427081785876],[92.752293571611389,11.62548569194402],[92.752404636618152,11.62553028461285],[92.752487981411889,11.625583734213954],[92.752522508159828,11.625638718326856],[92.752533413707397,11.625668528879944],[92.752539981290454,11.625714937604773],[92.752536466182733,11.62575834942969],[92.752505496763305,11.625796755576458],[92.752456918567702,11.625815722398487],[92.752407248919013,11.625821738178605],[92.752360987478482,11.625809826282721],[92.75230573210537,11.625807868536457],[92.752261649079429,11.625821857843107],[92.752222256157609,11.625834529079995],[92.752179020242977,11.625906347116269],[92.752153534140064,11.625972343811959],[92.75216354855884,11.626026699610062],[92.75217555813586,11.626070549569235],[92.752192597380173,11.626117128924729],[92.752217823869998,11.626188748034151],[92.752233780644374,11.626260488549239],[92.752233318012003,11.626331047361218],[92.752219221648588,11.626395497999887],[92.752190702833232,11.626448262005356],[92.752152124683377,11.626495569841456],[92.75210839289872,11.626531070510632],[92.752052853657943,11.626589777223611],[92.752007126715057,11.626635781928444],[92.751983512701187,11.626682194891476],[92.751986918214413,11.626722665996398],[92.752028067342636,11.626759148586009],[92.752093450322263,11.626794615786055],[92.752171802279662,11.626839693060647],[92.752196532899433,11.626874993952631],[92.752212658557085,11.626906915211487],[92.752220180150985,11.62693545683838],[92.752238922601066,11.627002271580634],[92.752258453771987,11.627074662998769],[92.752251879900726,11.627167655068424],[92.752234749926572,11.627218872975755],[92.752209681540251,11.627263209321598],[92.752152146242949,11.627332420781455],[92.752103757591826,11.627392430429191],[92.752070085141725,11.627433387125111],[92.752074279375819,11.627479435684588],[92.75212307496372,11.627553540105939],[92.752178647442122,11.627601709157076],[92.752204166782732,11.627642588392785],[92.7522296861233,11.627683467622452],[92.752235335628143,11.627731592657142],[92.752244808362818,11.627798527751853],[92.752235741666638,11.627865706557113],[92.752208677223763,11.627920546799086],[92.75215513493788,11.627968749222168],[92.752095649398086,11.627999566107414],[92.751997506656679,11.628019712697121],[92.751866401134222,11.628028416459848],[92.751781227370557,11.628058173084471],[92.751650324867356,11.628133934163246],[92.75151634473599,11.628271511949839],[92.751409496421161,11.628362412150029],[92.751320638666499,11.628465082443045],[92.751245418236181,11.628587220861483],[92.751194425369064,11.628688303773751],[92.751161229026067,11.628786970508296],[92.751118940834061,11.628872658153128],[92.751081973363483,11.62902158157353],[92.751026099949442,11.629254795199447],[92.751009711983727,11.629351544486132],[92.751002383527648,11.62939481232454],[92.751029589006009,11.629549639421167],[92.751043188601102,11.62960781933306],[92.751089674620431,11.629716570853306],[92.751221140367321,11.629911330809957],[92.75128029981866,11.629975713749527],[92.751339460168325,11.630028830785333],[92.751401906555316,11.630062631970191],[92.751454492135409,11.630101261890696],[92.75154323221075,11.630151158570117],[92.75160074864344,11.630184960619983],[92.75163361440643,11.630204275572424],[92.751682914847549,11.630220371071822],[92.751727284436058,11.630230028546961],[92.751779870914476,11.630230028546961],[92.751852177210012,11.630210713596302],[92.751932699497132,11.630159206761416],[92.752000075838367,11.630102871177282],[92.752031299481018,11.630059412516587],[92.752080599023827,11.629990199974882],[92.752105248795203,11.62993386523647],[92.75214140149383,11.629869481407336],[92.752185771980663,11.629830851454656],[92.752253148321898,11.629806707731516],[92.752318880746174,11.629853385887634],[92.75234024448028,11.62988879638166],[92.752336957544671,11.629917768840615],[92.752322167681825,11.629966056265571],[92.752295873993447,11.629995028716484],[92.752272868139016,11.630009515820715],[92.752241184558955,11.630034302713156],[92.752185443197263,11.630098171778789],[92.752165460173757,11.630158948958847],[92.752164408246557,11.630184702817438],[92.75216966698423,11.630228998216882],[92.752177028677977,11.630269174049159],[92.752188598080522,11.630299047457235],[92.752220149608263,11.630335101960609],[92.752252753063175,11.630360855802929],[92.752276942897154,11.630378367886422],[92.752295873993447,11.630396910298288],[92.752325322565099,11.630432964788978],[92.752333736186046,11.630456657963723],[92.752332685157171,11.630469019275012],[92.752324270637899,11.630549369984674],[92.752324270637899,11.630584394126826],[92.752336891967644,11.630624569907845],[92.752378960970731,11.63070079925919],[92.752425236784276,11.630783210558082],[92.752458892166374,11.630846048244219],[92.752483082000367,11.630898585279645],[92.752487288810826,11.630935670032859],[92.752474667481081,11.630954212407614],[92.752449426618242,11.630959362284964],[92.752409460571243,11.630952151752787],[92.752374754160243,11.630941850238022],[92.752336891967644,11.630928458620216],[92.752248546252702,11.63090270571027],[92.752186494226137,11.630894463969126],[92.752140218412592,11.630897554952046],[92.752082374094826,11.630916097329335],[92.752042408047828,11.630936699480499],[92.752004545855215,11.630973784228637],[92.751971942400303,11.631009839524452],[92.751947489359949,11.631058963515747],[92.75192941345982,11.631113689625588],[92.751917909634287,11.63116358612354],[92.751903119771441,11.631205435331649],[92.751883762873717,11.631393679701711],[92.751880113018714,11.631429166548312],[92.751855463247324,11.631508036163032],[92.751843355753905,11.631529510219472],[92.751794660777321,11.631615877157824],[92.751756864161749,11.631665774445633],[92.751733857408979,11.6317156717245],[92.751732214390316,11.631805807955379],[92.751733857408979,11.631850875619936],[92.751752154294692,11.631999076836443],[92.751852177210012,11.632142209066394],[92.751998432819704,11.632235563707731],[92.752029655564058,11.632251659969507],[92.752144688429439,11.632259707220204],[92.752203847880793,11.632259707220204],[92.752299160929056,11.632253269243691],[92.752386257087437,11.632227516456348],[92.75248814310865,11.632216248896238],[92.752507862925768,11.632235563707731],[92.752527582742886,11.632288679432383],[92.752525939724251,11.632336967325887],[92.752514436797014,11.63239652100456],[92.752499646035872,11.632444807999507],[92.752481570135714,11.632502753262237],[92.752455276447364,11.632565526330049],[92.752428983657296,11.632610593871597],[92.752277967874903,11.632847938090379],[92.75224859835501,11.632902969161142],[92.752218168823049,11.632956498294243],[92.75217279851131,11.633012603656509],[92.752119354141797,11.63306513236425],[92.75207106071214,11.633113044421593],[92.752044211864927,11.633160275456916],[92.75201038580289,11.633252376832639],[92.751991647844406,11.633338681646029],[92.751955777216764,11.633475867081508],[92.751926044777505,11.633622999281158],[92.751899491476038,11.633808989572755],[92.751886742585498,11.63392014147025],[92.75187157093869,11.63399898574305],[92.7518501560006,11.634052777743435],[92.751824720203331,11.634102264579708],[92.751800077618483,11.634134233402104],[92.751764634588937,11.634171927466824],[92.751739454811528,11.634192515299221],[92.751719208581648,11.634220544980828],[92.751714275932414,11.634259566741509],[92.75171834619897,11.634309304300833],[92.751720077252543,11.634364103679713],[92.751725598298265,11.6344748242248],[92.751720525511857,11.634516936892515],[92.751710753638193,11.634546455261759],[92.751695627805447,11.634577804612903],[92.751680688822276,11.634605033584792],[92.751658571401634,11.63462781927066],[92.751646437857104,11.634639681517182],[92.751597105974966,11.634658185811245],[92.751544851873206,11.634671400398169],[92.75151483197304,11.634682484848415],[92.751487056962787,11.634690568982846],[92.751476372400774,11.634716949760762],[92.751474105053006,11.634743696556962],[92.751467069447699,11.63478262673908],[92.751452995542138,11.634814022696073],[92.751431135938006,11.634854372078268],[92.751401654128699,11.634876837475689],[92.75134944673934,11.634889021739365],[92.751286858418538,11.634897656658403],[92.751216133157939,11.634899741920036],[92.751172810106709,11.634901987315702],[92.75112925259522,11.634909385155131],[92.751092686671569,11.634925347523966],[92.751064795778618,11.634959239619304],[92.751070875576474,11.63501113006337],[92.751097763949559,11.635069088869438],[92.75112446637138,11.635131168911306],[92.751191407029722,11.635259016430448],[92.751267561707934,11.635462638812204],[92.751291582658638,11.635634227289348],[92.751292233937207,11.635685704075815],[92.751275660020227,11.635795462414155],[92.75125426933667,11.635871970142798],[92.751228880251816,11.635920427226342],[92.751204823368482,11.635962746440931],[92.751147894433984,11.636032545239599],[92.751114555258837,11.636070330551927],[92.751083881385142,11.636095841903822],[92.751042686442858,11.636120894849787],[92.75096974054685,11.636148697334985],[92.750908742244107,11.63616875886891],[92.750794297775229,11.63620508096707],[92.750724230979685,11.636224618984356],[92.750679114891199,11.63623878901722],[92.750626255324917,11.636278435190389],[92.750573432589604,11.636353576375077],[92.750551479560656,11.636438126680831],[92.75053230322429,11.636534090402099],[92.750520578413202,11.636611019376636],[92.750500707679109,11.636685980101916],[92.75048361363757,11.636772355118291],[92.750464033957641,11.636840875290186],[92.750432034170601,11.63689272227065],[92.750373585286624,11.636946644809409],[92.750326752517608,11.636962353664371],[92.75025009927441,11.636977475658066],[92.750213088684703,11.636979995550359],[92.750183490094415,11.636981805403131],[92.750133666833818,11.636987897488954],[92.750069021371033,11.636995410533354],[92.750018052758421,11.637003518356517],[92.749962595264378,11.637017625880313],[92.749919950441196,11.637028160330559],[92.749856613823781,11.637053283580586],[92.749813634827305,11.637090068364504],[92.749744116902434,11.637133829475633],[92.749685303302456,11.637195803474807],[92.749655165723013,11.637242891281494],[92.749621522018984,11.637294666039372],[92.74959047085288,11.637325581315013],[92.749554999077262,11.637345011032147],[92.749511819756478,11.637352812657548],[92.749442958500069,11.637358734924268],[92.749332220480042,11.63736552824184],[92.74930380047941,11.637367272103397],[92.749259951015418,11.637365447295656],[92.749214677721739,11.637368759048917],[92.74910125823061,11.637380072152547],[92.749077937965822,11.637382632514257],[92.749068307127672,11.637384862052592],[92.749064666255805,11.637385704948271],[92.74899291062755,11.63741937502186],[92.748976470559541,11.6374270895401],[92.748945055575746,11.637441460117319],[92.74893252946741,11.637448251673169],[92.748931983291712,11.637448547302482],[92.748818049065918,11.637519020572528],[92.74881709775002,11.637519914499048],[92.748800167201892,11.637535827446605],[92.748696124325676,11.63765029312461],[92.748678284682455,11.637670077398008],[92.748617258531922,11.637917612096549],[92.748606732971766,11.638039716451805],[92.748528501388606,11.638326944214407],[92.748529880302556,11.638457498430913],[92.748560604481909,11.638537262616396],[92.748591664631192,11.638580141014723],[92.748632623316553,11.638611300744566],[92.748690978775727,11.638634496110329],[92.748755801206613,11.638650739815981],[92.748799644382387,11.638654626092949],[92.748830006540686,11.638649911001636],[92.748862085379471,11.638642812409095],[92.748893247038339,11.638632939663786],[92.748931791950568,11.638618888532015],[92.748949706153951,11.63861627803049],[92.74898201675812,11.638625044810667],[92.74899266538749,11.638634544501821],[92.749003661664887,11.638667840490019],[92.748997976227457,11.638713164837807],[92.748979876072767,11.638777747225484],[92.74900186952587,11.638844340043454],[92.749023313210017,11.638888425541277],[92.749067453728131,11.638942484069052],[92.749108361209551,11.63900001885105],[92.749188561001489,11.639064720830953],[92.749233585461852,11.639104400915299],[92.749249731780779,11.639130548116066],[92.749240297673666,11.63917399568183],[92.749208716501528,11.639229975732404],[92.749134621660261,11.639342949379104],[92.749079441745621,11.639446864118106],[92.749023828843022,11.639536205106362],[92.748984097256297,11.639618674497616],[92.748941868353114,11.639665155682922],[92.748902672162316,11.639709449573193],[92.748854745245282,11.639740572223175],[92.748814367769882,11.639749073255693],[92.748794053268057,11.639767156645521],[92.748773286913647,11.639814193865968],[92.748734291047157,11.63985719876465],[92.748663932299152,11.639911365324648],[92.748620586790068,11.63995636128902],[92.748557759517411,11.640031436372022],[92.748555607153989,11.640035887487628],[92.748533961348897,11.640080659952297],[92.74851411127608,11.640130472137242],[92.748507826662347,11.64017966402568],[92.748497060353657,11.640233528737642],[92.74849579193247,11.640239872386575],[92.74849052061839,11.640244685993038],[92.748480885288657,11.640253484396158],[92.748463603499232,11.640265914779604],[92.748457798585861,11.640266977626631],[92.748451455581616,11.640267558321236],[92.748445831229617,11.640267929613808],[92.7484400631472,11.640267831951531],[92.748432303499769,11.640267380593469],[92.748431698035247,11.640267345399893],[92.748425774544302,11.640267165032634],[92.748419118926336,11.640270137132999],[92.748412977144739,11.640274363885496],[92.747822406710682,11.641003592990284],[92.747788309357418,11.641043701279017],[92.747782761362231,11.641048661804472],[92.747780704220219,11.641051644454558],[92.747778970471714,11.641054158151068],[92.74777786105237,11.641056430772002],[92.747569621688044,11.640968771642525],[92.747311521333856,11.640959634524387],[92.747180916173022,11.64100531923228],[92.747012995893584,11.641054050810846],[92.746879280765242,11.641099735503227],[92.746506123291155,11.641057095929328],[92.746316435035752,11.641041867697041],[92.746108237892258,11.640965465211183],[92.746075632640697,11.640947070436557],[92.745774385305097,11.640732921279005],[92.745477997855218,11.640704367869594],[92.74356635598113,11.640975623821058],[92.743412802458039,11.640839618427712],[92.742408459919275,11.640114200363081],[92.742321686256076,11.640059072176486],[92.742279471725951,11.63999705306346],[92.742267746016537,11.639937331202246],[92.74226071041123,11.639859232958306],[92.742248983803492,11.63977194738429],[92.742234912592892,11.639721413664715],[92.742190353459861,11.639663988132341],[92.742122342009694,11.639585889811674],[92.742016806133478,11.639464149510159],[92.741960521291048,11.63938834840353],[92.741937068973925,11.639367674730979],[92.741901890049078,11.639356190138786],[92.741869057523772,11.639340111004996],[92.74181980738831,11.639333220073084],[92.741765867148757,11.639333220073084],[92.741709581407989,11.639333220073084],[92.741657986669665,11.639330922802431],[92.741608736534189,11.639330922802431],[92.74155479629465,11.639333220073084],[92.741496165951034,11.639326329140955],[92.741444571212668,11.639305656343653],[92.741416427893128,11.639255121659506],[92.741418773394358,11.639206885117686],[92.741444571212668,11.63915864768769],[92.741472713633897,11.639124193003868],[92.741503201556327,11.639071361893821],[92.741519618268143,11.639030015379886],[92.741531343977528,11.638977184251964],[92.74154072508405,11.638928946782123],[92.74155714179588,11.638871521965996],[92.741575904008883,11.638853145529646],[92.741597010824819,11.638825581752647],[92.741604046430112,11.638802611643129],[92.741615772139539,11.638745186800923],[92.741620463141942,11.638701542962698],[92.741620463141942,11.638671681894627],[92.741632188851327,11.638630336201173],[92.741672057880265,11.6386027724021],[92.741688474592095,11.638582098671154],[92.741697855698618,11.638483327188274],[92.741702545802696,11.638412120370859],[92.741709581407989,11.638230656448165],[92.741751795938157,11.638046895125854],[92.741793130119333,11.638032969782653],[92.741862021918479,11.638003252057908],[92.742009770528185,11.63795271801702],[92.742082472980783,11.637872321933196],[92.742180972353353,11.637748283598066],[92.74228650822954,11.6376265416125],[92.742394388708647,11.637513987836495],[92.742443637945783,11.637445077177329],[92.742478816870644,11.637369275520516],[92.742478816870644,11.637272800014808],[92.742474125868242,11.63717632535552],[92.742455364553535,11.637093632638084],[92.74238969770623,11.63695121739373],[92.742321686256076,11.636808802076516],[92.742305269544261,11.636753673234827],[92.742305269544261,11.636700841674605],[92.742314650650783,11.63665030739711],[92.742331067362613,11.636618148815838],[92.74237562649563,11.636579099230671],[92.742422531129876,11.63655153522835],[92.742490542580029,11.636517079341793],[92.742539792715505,11.636494109921527],[92.742579661744443,11.636464247736637],[92.742600768560351,11.636427495424515],[92.742607804165644,11.63636317908656],[92.742584351848521,11.636287377134972],[92.742549173822013,11.636218466171988],[92.742542137318381,11.636115100135422],[92.742537447214275,11.63594511944798],[92.74250930479306,11.63556610891405],[92.742424876631105,11.635600564918413],[92.742117651007277,11.635701633845503],[92.741901890049078,11.635791218876371],[92.741667367776188,11.635885396716873],[92.741475059135084,11.635958901479508],[92.741310892915223,11.635997951151708],[92.741191285828435,11.636014030478673],[92.741099822061145,11.636007139464359],[92.740996632584441,11.636000248449841],[92.740377492131074,11.635885396716873],[92.740016327166032,11.635809594635111],[92.739770078285417,11.635747574574738],[92.739683304622233,11.635713119468448],[92.739601221961451,11.635662585011557],[92.739512102797065,11.635584485567556],[92.739444091346883,11.63546963366295],[92.739209714601074,11.635036067845739],[92.738963319295053,11.634415292987319],[92.738883581237147,11.634199370284248],[92.73885074871184,11.634116676682071],[92.738831986498823,11.634047765181508],[92.73882026078941,11.633955883154202],[92.738827296394703,11.633852516277143],[92.738841367605346,11.633774416325117],[92.738860129818363,11.633719287762096],[92.738876545631854,11.633659564553282],[92.73889296234367,11.633615919917309],[92.738909379055499,11.633569978836166],[92.738921105663209,11.633526335066016],[92.7389234502661,11.633450532341643],[92.738921105663209,11.633365541197051],[92.738928141268502,11.633292035749399],[92.738953938188516,11.633230015127875],[92.738989117113377,11.633195559709879],[92.73905712856353,11.633140430152338],[92.739136866621422,11.633115163131379],[92.739230675889914,11.633085300583904],[92.739352627579606,11.633066924645222],[92.739397186712637,11.632864783960601],[92.739425329133866,11.632763713123321],[92.739460508058713,11.632674127997673],[92.739512102797065,11.632600622367406],[92.739566043036618,11.632563868665114],[92.739662197806297,11.632501848761212],[92.739706756939356,11.632469689700489],[92.739758351677679,11.63241915465461],[92.739807601813155,11.632361727615125],[92.739840435236758,11.632299706786291],[92.739856851050291,11.632253766367759],[92.739856851050291,11.632187150855678],[92.739849815444984,11.632141209538677],[92.739828708629048,11.632088377102747],[92.739809946416045,11.632030950874849],[92.739788839600095,11.631955147743186],[92.739784149496018,11.631890830371576],[92.739791185101325,11.631824214772655],[92.739809946416045,11.631766788490268],[92.739838089735571,11.631713955983258],[92.739873267762107,11.631665717254235],[92.739913136791017,11.63159450869216],[92.739955351321186,11.631518705441634],[92.739967077030599,11.631449793297797],[92.739962386926479,11.631355613076344],[92.73993893460937,11.63127980976077],[92.739906101185724,11.631204006424534],[92.739850003192885,11.631152368672904],[92.739738933694525,11.631093563496798],[92.739715174153559,11.631082269494714],[92.739595124197322,11.631020425234539],[92.739573172965009,11.631010501186362],[92.739555442916256,11.631003059249814],[92.739541089634642,11.630995616433193],[92.739520827235111,11.630986520341386],[92.739504786019069,11.630978250446889],[92.739490432737455,11.630968327277053],[92.739478612704943,11.630959231184358],[92.739467637088808,11.630948480936301],[92.739450534064105,11.630922149073903],[92.739262390911009,11.630621187684699],[92.739351601703561,11.63057862833295],[92.739578501771291,11.630468799307215],[92.739600928212369,11.630471383489013],[92.739636546413379,11.630471383489013],[92.739657653229273,11.630455878397788],[92.739664249558388,11.630436497472449],[92.739660291581288,11.630406778936484],[92.739652376525299,11.630384812945278],[92.73964784991459,11.630380083635881],[92.739632589334533,11.630364139483635],[92.739627900128752,11.630363058121507],[92.739610162893456,11.630358971118028],[92.739585098100406,11.630357678586646],[92.739573225067303,11.630348633506562],[92.739562671659343,11.63032408420746],[92.739177467777296,11.629517808212468],[92.739148445905414,11.629462247667959],[92.739133934520339,11.629422192262005],[92.739133934520339,11.629400226193106],[92.739137892497482,11.629371800082444],[92.739144487928257,11.629343373968918],[92.739149765530584,11.629308486931079],[92.739152403882557,11.62927618408183],[92.739151084257415,11.629224499339221],[92.739058741039457,11.629042311446879],[92.739028399542434,11.628993211736271],[92.739009931078499,11.628963493046239],[92.738980908308307,11.62892860596083],[92.738951886436425,11.628905347314889],[92.73892418329136,11.628889842136402],[92.738897799771479,11.62887821369192],[92.738875900641503,11.628873263508025],[92.738863500297299,11.62887046022219],[92.738842393481406,11.62887046022219],[92.738814690336341,11.628871752760441],[92.738780391760457,11.628879505350277],[92.738774537439781,11.628880651829046],[92.738747411911461,11.628885966281603],[92.738710474085281,11.628893718871044],[92.738566682554392,11.62849833213458],[92.738294929604507,11.627715309599441],[92.738279099492587,11.627685590773002],[92.738272465434221,11.627678226177009],[92.738259311403496,11.627663624567084],[92.738238204587589,11.627655871943396],[92.738194671330618,11.627651995191515],[92.738161691481579,11.627650703527472],[92.738013941973549,11.6276675013188],[92.737983600476511,11.627671377190557],[92.737954578604615,11.627680422357626],[92.73793401526946,11.627692378167479],[92.7379221278633,11.627702963123838],[92.737908079110568,11.627716193878767],[92.737895651816913,11.627729954320779],[92.737889563035935,11.627739893443882],[92.737887546318134,11.627743185954319],[92.737884304298248,11.627756417587195],[92.737882683737482,11.627763297367345],[92.73788106227839,11.627778116302345],[92.73788106227839,11.627793993731846],[92.73788160306421,11.627817281506655],[92.737864872840362,11.627818920722401],[92.737731228678925,11.627400403910331],[92.73771852560246,11.627360622730643],[92.737608402928416,11.627398288676551],[92.737553397286945,11.627251151427057],[92.737016369138743,11.626117936659121],[92.737144431169014,11.625950690710123],[92.737345723861267,11.625926045995641],[92.73796973048853,11.625901400399052],[92.738025085574634,11.625738741166764],[92.738045215023533,11.6254134215372],[92.738095538645752,11.624974733184049],[92.738186120267414,11.624777569436674],[92.738392444423553,11.624614909547983],[92.738543414391899,11.624536044139889],[92.738598769478003,11.624427603837288],[92.738583672391343,11.624250156298336],[92.738488058407455,11.624018487970176],[92.738367283510769,11.623658663098732],[92.738306895164115,11.623259405314814],[92.738281734251316,11.622776350999004],[92.738271669526867,11.622475673811289],[92.738246507715758,11.622105988573651],[92.738140829007421,11.621829956621418],[92.738004957024074,11.621588428768767],[92.737783534882951,11.621312396303715],[92.735992031000038,11.620277271903957],[92.735478735443309,11.619168205968135],[92.733510899456661,11.618558169338876],[92.733462588958986,11.618491920112577],[92.733375630242861,11.618384660935508],[92.733243582387686,11.61831841254787],[92.733182390048839,11.618296329455195],[92.733060003574522,11.618277401717169],[92.732924735259047,11.618261628454485],[92.732853880641017,11.618211153304047],[92.732902190240353,11.618125976246915],[92.732947280277742,11.617961931894653],[92.732995589877078,11.617753722056099],[92.733031017635241,11.617539202212546],[92.733047120835039,11.617327837571002],[92.733076107672602,11.617214268089072],[92.733124417271981,11.617135400586037],[92.733137300011464,11.616895642571],[92.733224258727589,11.616794691766161],[92.733243582387686,11.616715824144377],[92.733233921006814,11.616630647510156],[92.734676710574504,11.61571559429264],[92.734794654879749,11.615615469303494],[92.734865422361196,11.61538441061912],[92.734716025342905,11.614598808251682],[92.734527313556228,11.613505124563289],[92.734377916537966,11.61185688763887],[92.734126301121833,11.611132892597812],[92.734028922846704,11.609613597342378],[92.733965014900775,11.609615616798017],[92.733905239205143,11.609609560190915],[92.733839279507109,11.609597445216538],[92.73378568781385,11.609573217026007],[92.733748585596004,11.609532834943908],[92.733711483378158,11.609478320179761],[92.73367850352912,11.609411691302391],[92.733657890786617,11.609345062409107],[92.733653768417767,11.609310738667551],[92.733658922052555,11.609238052255067],[92.73366819715784,11.609199689583113],[92.733756830333675,11.608953363037198],[92.733767136704927,11.608876637609663],[92.733767136704927,11.608807989127092],[92.733752707964854,11.608745398133504],[92.733488870070943,11.608107370626334],[92.733455890221933,11.608032665313091],[92.73346207332601,11.607996321942696],[92.733476502066097,11.60795190157693],[92.733653768417767,11.607582410023468],[92.73367025879142,11.607525876287278],[92.733664074789004,11.607459246063531],[92.733583686350883,11.607107925602365],[92.733521849919981,11.606813139470741],[92.733550706501845,11.606538543407655],[92.733569257610768,11.60646989434966],[92.733606359828642,11.606423456021982],[92.733662013155424,11.606383073483867],[92.733812269861431,11.606329412533073],[92.733806108316912,11.606198640870682],[92.733690957772197,11.606193119197762],[92.733647118189722,11.606188782814524],[92.733585893511517,11.606175712068046],[92.733537985459108,11.606160890224492],[92.73347821694999,11.606134210200159],[92.733438913859686,11.60611274298607],[92.733336090895619,11.606039181951534],[92.733202041593984,11.605914960491768],[92.733160569072282,11.605882386546428],[92.733142169778631,11.605871193596597],[92.733081486784528,11.6058272586243],[92.733024282965573,11.605796239538853],[92.732986695657459,11.605780667078454],[92.732925869831249,11.605761668974816],[92.732908112833016,11.605754315238814],[92.732876831698192,11.605737873386184],[92.732853016461718,11.605723083197521],[92.732843530252296,11.605715823615125],[92.732825609760695,11.605702109603472],[92.732802934486301,11.605676401879462],[92.732785580831631,11.605654767439749],[92.732771477281673,11.605625671905146],[92.732771364093949,11.605624619485313],[92.732766200577686,11.60557656718893],[92.732764880952544,11.605519710104602],[92.732770157656532,11.605451221826774],[92.732780711962789,11.605399533545519],[92.732791265370778,11.605358182033685],[92.732805775857557,11.605309078150366],[92.732832160275763,11.605258680730637],[92.732851947466528,11.605232836573377],[92.732871735555591,11.605208284181796],[92.732891523644653,11.605186316204335],[92.732931098924524,11.605170809706236],[92.73295748334273,11.605169517937984],[92.733001016599715,11.605166933521561],[92.733043230231544,11.605164349105076],[92.733078848432555,11.605163056456867],[92.733111828281594,11.605160472040382],[92.733140851051786,11.605148842605768],[92.733165914946539,11.605116536956118],[92.733254301085651,11.605002820828428],[92.733287280934661,11.604971807810983],[92.733325537487687,11.604957593070219],[92.7333730287218,11.604944670977943],[92.73344030714668,11.604936917722265],[92.733475925347705,11.604938209491586],[92.733518138979534,11.604951131584153],[92.733500990140769,11.604899443210281],[92.733478563699705,11.604867137531738],[92.733458775610615,11.604830954780192],[92.733425795761605,11.604789604064019],[92.733378305425788,11.604761175443098],[92.733324217862503,11.604749545111924],[92.733285961309534,11.604744376271217],[92.733255620710793,11.604744376271217],[92.733202852772678,11.60475083688211],[92.73313161637067,11.604752129532214],[92.733081486784528,11.604740499200657],[92.733069614649764,11.604726285328045],[92.733057741616619,11.604692686979067],[92.733059061241804,11.604664258348274],[92.733064337945777,11.604643582978628],[92.733085600170241,11.604615403369491],[92.733087794754482,11.604611169916227],[92.733088756850137,11.60460865765074],[92.73308992106675,11.604604683783471],[92.733091236200337,11.604595216370074],[92.733091075401887,11.604592980409675],[92.733090756499948,11.604591890147997],[92.733088867342929,11.604588757515497],[92.733086356551695,11.604586845377741],[92.733084208679841,11.60458589326862],[92.733078310341696,11.604584393828798],[92.733074565265255,11.604584140402354],[92.733071818217141,11.604584140402354],[92.733062234989703,11.604584619096736],[92.733052319385578,11.604586006782577],[92.733042604105805,11.604586724824184],[92.733024676427661,11.604586724824184],[92.733014619788051,11.604585089871575],[92.733002778195996,11.604579631523322],[92.73299676936503,11.604574510196922],[92.732993258748905,11.604567474972646],[92.732991781918585,11.604562172375747],[92.7329875454637,11.604549722799932],[92.732978528174868,11.604536732932377],[92.732971868963688,11.604530676215049],[92.732956964116482,11.604521342552015],[92.732917907164577,11.604502729782094],[92.732897579187991,11.604494938676162],[92.732875679159676,11.604489222499831],[92.732846670762541,11.604484638823248],[92.732815078810631,11.604476902273916],[92.732806069606639,11.604472676738135],[92.732791154877987,11.604460806167657],[92.732787176239583,11.604455343417197],[92.732784054593964,11.604447917490619],[92.732781851026587,11.604438800293364],[92.732781867196266,11.604423123922704],[92.732784341156545,11.604409420406933],[92.732785744325014,11.60440297914716],[92.732789926880983,11.60439073459345],[92.732792706268484,11.604384930419604],[92.732806577154761,11.60436298789597],[92.732871996965343,11.604281651127325],[92.732781415343652,11.603630962284395],[92.732580122651427,11.603497867152308],[92.732595219738116,11.601890855367889],[92.731935986575266,11.600934531856979],[92.731820243142479,11.60076692849348],[92.731593788639131,11.599899331812294],[92.731294366680231,11.599785953226302],[92.730994943822964,11.599672573714258],[92.730703194374911,11.599720920056752],[92.729308363165245,11.599613524305088],[92.728423766952162,11.598886283837306],[92.727666076637533,11.598227012358214],[92.727564753860023,11.59756198692504],[92.727657971138768,11.597117497946588],[92.728142764948103,11.59684950889315],[92.729297121647789,11.596865358164756],[92.730030845808926,11.5968262528508],[92.730456296012321,11.596933635595089],[92.730862424352239,11.596976659431366],[92.731229867642824,11.59703635442127],[92.731440333032438,11.596554952159593],[92.731308784640518,11.595852982045125],[92.731455259439173,11.595112958831262],[92.731649927954507,11.594897311917498],[92.731936424953147,11.5948056308213],[92.732222879730912,11.594859339746819],[92.732522590049058,11.595057253273104],[92.732720708993412,11.595462498349356],[92.73283663927576,11.595848650781102],[92.733075896568536,11.596118049642579],[92.733573853391775,11.596285031012044],[92.734374096901391,11.596094571784413],[92.735060696341009,11.595980347752279],[92.73569900504593,11.59563252924567],[92.736157261723491,11.595076108668152],[92.736257719423406,11.594564882992026],[92.736506883337142,11.593921413788522],[92.736822450716673,11.593562784708618],[92.737220133994654,11.593514023705481],[92.737512687434915,11.593342487619132],[92.737806482346897,11.593038670578347],[92.738157112768576,11.592624040404569],[92.738547664321501,11.592060448934639],[92.739640412762355,11.591421388013359],[92.740717255632759,11.591427723093366],[92.740665162329449,11.59197181256199],[92.740613191197014,11.592364355918624],[92.740613789474963,11.59237352542973],[92.740617486940693,11.592381961907687],[92.740635579908826,11.592407222060455],[92.740691474882425,11.592468208974202],[92.740706122811474,11.592481822437046],[92.740715963855394,11.592489409720311],[92.740719544540127,11.592491265621524],[92.740751886585301,11.592509102160232],[92.740830410120921,11.592549609904241],[92.740943240317222,11.592606247872766],[92.741012692665109,11.592653704008335],[92.741068679266888,11.592702647319644],[92.74111785394382,11.592752392293503],[92.741150134005252,11.592789755797488]]]},"properties":{"objectid":4763,"id":"4665","name":"Ward No 22","code":"22","town":"Port Blair","district":"South Andamans","state":"Andaman and Nicobar Islands","st_area(shape)":8723611.8365421258,"st_perimeter(shape)":18238.983252020062}},{"type":"Feature","id":4743,"geometry":{"type":"Polygon","coordinates":[[[92.732160418970906,11.661806334975017],[92.732149167571976,11.661779634771641],[92.732085061098346,11.661729777200206],[92.732007755678268,11.661716851585302],[92.731051809875396,11.661705771732255],[92.730574779306721,11.661687306189281],[92.730474848019554,11.661707618374452],[92.73036171868425,11.661774095726189],[92.730214650099214,11.661875656605472],[92.730092092945,11.661931054072879],[92.730018557754136,11.661949519599645],[92.729912970673965,11.661955059521352],[92.72956038282328,11.661988298169595],[92.729426512286352,11.661991991450225],[92.728749620041668,11.66199568385105],[92.728219795483753,11.662010456972945],[92.72699045281405,11.66200861033272],[92.726364468096534,11.66199568385105],[92.72623813981474,11.66203446241455],[92.726212054535523,11.661506622867158],[92.726213887098709,11.661467708744867],[92.726213292414002,11.661430458268306],[92.726208136084253,11.661385396278989],[92.726204802436229,11.661360383440632],[92.726200386318297,11.661320878969761],[92.726206501150443,11.661275041002188],[92.726219299448289,11.661225853727855],[92.726240531130017,11.661176254710567],[92.72625632620769,11.661125354498322],[92.72625837795978,11.661096162708624],[92.726252577537991,11.661074292398286],[92.7262495861481,11.661058214521107],[92.726251580408018,11.661041333408903],[92.726265233902026,11.660973084015502],[92.726282250688456,11.660592495860497],[92.72629111167042,11.660499753388523],[92.726308183254091,11.6604380485186],[92.726324794001997,11.660409822651182],[92.726343785285422,11.6603969207288],[92.726375398796876,11.660389554359892],[92.726384740377526,11.660389202449288],[92.726407692333041,11.660389294825814],[92.726414428799373,11.660389966975107],[92.726419098242218,11.66039094000794],[92.726423537716343,11.660391987821807],[92.726430734120086,11.660394383453314],[92.72643678157857,11.660396405179741],[92.72643680942636,11.660396413977537],[92.726442216386062,11.660398127782203],[92.72644834020133,11.660399624282046],[92.726458062667646,11.660402319917287],[92.726469161352981,11.66040306508798],[92.726519025936113,11.660409158419943],[92.727211466221732,11.660449484731666],[92.727262963043714,11.660453917924681],[92.727276294940822,11.66045615959481],[92.727285894337939,11.660457773104589],[92.727302782665305,11.660461134729928],[92.727321073262814,11.660461515673067],[92.727345521811571,11.660462652344075],[92.727359320832662,11.660460247035603],[92.727378654374192,11.660452787412078],[92.727402774139549,11.660439289003307],[92.727465443308731,11.660397693172586],[92.727515712133709,11.660362501229827],[92.727554182485775,11.660335567746733],[92.727586687126021,11.660310093810757],[92.727783710125678,11.660164617400623],[92.727823544120341,11.660123156134691],[92.727846470024701,11.660086194044773],[92.727854518929661,11.660055029684424],[92.727861659637853,11.660013071327691],[92.727864989692591,11.659966403513669],[92.727872041467577,11.659943680609494],[92.727887133164344,11.659917591672713],[92.727920582832269,11.659883959515749],[92.727952412837723,11.659864043977105],[92.727984028145841,11.659864419642407],[92.728013070678955,11.659877333026641],[92.728039255671192,11.659886715860655],[92.728070497280143,11.659890256087879],[92.728094367313886,11.659882269461914],[92.728113598447479,11.659867341385825],[92.728142410113577,11.659826768651595],[92.728170732197881,11.659762618727589],[92.728194018326676,11.659551082937307],[92.728197790352553,11.659302587430995],[92.728182342922935,11.659185590744226],[92.728181402386795,11.659160620816932],[92.728191350330249,11.659078753715894],[92.728192992450616,11.659076084461242],[92.728194143192511,11.659075310254197],[92.728194674096812,11.659074952183445],[92.728198044575763,11.659074302905305],[92.728221288483724,11.65907276768796],[92.728223293523442,11.659072677950313],[92.728224404739464,11.659072008437192],[92.728225399174477,11.659071070590938],[92.72822668556195,11.65906943331902],[92.728227398824316,11.659067716866785],[92.728228345648617,11.659061701805856],[92.728229199946455,11.659056277957484],[92.728231113358021,11.659053380839383],[92.728233074380285,11.659052077004249],[92.728235621104105,11.659051354704237],[92.728240685805687,11.659051404851724],[92.728261529415192,11.659050089579479],[92.728284111264799,11.659050123890921],[92.728316426360522,11.659054734822007],[92.728337111866594,11.659057686486468],[92.728352235902719,11.659060990943003],[92.728355598296829,11.659061725559942],[92.728363144145206,11.659064627956631],[92.728367298853371,11.659067151167807],[92.728369678490566,11.659068595767742],[92.728372054534518,11.659070045646404],[92.728374963279379,11.65907144273819],[92.728379070376874,11.6590727659284],[92.728380323526693,11.659073169747741],[92.728388833267374,11.659072581174431],[92.729292687563529,11.659055422810551],[92.729361425750767,11.659054746259155],[92.729368191861496,11.659053988767896],[92.729380866191846,11.659052568801714],[92.729382563109397,11.659052378769056],[92.72938556797402,11.659051647671236],[92.729387899102193,11.659050320082038],[92.72938983766656,11.659048668733504],[92.729403344735175,11.659028919413526],[92.729413062709909,11.659016730929265],[92.729416262508977,11.659012286276154],[92.729420021060136,11.659008110835915],[92.729423002568524,11.659004377045667],[92.729427206684079,11.659000143539796],[92.729434474953024,11.658995615307203],[92.729522394866521,11.65894786871052],[92.729539608384002,11.658939950680406],[92.72954430118304,11.658937855041703],[92.72954625771375,11.658937142418987],[92.729548533146371,11.658936148266305],[92.72955216413672,11.658935108364972],[92.729749723430629,11.658895836691046],[92.729757311499853,11.658894178303337],[92.729764187205035,11.658892676516659],[92.729767005220097,11.658891285582467],[92.729770260714673,11.658889630713862],[92.729772932304328,11.658887388151319],[92.729773515310967,11.658885157025912],[92.729773914162934,11.658881958141032],[92.729765234640638,11.658824726600585],[92.729763729962542,11.6588148097033],[92.729723498014238,11.658584208309906],[92.729718591416145,11.658523424146532],[92.729714872390872,11.658301501572161],[92.729712887114118,11.658256993338471],[92.729696652760282,11.6581677850569],[92.729694138375805,11.658157339386191],[92.729691592550296,11.658147179644777],[92.729659188521353,11.65806156260588],[92.729656864579724,11.658055196489357],[92.729654570282477,11.658050845957725],[92.729642944286084,11.658036555626575],[92.729637705311347,11.65803011560765],[92.729553523287734,11.657931018477393],[92.729526441776869,11.657893295961925],[92.729463459095683,11.657760962271919],[92.729422830990316,11.657680672212953],[92.729394110054045,11.657623914629173],[92.729389880785718,11.657618385178463],[92.729360721471579,11.657580260558557],[92.729351939541374,11.657568779358249],[92.729259268438341,11.657456595249363],[92.729040259172081,11.657191475179729],[92.728967163257394,11.657103346934225],[92.72889111188546,11.657046200366533],[92.728857421469044,11.657037155274834],[92.728817322471372,11.657044000898676],[92.728785713451472,11.65706314330675],[92.728760029719197,11.657088217237508],[92.728713480817802,11.657136068848562],[92.728639921372448,11.657199122285412],[92.728543947164113,11.657273436094522],[92.728444744410652,11.657336449029986],[92.728362825243281,11.657375471944967],[92.728278472539799,11.657396395896868],[92.728196593796582,11.657410304433865],[92.728133901271207,11.657401652618349],[92.728076510602648,11.657368881467256],[92.728037247038216,11.657343815479885],[92.728006162634458,11.657316021273036],[92.727951550455074,11.657227652885323],[92.727899579322596,11.657123115746426],[92.727851184383297,11.657055960724882],[92.727807727483125,11.657029001407238],[92.727776811962642,11.657016424849049],[92.72767498792517,11.65683778839303],[92.727648828085762,11.656789109729887],[92.727590188758967,11.656680586984942],[92.72758328790097,11.656664990977408],[92.727577979755964,11.656646796074016],[92.727572671610943,11.656617682994456],[92.727570548891919,11.656576614464448],[92.727572572796262,11.65654330654487],[92.727579685656679,11.656518500900491],[92.727597212686177,11.656479447072488],[92.727635469239203,11.656384531027205],[92.727652715096013,11.656311270088219],[92.727656764701322,11.656285984937792],[92.727683629718186,11.656172042490509],[92.727723585883723,11.656016776244506],[92.727804957977099,11.655655001797911],[92.727807876603464,11.65563873709112],[92.727817454441023,11.655585363649022],[92.727859376120406,11.655373002070871],[92.727896453185437,11.655248374165287],[92.727947562833535,11.655100457196289],[92.7280475668842,11.65481103320273],[92.727851152942279,11.654495714775978],[92.72753502411571,11.653663422855095],[92.727436752915196,11.653370201912379],[92.727410045103468,11.653272310203912],[92.727388348094408,11.653178011561707],[92.727384982107054,11.65315896302446],[92.727378219589596,11.653129956914855],[92.727372319454801,11.65311265829574],[92.727360198486693,11.65308520590753],[92.727353977653323,11.653075052139185],[92.72734775771832,11.653065711305466],[92.727332413594937,11.653047027877422],[92.727323290304923,11.653037686162943],[92.727300067956506,11.653020628603231],[92.727273953032892,11.653001849273972],[92.727261035259104,11.652995709150083],[92.727225654213314,11.652983098976852],[92.727217269338453,11.652980683046028],[92.727306459469759,11.652308306508406],[92.727306459469759,11.652250873898279],[92.727293857004625,11.652182305615735],[92.727247738396258,11.652018766111278],[92.727213314954582,11.651933490306686],[92.727180917213829,11.65189779316405],[92.727148519473118,11.651874986898237],[92.72709554492252,11.651832028728633],[92.727074968112603,11.651811876825237],[92.727041200441079,11.651764922576744],[92.727027025924215,11.651703444515281],[92.727022976318935,11.651657831949889],[92.727022976318935,11.651637008743215],[92.727031076427821,11.651590404627319],[92.727057399760596,11.6515378512651],[92.727075622984444,11.651511077930493],[92.727110046426134,11.651453566852991],[92.727281067689944,11.651167842162558],[92.727286725279598,11.651155583828686],[92.727303423164102,11.65111940445246],[92.727314559578659,11.651092631077574],[92.727324683591902,11.651029170664021],[92.727330757999894,11.650953809974396],[92.727273230787389,11.650343436552614],[92.727270012123725,11.650264660260012],[92.727270012123725,11.650242350072233],[92.727281149436607,11.650143687428887],[92.727292285851192,11.65006733583394],[92.727332782802506,11.649888850635739],[92.727351006924692,11.649789691653986],[92.727363156638901,11.649708382230363],[92.72736720624421,11.649597324624176],[92.727363156638901,11.649452552611004],[92.727336833306154,11.649208622213145],[92.727276086531674,11.648909163094963],[92.727138394561564,11.648443116129698],[92.726994628183476,11.648086143532455],[92.726938169067878,11.647907241788687],[92.726923653191221,11.647828721711914],[92.726919707790501,11.647755943295833],[92.726925782198435,11.64768950658002],[92.726945015128663,11.647595321299297],[92.726951093129884,11.647545726006911],[92.726952105531211,11.647520936275749],[92.726949574977056,11.647497138096544],[92.726933375657538,11.647448550177691],[92.726919706892176,11.647423760437878],[92.726725318651219,11.647098517192415],[92.726682795998912,11.646983492319348],[92.726669634781672,11.646953744757489],[92.726658314212486,11.646909429145873],[92.726653573802736,11.646879986873385],[92.726652423060855,11.646862517180235],[92.726654447863481,11.646835744275053],[92.726666597577719,11.646786164683881],[92.726676721590977,11.646763357998591],[92.726750729295645,11.646590568394576],[92.726775981836582,11.64652558310399],[92.726836456421523,11.646332415817298],[92.726963242844093,11.64586695401271],[92.726970836303195,11.645837206331363],[92.72699307050479,11.645781729109869],[92.727031978336385,11.645713361590539],[92.727062625260615,11.645671448578227],[92.727116120834097,11.645619054224609],[92.727247738396258,11.645490146001077],[92.727498823806386,11.645208531879435],[92.727691187244702,11.645034009813049],[92.72778186857937,11.644966576484384],[92.72783697932374,11.644940799359043],[92.727873426669731,11.644928899719362],[92.727950371865418,11.644891218550088],[92.728258154444674,11.644704797515066],[92.728393821612158,11.644613570079642],[92.728456593189264,11.644583822264176],[92.728497090140579,11.644573905738405],[92.728547712901772,11.644565973221424],[92.72868338006927,11.64457985512602],[92.728880226100827,11.644616931896691],[92.729016615513814,11.644650343305717],[92.729089709631836,11.644675029473348],[92.729108231994687,11.644686621184739],[92.729126468693266,11.644702993871348],[92.729135234453807,11.644721107732973],[92.729141024994135,11.644749462769065],[92.729144434998943,11.644772624189457],[92.729146826314221,11.644819459962935],[92.729146826314221,11.644880453003537],[92.729146826314221,11.644922433001831],[92.729148252838911,11.644947594251052],[92.729158287918949,11.644990838548178],[92.729165955938214,11.645010020498892],[92.729180860785377,11.645032729667449],[92.729199640964737,11.645049609112929],[92.729226716187398,11.645066768341779],[92.729252803263236,11.645077700168033],[92.729286283473883,11.645088631114023],[92.729317112756107,11.645094729181043],[92.730096553080386,11.645137436762123],[92.730132702185713,11.645133870831996],[92.730185835738141,11.645122487657783],[92.730219331220141,11.645111151113783],[92.730237891312242,11.645102540267105],[92.730269228142589,11.64508430325481],[92.730293249991604,11.645066205253745],[92.730315895621615,11.64504402574263],[92.73032689010239,11.645028207365991],[92.730341043957978,11.644988007270307],[92.730344202434537,11.644963625550027],[92.730352694208904,11.644908177188491],[92.730355524800359,11.644872136011488],[92.730358356290154,11.644830550167555],[92.730358356290154,11.644788963437609],[92.730361186881609,11.644739060585227],[92.730361430325047,11.644734772312738],[92.73036396447246,11.644714112235059],[92.730367721226983,11.644695255799611],[92.730370116135546,11.644688740686213],[92.730376048609685,11.644679106588457],[92.730379587073585,11.644675987604225],[92.730396042412949,11.644671130083118],[92.730407017130787,11.64466946369209],[92.730419825310094,11.644669283327682],[92.730428483272789,11.644671526004991],[92.730434676258383,11.644675876746106],[92.730445572822774,11.644686777793813],[92.730497674210923,11.644759336177074],[92.730513873530455,11.644788092409911],[92.730532889068371,11.644843964871455],[92.730538814355995,11.644882769584497],[92.730540196863231,11.644932865972713],[92.730532096754303,11.64505582507736],[92.730521972741059,11.645153001743003],[92.730513873530455,11.645224396876516],[92.730523997543699,11.645289842619414],[92.730540196863231,11.645365204844788],[92.730566520195978,11.645418750935818],[92.730596893134077,11.645468330770887],[92.730639415786342,11.645511961229575],[92.730673839228047,11.64553774270108],[92.730738634709496,11.645553608559215],[92.730799381483948,11.645561541048016],[92.730882401985866,11.645567491294306],[92.7309854827664,11.645560760644576],[92.73119892966443,11.645532084555585],[92.731171959544639,11.645392969453306],[92.731410896138883,11.645341405601229],[92.73160933488343,11.645339422477473],[92.732198572217655,11.645129205120728],[92.732256453366361,11.645097643161364],[92.732694637188914,11.64485870635192],[92.736580968296934,11.650051076958697],[92.737185685400121,11.65085856387322],[92.736790892900743,11.651238675314882],[92.736681310114179,11.651344181574174],[92.735644924669216,11.652342019644696],[92.735541656140782,11.652435227616508],[92.735491033379546,11.652445143861792],[92.735450536428232,11.652433244543399],[92.735191350909218,11.652234930120079],[92.735169077181723,11.652211131464757],[92.735130605033063,11.65220518224052],[92.735067833455943,11.65220518224052],[92.735013161987766,11.652236913194638],[92.734664881558857,11.652689071418436],[92.734585911560515,11.652780296203149],[92.734403672135485,11.652887386397373],[92.734322676436193,11.652946880247612],[92.734290278695482,11.652998442688579],[92.734259905757412,11.653071818875219],[92.734122213787273,11.65346646507936],[92.734055392604887,11.653611234121346],[92.733913650131129,11.653942418931265],[92.73366053991839,11.654384659083352],[92.733358832645365,11.654801117041933],[92.732549006806622,11.654281659637467],[92.732738838792457,11.655012940623637],[92.732893869145883,11.655620274663882],[92.732912852344484,11.655852672412093],[92.732912852344484,11.65592394074609],[92.732904675878757,11.655987693011769],[92.732890073763812,11.656037799715097],[92.732828233739653,11.656153423496102],[92.732785682341273,11.656218496273505],[92.732673398320642,11.656356974267426],[92.732605519821135,11.656427583510027],[92.732437533964713,11.656566127383819],[92.732358926885766,11.656623528309133],[92.732106425730748,11.656782677600086],[92.732054514785418,11.656835618836292],[92.731995327486331,11.656924797633039],[92.731903575359823,11.657061137392196],[92.731504926392915,11.657804805467833],[92.73143532133146,11.657978327996185],[92.731408180531758,11.658164396130507],[92.731410793730944,11.658282889758773],[92.731422750307388,11.65835965435325],[92.731445902587168,11.658452486398104],[92.731500574055389,11.658623033978349],[92.731537187589709,11.658720278041077],[92.73161882648273,11.658914107108263],[92.731678939944942,11.659087628943432],[92.7316979231435,11.659320023790048],[92.73168526767779,11.659527629782369],[92.731647301280631,11.659818897274798],[92.731666284479189,11.659936643265519],[92.731726397941401,11.660088474428067],[92.731973180421292,11.660500586536552],[92.73212504690828,11.660751571614865],[92.732197815836201,11.660887909495013],[92.732210471301912,11.660980866502348],[92.732207307435502,11.661210161200447],[92.732163013305453,11.661520018290599],[92.732166177171891,11.6616780457045],[92.732160418970906,11.661806334975017]]]},"properties":{"objectid":4743,"id":"4653","name":"Ward No 9","code":"9","town":"Port Blair","district":"South Andamans","state":"Andaman and Nicobar Islands","st_area(shape)":1323909.3542761169,"st_perimeter(shape)":6569.2826727889951}},{"type":"Feature","id":4747,"geometry":{"type":"Polygon","coordinates":[[[92.753899170044562,11.658109404371642],[92.753914513269592,11.658171427360886],[92.753921921675754,11.65820137079321],[92.753930413450149,11.658224431676777],[92.753971519459242,11.65831273288377],[92.754006867267321,11.65837434232966],[92.754163236110543,11.658621874425464],[92.754381624640942,11.658902236219996],[92.754485645957573,11.65904332670446],[92.754517455301794,11.659109684164195],[92.754620162383176,11.659413727375458],[92.754759114689634,11.659899219267281],[92.754861810991216,11.660207864607917],[92.754961058660442,11.660381166570183],[92.755140072235321,11.660614485858273],[92.75560159069569,11.661044527870025],[92.755716019893214,11.661156178265959],[92.755751564432359,11.661233591339135],[92.755779511919158,11.661344131384867],[92.755777390098487,11.661449080428014],[92.755762982917929,11.661582542868238],[92.755732724065908,11.661659810660103],[92.755622316625903,11.661842776890701],[92.755480769984928,11.662077229855271],[92.755345886148376,11.662275792383802],[92.75532689486495,11.662358608694069],[92.755342598314442,11.662479248050689],[92.755377973072015,11.662630311543477],[92.755507852394089,11.662973078304875],[92.755653501641021,11.663193040541785],[92.755711241754227,11.663261187336381],[92.756108450721698,11.663810207426554],[92.756224316325358,11.663972507435966],[92.756232278093734,11.663983062858509],[92.756281408753253,11.664064024114992],[92.756353840812906,11.664226096996771],[92.7564549255369,11.66446270160961],[92.756472996945476,11.664518144308408],[92.756500667751169,11.664635228483574],[92.756506534648281,11.664660051877764],[92.756509959026147,11.664701751761566],[92.756510392014107,11.664778001679498],[92.756506417867286,11.664820339373366],[92.75649921158211,11.66487123626875],[92.756486995392535,11.664912100346699],[92.756454634482736,11.664976477818808],[92.756393404414681,11.66507247039436],[92.756347066617366,11.665128307984238],[92.756280160993313,11.665199049599526],[92.756221827093725,11.665221016358606],[92.756160692247065,11.665234691366861],[92.756056331367233,11.665240905999823],[92.755957637060234,11.665236084908575],[92.755887091462668,11.66525434259183],[92.755808938032942,11.665310328824742],[92.755685480766829,11.665445390572525],[92.755472068004778,11.66572311851329],[92.755375330228446,11.665930306230038],[92.755368714136395,11.665961969633805],[92.755301961225953,11.665841282524452],[92.755252049032109,11.665731897634616],[92.755227505261928,11.665660577273169],[92.755151981201053,11.665374074536263],[92.755072189244217,11.66503728344305],[92.755049830176844,11.664937338963892],[92.75501534385306,11.664741907655454],[92.755004318829592,11.66467942953717],[92.754997737771831,11.664656128134714],[92.754963915303037,11.664584796059907],[92.754911679167591,11.664522271278763],[92.754846883686142,11.664460796041555],[92.754753739170965,11.664401303778426],[92.754646420138926,11.66433784552634],[92.754498603257233,11.664262489327964],[92.754432233029092,11.664231037753515],[92.754349667074706,11.664202318723905],[92.754304701004827,11.66419141668249],[92.754242496264681,11.664174916698913],[92.754162149149025,11.664163494715533],[92.7541323430479,11.664163494715533],[92.754061067120006,11.664162225215248],[92.754009552331709,11.664162225215248],[92.753988494923149,11.664162225215248],[92.753918515264203,11.664166032836349],[92.753864086341139,11.664162225215248],[92.753799289961364,11.664153341352264],[92.75375004521581,11.664139380367221],[92.753713759566551,11.664120343139084],[92.753692376967834,11.664105113531576],[92.75365560263505,11.664069228804099],[92.753640210900954,11.664048574563159],[92.753627903981581,11.664028487769102],[92.753587407030238,11.663980893357634],[92.753516535344232,11.663933299817765],[92.75342946613533,11.663899588088642],[92.753340307445043,11.663884268732966],[92.753292583547278,11.663879757295598],[92.753218877676531,11.663879757295598],[92.753067012087854,11.663885706269715],[92.753029819140124,11.663888384275792],[92.752959446917416,11.663890995419635],[92.752809192906355,11.663893866094313],[92.752793652950274,11.663893639114816],[92.752431198902812,11.663887689261072],[92.752321855068104,11.663879757295598],[92.752267183599912,11.663865875475681],[92.752232760158208,11.663848028551621],[92.752196312812202,11.663810349948621],[92.752161889370498,11.663766722363945],[92.752133541235096,11.663717145794784],[92.752105193099666,11.663621957736671],[92.752049066360712,11.663412335741011],[92.751873952372492,11.66285691454642],[92.751744763854845,11.662499537303923],[92.751671382275916,11.662280050473324],[92.751600914831769,11.662011264603091],[92.751588418367845,11.661930454948397],[92.75157287032691,11.661858932142366],[92.751542889952617,11.661791819615489],[92.751517815278106,11.661749060048791],[92.751453180595107,11.661664659966167],[92.751376235399434,11.661579387123322],[92.75130536461171,11.66149609726271],[92.751252717047848,11.661440571261608],[92.751237461857713,11.661423496622536],[92.751208271102541,11.661384466358513],[92.751194335537562,11.661362510732864],[92.75117848206942,11.661336384099128],[92.751157547730031,11.661291839401461],[92.751147504565139,11.661255429965079],[92.75113746140029,11.661219020523914],[92.751130334166831,11.661194906799601],[92.751120614395433,11.661146677585103],[92.75111802185755,11.661122562974727],[92.751125149989306,11.661045936388959],[92.751145398914119,11.660996359333872],[92.751179821457484,11.660944799257557],[92.751255085905271,11.660882814718128],[92.751277601279554,11.660859974878889],[92.751313113479341,11.660804894796604],[92.751326644802489,11.660778792744091],[92.751339787155089,11.660718726957986],[92.751340502214049,11.660692831644658],[92.751336218148467,11.660641699962762],[92.751323587835572,11.660577926771145],[92.75130549037587,11.660520324314756],[92.751286487414347,11.660484704816266],[92.751238543429324,11.660425229296505],[92.751145398914119,11.660359787118884],[92.75111605364873,11.660344048794148],[92.751053472514471,11.660321067266514],[92.750993532427145,11.660303764696399],[92.750971258699678,11.660300293976826],[92.750853815654381,11.660284428960853],[92.75075257103029,11.660260631875058],[92.750679675439912,11.660234851769779],[92.750426565227144,11.660121815353953],[92.750246350604726,11.660042491093698],[92.750151181286896,11.660016710968165],[92.750076260893906,11.660016710968165],[92.74997906677342,11.660022660904872],[92.749869722938712,11.660020677006155],[92.749730006165962,11.660006795873008],[92.749513343299213,11.659979032724936],[92.749371601723794,11.6599592016518],[92.749280482011244,11.659935404538132],[92.749187337496068,11.659895742384213],[92.749051670328598,11.659846165123726],[92.748865381298245,11.659774772867761],[92.748719265825699,11.659727734626864],[92.748706440578403,11.659723472979076],[92.748579305609482,11.659692196846123],[92.748371864847442,11.659661257664922],[92.748201219977787,11.659641906048599],[92.748090107360269,11.659625164735143],[92.748047548775375,11.659614540524123],[92.747982532308384,11.659592327863042],[92.747953171771627,11.659580429730614],[92.747906037168676,11.659554387388003],[92.747859014855123,11.659516970376439],[92.747794218475349,11.659449544961719],[92.747742166494533,11.659394836746415],[92.747672353922241,11.659308250574732],[92.747533009051978,11.659114400667955],[92.747478286379817,11.659039871805193],[92.747401741832789,11.658930396257057],[92.747355305220793,11.658878014961129],[92.747332626353142,11.658859611694561],[92.747287268617825,11.658830419666637],[92.74724061551187,11.658806305734851],[92.747153788848081,11.658784729091197],[92.747085104559773,11.658777114581097],[92.747033267276294,11.658779652751159],[92.747015124900813,11.658781556598635],[92.746974433015069,11.658793798759895],[92.746885046152713,11.65883478250297],[92.746771652712724,11.658876427835603],[92.746743304577294,11.65888535233735],[92.74668559590512,11.658891301418537],[92.746656234470066,11.658888326877962],[92.746632948341258,11.658881386283189],[92.746588400886338,11.658854613656434],[92.746567139560199,11.65883478250297],[92.746504368881375,11.658761407838798],[92.746423734304855,11.658652822520295],[92.746223314775108,11.658400164837255],[92.746155614142012,11.658324743682755],[92.746092467069104,11.658260647078508],[92.746029108892131,11.658204637429249],[92.745956327387802,11.658151020780158],[92.745865909259507,11.658095976231628],[92.745823697424299,11.658073715940709],[92.745759738274387,11.658036470287534],[92.745694343616663,11.657991413026075],[92.745581832322259,11.657906450498754],[92.7454613107505,11.657809991798779],[92.74526514025203,11.657621119551244],[92.744955333768402,11.657287956089174],[92.744813592192983,11.657121374648174],[92.744692098644066,11.656932977897306],[92.744654266095893,11.656866538976974],[92.744624046769729,11.656800482748514],[92.74461471507054,11.656771109267796],[92.744445415877166,11.656190010439202],[92.744414784224276,11.656105182848465],[92.744382664961293,11.656030978700581],[92.744319520583346,11.655923568594654],[92.744291172447902,11.655883906747507],[92.744276997931053,11.655852176210004],[92.744274973128427,11.655806564325786],[92.744280668447317,11.65576591005749],[92.744384189402339,11.655374063980322],[92.744431640212284,11.655226497235823],[92.744474046083567,11.655106050922042],[92.745279314768894,11.655344495034811],[92.745426927733007,11.655531900457866],[92.745983973938991,11.655505129267805],[92.747355958296012,11.655514920473017],[92.747770425696771,11.655387876721212],[92.747849523255823,11.655350693173125],[92.747871730507967,11.655350285829169],[92.747915791974336,11.65537059319916],[92.747931343608556,11.655389631907017],[92.74793782315669,11.655431515300162],[92.747952078521934,11.655469590946687],[92.74798706790223,11.655507667467765],[92.748112772753203,11.655605395627022],[92.748164610036682,11.655640933930748],[92.748206079863451,11.655671394073467],[92.748255324609005,11.655692970959009],[92.748307723339536,11.655710667083149],[92.748342189900356,11.655722306722737],[92.748377141551444,11.655769123054922],[92.748428970750069,11.655845583936566],[92.748549499508357,11.656054693448533],[92.748589673066192,11.656127037713977],[92.748606520071021,11.65619303603647],[92.74860522470037,11.656247611154518],[92.748594046963319,11.656324159883399],[92.748587972555356,11.656399519116164],[92.748592022160665,11.656457029169756],[92.748614295888132,11.656492725726508],[92.748646693628842,11.65651850617922],[92.748703390798028,11.656520489223194],[92.748764136674154,11.656514540091244],[92.748839057965469,11.656504623991236],[92.748911953555833,11.656504623991236],[92.748958525813421,11.656514540091244],[92.749009147676333,11.656532388366491],[92.749031421403785,11.656550235760813],[92.749051670328598,11.656579983175069],[92.749073944056065,11.656629561018679],[92.74943234849826,11.656566100990164],[92.749770831002351,11.656954303945424],[92.75041441641126,11.656812007969963],[92.750705998772702,11.656558168815513],[92.751315488624968,11.656296396367095],[92.75186828130812,11.656550235760813],[92.752210486430741,11.656873484900855],[92.752722782162564,11.656877450983689],[92.752959693055814,11.657087661212111],[92.753141932480844,11.657113442489374],[92.753617779968337,11.657781751587683],[92.753899170044562,11.658109404371642]]]},"properties":{"objectid":4747,"id":"4655","name":"Ward No 11","code":"11","town":"Port Blair","district":"South Andamans","state":"Andaman and Nicobar Islands","st_area(shape)":610961.91787327768,"st_perimeter(shape)":4384.6827452655552}},{"type":"Feature","id":4748,"geometry":{"type":"Polygon","coordinates":[[[92.737870787348186,11.662980436687297],[92.737657228160757,11.662947628364668],[92.737472600115339,11.662919264628767],[92.73727590589904,11.66287671989925],[92.737169714252687,11.662848357035864],[92.736623071435986,11.662642722450746],[92.73637328139651,11.66254699648487],[92.736168139423285,11.662463088436271],[92.73600523264146,11.662400453205912],[92.735838705649016,11.662387452841788],[92.735743374634438,11.662382725836371],[92.735666144672834,11.662390998315733],[92.735591328484418,11.662399270794799],[92.735524959154603,11.662414634220978],[92.735474277104558,11.662427634583828],[92.735339124671754,11.662474906386075],[92.73519311160716,11.662524542121709],[92.735054338963749,11.662570632376822],[92.734928840725317,11.662601359209344],[92.734816615993481,11.662615541093897],[92.734722492314646,11.662614359563454],[92.734642848579881,11.662608450151684],[92.734570446164597,11.662589541264921],[92.734507696147077,11.662561178372185],[92.734447360800985,11.662532814596807],[92.734385818119208,11.662496179222332],[92.734329102085439,11.662455997490214],[92.734250665686403,11.662393362258241],[92.734160991363154,11.66232068091387],[92.734057288948449,11.662274516716485],[92.733940388485564,11.662261590247182],[92.733819716895141,11.662278209993337],[92.733744297038825,11.66232068091387],[92.733674533873867,11.662392697151969],[92.733616083193269,11.66245917345986],[92.733542548900772,11.662557041695223],[92.733461473251424,11.662741699130407],[92.733427534001649,11.662828487457878],[92.733380396703765,11.66301499046625],[92.733301205719897,11.663611431332669],[92.733271037597703,11.663724071312647],[92.733259725113328,11.663773928525861],[92.733205045560311,11.663807166956273],[92.733135282395352,11.663821939101981],[92.73308157302283,11.663821866961186],[92.732976900427587,11.663736997713835],[92.732841145225237,11.66356711397979],[92.732777037853282,11.663474785112209],[92.732722358300251,11.663358451768692],[92.732654480699068,11.663225499567679],[92.732605457837394,11.663081467504892],[92.732454618124777,11.662549656028666],[92.732198191331989,11.661895969656634],[92.732160418970906,11.661806334975017],[92.732166177171891,11.6616780457045],[92.732163013305453,11.661520018290599],[92.732207307435502,11.661210161200447],[92.732210471301912,11.660980866502348],[92.732197815836201,11.660887909495013],[92.73212504690828,11.660751571614865],[92.731973180421292,11.660500586536552],[92.731726397941401,11.660088474428067],[92.731666284479189,11.659936643265519],[92.731647301280631,11.659818897274798],[92.73168526767779,11.659527629782369],[92.7316979231435,11.659320023790048],[92.731678939944942,11.659087628943432],[92.73161882648273,11.658914107108263],[92.731537187589709,11.658720278041077],[92.731500574055389,11.658623033978349],[92.731445902587168,11.658452486398104],[92.731422750307388,11.65835965435325],[92.731410793730944,11.658282889758773],[92.731408180531758,11.658164396130507],[92.73143532133146,11.657978327996185],[92.731504926392915,11.657804805467833],[92.731903575359823,11.657061137392196],[92.731995327486331,11.656924797633039],[92.732054514785418,11.656835618836292],[92.732106425730748,11.656782677600086],[92.732358926885766,11.656623528309133],[92.732437533964713,11.656566127383819],[92.732605519821135,11.656427583510027],[92.732673398320642,11.656356974267426],[92.732785682341273,11.656218496273505],[92.732828233739653,11.656153423496102],[92.732890073763812,11.656037799715097],[92.732904675878757,11.655987693011769],[92.732912852344484,11.65592394074609],[92.732912852344484,11.655852672412093],[92.732893869145883,11.655620274663882],[92.732738838792457,11.655012940623637],[92.732549006806622,11.654281659637467],[92.733358832645365,11.654801117041933],[92.73366053991839,11.654384659083352],[92.733913650131129,11.653942418931265],[92.734055392604887,11.653611234121346],[92.734122213787273,11.65346646507936],[92.734259905757412,11.653071818875219],[92.734290278695482,11.652998442688579],[92.734322676436193,11.652946880247612],[92.734403672135485,11.652887386397373],[92.734585911560515,11.652780296203149],[92.734664881558857,11.652689071418436],[92.735013161987766,11.652236913194638],[92.735067833455943,11.65220518224052],[92.735130605033063,11.65220518224052],[92.735169077181723,11.652211131464757],[92.735191350909218,11.652234930120079],[92.735450536428232,11.652433244543399],[92.735491033379546,11.652445143861792],[92.735541656140782,11.652435227616508],[92.735644924669216,11.652342019644696],[92.736681310114179,11.651344181574174],[92.736790892900743,11.651238675314882],[92.737185685400121,11.65085856387322],[92.738751094105794,11.652948863317082],[92.739536748975198,11.65399794643163],[92.739982222626253,11.654594871198389],[92.740065243128214,11.654501663951169],[92.740140163521204,11.654400523556609],[92.740200910295655,11.654307316244175],[92.740237357641689,11.654233940383822],[92.740249507355912,11.654166513686485],[92.740249507355912,11.654097103911525],[92.740227233628445,11.654019760992263],[92.740344676673743,11.653966216558468],[92.740478319038559,11.654083221602539],[92.740518816888198,11.654097103911525],[92.740539064914714,11.654095120850247],[92.740559313839512,11.654091153847864],[92.740715229931808,11.654047525615894],[92.740869121221436,11.654148665259196],[92.740952140825058,11.654192294355093],[92.74107565917663,11.65423988956465],[92.741164754086512,11.654293434825465],[92.741259923404343,11.654346979196184],[92.741308520464557,11.654400523556609],[92.741427988312509,11.654557191339745],[92.741648700784566,11.654717825148248],[92.741699322647463,11.654717825148248],[92.741806641679517,11.654727741312021],[92.741968632179734,11.654791201760547],[92.742003054723128,11.654791201760547],[92.742231867304099,11.654717825148248],[92.742322986118282,11.654709892920772],[92.74245070319553,11.654720855160534],[92.742412366692463,11.654743601366711],[92.742364312214619,11.654777218309897],[92.742181521223969,11.654923972363555],[92.742075319696156,11.655011256698732],[92.742055705880233,11.655024977959123],[92.741963127303691,11.655078011908687],[92.741910922609279,11.655102800965608],[92.741768548619888,11.655161675846815],[92.741641993064334,11.655220549835763],[92.74152493000642,11.655288719702078],[92.741444231649496,11.65534639362707],[92.741390464784786,11.655395623293094],[92.741373063519418,11.655418863007496],[92.741330001877955,11.655484755923238],[92.741306622324387,11.655539709490983],[92.741295548791868,11.655566048699926],[92.741283605690171,11.655615374224308],[92.741282458541534,11.655645712078835],[92.741287050729298,11.65570865324073],[92.741297130725087,11.65576591005749],[92.741319277790097,11.655846475164767],[92.741335609161965,11.655928731206384],[92.741335097122246,11.656007604429444],[92.74133296631841,11.656024304610872],[92.741319177178795,11.656088721974859],[92.741284475259349,11.656202817539757],[92.741221197930741,11.656441412034699],[92.741148428104538,11.656680006324674],[92.741111148020224,11.656795984392856],[92.741077473773487,11.656879280062279],[92.740999726382299,11.657023954068071],[92.740905290089742,11.657180669639537],[92.740863097119131,11.657241122417279],[92.740797789597977,11.657322013497341],[92.740759356076865,11.657362010337605],[92.740686129008168,11.657423232008819],[92.740619110196405,11.657472673335096],[92.740557890009782,11.657510146928358],[92.740453225499408,11.657566499834035],[92.739512702871664,11.657975229396293],[92.739326033853942,11.658071285977607],[92.739161512799555,11.658164244807718],[92.739072923641174,11.658210723771205],[92.738996990846843,11.658244808339489],[92.738911566453226,11.658260301323692],[92.738829305027693,11.658254104130117],[92.738743880634061,11.658244808339489],[92.738655292374006,11.65822931535442],[92.738535064551343,11.658210723771205],[92.738389525797203,11.658207625173871],[92.738187038345643,11.658201427979126],[92.737971894530034,11.658204526576524],[92.737740931382291,11.658216920965733],[92.737633359025352,11.658232413951488],[92.737516295967382,11.658263399920402],[92.737421379076181,11.658309878867287],[92.737301152151801,11.658399739022331],[92.737222054592706,11.658486499674305],[92.7371777604627,11.658573261178963],[92.737158777264099,11.658650725999676],[92.737133466332651,11.658725092207215],[92.737115394025778,11.658768356354601],[92.7370891183037,11.658804661423105],[92.737073325921003,11.658816004446631],[92.737040558074384,11.658830810289617],[92.737011078960023,11.658836825355545],[92.736964970233103,11.658842839541594],[92.736930135363025,11.658842839541594],[92.736895878109692,11.658836684590518],[92.736867552432145,11.658828916999864],[92.736820655882738,11.658810620183598],[92.736719431021569,11.658765809386603],[92.736703718588942,11.658760213975004],[92.736618406484723,11.658740151432205],[92.736592605971452,11.6587356918184],[92.736508600915954,11.658737486573232],[92.736450068488679,11.658743683756018],[92.736370408584236,11.658763187637149],[92.736314912462618,11.658791294021674],[92.736281448421636,11.658835306852726],[92.736266311809118,11.658873466491583],[92.736263381504642,11.658887337123989],[92.736256422256133,11.658945832897034],[92.736254834034739,11.659015829153848],[92.736255747621385,11.659033520667354],[92.73627075307985,11.659163122912496],[92.736288711300702,11.659276643597655],[92.7363678079615,11.659716644137076],[92.736383627293648,11.659843685908578],[92.736434249156531,11.659986221389616],[92.736522838314912,11.660193826883811],[92.73664939297214,11.660519177966453],[92.736735553984275,11.660950466766682],[92.736766101195542,11.661067682653336],[92.736822683380325,11.661259501558197],[92.736848717455572,11.661334104605881],[92.73692148638348,11.661588187490258],[92.736945215381709,11.661696637935304],[92.736983385696433,11.661932374610137],[92.736991092343274,11.662000296492765],[92.73701007554186,11.662108746776811],[92.737048041939019,11.662223393243893],[92.73709233606904,11.662307055029167],[92.737193579794848,11.662418602863994],[92.737320135350373,11.66256423557175],[92.737870787348186,11.662980436687297]]]},"properties":{"objectid":4748,"id":"4656","name":"Ward No 13","code":"13","town":"Port Blair","district":"South Andamans","state":"Andaman and Nicobar Islands","st_area(shape)":849597.90387466457,"st_perimeter(shape)":5023.3902880264523}},{"type":"Feature","id":4750,"geometry":{"type":"Polygon","coordinates":[[[92.727776811962642,11.657016424849049],[92.727707150307282,11.657011774293709],[92.727436183383304,11.656995002029131],[92.727361194718341,11.656992694347034],[92.727286116221833,11.656988263738107],[92.727230409894418,11.656979867047793],[92.727192769585713,11.656962242267287],[92.72715477444244,11.65693612753655],[92.727121753270936,11.656899183497945],[92.727077629820798,11.656856306165993],[92.726985866016207,11.65676431466491],[92.726936635643696,11.656729082671196],[92.726896872615953,11.656712605998361],[92.726859409275363,11.656699226179155],[92.726829886143548,11.656694031909366],[92.726802530646509,11.656688751420237],[92.726764160905788,11.656679659688081],[92.726728821182505,11.65666513174353],[92.726682004583139,11.656661693530664],[92.72665274825097,11.656662867168304],[92.726582151449435,11.656703966478144],[92.726535784906019,11.656730740192039],[92.726427119299359,11.65676831682063],[92.726380406006299,11.656786800286476],[92.726339603627778,11.656824976922813],[92.726315800967669,11.656864133637395],[92.726058006939027,11.656794080531753],[92.726022470484693,11.656800821466863],[92.725995957607395,11.656815703079056],[92.725982358910628,11.656827941807798],[92.725962968775221,11.65685742085704],[92.725905595174666,11.657009524677701],[92.725902092643381,11.657018810832026],[92.725897787916523,11.657030222551883],[92.725894571049494,11.65703875032896],[92.725869497273294,11.657062078764348],[92.725844752280452,11.657067323175148],[92.725841688127019,11.657066143380678],[92.725822004242517,11.657058560495788],[92.725807246719043,11.657052875311495],[92.72582507019257,11.656987773696574],[92.725825597503672,11.656985846082556],[92.725826077204019,11.656984094425956],[92.725826046661297,11.656984083868524],[92.725809754815302,11.656978373168855],[92.725799185237676,11.656974668384299],[92.725796026761159,11.656973561611776],[92.72578854559147,11.656970938965634],[92.725779812170245,11.656967878185336],[92.725739915293559,11.656948217575911],[92.725739887445783,11.656948193821671],[92.725735056306192,11.656944025388704],[92.725730730918102,11.656940293330255],[92.72571401866054,11.656925868334458],[92.725712317251393,11.656920431247551],[92.72570878507571,11.656909133015775],[92.725708689854287,11.656908827729495],[92.7257020791521,11.656887677635437],[92.725700234012507,11.65688177601988],[92.725691664084692,11.65681401476613],[92.72568752105461,11.656799780677746],[92.725685732508865,11.65679646211769],[92.725683884674339,11.656793937126318],[92.725681132236289,11.656790988077164],[92.725677930640643,11.656788605611373],[92.725673872052184,11.656786241621143],[92.725645499662249,11.656775873319818],[92.725289509891567,11.6566622126058],[92.725211486717555,11.656633666111563],[92.725182040840863,11.656620456967561],[92.725178539207889,11.656617710267867],[92.725177097411844,11.656615928696191],[92.725175333120646,11.65661348816286],[92.72517404673313,11.656610854955838],[92.725172772922093,11.656606815846729],[92.725172319272858,11.656602937738864],[92.725178236475642,11.656581821053479],[92.725287123966169,11.65619326566164],[92.725296029863898,11.65615329416695],[92.725296491597931,11.656150988237441],[92.725296920094351,11.656147190184111],[92.725296841940903,11.656145155229858],[92.725295926557621,11.656141390608482],[92.725294420981228,11.65613868085523],[92.725279705678531,11.656116606043128],[92.72521392744018,11.65602397117031],[92.725181948314372,11.655988176016757],[92.725120273580259,11.655933767128174],[92.725045252575924,11.655883624334658],[92.724986647385109,11.655861060338564],[92.724923655720744,11.65585528099213],[92.724883437247158,11.655866859920083],[92.724807287060514,11.655911438040292],[92.724736563596522,11.655964103188333],[92.724685325489347,11.655996054540489],[92.724646661101204,11.656004248908735],[92.724609344185978,11.656004084387915],[92.724576758697367,11.655995425490309],[92.72454016402763,11.655971978193584],[92.724492647640673,11.655930698418334],[92.724452527981768,11.655904071552404],[92.724264831291364,11.655876717976636],[92.72406642039455,11.655836506253467],[92.723681839045014,11.655805420597419],[92.723469577024858,11.655798984045871],[92.723426625876158,11.655785757266317],[92.723381149563238,11.655752700872217],[92.723305988421728,11.65569924211221],[92.723252907869892,11.65564655843834],[92.723222103740497,11.655599043530829],[92.723191316679063,11.655567122045939],[92.723141686556261,11.655526797664583],[92.723131525712091,11.655520274886991],[92.723105334431651,11.655512039154234],[92.722908441687665,11.655450128184443],[92.722892024077552,11.655444653237574],[92.722877924120851,11.655438024003189],[92.72286208233082,11.655431117634073],[92.722849403508889,11.655425456170866],[92.722833499735117,11.655416855321473],[92.722818867077422,11.655405155843246],[92.722802776454088,11.655391472432704],[92.722795541422755,11.655382525823851],[92.722793705266326,11.655380255959415],[92.722784596349356,11.655368023325403],[92.722769210005168,11.655354653998948],[92.722711820234935,11.655320030642921],[92.72267072949721,11.655287994752905],[92.722482909737607,11.655141562895849],[92.722380840460062,11.655061984712324],[92.722366347041259,11.655051778228652],[92.722041387775434,11.654822945616166],[92.722018024391531,11.654802609172954],[92.721998905547338,11.654781907613604],[92.721988758177901,11.654769086370827],[92.721949328425126,11.654719268011217],[92.721945870809606,11.65471489983145],[92.721922329559263,11.654683529876179],[92.721918720128457,11.654677835845337],[92.721915475413638,11.654670324158602],[92.721913806343863,11.654665482648548],[92.721910508628454,11.654652316520849],[92.721905945186805,11.654613448946943],[92.721908298772831,11.654580856065255],[92.721907567544193,11.654559130407982],[92.721905642454544,11.654542115171838],[92.721900747534562,11.654525223105979],[92.721899296755382,11.654521049357884],[92.72186387977699,11.654419165543194],[92.721860841674697,11.654395835126245],[92.721860912641617,11.654394077294764],[92.721861702260767,11.65437460126023],[92.721862317606693,11.654366805391328],[92.721862348149429,11.654361644510125],[92.721861746278179,11.654356510022717],[92.721858791719228,11.654343950939436],[92.721850984461085,11.654313732594964],[92.721833878741464,11.654247527073837],[92.721821064273925,11.654197927689946],[92.721810754309402,11.654164793684791],[92.721804317880398,11.654148771714537],[92.721800502735391,11.654142748628901],[92.721770134288889,11.654105690725027],[92.721726077314102,11.654050225711774],[92.721721426735868,11.654043875339646],[92.721719679512645,11.654039793962964],[92.721720744914577,11.654033587877246],[92.721735513217851,11.654017786728412],[92.721769062598753,11.653983789621082],[92.721774387811749,11.65397576323438],[92.721772974761805,11.653965239104117],[92.721772143820161,11.653963197095496],[92.721768777832807,11.653954921725726],[92.721760752284055,11.653946319950995],[92.721579643837941,11.653811661715336],[92.721344300504867,11.653645380839935],[92.721334353459739,11.653637581431342],[92.721331917228682,11.653635670510223],[92.721329122569813,11.653631234568968],[92.72132791523407,11.653625223789293],[92.721327406787609,11.653613249738603],[92.721329538489798,11.653600838427774],[92.7213313126625,11.653590234221655],[92.721330070292439,11.653578746697818],[92.721327304379685,11.653569314382032],[92.721323139790044,11.653562118512863],[92.721317711270771,11.653556140284193],[92.721316455425992,11.653554757241466],[92.721296629607693,11.653539594798914],[92.721248732335056,11.653508307411949],[92.721176346089436,11.653461024405525],[92.721100652246989,11.653420606459783],[92.721069201330565,11.653403095827271],[92.721067987706633,11.653402420141889],[92.721067764026117,11.653402358555981],[92.721041099333533,11.653395038630855],[92.720837214103383,11.653328751069507],[92.720811865442712,11.653319805274011],[92.720734982230795,11.653292671393544],[92.720716326917284,11.653286087857332],[92.720697722807756,11.653279522796769],[92.7206231518594,11.653262049106923],[92.720538775799696,11.653242278260299],[92.720519075745514,11.653235197636366],[92.720513269933846,11.653233110752637],[92.720506850572818,11.653229103267185],[92.720503869064373,11.653227242491811],[92.720501828092083,11.653223932687059],[92.720500496788816,11.653217633324413],[92.720505946867632,11.65313760677177],[92.720506882013851,11.65313356321318],[92.720507428189549,11.653129038404122],[92.720506110361015,11.653125170805305],[92.720502125434422,11.653121213466871],[92.720490776119121,11.653117277243567],[92.720457955271911,11.65310823202392],[92.720405254707444,11.653092179199753],[92.720402200435487,11.653092160723949],[92.720400084902991,11.653093567523626],[92.720398412239931,11.65309574942677],[92.720396945291057,11.653098913186291],[92.720395024693005,11.65311164212717],[92.720390835848804,11.653133513064573],[92.720389528800098,11.653136290591693],[92.720388521788649,11.653137239015567],[92.720385151309699,11.653137245174177],[92.720381391860258,11.653136346019053],[92.72036701252749,11.653132264629038],[92.720286057252395,11.653118541515568],[92.720281828882364,11.65311799164083],[92.720279295633233,11.653115250185333],[92.720277953550209,11.653110804557967],[92.720278006550842,11.653104067932318],[92.720286088693427,11.653075077653392],[92.720294166344459,11.653043002793288],[92.720294437635673,11.653040863120124],[92.720294393618218,11.653037504044381],[92.720293003026171,11.653034747631487],[92.720291133632045,11.653031635779421],[92.720287679609811,11.65302845794232],[92.720283862668154,11.653025749038555],[92.720228892959298,11.653005419502135],[92.72016579978532,11.652976947415155],[92.719986602954123,11.652896082343519],[92.71996289641379,11.652882991794792],[92.719884115061674,11.652852574456524],[92.719796892240822,11.652834175189721],[92.71971865975938,11.652816873912769],[92.719620141522157,11.652813525391901],[92.719562045676113,11.652814395514653],[92.719514549052107,11.652819219460959],[92.719486336562298,11.652821811353288],[92.719386330714968,11.652818521779141],[92.71926284649939,11.652788437878241],[92.719178781256772,11.652774293323287],[92.719241420781557,11.652682983195868],[92.719309246280432,11.652626663611644],[92.719399189199947,11.652574677037462],[92.719492081288536,11.652527021716146],[92.719574651734504,11.652486587798077],[92.719641003098019,11.652456261915795],[92.71971177776598,11.652436044952333],[92.719785501603042,11.652433156563202],[92.719890189469609,11.652434600317871],[92.720462285151569,11.652475035123313],[92.720533336500679,11.652489205207766],[92.721056314099513,11.652746432674091],[92.721189938498028,11.652836687899862],[92.721231408324797,11.652870533821918],[92.72128209306976,11.652886328877393],[92.721351208549407,11.652897610556609],[92.721429540743841,11.65291566141833],[92.721537821871578,11.652963045694582],[92.721632280622003,11.653003659902266],[92.721710611918169,11.653037505803965],[92.721784335755203,11.653082633373254],[92.721832717219769,11.653111966773244],[92.721904136878138,11.653130017621034],[92.721961733260883,11.65313678679864],[92.722053887832615,11.65313678679864],[92.722120700031866,11.653118735951285],[92.722175993134243,11.653093915044467],[92.72222667787922,11.65303976249055],[92.722258931889499,11.652967558189092],[92.722270451884668,11.652906635547701],[92.722293490078471,11.652814124536089],[92.722307313354065,11.65274868936304],[92.722328048267457,11.652699048360892],[92.722348783180848,11.652669715797121],[92.722390253007617,11.652640382350439],[92.722424810298264,11.652631357350684],[92.722466280125076,11.652626844850705],[92.722526180686529,11.652622331470843],[92.722558434696765,11.652611049780472],[92.722742743840257,11.652430539153002],[92.72279918858284,11.652375257683911],[92.723127489581501,11.651602444750496],[92.723145920316185,11.651591162138933],[92.723168958509973,11.651582137984875],[92.723194301780765,11.651584392923681],[92.723215036694157,11.651604700568917],[92.723219644153232,11.651638546641083],[92.723279544714686,11.651949928551652],[92.723367091827356,11.652046953240315],[92.723362484368238,11.65227484851064],[92.723360180189559,11.652349308804508],[92.723358187726262,11.652362577978145],[92.723356158432011,11.65238741918572],[92.723346152098088,11.652432345385998],[92.72334364310349,11.652438663242311],[92.723322941427767,11.652490800288012],[92.723306108795967,11.652522385162447],[92.723284152173804,11.652554640441933],[92.723277058177999,11.652567668540213],[92.723260021628647,11.6525894286655],[92.723250079075072,11.652598161572591],[92.723234436711024,11.652607837626329],[92.723206428138781,11.652622379859904],[92.72313474078247,11.652653870580684],[92.723053585183095,11.652688066685768],[92.723004514710681,11.652705626632219],[92.722984215480196,11.652716440264696],[92.722958156252133,11.652733459131852],[92.722952396254541,11.65273966348698],[92.722942028797846,11.652752073956476],[92.722924749703338,11.652783663200216],[92.722917838065541,11.652802841973697],[92.722913229708126,11.652841200396432],[92.722913229708126,11.652893097181151],[92.722922445524659,11.652965301501959],[92.722954699534938,11.653265400261761],[92.722961611172707,11.653394013665379],[92.72296836650365,11.653425439193565],[92.72297678731114,11.653444911775455],[92.722983506709454,11.653453959623539],[92.722994765294914,11.653467484765788],[92.723014212922507,11.65348789257043],[92.723031612391225,11.653509988706586],[92.72309728642503,11.653603861413858],[92.723110210487036,11.653634318260798],[92.723113666305906,11.653651241173735],[92.723120391992438,11.653685822507525],[92.72311712302313,11.653718931935455],[92.723111363025538,11.653739239424702],[92.723101694458109,11.653762911258257],[92.723090666739679,11.653783181792781],[92.72306989319874,11.653813699326065],[92.723063558279378,11.653821033316929],[92.723053766642778,11.65383626436828],[92.723050310823879,11.653844161428756],[92.723046567544074,11.653856289434005],[92.723042246647566,11.653876878448335],[92.723038790828653,11.653898313825922],[92.72303888335513,11.65392547228153],[92.723042883553106,11.653949320058612],[92.723046854106641,11.653964876627789],[92.723052614104262,11.653981799520626],[92.723063665178898,11.654007360257159],[92.723071387097079,11.654019964225304],[92.723086199417779,11.654040008633357],[92.723111363025538,11.654066413089433],[92.723147828337858,11.654103912656378],[92.723163952198888,11.654118899108852],[92.723215036694157,11.654158924563866],[92.723321014541469,11.654231128555642],[92.723401594320777,11.654273106261659],[92.723463481057337,11.654299712168839],[92.723682721190613,11.65437779227886],[92.724097417661767,11.654526712599125],[92.724203395509065,11.654522200129946],[92.724440693576241,11.654477072794506],[92.724574317974756,11.654445483743316],[92.724657256729969,11.654429688776489],[92.724740195485225,11.6544206638349],[92.724816223500966,11.654425176305732],[92.724874753233308,11.65442865061792],[92.724976081400712,11.654335496102631],[92.725187145966615,11.654271743457741],[92.725264325622575,11.654263282460201],[92.72526778144146,11.654241282281735],[92.725274693079271,11.654197282799355],[92.72527958081271,11.65408399406388],[92.725280595010673,11.653992578791332],[92.725274693079271,11.653732470261788],[92.725260869803677,11.653527140374662],[92.725258448843988,11.65350707745386],[92.72524157758464,11.653278938610194],[92.725382605897735,11.653278938610194],[92.725449500741988,11.653274397967154],[92.725719339381982,11.653236067757783],[92.726101780944504,11.653181914351759],[92.726567161262267,11.653082633373254],[92.726811371865537,11.653019454950172],[92.727069404846048,11.652983353239058],[92.727217269338453,11.652980683046028],[92.727225654213314,11.652983098976852],[92.727261035259104,11.652995709150083],[92.727273953032892,11.653001849273972],[92.727300067956506,11.653020628603231],[92.727323290304923,11.653037686162943],[92.727332413594937,11.653047027877422],[92.72734775771832,11.653065711305466],[92.727353977653323,11.653075052139185],[92.727360198486693,11.65308520590753],[92.727372319454801,11.65311265829574],[92.727378219589596,11.653129956914855],[92.727384982107054,11.65315896302446],[92.727388348094408,11.653178011561707],[92.727410045103468,11.653272310203912],[92.727436752915196,11.653370201912379],[92.72753502411571,11.653663422855095],[92.727851152942279,11.654495714775978],[92.7280475668842,11.65481103320273],[92.727947562833535,11.655100457196289],[92.727896453185437,11.655248374165287],[92.727859376120406,11.655373002070871],[92.727817454441023,11.655585363649022],[92.727807876603464,11.65563873709112],[92.727804957977099,11.655655001797911],[92.727723585883723,11.656016776244506],[92.727683629718186,11.656172042490509],[92.727656764701322,11.656285984937792],[92.727652715096013,11.656311270088219],[92.727635469239203,11.656384531027205],[92.727597212686177,11.656479447072488],[92.727579685656679,11.656518500900491],[92.727572572796262,11.65654330654487],[92.727570548891919,11.656576614464448],[92.727572671610943,11.656617682994456],[92.727577979755964,11.656646796074016],[92.72758328790097,11.656664990977408],[92.727590188758967,11.656680586984942],[92.727648828085762,11.656789109729887],[92.72767498792517,11.65683778839303],[92.727776811962642,11.657016424849049]]]},"properties":{"objectid":4750,"id":"4657","name":"Ward No 14","code":"14","town":"Port Blair","district":"South Andamans","state":"Andaman and Nicobar Islands","st_area(shape)":215655.9216428677,"st_perimeter(shape)":3293.8862073796117}},{"type":"Feature","id":4751,"geometry":{"type":"Polygon","coordinates":[[[92.727217269338453,11.652980683046028],[92.727069404846048,11.652983353239058],[92.726811371865537,11.653019454950172],[92.726567161262267,11.653082633373254],[92.726101780944504,11.653181914351759],[92.725719339381982,11.653236067757783],[92.725449500741988,11.653274397967154],[92.725382605897735,11.653278938610194],[92.72524157758464,11.653278938610194],[92.725258448843988,11.65350707745386],[92.725260869803677,11.653527140374662],[92.725274693079271,11.653732470261788],[92.725280595010673,11.653992578791332],[92.72527958081271,11.65408399406388],[92.725274693079271,11.654197282799355],[92.72526778144146,11.654241282281735],[92.725264325622575,11.654263282460201],[92.725187145966615,11.654271743457741],[92.724976081400712,11.654335496102631],[92.724874753233308,11.65442865061792],[92.724816223500966,11.654425176305732],[92.724740195485225,11.6544206638349],[92.724657256729969,11.654429688776489],[92.724574317974756,11.654445483743316],[92.724440693576241,11.654477072794506],[92.724203395509065,11.654522200129946],[92.724097417661767,11.654526712599125],[92.723682721190613,11.65437779227886],[92.723463481057337,11.654299712168839],[92.723401594320777,11.654273106261659],[92.723321014541469,11.654231128555642],[92.723215036694157,11.654158924563866],[92.723163952198888,11.654118899108852],[92.723147828337858,11.654103912656378],[92.723111363025538,11.654066413089433],[92.723086199417779,11.654040008633357],[92.723071387097079,11.654019964225304],[92.723063665178898,11.654007360257159],[92.723052614104262,11.653981799520626],[92.723046854106641,11.653964876627789],[92.723042883553106,11.653949320058612],[92.72303888335513,11.65392547228153],[92.723038790828653,11.653898313825922],[92.723042246647566,11.653876878448335],[92.723046567544074,11.653856289434005],[92.723050310823879,11.653844161428756],[92.723053766642778,11.65383626436828],[92.723063558279378,11.653821033316929],[92.72306989319874,11.653813699326065],[92.723090666739679,11.653783181792781],[92.723101694458109,11.653762911258257],[92.723111363025538,11.653739239424702],[92.72311712302313,11.653718931935455],[92.723120391992438,11.653685822507525],[92.723113666305906,11.653651241173735],[92.723110210487036,11.653634318260798],[92.72309728642503,11.653603861413858],[92.723031612391225,11.653509988706586],[92.723014212922507,11.65348789257043],[92.722994765294914,11.653467484765788],[92.722983506709454,11.653453959623539],[92.72297678731114,11.653444911775455],[92.72296836650365,11.653425439193565],[92.722961611172707,11.653394013665379],[92.722954699534938,11.653265400261761],[92.722922445524659,11.652965301501959],[92.722913229708126,11.652893097181151],[92.722913229708126,11.652841200396432],[92.722917838065541,11.652802841973697],[92.722924749703338,11.652783663200216],[92.722942028797846,11.652752073956476],[92.722952396254541,11.65273966348698],[92.722958156252133,11.652733459131852],[92.722984215480196,11.652716440264696],[92.723004514710681,11.652705626632219],[92.723053585183095,11.652688066685768],[92.72313474078247,11.652653870580684],[92.723206428138781,11.652622379859904],[92.723234436711024,11.652607837626329],[92.723250079075072,11.652598161572591],[92.723260021628647,11.6525894286655],[92.723277058177999,11.652567668540213],[92.723284152173804,11.652554640441933],[92.723306108795967,11.652522385162447],[92.723322941427767,11.652490800288012],[92.72334364310349,11.652438663242311],[92.723346152098088,11.652432345385998],[92.723356158432011,11.65238741918572],[92.723358187726262,11.652362577978145],[92.723360180189559,11.652349308804508],[92.723362484368238,11.65227484851064],[92.723367091827356,11.652046953240315],[92.723279544714686,11.651949928551652],[92.723219644153232,11.651638546641083],[92.723215036694157,11.651604700568917],[92.723194301780765,11.651584392923681],[92.723168958509973,11.651582137984875],[92.723455358490526,11.651281472571842],[92.723502156225251,11.651239165366569],[92.72283619468098,11.650604552995151],[92.721947046704301,11.650773783043928],[92.721807374847288,11.650781116235187],[92.721669142091372,11.650740501702616],[92.721203761773594,11.650485528206774],[92.721143861212127,11.650402041461456],[92.721074744834198,11.650248605511903],[92.720980286982055,11.649971067970057],[92.720881219874229,11.649513017628182],[92.72085127004263,11.649307684622965],[92.720848965863937,11.649185837721918],[92.720911170604126,11.649061734928418],[92.720968766986843,11.648969222636698],[92.72096185534906,11.648926350239554],[92.720934208797885,11.648869940153002],[92.720897347328517,11.648838350464327],[92.720837446767064,11.648813530054985],[92.72072916474103,11.648779683638786],[92.720657745082661,11.648766145071148],[92.720574806327434,11.64875711906574],[92.7204895633935,11.648673631801204],[92.720427358653325,11.648587888668706],[92.720392800464367,11.648447990301339],[92.720392800464367,11.648287784857205],[92.720402016280843,11.648211066749258],[92.720491866673868,11.648055373742841],[92.720630098531487,11.647854552238234],[92.720673872536949,11.647811679669113],[92.720763722930002,11.647771064702587],[92.720888131512027,11.647725936270694],[92.7215055678613,11.647430344112943],[92.721606938249522,11.647394241675709],[92.721892617781222,11.647310754001795],[92.721998595628577,11.647276907402587],[92.722980186536162,11.646983712274093],[92.723113378845028,11.647018969258699],[92.723473358033871,11.647219932137956],[92.723592150348736,11.647258714523872],[92.724139318679889,11.647322176678244],[92.724225714152325,11.64733627927947],[92.724546095603444,11.647540768236807],[92.724488498322373,11.647445575514626],[92.724423701942641,11.647311599506866],[92.724333707819156,11.647198778666873],[92.724232913251001,11.64711768843989],[92.7241861164146,11.647064802540184],[92.724168116871269,11.647015443824387],[92.724160917772551,11.646934353543921],[92.724160917772551,11.646867364985001],[92.7241861164146,11.646803903606621],[92.724232913251001,11.646747492209501],[92.72473328474571,11.646423130633018],[92.725032067104195,11.646243320723093],[92.725284052626193,11.645933060350899],[92.725467641320833,11.645760301904462],[92.725482040416509,11.645707416626299],[92.725528838151234,11.645506452653581],[92.725535951011651,11.645303609230876],[92.725552170094119,11.645219849943102],[92.725574287514718,11.645169305775825],[92.725602302375165,11.645144756024907],[92.725640638878232,11.645125982322226],[92.725706990241747,11.645108652410995],[92.725751224184648,11.645097099429536],[92.725796933161263,11.645079770396341],[92.725826423055409,11.64505521975768],[92.725845590408639,11.645030669996686],[92.725876001974243,11.644961803431661],[92.725899040168045,11.644871545648455],[92.725912863443611,11.644799339224827],[92.725901344346724,11.644733902164718],[92.725852962882158,11.644634618168286],[92.725763112489147,11.644546617034388],[92.725564980070061,11.644329997454117],[92.72553963769758,11.644282612585771],[92.725535029340165,11.644235226829556],[92.725535029340165,11.644178815791037],[92.725553460973174,11.644061480160735],[92.725203273420902,11.643684652105513],[92.725177930150124,11.643628240955294],[92.725164106874516,11.643587624497725],[92.725152587777629,11.643535725975445],[92.725152587777629,11.643499622152621],[92.725152587777629,11.643445467729302],[92.72515949941544,11.643391312415645],[92.725182538507525,11.64331910560759],[92.725401405839989,11.642852018107488],[92.725431355671546,11.642788837358848],[92.725459002222749,11.642741451348087],[92.725491256232999,11.642714374503832],[92.725530421881089,11.642698578870311],[92.725594929901646,11.642664731709543],[92.725788454861629,11.642592524712832],[92.725866786157766,11.642556421647361],[92.72588752107113,11.642542882776668],[92.725919775081408,11.642502266160554],[92.725961244908177,11.642443597997833],[92.725984284000276,11.642412007578953],[92.726005018015343,11.642373647716877],[92.726124819138292,11.642143488433382],[92.726205454613122,11.641888507051965],[92.726288394266675,11.641592909567647],[92.726320648276953,11.641403365540706],[92.726341383190359,11.64132664553304],[92.726378244659713,11.641272489806711],[92.726500349961356,11.641209308699255],[92.726910438075052,11.641015251722362],[92.727265233086413,11.640787347220845],[92.727311310372286,11.640760269306512],[92.727359691836853,11.640758012520262],[92.727401160765311,11.640755756613817],[92.727463365505486,11.640767038785343],[92.727514050250448,11.640771551477847],[92.727571647531519,11.640785090434823],[92.727615420638671,11.640787347220845],[92.727652283006378,11.640787347220845],[92.727693751934808,11.640771551477847],[92.727746740858493,11.64074673034834],[92.727785906506554,11.640730934603027],[92.727829680512045,11.640710627043235],[92.727901100170385,11.640658727984064],[92.727928746721588,11.640699343989574],[92.727940265818475,11.640715139736693],[92.728297077547637,11.640535185361218],[92.729123229368327,11.640101517458568],[92.729990706387085,11.641240899254795],[92.730380059587418,11.641764401000852],[92.730449175965362,11.641719271593981],[92.730573584547386,11.641881737600421],[92.730504469067739,11.641931379654647],[92.731850070803205,11.643733025124032],[92.731828471710486,11.643514430571434],[92.732051659041147,11.643486224980473],[92.732130854516598,11.644096172666297],[92.732660023304391,11.644811890821032],[92.732694637188914,11.64485870635192],[92.732256453366361,11.645097643161364],[92.732198572217655,11.645129205120728],[92.73160933488343,11.645339422477473],[92.731410896138883,11.645341405601229],[92.731171959544639,11.645392969453306],[92.73119892966443,11.645532084555585],[92.7309854827664,11.645560760644576],[92.730882401985866,11.645567491294306],[92.730799381483948,11.645561541048016],[92.730738634709496,11.645553608559215],[92.730673839228047,11.64553774270108],[92.730639415786342,11.645511961229575],[92.730596893134077,11.645468330770887],[92.730566520195978,11.645418750935818],[92.730540196863231,11.645365204844788],[92.730523997543699,11.645289842619414],[92.730513873530455,11.645224396876516],[92.730521972741059,11.645153001743003],[92.730532096754303,11.64505582507736],[92.730540196863231,11.644932865972713],[92.730538814355995,11.644882769584497],[92.730532889068371,11.644843964871455],[92.730513873530455,11.644788092409911],[92.730497674210923,11.644759336177074],[92.730445572822774,11.644686777793813],[92.730434676258383,11.644675876746106],[92.730428483272789,11.644671526004991],[92.730419825310094,11.644669283327682],[92.730407017130787,11.64466946369209],[92.730396042412949,11.644671130083118],[92.730379587073585,11.644675987604225],[92.730376048609685,11.644679106588457],[92.730370116135546,11.644688740686213],[92.730367721226983,11.644695255799611],[92.73036396447246,11.644714112235059],[92.730361430325047,11.644734772312738],[92.730361186881609,11.644739060585227],[92.730358356290154,11.644788963437609],[92.730358356290154,11.644830550167555],[92.730355524800359,11.644872136011488],[92.730352694208904,11.644908177188491],[92.730344202434537,11.644963625550027],[92.730341043957978,11.644988007270307],[92.73032689010239,11.645028207365991],[92.730315895621615,11.64504402574263],[92.730293249991604,11.645066205253745],[92.730269228142589,11.64508430325481],[92.730237891312242,11.645102540267105],[92.730219331220141,11.645111151113783],[92.730185835738141,11.645122487657783],[92.730132702185713,11.645133870831996],[92.730096553080386,11.645137436762123],[92.729317112756107,11.645094729181043],[92.729286283473883,11.645088631114023],[92.729252803263236,11.645077700168033],[92.729226716187398,11.645066768341779],[92.729199640964737,11.645049609112929],[92.729180860785377,11.645032729667449],[92.729165955938214,11.645010020498892],[92.729158287918949,11.644990838548178],[92.729148252838911,11.644947594251052],[92.729146826314221,11.644922433001831],[92.729146826314221,11.644880453003537],[92.729146826314221,11.644819459962935],[92.729144434998943,11.644772624189457],[92.729141024994135,11.644749462769065],[92.729135234453807,11.644721107732973],[92.729126468693266,11.644702993871348],[92.729108231994687,11.644686621184739],[92.729089709631836,11.644675029473348],[92.729016615513814,11.644650343305717],[92.728880226100827,11.644616931896691],[92.72868338006927,11.64457985512602],[92.728547712901772,11.644565973221424],[92.728497090140579,11.644573905738405],[92.728456593189264,11.644583822264176],[92.728393821612158,11.644613570079642],[92.728258154444674,11.644704797515066],[92.727950371865418,11.644891218550088],[92.727873426669731,11.644928899719362],[92.72783697932374,11.644940799359043],[92.72778186857937,11.644966576484384],[92.727691187244702,11.645034009813049],[92.727498823806386,11.645208531879435],[92.727247738396258,11.645490146001077],[92.727116120834097,11.645619054224609],[92.727062625260615,11.645671448578227],[92.727031978336385,11.645713361590539],[92.72699307050479,11.645781729109869],[92.726970836303195,11.645837206331363],[92.726963242844093,11.64586695401271],[92.726836456421523,11.646332415817298],[92.726775981836582,11.64652558310399],[92.726750729295645,11.646590568394576],[92.726676721590977,11.646763357998591],[92.726666597577719,11.646786164683881],[92.726654447863481,11.646835744275053],[92.726652423060855,11.646862517180235],[92.726653573802736,11.646879986873385],[92.726658314212486,11.646909429145873],[92.726669634781672,11.646953744757489],[92.726682795998912,11.646983492319348],[92.726725318651219,11.647098517192415],[92.726919706892176,11.647423760437878],[92.726933375657538,11.647448550177691],[92.726949574977056,11.647497138096544],[92.726952105531211,11.647520936275749],[92.726951093129884,11.647545726006911],[92.726945015128663,11.647595321299297],[92.726925782198435,11.64768950658002],[92.726919707790501,11.647755943295833],[92.726923653191221,11.647828721711914],[92.726938169067878,11.647907241788687],[92.726994628183476,11.648086143532455],[92.727138394561564,11.648443116129698],[92.727276086531674,11.648909163094963],[92.727336833306154,11.649208622213145],[92.727363156638901,11.649452552611004],[92.72736720624421,11.649597324624176],[92.727363156638901,11.649708382230363],[92.727351006924692,11.649789691653986],[92.727332782802506,11.649888850635739],[92.727292285851192,11.65006733583394],[92.727281149436607,11.650143687428887],[92.727270012123725,11.650242350072233],[92.727270012123725,11.650264660260012],[92.727273230787389,11.650343436552614],[92.727330757999894,11.650953809974396],[92.727324683591902,11.651029170664021],[92.727314559578659,11.651092631077574],[92.727303423164102,11.65111940445246],[92.727286725279598,11.651155583828686],[92.727281067689944,11.651167842162558],[92.727110046426134,11.651453566852991],[92.727075622984444,11.651511077930493],[92.727057399760596,11.6515378512651],[92.727031076427821,11.651590404627319],[92.727022976318935,11.651637008743215],[92.727022976318935,11.651657831949889],[92.727027025924215,11.651703444515281],[92.727041200441079,11.651764922576744],[92.727074968112603,11.651811876825237],[92.72709554492252,11.651832028728633],[92.727148519473118,11.651874986898237],[92.727180917213829,11.65189779316405],[92.727213314954582,11.651933490306686],[92.727247738396258,11.652018766111278],[92.727293857004625,11.652182305615735],[92.727306459469759,11.652250873898279],[92.727306459469759,11.652308306508406],[92.727217269338453,11.652980683046028]]]},"properties":{"objectid":4751,"id":"4658","name":"Ward No 15","code":"15","town":"Port Blair","district":"South Andamans","state":"Andaman and Nicobar Islands","st_area(shape)":790810.69562629785,"st_perimeter(shape)":5831.0104604820554}},{"type":"Feature","id":4766,"geometry":{"type":"Polygon","coordinates":[[[92.724870585948722,11.609569349701863],[92.725283065377724,11.608805549934377],[92.725227612375221,11.608347885028619],[92.725030799581319,11.607664925833644],[92.724597089368885,11.606884163417774],[92.724519910611249,11.60633591710465],[92.724823544770544,11.605700802878561],[92.725099473988152,11.604764161121594],[92.725506433269729,11.604195822168883],[92.726330872003217,11.604122203431883],[92.727252051207927,11.603934201106547],[92.728091033665862,11.603727098337529],[92.729048619792437,11.603060005789047],[92.729735435726056,11.60236422583241],[92.729823740118476,11.602158079295338],[92.729912045409208,11.601951930846038],[92.729793795676798,11.601248756433586],[92.729609153258366,11.600260736087449],[92.729308363165245,11.599613524305088],[92.730703194374911,11.599720920056752],[92.730994943822964,11.599672573714258],[92.731294366680231,11.599785953226302],[92.731593788639131,11.599899331812294],[92.731820243142479,11.60076692849348],[92.731935986575266,11.600934531856979],[92.732595219738116,11.601890855367889],[92.732580122651427,11.603497867152308],[92.732781415343652,11.603630962284395],[92.732871996965343,11.604281651127325],[92.732806577154761,11.60436298789597],[92.732792706268484,11.604384930419604],[92.732789926880983,11.60439073459345],[92.732785744325014,11.60440297914716],[92.732784341156545,11.604409420406933],[92.732781867196266,11.604423123922704],[92.732781851026587,11.604438800293364],[92.732784054593964,11.604447917490619],[92.732787176239583,11.604455343417197],[92.732791154877987,11.604460806167657],[92.732806069606639,11.604472676738135],[92.732815078810631,11.604476902273916],[92.732846670762541,11.604484638823248],[92.732875679159676,11.604489222499831],[92.732897579187991,11.604494938676162],[92.732917907164577,11.604502729782094],[92.732956964116482,11.604521342552015],[92.732971868963688,11.604530676215049],[92.732978528174868,11.604536732932377],[92.7329875454637,11.604549722799932],[92.732991781918585,11.604562172375747],[92.732993258748905,11.604567474972646],[92.73299676936503,11.604574510196922],[92.733002778195996,11.604579631523322],[92.733014619788051,11.604585089871575],[92.733024676427661,11.604586724824184],[92.733042604105805,11.604586724824184],[92.733052319385578,11.604586006782577],[92.733062234989703,11.604584619096736],[92.733071818217141,11.604584140402354],[92.733074565265255,11.604584140402354],[92.733078310341696,11.604584393828798],[92.733084208679841,11.60458589326862],[92.733086356551695,11.604586845377741],[92.733088867342929,11.604588757515497],[92.733090756499948,11.604591890147997],[92.733091075401887,11.604592980409675],[92.733091236200337,11.604595216370074],[92.73308992106675,11.604604683783471],[92.733088756850137,11.60460865765074],[92.733087794754482,11.604611169916227],[92.733085600170241,11.604615403369491],[92.733064337945777,11.604643582978628],[92.733059061241804,11.604664258348274],[92.733057741616619,11.604692686979067],[92.733069614649764,11.604726285328045],[92.733081486784528,11.604740499200657],[92.73313161637067,11.604752129532214],[92.733202852772678,11.60475083688211],[92.733255620710793,11.604744376271217],[92.733285961309534,11.604744376271217],[92.733324217862503,11.604749545111924],[92.733378305425788,11.604761175443098],[92.733425795761605,11.604789604064019],[92.733458775610615,11.604830954780192],[92.733478563699705,11.604867137531738],[92.733500990140769,11.604899443210281],[92.733518138979534,11.604951131584153],[92.733475925347705,11.604938209491586],[92.73344030714668,11.604936917722265],[92.7333730287218,11.604944670977943],[92.733325537487687,11.604957593070219],[92.733287280934661,11.604971807810983],[92.733254301085651,11.605002820828428],[92.733165914946539,11.605116536956118],[92.733140851051786,11.605148842605768],[92.733111828281594,11.605160472040382],[92.733078848432555,11.605163056456867],[92.733043230231544,11.605164349105076],[92.733001016599715,11.605166933521561],[92.73295748334273,11.605169517937984],[92.732931098924524,11.605170809706236],[92.732891523644653,11.605186316204335],[92.732871735555591,11.605208284181796],[92.732851947466528,11.605232836573377],[92.732832160275763,11.605258680730637],[92.732805775857557,11.605309078150366],[92.732791265370778,11.605358182033685],[92.732780711962789,11.605399533545519],[92.732770157656532,11.605451221826774],[92.732764880952544,11.605519710104602],[92.732766200577686,11.60557656718893],[92.732771364093949,11.605624619485313],[92.732771477281673,11.605625671905146],[92.732785580831631,11.605654767439749],[92.732802934486301,11.605676401879462],[92.732825609760695,11.605702109603472],[92.732843530252296,11.605715823615125],[92.732853016461718,11.605723083197521],[92.732876831698192,11.605737873386184],[92.732908112833016,11.605754315238814],[92.732925869831249,11.605761668974816],[92.732986695657459,11.605780667078454],[92.733024282965573,11.605796239538853],[92.733081486784528,11.6058272586243],[92.733142169778631,11.605871193596597],[92.733160569072282,11.605882386546428],[92.733202041593984,11.605914960491768],[92.733336090895619,11.606039181951534],[92.733438913859686,11.60611274298607],[92.73347821694999,11.606134210200159],[92.733537985459108,11.606160890224492],[92.733585893511517,11.606175712068046],[92.733647118189722,11.606188782814524],[92.733690957772197,11.606193119197762],[92.733806108316912,11.606198640870682],[92.733812269861431,11.606329412533073],[92.733662013155424,11.606383073483867],[92.733606359828642,11.606423456021982],[92.733569257610768,11.60646989434966],[92.733550706501845,11.606538543407655],[92.733521849919981,11.606813139470741],[92.733583686350883,11.607107925602365],[92.733664074789004,11.607459246063531],[92.73367025879142,11.607525876287278],[92.733653768417767,11.607582410023468],[92.733476502066097,11.60795190157693],[92.73346207332601,11.607996321942696],[92.733455890221933,11.608032665313091],[92.733488870070943,11.608107370626334],[92.733752707964854,11.608745398133504],[92.733767136704927,11.608807989127092],[92.733767136704927,11.608876637609663],[92.733756830333675,11.608953363037198],[92.73366819715784,11.609199689583113],[92.733658922052555,11.609238052255067],[92.733653768417767,11.609310738667551],[92.733657890786617,11.609345062409107],[92.73367850352912,11.609411691302391],[92.733711483378158,11.609478320179761],[92.733748585596004,11.609532834943908],[92.73378568781385,11.609573217026007],[92.733839279507109,11.609597445216538],[92.733905239205143,11.609609560190915],[92.733965014900775,11.609615616798017],[92.734028922846704,11.609613597342378],[92.734126301121833,11.611132892597812],[92.734377916537966,11.61185688763887],[92.734527313556228,11.613505124563289],[92.734716025342905,11.614598808251682],[92.734865422361196,11.61538441061912],[92.734794654879749,11.615615469303494],[92.734676710574504,11.61571559429264],[92.733233921006814,11.616630647510156],[92.733243582387686,11.616715824144377],[92.733224258727589,11.616794691766161],[92.733137300011464,11.616895642571],[92.733124417271981,11.617135400586037],[92.733076107672602,11.617214268089072],[92.733047120835039,11.617327837571002],[92.733031017635241,11.617539202212546],[92.732995589877078,11.617753722056099],[92.732947280277742,11.617961931894653],[92.732902190240353,11.618125976246915],[92.732853880641017,11.618211153304047],[92.732924735259047,11.618261628454485],[92.733060003574522,11.618277401717169],[92.733182390048839,11.618296329455195],[92.733243582387686,11.61831841254787],[92.733375630242861,11.618384660935508],[92.733462588958986,11.618491920112577],[92.733510899456661,11.618558169338876],[92.735478735443309,11.619168205968135],[92.735992031000038,11.620277271903957],[92.737783534882951,11.621312396303715],[92.738004957024074,11.621588428768767],[92.738140829007421,11.621829956621418],[92.738246507715758,11.622105988573651],[92.738271669526867,11.622475673811289],[92.738281734251316,11.622776350999004],[92.738306895164115,11.623259405314814],[92.738367283510769,11.623658663098732],[92.738488058407455,11.624018487970176],[92.738583672391343,11.624250156298336],[92.738598769478003,11.624427603837288],[92.738543414391899,11.624536044139889],[92.738392444423553,11.624614909547983],[92.738186120267414,11.624777569436674],[92.738095538645752,11.624974733184049],[92.738045215023533,11.6254134215372],[92.738025085574634,11.625738741166764],[92.73796973048853,11.625901400399052],[92.737345723861267,11.625926045995641],[92.737144431169014,11.625950690710123],[92.737016369138743,11.626117936659121],[92.737007399460609,11.626099008572622],[92.736802191910385,11.625912368173728],[92.736394773589666,11.625554670675657],[92.736275354250765,11.625442033708149],[92.736173627231352,11.625355389449906],[92.73604093887738,11.625268745164695],[92.735930366147358,11.625199430245043],[92.735726911210236,11.625047802643326],[92.735390767919114,11.624852853628246],[92.735209427707673,11.624800867142522],[92.735054625526317,11.624770541761368],[92.734939628593565,11.624770541761368],[92.734829055863528,11.624779206030626],[92.734727327945819,11.624818195678902],[92.734630023332556,11.624874514734429],[92.734523873008698,11.624952494878714],[92.734435415004356,11.62501747728904],[92.734302726650384,11.625086793133864],[92.734218691052178,11.625125782739074],[92.734041774145183,11.62516477233879],[92.733864856339849,11.625199430245043],[92.733555251078855,11.625320731563054],[92.733453524059485,11.625329396695083],[92.73339160228862,11.62523841983448],[92.733338527126676,11.625108454221856],[92.733303144284278,11.62499148450269],[92.733227954396682,11.624813863984855],[92.733143918798476,11.624783538605087],[92.732944886267504,11.624783538605087],[92.732679510457828,11.624813863984855],[92.732471633114571,11.624813863984855],[92.732246063451768,11.624800867142522],[92.731980687642135,11.624774874335982],[92.731653390061624,11.624848521934746],[92.731268594913047,11.624930833778585],[92.731122638442301,11.624987151931473],[92.730994373392775,11.625043470952843],[92.730964772107527,11.625076073455162],[92.730918412750682,11.625155537914088],[92.730903007541841,11.625178386845464],[92.730883613813191,11.625213958073592],[92.730869236277073,11.625259831902456],[92.730866518873313,11.625274027130326],[92.730853838254788,11.625315727642796],[92.730844779643462,11.625332584527406],[92.730830286224659,11.625359202001961],[92.730806735092855,11.625389368059411],[92.730779560157188,11.625415984648663],[92.730759632829248,11.625428406016063],[92.730734269795533,11.625449700164543],[92.730708906761777,11.625476316748045],[92.730694414241313,11.625499384744947],[92.730681732724449,11.62552777605543],[92.730669051207585,11.625556168242944],[92.730660325871213,11.625589154315822],[92.73065527823762,11.625608239056788],[92.730650847746645,11.625623994305739],[92.730639471481908,11.625655098293487],[92.730627058561311,11.625669612020106],[92.730584146938497,11.625697632881119],[92.730503847433582,11.625734992851559],[92.730477992123056,11.625748578294122],[92.730431104556786,11.625781381327933],[92.730419742665106,11.625792558520228],[92.730399322162043,11.625818947180461],[92.730369166616285,11.62586959077044],[92.730360655977279,11.625896371852395],[92.730280817308085,11.626286430183848],[92.730201010079909,11.62627029486225],[92.729851737910934,11.626199680602122],[92.72988963154458,11.62600109406749],[92.729971714205348,11.625550859006168],[92.729974059706549,11.625369386698248],[92.729945917285349,11.625238451510425],[92.729861489123337,11.625079950242894],[92.729779405564258,11.624969687902777],[92.729664489479859,11.624870911589321],[92.729554263499551,11.62480888909179],[92.729422930703336,11.624765243948163],[92.729216550851632,11.624726192700267],[92.728862421491883,11.624680250152148],[92.728684184061422,11.624629713692411],[92.728433245076701,11.624503372063],[92.728079115716994,11.624374732982243],[92.727868044862888,11.624310412979654],[92.727664009614088,11.624209339916812],[92.727506879897845,11.624119752038659],[92.72701241213116,11.623770771972131],[92.7265273353525,11.623420416194804],[92.726404622789715,11.623501823050548],[92.726299086913514,11.623563845839085],[92.72609739716593,11.62365802869606],[92.725851148285287,11.623754508040481],[92.725602553903457,11.623818827291583],[92.725318781495091,11.623878553491302],[92.725037354587926,11.623924495291748],[92.724669153119308,11.623977329276798],[92.723998417927547,11.624043946753138],[92.723702919809796,11.624080700700256],[92.723400385188413,11.624135831171852],[92.723203385544906,11.624181773809777],[92.722889125214124,11.624259876452806],[92.72282111376397,11.624278253852674],[92.722746066708481,11.624280550367653],[92.722617078515157,11.624262173847844],[92.722492781324235,11.624236905141229],[92.722415388767573,11.624216231223176],[92.722328616002713,11.624190962512401],[92.722216044521204,11.624161099887589],[92.722129271756316,11.624145019875991],[92.722056569303746,11.62413812856787],[92.721990902456497,11.624140425963914],[92.721943998720548,11.624147317271971],[92.721880677374486,11.624167991195151],[92.721822046132516,11.624195557303597],[92.721756380183564,11.624223122529363],[92.721707130048117,11.624248391237225],[92.721686023232195,11.624259876452806],[92.721655535309765,11.624255282542611],[92.721610976176748,11.624239202536458],[92.721245120209304,11.624057729373909],[92.72091209766549,11.623924495291748],[92.720447742325433,11.623782073309936],[92.719992768091913,11.623579925884231],[92.719684790578199,11.623392937999052],[92.719739190755192,11.623400893116916],[92.719776127683062,11.62339960055327],[92.719811745884073,11.623395724622062],[92.719848683710225,11.623390556127069],[92.719896174046042,11.623373758077772],[92.719972687152051,11.623341454540061],[92.720410658972185,11.623146341550212],[92.720836757759216,11.622948644172096],[92.721082127189206,11.622825890873509],[92.721166555351175,11.622781957693341],[92.721235153401196,11.622739317072975],[92.721281325010182,11.622707013461717],[92.721316943211193,11.622659204321295],[92.721344646356243,11.622611395172706],[92.721364433547009,11.622551957307266],[92.721384221636072,11.622491225981392],[92.721537247848104,11.622045436649723],[92.72165333623397,11.62176891717356],[92.721789213607209,11.62153245484931],[92.721947516523201,11.62127790157526],[92.722034583037157,11.621156440114564],[92.722076796669,11.621116383514007],[92.722104499814051,11.621071158369677],[92.72211109614318,11.621051775911337],[92.722113734495181,11.62103239345161],[92.722113734495181,11.62100784245137],[92.722108457791194,11.620997505372697],[92.722091308054104,11.620981999753996],[92.72192772843411,11.620894133685061],[92.721328815345998,11.620626658462294],[92.72129715512213,11.620615028792903],[92.721278686658209,11.620602107426292],[92.721269451977079,11.620586601785593],[92.721270771602207,11.620571096144003],[92.721377625306957,11.62001159373345],[92.721430393245058,11.619667880913569],[92.721439627926188,11.619595520126962],[92.721435669949045,11.619561923569707],[92.721429074518213,11.619529619589988],[92.721413243507968,11.619501192471942],[92.721384221636072,11.619475349634788],[92.721348603435061,11.61944304564507],[92.721283963362197,11.619399111931447],[92.721195577223043,11.619338380798199],[92.721104553630241,11.61928281822297],[92.72095680412221,11.619179445019254],[92.720824884726113,11.619076072657075],[92.720630963609096,11.618899046704893],[92.720294569688008,11.618640615027568],[92.720264228190985,11.618621232400136],[92.720237844671104,11.618596681187421],[92.720219376207169,11.618572130852503],[92.720218056582013,11.618542411050523],[92.720218056582013,11.618519151537297],[92.720229929615144,11.618489431729708],[92.720303804369152,11.61834471040552],[92.720173204598197,11.618327912051996],[92.720079541755098,11.618318866581262],[92.719906727454003,11.618304653400775],[92.719431819604324,11.618230999672521],[92.719050572801095,11.61819611124282],[92.718978017672228,11.618189650943496],[92.718954272504362,11.618181898056088],[92.71892920771127,11.618166391400779],[92.718893589510259,11.618136671555558],[92.718860609661249,11.618112121180079],[92.718819714756251,11.618091445927606],[92.718762989739304,11.618075940147179],[92.718720775209178,11.618074648438723],[92.71867988030418,11.618078524443963],[92.718637666672336,11.618083693037502],[92.718563791918328,11.618106952587075],[92.718525535365316,11.618123750074025],[92.71847408615406,11.618143132736048],[92.718416042410297,11.618170268284665],[92.718361955745365,11.618187066647693],[92.71829995312612,11.618201279834171],[92.718241909382328,11.618209032721031],[92.718189141444242,11.618214201312115],[92.718022923472262,11.618218078195328],[92.717851428796322,11.61820644842542],[92.717778872769159,11.618197403830637],[92.717730062808201,11.618185774059864],[92.717683891199215,11.618166391400779],[92.717640357942244,11.618149593916424],[92.717613974422321,11.618137964143655],[92.717565164461362,11.618137964143655],[92.717529546260351,11.618139255851817],[92.717499204763328,11.618143132736048],[92.717472820345108,11.618157346804685],[92.717443798473212,11.618179312880327],[92.717412138249344,11.61820644842542],[92.717393668887112,11.618232292260148],[92.717373881696361,11.618269764980298],[92.717322433383387,11.618391227699384],[92.717267027093314,11.618525612708908],[92.71721557878034,11.618666457942135],[92.717181279306175,11.618773707331721],[92.717137746049204,11.618856405490234],[92.717045402831232,11.618979160537771],[92.716941186580158,11.619088994094461],[92.716896334596356,11.619122590708738],[92.716733084658102,11.619074780073367],[92.716644451482281,11.619036419634936],[92.716603226895586,11.619010172877173],[92.716582614153054,11.618907203449963],[92.716566537004439,11.618787921368195],[92.716557302323309,11.618732358683213],[92.716554663971294,11.618681963689689],[92.716563898652424,11.618609602647059],[92.716579728764373,11.618526904415278],[92.716599515955153,11.618428700398198],[92.716606112284268,11.618324035170298],[92.716604793557423,11.618245213736643],[92.716590282172305,11.618187066647693],[92.716562579027283,11.61811858148125],[92.716505854010336,11.618030714509356],[92.716434617608314,11.617940263211725],[92.716351508173176,11.617853687893062],[92.716263122932361,11.617778742335835],[92.716168141362417,11.617698628157816],[92.71606524383823,11.617619806547246],[92.715984773653361,11.617553905543073],[92.715868684369198,11.6174479482753],[92.715768426095309,11.61733294546447],[92.715687955910454,11.617224403807972],[92.715607484827302,11.617074512334813],[92.715571866626277,11.617007319488295],[92.715561313218359,11.616944003526489],[92.715529652994476,11.616863889108529],[92.715492715168295,11.6167824820732],[92.715375307157288,11.616610623284886],[92.71525789914628,11.616440056986567],[92.71513917240847,11.616221680338899],[92.715017806420306,11.616012348186157],[92.714920186498404,11.61581464574639],[92.71486741856026,11.615704810899272],[92.714844992119211,11.615658293157065],[92.714810693543342,11.6156234044053],[92.714776394967458,11.615593684288916],[92.714668220739284,11.615529075405831],[92.714505960744461,11.615415364403963],[92.714345019476482,11.615308113721991],[92.71422497311346,11.615246089095754],[92.714120756862428,11.615200862998773],[92.713870110728465,11.615098780883153],[92.713827896198325,11.615070353313111],[92.713817342790364,11.615034171885352],[92.713814704438391,11.615001867380816],[92.713821300767506,11.614974731523724],[92.714003348851421,11.614567695990306],[92.714028413644456,11.614504378594376],[92.714050839187252,11.614466905367983],[92.714093053717377,11.61443201646714],[92.714149778734281,11.614404881434522],[92.714242121952253,11.614385498512508],[92.714337104420494,11.61436740819471],[92.714421532582492,11.614362239532266],[92.714502002767318,11.614368699920353],[92.714720988677385,11.614381621575964],[92.71499527487633,11.614385084949156],[92.715108830911404,11.614388082843538],[92.715215685514465,11.614403588829111],[92.715359477045368,11.614421679144556],[92.715428075095389,11.614416510483119],[92.715479523408362,11.614398420167342],[92.715524375392164,11.614368699920353],[92.715566589922332,11.614324766286765],[92.715631229995211,11.614235605512695],[92.715698509318429,11.614170996314838],[92.71593332534043,11.614040486147044],[92.71621958967539,11.613900930303991],[92.716470235809325,11.613745868369799],[92.716868631451291,11.613465464589057],[92.71698208148517,11.613394394802203],[92.71702561474217,11.613373719199817],[92.7170876173614,11.613364674448182],[92.717125873914398,11.613360797497439],[92.717166768819382,11.613359505767139],[92.717190513987291,11.613360797497439],[92.717243281925406,11.613364674448182],[92.717285495557235,11.613364674448182],[92.717336943870166,11.613382764831028],[92.71744116012124,11.613425406883115],[92.717491289707354,11.613452542890979],[92.717529546260351,11.613483554965365],[92.717574398244167,11.613533950018901],[92.717592866708088,11.613572715979961],[92.717604739741233,11.613614065393914],[92.717612654797179,11.613641201383459],[92.717612654797179,11.613672214316772],[92.717604739741233,11.613705810704097],[92.717587590004115,11.61376266699947],[92.71757044116535,11.613837613636599],[92.71757044116535,11.613885424290455],[92.71757835622131,11.613929358873209],[92.717587590004115,11.613968123899365],[92.717616612774336,11.614004304585585],[92.717648272998204,11.614034024871428],[92.717693125880345,11.614074082489967],[92.717743254568134,11.614105095375153],[92.717813172243325,11.614133523043627],[92.717859343852311,11.614146444710141],[92.717889685349334,11.61415290598312],[92.717929260629163,11.61415290598312],[92.717966198455358,11.614150321649941],[92.718020285120289,11.614139984316912],[92.718061180025302,11.614124478316633],[92.718127139723336,11.61409217370672],[92.718198376125372,11.614048239149612],[92.71833293297513,11.61393452754368],[92.718375147505299,11.613908683310466],[92.718408127354309,11.613878963011267],[92.718422637841087,11.613851827924771],[92.718443745555319,11.613811770274298],[92.718455617690125,11.613784634301394],[92.718491235891136,11.613758790054277],[92.718538727125264,11.613744576641267],[92.718567748997145,11.613744576641267],[92.718599410119353,11.613756205717419],[92.718627112366065,11.613782049964767],[92.718656135136271,11.613802724657004],[92.718678561577335,11.613811770274298],[92.718745840002214,11.613824691955774],[92.718797288315187,11.613824691955774],[92.718857971309248,11.613823399347677],[92.718909419622207,11.613824691955774],[92.718941079846076,11.613827276291969],[92.718978017672228,11.613841489700755],[92.718993847784191,11.613853119652795],[92.719013635873239,11.613902222911719],[92.719042657745149,11.613968123899365],[92.719065084186212,11.614030148809944],[92.719084872275303,11.614080543764654],[92.719119170851144,11.614133523043627],[92.71915742740417,11.61417745758726],[92.719195683957153,11.614196839643807],[92.719233940510179,11.614207177854668],[92.719264282007217,11.614207177854668],[92.71929330387907,11.614186502312522],[92.719299900208227,11.614156782042901],[92.719289346800267,11.614096049767339],[92.719211514069116,11.613837613636599],[92.71916534246013,11.613717440661798],[92.719117852124313,11.613633448369541],[92.71906244583424,11.613570131641412],[92.718854013332106,11.613398270872567],[92.718675923225362,11.613236748244585],[92.718616558958104,11.613183767915292],[92.718582260382263,11.613146294511361],[92.718561153566327,11.613116575010823],[92.718550599260055,11.613089438970212],[92.718554557237198,11.613054549896981],[92.718559833941185,11.613022245163064],[92.718582260382263,11.612998986069085],[92.718602048471325,11.612966681328755],[92.718617878583274,11.61293566831692],[92.718633708695194,11.612896903147206],[92.718642943376324,11.612862014049881],[92.718641623751182,11.61282066364446],[92.718637666672336,11.612787067150496],[92.718616558958104,11.61272375023011],[92.718602048471325,11.612679815457362],[92.718579622030248,11.612643634599252],[92.718561153566327,11.612613914165182],[92.718530812069289,11.612569979375133],[92.718517620309356,11.612538967199109],[92.718503108924239,11.612479526305513],[92.718467490723228,11.612292158762203],[92.718450340986152,11.612187491230118],[92.718430552897075,11.61205827275008],[92.718365912824169,11.611832138726031],[92.718214206237306,11.611418637268249],[92.71807569051208,11.611139522887646],[92.718009731712328,11.611042608888939],[92.717972793886176,11.611006426938474],[92.71793453733315,11.610980583313777],[92.717894962053322,11.610967661500512],[92.717858024227141,11.61095603142812],[92.717770957713199,11.610944401355233],[92.717658826406165,11.610932772161794],[92.717356731959271,11.610912096376833],[92.717193152339277,11.610883668379936],[92.717086297736245,11.61085394775829],[92.717021657663324,11.610826811497471],[92.716959655044093,11.610794506505444],[92.716922718116251,11.610759617145048],[92.716892376619214,11.610723436037787],[92.716860716395345,11.610673040476316],[92.716826416921165,11.610583878534474],[92.716760457223131,11.610401678453378],[92.716748585088325,11.610338360991332],[92.716748585088325,11.610250491567154],[92.716744627111169,11.610152284634395],[92.716731435351221,11.610085090119448],[92.716710328535328,11.61003211007124],[92.716666795278329,11.609972668643247],[92.716641730485279,11.609941655298419],[92.716594239251151,11.609915811575037],[92.716528280451413,11.609899012713603],[92.716466277832183,11.6098796303583],[92.716377892591396,11.609855078375727],[92.716323805926464,11.60983827951063],[92.716280271771154,11.609809851404233],[92.716215631698248,11.609755578676786],[92.716037540693179,11.609570793678854],[92.715959708860325,11.60948421664105],[92.715953067615402,11.609470482576103],[92.716494405880368,11.609457836993274],[92.717284890092728,11.609744178217326],[92.718100769678173,11.610015028757404],[92.71892519224194,11.610086850870601],[92.719545381927588,11.609978630209334],[92.720372265875284,11.609931264133245],[92.720738482965459,11.610123277562458],[92.721043025321507,11.610373664853661],[92.721247206097388,11.610699098833313],[92.721392121420678,11.611109131784781],[92.721481331314948,11.611788488910182],[92.721826925781144,11.612193825838755],[92.722264457426817,11.612432341919424],[92.722617436044629,11.612480139615347],[92.72318198228497,11.612495829612037],[92.723726003817646,11.612434043700564],[92.724111752078741,11.612108814129487],[92.724261944106033,11.611262686102213],[92.724759087953942,11.610398801067159],[92.724862839776009,11.609626971506],[92.724870585948722,11.609569349701863]]]},"properties":{"objectid":4766,"id":"4667","name":"Ward No 23","code":"23","town":"Port Blair","district":"South Andamans","state":"Andaman and Nicobar Islands","st_area(shape)":3849304.6533905859,"st_perimeter(shape)":12858.104398997444}},{"type":"Feature","id":4752,"geometry":{"type":"Polygon","coordinates":[[[92.721484288568845,11.629880954952712],[92.721280299134122,11.630177214225601],[92.721144275335504,11.630485023252486],[92.721022323645769,11.630974299832211],[92.72092616887609,11.631298186697281],[92.720905062060154,11.631566943316258],[92.720846431716524,11.631851780123073],[92.720811504319954,11.631950153620654],[92.720547659239557,11.631791776715774],[92.720090322436832,11.631495249041793],[92.719929287744051,11.631334367772318],[92.719639426554693,11.630999985865449],[92.71948483457912,11.630801248777365],[92.719391434044098,11.63065613966841],[92.71928515166789,11.630479484463324],[92.719085469654942,11.629987373823608],[92.718853580344131,11.6294006247763],[92.718737636587051,11.62910725066877],[92.718676078633891,11.628975637974341],[92.718648161689799,11.628930944671502],[92.71861800524573,11.628888607670079],[92.71859211400259,11.628859530398694],[92.718551094231799,11.628822329225221],[92.718483073798481,11.628773875305223],[92.718435797261691,11.628742506822981],[92.718396716055267,11.628722215105951],[92.718354517694792,11.628704812022992],[92.718321266554568,11.628694127678639],[92.718301685078004,11.628689080704993],[92.718268216545439,11.628684581894579],[92.718217957601937,11.628680744751469],[92.718071930164285,11.628686509704799],[92.718026810482513,11.628690799984398],[92.718011650513787,11.628693907709453],[92.717982796626856,11.62869982312143],[92.71795420055642,11.628710553219133],[92.717935676396948,11.628719218245667],[92.717914709718229,11.628733483687348],[92.717907001274753,11.628741545997627],[92.717894818322847,11.628754289251537],[92.717889849741042,11.628762317246034],[92.717874347514169,11.628793077731395],[92.717460700275311,11.629886301941477],[92.717330198420697,11.629927436884749],[92.71733507806934,11.630012264542977],[92.717229434395279,11.630025906088694],[92.717104766200151,11.630035793217335],[92.717024296015339,11.630035943675548],[92.717023339309549,11.630051308010589],[92.717020239223501,11.630101114072113],[92.717011351292101,11.630100307229142],[92.716903375591571,11.630089731162638],[92.716881673192589,11.630088319847246],[92.716838024951258,11.630085481378739],[92.716732168376495,11.630074439859149],[92.716669959144767,11.63006623768772],[92.716615207726505,11.63005992900176],[92.716489655589143,11.630050939343985],[92.716353816843451,11.63004579648883],[92.716363587818819,11.630185038928611],[92.716145632276351,11.630209328677708],[92.716126309514593,11.630104452307997],[92.716094266608422,11.630110885934808],[92.715869426377637,11.630164912732671],[92.715840569795773,11.630033683282841],[92.715609710852576,11.630076079941444],[92.715564363897059,11.629851979850285],[92.715425260673612,11.629874688496479],[92.715385237134441,11.629877353632109],[92.715328393539892,11.629878894289947],[92.715311573484513,11.629877770691971],[92.71523044393625,11.629868131681937],[92.715167612172039,11.629861175404816],[92.715096463804883,11.629849961421201],[92.715051115951042,11.629839866635862],[92.714983095517724,11.629821696373293],[92.714958360406385,11.629818667849431],[92.714913590169246,11.629815639325544],[92.714865604861714,11.629815639325544],[92.714812013168512,11.629815639325544],[92.714775941318251,11.629815639325544],[92.7147179739313,11.62981928991986],[92.71466794675311,11.629827630238632],[92.714619539237418,11.629840253780076],[92.714447174093948,11.629902452891249],[92.71440285750603,11.629923651671294],[92.714373453850143,11.629940385094761],[92.714323281144914,11.629974702775707],[92.714236927893268,11.630047814916527],[92.714172194395587,11.630093104593533],[92.714044724355105,11.630158981514114],[92.713971028365819,11.630187120706086],[92.713682223595214,11.630303394023809],[92.713514915966826,11.630388042073658],[92.713419647834314,11.630443523244994],[92.713256718594593,11.630552018396312],[92.713024921810245,11.630691849216266],[92.713020798543099,11.630631281561826],[92.713014615439008,11.630562638438795],[92.713014615439008,11.630459674162466],[92.713039349652021,11.63031431235226],[92.713090880609997,11.630170968892932],[92.713167146679311,11.630019550768537],[92.713204248897156,11.629900434462536],[92.713235167112629,11.629751034620805],[92.713251657486268,11.629650088474856],[92.713257840590401,11.629587501282844],[92.713257840590401,11.629530972010729],[92.713241351115045,11.62948453664584],[92.713222800006093,11.629446176761208],[92.7131877594218,11.629413873927927],[92.713123860459035,11.629399742262068],[92.713026982545529,11.629413873927927],[92.71295690047863,11.629438101273218],[92.712876512040481,11.629456271560823],[92.712810553240757,11.629462328616397],[92.71275283828038,11.629462328616397],[92.712684817847062,11.629438101273218],[92.712377693732876,11.629290719616558],[92.712256080708045,11.629220057729341],[92.712200427381234,11.62917564162646],[92.712159202794538,11.629123149139499],[92.712122099678353,11.629100941081214],[92.712072630353958,11.629008070200246],[92.711967507702795,11.628792045636223],[92.711915976744834,11.628703212406933],[92.711850017046785,11.628622455541112],[92.711788179717587,11.628563906754735],[92.711635648477255,11.628481130529583],[92.71140066716525,11.628388259441866],[92.711122400531295,11.628303464724187],[92.71094513417961,11.628248953632079],[92.710807031679408,11.628234821027206],[92.71071015376593,11.628232802586393],[92.710576173634564,11.628261066915723],[92.710347376324961,11.628345862526212],[92.710271110255661,11.628382203242817],[92.710155681233218,11.628438732748194],[92.710036129841924,11.62850132019844],[92.709949557401387,11.628537660894752],[92.709821761272423,11.628569963829722],[92.70944455509138,11.628648701393105],[92.709289962217483,11.628670909487457],[92.709090022388068,11.628691099142523],[92.708989022105754,11.62870119396953],[92.708892143293909,11.628717344988054],[92.708838551600707,11.628739553076922],[92.708780836640315,11.628767818234712],[92.70873548968477,11.628808196649468],[92.708663346882645,11.628905105348938],[92.708201629894589,11.629526934267986],[92.708133608562932,11.629593558335568],[92.708080016869744,11.629625861148025],[92.708024363542933,11.629646050733843],[92.7079645878473,11.629656144646324],[92.707853281193707,11.629658163956702],[92.707680939406458,11.629656510673831],[92.707596771755917,11.628866297527413],[92.707552798324429,11.62859351726255],[92.707516154247372,11.628367397538122],[92.70739185705645,11.627875532170927],[92.707251143153698,11.627443677331236],[92.707197202914159,11.627232343961351],[92.70716906049293,11.627101408769571],[92.707159679386436,11.627016415686509],[92.70715029917821,11.626892372513232],[92.70716906049293,11.626756843292661],[92.707208929521869,11.62660293676087],[92.707272250867945,11.626476596026645],[92.707412963872358,11.626205537114844],[92.707471595114313,11.626072304060166],[92.707532570959188,11.625973528137752],[92.707563058881618,11.625874752180328],[92.707577130092218,11.625794353487686],[92.707577130092218,11.625679497543688],[92.707565404382791,11.625566938936611],[92.707546642169788,11.625479648880138],[92.707509118642065,11.625362495420418],[92.707464559509006,11.625233856736468],[92.707424690480082,11.62506616679285],[92.707398892661757,11.624965094004274],[92.70738716695233,11.62485712900879],[92.70740592826705,11.624700924915656],[92.707441107191883,11.624512560755065],[92.707473940615529,11.624340275588461],[92.707516154247372,11.624234607746025],[92.707553677775081,11.624158802491763],[92.707600582409341,11.624096780715544],[92.707694391677833,11.624020975423763],[92.707842141185864,11.623901523952512],[92.707903117030725,11.623848689953086],[92.707945331560879,11.623791262025792],[92.707971128480892,11.623724645368876],[92.707982855088602,11.623655731296047],[92.707982855088602,11.623579925884231],[92.707975819483309,11.623423721074786],[92.70796174737437,11.623104418979542],[92.707910152636018,11.621978819575292],[92.707900771529523,11.621815721622569],[92.707900771529523,11.621710052822456],[92.707900771529523,11.621551549547156],[92.707924223846661,11.621367778094664],[92.70798754519268,11.621094416789989],[92.708156401516661,11.620494858740473],[92.708428448215628,11.619674772332298],[92.708658280384441,11.618978730263008],[92.708709875122764,11.618776578472106],[92.708822446604316,11.618349304413204],[92.708874039546004,11.618206878701404],[92.70901490167077,11.618274358989217],[92.709091854951254,11.618303073962906],[92.709209115638544,11.618328198902519],[92.709299747565893,11.618344342603338],[92.709463350542038,11.618373746538936],[92.709578923294956,11.618401680142856],[92.709688492606759,11.618431084072411],[92.709804065359663,11.618459017670579],[92.709918137027685,11.618509004426642],[92.709999188422501,11.618563401276928],[92.710075736562828,11.618628089528299],[92.7101762993656,11.61874276447875],[92.710300878627535,11.61895447209103],[92.710384931293731,11.619079438302215],[92.710500504046593,11.619219105940211],[92.710656902534183,11.619388707040308],[92.710909542029754,11.619613586347938],[92.7110853324494,11.619750020066977],[92.711204448157744,11.619828116033387],[92.7113418140394,11.619923148381288],[92.711455166156924,11.619969253616381],[92.711549305107113,11.619991835482242],[92.711647287050084,11.620004067912086],[92.711733741811344,11.619998422446038],[92.711847093030528,11.619979603931771],[92.712017119859325,11.619930675964666],[92.712136235567684,11.619897743775818],[92.712245743794057,11.619874221284192],[92.712373504888703,11.619852580026997],[92.712556799834232,11.61983217415454],[92.712768433932013,11.619824822549498],[92.712841979902663,11.619818942145187],[92.7129725626056,11.61979100868335],[92.713124157801374,11.619752783848886],[92.713290762947224,11.619721909737267],[92.713454365923397,11.619699856672602],[92.713655492427307,11.619683684893324],[92.713900146798309,11.619686625536859],[92.714129792117532,11.619705737959276],[92.714306903060645,11.619746902563179],[92.714435984678758,11.619801300051702],[92.714628105571975,11.619911563557681],[92.714767693885634,11.620032119259772],[92.714901277859965,11.620139442035658],[92.715033361647784,11.620229123583714],[92.715178953402486,11.620307043435151],[92.715336552039304,11.620359969616226],[92.715492650489608,11.620390843657146],[92.715669762331004,11.620437889431086],[92.715789838338424,11.620486405514605],[92.71593092683861,11.620552563636741],[92.716072016237149,11.620649595755395],[92.716219108178407,11.620770150258238],[92.716360197576904,11.620880413380783],[92.71652530163793,11.620974504755363],[92.716745940448121,11.621058305656508],[92.71698909373427,11.621146515714834],[92.717527933784424,11.621252368627868],[92.717933188961908,11.621346459876815],[92.718062270580035,11.621406737423959],[92.718176342248086,11.621490537315189],[92.718261895999092,11.621631674056024],[92.718345949563613,11.621836028801116],[92.718517057065668,11.622247677578189],[92.718586100680085,11.622391754550446],[92.718653643209677,11.622506427951851],[92.71875120474111,11.622663735785231],[92.718817246185836,11.622753416520705],[92.718916308802122,11.622841626042295],[92.719222501363348,11.623084204282392],[92.719516687042471,11.623288557082041],[92.719684790578199,11.623392937999052],[92.719992768091913,11.623579925884231],[92.720447742325433,11.623782073309936],[92.72091209766549,11.623924495291748],[92.721245120209304,11.624057729373909],[92.721610976176748,11.624239202536458],[92.721655535309765,11.624255282542611],[92.721686023232195,11.624259876452806],[92.721707130048117,11.624248391237225],[92.721756380183564,11.624223122529363],[92.721822046132516,11.624195557303597],[92.721880677374486,11.624167991195151],[92.721943998720548,11.624147317271971],[92.721990902456497,11.624140425963914],[92.722056569303746,11.62413812856787],[92.722129271756316,11.624145019875991],[92.722216044521204,11.624161099887589],[92.722328616002713,11.624190962512401],[92.722415388767573,11.624216231223176],[92.722492781324235,11.624236905141229],[92.722617078515157,11.624262173847844],[92.722746066708481,11.624280550367653],[92.72282111376397,11.624278253852674],[92.722889125214124,11.624259876452806],[92.723203385544906,11.624181773809777],[92.723400385188413,11.624135831171852],[92.723702919809796,11.624080700700256],[92.723998417927547,11.624043946753138],[92.724669153119308,11.623977329276798],[92.725037354587926,11.623924495291748],[92.725318781495091,11.623878553491302],[92.725602553903457,11.623818827291583],[92.725851148285287,11.623754508040481],[92.72609739716593,11.62365802869606],[92.726299086913514,11.623563845839085],[92.726404622789715,11.623501823050548],[92.7265273353525,11.623420416194804],[92.72701241213116,11.623770771972131],[92.727506879897845,11.624119752038659],[92.727664009614088,11.624209339916812],[92.727868044862888,11.624310412979654],[92.728079115716994,11.624374732982243],[92.728433245076701,11.624503372063],[92.728684184061422,11.624629713692411],[92.728862421491883,11.624680250152148],[92.729216550851632,11.624726192700267],[92.729422930703336,11.624765243948163],[92.729554263499551,11.62480888909179],[92.729664489479859,11.624870911589321],[92.729779405564258,11.624969687902777],[92.729861489123337,11.625079950242894],[92.729945917285349,11.625238451510425],[92.729974059706549,11.625369386698248],[92.729971714205348,11.625550859006168],[92.72988963154458,11.62600109406749],[92.729851737910934,11.626199680602122],[92.729837193288176,11.626275918204069],[92.729295351068359,11.626308263635869],[92.728633433739475,11.626362658963176],[92.728615422518004,11.626362658963176],[92.728601913652781,11.6263714798023],[92.728583902431311,11.62639500262515],[92.72856439012503,11.626455279079709],[92.728499848866832,11.626553778547787],[92.728388779368487,11.626684621609318],[92.728291217837054,11.62674489800122],[92.728108102554572,11.6268610398942],[92.727992529801696,11.626940428173931],[92.727923486187279,11.626974241172169],[92.727884461574718,11.626978652022041],[92.727825924655846,11.626977181738759],[92.727750877600371,11.626959540098641],[92.727677330731439,11.626943367860957],[92.727603784760802,11.626913964829935],[92.727537742417752,11.626872801285181],[92.727444684140849,11.626812524921],[92.72729759130128,11.626702264146747],[92.727078453575899,11.62649938325778],[92.727006407791833,11.626386181786765],[92.726980892044466,11.626346487570757],[92.726938865262227,11.626322964743785],[92.726902842819328,11.626322964743785],[92.726872823817487,11.626324435030527],[92.726829295950395,11.626345017284141],[92.726748245453877,11.626393532338776],[92.726467568640004,11.626619935228801],[92.726126853822393,11.626966890635488],[92.725928728589849,11.627172710868452],[92.72581765909149,11.627319725855934],[92.72579064136103,11.627402053687085],[92.725669065167082,11.627737246765241],[92.725610528248211,11.62786808927067],[92.725536981379292,11.628141535434489],[92.725485949884643,11.628307661742619],[92.7254694388497,11.628345885403037],[92.725454429797949,11.62837234773105],[92.725433416406815,11.628388519005815],[92.725404898489799,11.62840322088382],[92.725377881657636,11.628412041658263],[92.725353866096825,11.628416451605469],[92.725032663585523,11.628412041658263],[92.724978629921182,11.628401750608058],[92.724918591917501,11.628381168506474],[92.724890074000484,11.628364997231277],[92.724854051557571,11.628338534902564],[92.72483303816648,11.628310602295086],[92.724806021334302,11.628260617297959],[92.724788009214535,11.628223863902553],[92.724766996721726,11.628116543361834],[92.724741480076062,11.627965118840811],[92.724724969939444,11.627928365406385],[92.724711461074236,11.627901903036173],[92.724688947496574,11.627882791176155],[92.724658928494733,11.627866618992121],[92.724634912933894,11.627859268478987],[92.724589884880288,11.627860738757589],[92.724523843435534,11.627876910062097],[92.724468307788058,11.627879850619133],[92.724421778649585,11.62788426057476],[92.724366243900434,11.627881320897645],[92.724313710422592,11.627869559549257],[92.724267181284148,11.627848977408323],[92.724216148891159,11.627823985309398],[92.724171120837553,11.627806343722929],[92.724141101835713,11.627800462607256],[92.724181627533113,11.627743127002356],[92.724225154501909,11.627679911147325],[92.724250671147544,11.62761816467795],[92.724259676758265,11.62756818043637],[92.724228156671572,11.627384412073887],[92.724022526913146,11.626384711500391],[92.723965491079127,11.625989241131597],[92.72394916869041,11.625950556967521],[92.7239233708721,11.625932180557937],[92.723878811739084,11.625939071821669],[92.723799073681178,11.625950556967521],[92.723548134696458,11.626012579210796],[92.723461361033259,11.626042441637077],[92.723428527609627,11.626058521539125],[92.72339569418601,11.626083790080452],[92.723355826055354,11.626118246378635],[92.723308921421108,11.626171079947555],[92.723245600075074,11.626235399520427],[92.723175243123706,11.626311204209454],[92.723097850567044,11.626377820247663],[92.723011076903845,11.626442138892905],[92.722907324183481,11.626500853543583],[92.722854790705654,11.626521435784156],[92.722776742378826,11.626553778547787],[92.722719705646497,11.626572890499023],[92.722683683203584,11.626586122187549],[92.72275422790284,11.626765480223728],[92.722796254685122,11.626856629042484],[92.72281726717793,11.626949248994721],[92.722821770432446,11.627012465015637],[92.72281726717793,11.627085972121439],[92.722802258126151,11.627152128676018],[92.722769236954619,11.627221225778905],[92.72272871125719,11.627262390152042],[92.722676178677702,11.627315315011508],[92.722614639589182,11.627378531829176],[92.722577116061444,11.627427045823886],[92.722542594703398,11.627463800204373],[92.722509573531852,11.627522605267316],[92.722479554530011,11.627587292317989],[92.722452537697833,11.627675500308586],[92.7224315243067,11.627784291298306],[92.722413513085272,11.627894551644101],[92.722407509644228,11.62802686435335],[92.722421017611154,11.628151826494365],[92.722469047834466,11.628385579334017],[92.722553101398944,11.628757524558017],[92.722617641758831,11.62899274628194],[92.721484288568845,11.629880954952712]]]},"properties":{"objectid":4752,"id":"4662","name":"Ward No 19","code":"19","town":"Port Blair","district":"South Andamans","state":"Andaman and Nicobar Islands","st_area(shape)":1884567.8288589395,"st_perimeter(shape)":8273.6742808335603}},{"type":"Feature","id":4753,"geometry":{"type":"Polygon","coordinates":[[[92.722558434696765,11.652611049780472],[92.722526180686529,11.652622331470843],[92.722466280125076,11.652626844850705],[92.722424810298264,11.652631357350684],[92.722390253007617,11.652640382350439],[92.722348783180848,11.652669715797121],[92.722328048267457,11.652699048360892],[92.722307313354065,11.65274868936304],[92.722293490078471,11.652814124536089],[92.722270451884668,11.652906635547701],[92.722258931889499,11.652967558189092],[92.72222667787922,11.65303976249055],[92.722175993134243,11.653093915044467],[92.722120700031866,11.653118735951285],[92.722053887832615,11.65313678679864],[92.721961733260883,11.65313678679864],[92.721904136878138,11.653130017621034],[92.721832717219769,11.653111966773244],[92.721784335755203,11.653082633373254],[92.721710611918169,11.653037505803965],[92.721632280622003,11.653003659902266],[92.721537821871578,11.652963045694582],[92.721429540743841,11.65291566141833],[92.721351208549407,11.652897610556609],[92.72128209306976,11.652886328877393],[92.721231408324797,11.652870533821918],[92.721189938498028,11.652836687899862],[92.721056314099513,11.652746432674091],[92.720533336500679,11.652489205207766],[92.720462285151569,11.652475035123313],[92.719890189469609,11.652434600317871],[92.719785501603042,11.652433156563202],[92.71971177776598,11.652436044952333],[92.719641003098019,11.652456261915795],[92.719574651734504,11.652486587798077],[92.719492081288536,11.652527021716146],[92.719399189199947,11.652574677037462],[92.719309246280432,11.652626663611644],[92.719241420781557,11.652682983195868],[92.719178781256772,11.652774293323287],[92.71909471870913,11.652760143488763],[92.718984687663252,11.652730978973389],[92.718906210840004,11.65270784900923],[92.718804255648507,11.652657922944284],[92.718746368211612,11.652628127600734],[92.718687724393234,11.652615880768741],[92.71859521947853,11.652613750770099],[92.718509899289472,11.652642281840988],[92.718459970027666,11.652657364270604],[92.718420632801397,11.652674824801466],[92.718389227699035,11.652699441631897],[92.718361709606953,11.652725771432355],[92.718329116931827,11.65274483055693],[92.718307407346344,11.652750372421844],[92.718275026673595,11.652751671007767],[92.718237728623009,11.652749429275438],[92.718206027076647,11.652744160148737],[92.718176520114511,11.652722919997883],[92.718155663030231,11.652703201900952],[92.718135601853291,11.652679714735312],[92.718102753158334,11.652669820493449],[92.718075017673911,11.652668129515904],[92.718056688448883,11.652663258937514],[92.718027493202143,11.652649480373388],[92.717968306801311,11.652625693191014],[92.717882415283725,11.652602043255566],[92.717844181188596,11.652577415858911],[92.717806743000835,11.652549019390955],[92.717791716881081,11.652531870301891],[92.717763896955049,11.652482532792556],[92.71773697444597,11.652454649239296],[92.717711471275067,11.652437919809842],[92.717682393707619,11.652426939883997],[92.717638311580018,11.65242216783914],[92.717591528218307,11.652421240528055],[92.717558702879558,11.652434703254679],[92.717539443898147,11.652453227479789],[92.717479762525613,11.652508875810609],[92.717458988984674,11.652536804228303],[92.717431938016546,11.652574326876547],[92.717408190153677,11.652599571014152],[92.717386948590473,11.652616305712691],[92.717350625211964,11.652637383108493],[92.717326214392443,11.652646770586104],[92.717234888067395,11.652675658852798],[92.71719372456613,11.652695061103145],[92.717120804721247,11.65273068599971],[92.717079078874619,11.652759454604778],[92.717037937831222,11.65280221379607],[92.71700025530167,11.652836425719311],[92.71696099712716,11.652855751415819],[92.716908967604198,11.6528662465547],[92.716844049951888,11.652865112492027],[92.716750367345853,11.652860460987393],[92.71670700387044,11.652850053828303],[92.716662414194687,11.652833155500938],[92.716611002712654,11.652812794277668],[92.716546915103677,11.652763043311888],[92.716461852731101,11.652690775592852],[92.716367205334464,11.652594600137224],[92.716276390150796,11.652521629413],[92.716221610884787,11.652485295369543],[92.716215870650103,11.652481488468089],[92.716192769574278,11.652469260105423],[92.716173015621166,11.652464072794931],[92.716141705740242,11.652459946525189],[92.716118979261879,11.652456672783144],[92.716088812936334,11.652450706847954],[92.716060710939317,11.652435688632629],[92.716037200231682,11.652428260466445],[92.716015282237052,11.652429736773787],[92.715986759828482,11.652433870962218],[92.715948859906646,11.652447349524671],[92.715926322074466,11.652463202671122],[92.715911172885512,11.652480552359181],[92.715903823768201,11.652494600150964],[92.715888739257935,11.652528092434485],[92.71587269624527,11.652553252115375],[92.715858616949831,11.652566971737576],[92.715843368047871,11.652581934518301],[92.715830208627281,11.65258844152846],[92.715814150343277,11.652598652501689],[92.715782160437669,11.65262205961227],[92.715749884867819,11.65265325208053],[92.71570599228474,11.652698663008092],[92.715669215257009,11.652739004516214],[92.715651143848433,11.652759461643207],[92.715630409833352,11.652774644363715],[92.715599773688908,11.652786636046573],[92.715586154330879,11.652796749354611],[92.715575732076957,11.652810322917905],[92.715558469152128,11.652835530962259],[92.715544440162361,11.652850444459691],[92.715528892121398,11.652858243010565],[92.715510581760995,11.652858379379644],[92.715493825485964,11.652851875895003],[92.715472677347563,11.652842558808347],[92.715444339991933,11.652836519857992],[92.715415493291545,11.652832893320424],[92.715386820864282,11.652833444955318],[92.715349405134376,11.65284391458086],[92.715316305809424,11.652855407413869],[92.715285135167363,11.652869214121374],[92.715251601057815,11.652884909759491],[92.715222384251518,11.652901628604429],[92.715177693066167,11.652937157576266],[92.715121012964971,11.652977887041564],[92.715084542262773,11.652996867846635],[92.715048010475115,11.653014390821964],[92.714947221296839,11.653063688645824],[92.714903249662015,11.653081509869041],[92.714861498662543,11.653088294004403],[92.714824594972356,11.653089773827466],[92.714802059835137,11.653085567505199],[92.714777885272554,11.653077777758712],[92.714687819283824,11.653041273106853],[92.714597728142323,11.653008447773498],[92.714558173523727,11.652997888414587],[92.714500157627725,11.65300208330075],[92.714490853776311,11.653003631748682],[92.714379071015628,11.653022238637034],[92.714329086058271,11.653038841340136],[92.714278795673721,11.653048157540384],[92.71419682979392,11.653048524416883],[92.714124853180124,11.653038272109649],[92.714073466850934,11.653021354438138],[92.713990404128182,11.652995488320304],[92.713880494354839,11.652969239487012],[92.713798285031601,11.652963776808432],[92.713781510790298,11.652958410907747],[92.713721235631397,11.652939129208411],[92.713649772853898,11.652905498845765],[92.713590335823142,11.652874305526058],[92.713511067584122,11.652832229071057],[92.713435018008823,11.6527958625156],[92.713381656284312,11.652767345537304],[92.713314570997184,11.652767116789116],[92.713273208968275,11.652776074039824],[92.713239166412279,11.652781819138085],[92.713203329920631,11.652780336673978],[92.713174751816496,11.652774183348166],[92.713139916946417,11.65276098193884],[92.713103776824227,11.652752212085204],[92.713066087108132,11.652742044227892],[92.713010846108062,11.652739879917963],[92.71295918938597,11.652752170734558],[92.712906349582639,11.652771807886362],[92.712850229131902,11.652784277301066],[92.712834992806364,11.652785601401016],[92.712819040523527,11.652786987966818],[92.712784510182345,11.652781073067141],[92.712740685871211,11.652766771907233],[92.712702691626276,11.652749317540758],[92.712662844156895,11.652723178659318],[92.712530366008679,11.652656785361524],[92.71248162521799,11.652624203687678],[92.712431187509736,11.652590399086256],[92.712365131691968,11.652553018088202],[92.712291395278484,11.652504976530274],[92.712239132193574,11.652478820909625],[92.712179506516605,11.652453760639593],[92.712113059931667,11.652442993626376],[92.712050936938184,11.652421256364494],[92.712003407974805,11.652406198556506],[92.71193245005054,11.652385775715789],[92.71187618047945,11.652382347127766],[92.711826919564203,11.652385251353859],[92.711749458735568,11.652390877686949],[92.711675837306444,11.652401833859599],[92.711585572790071,11.652412316698397],[92.711532695257517,11.652411333959785],[92.711491373652763,11.65240715578091],[92.711456295339232,11.652394671392653],[92.711398566005798,11.652379892480429],[92.711360119908292,11.652362008746259],[92.711322245139272,11.652347815780477],[92.711273206107919,11.652336228787629],[92.711233794321458,11.652330763457218],[92.711202064028981,11.65232509929139],[92.711172934359269,11.65232376815085],[92.71115597147174,11.652326293182842],[92.711132066403721,11.652321352214287],[92.711106112278543,11.652312526919257],[92.711065498546247,11.652293489760087],[92.711025237851828,11.652267022669513],[92.710989171391489,11.652238456367989],[92.710960373200109,11.652198480785014],[92.710930267959981,11.652130668240085],[92.710919680416069,11.652101260833041],[92.710882494654882,11.652065484529706],[92.710855579332318,11.652047358829508],[92.710820278236611,11.65203343242792],[92.710795600617445,11.652029728457192],[92.710732864074629,11.652033163208189],[92.710647594191229,11.652021233079051],[92.710576127820488,11.652015731670502],[92.710543421957624,11.652002156308809],[92.710512724727707,11.651956008872055],[92.710487034707214,11.651881452574225],[92.710460938648225,11.651834620630172],[92.710386382072898,11.651778863068634],[92.710316280243077,11.651706305638065],[92.710263128724336,11.65165197245382],[92.710190117251315,11.651621343827729],[92.710097707558035,11.651556716034314],[92.710053759279404,11.651501013844706],[92.710007712536253,11.651431792561883],[92.709951415117388,11.651357180695642],[92.709915416929007,11.651307211277508],[92.709875133776734,11.651184110650314],[92.709871401276729,11.651099370391389],[92.709880920723762,11.651024184802266],[92.709912048246693,11.650936562248544],[92.709947020559028,11.650873725582285],[92.710023609123539,11.650790863616553],[92.710085547064025,11.650689434174124],[92.710136185096616,11.650575855431374],[92.710215683304313,11.650451065248751],[92.710256858483675,11.650382694478921],[92.710319293192541,11.650299633530055],[92.710349168463949,11.65021911344405],[92.710360754036174,11.650172435186436],[92.711903608739988,11.650553208302222],[92.711922159848953,11.650603677586634],[92.711940710957876,11.6506460719896],[92.711965446069229,11.650684428070697],[92.711988119546987,11.650700578692581],[92.712029344133697,11.650710672720821],[92.712082936725224,11.650710672720821],[92.712140651685615,11.650704616127967],[92.712210568462481,11.650699851971801],[92.7122194734619,11.650699529082551],[92.712237747889716,11.650702265283059],[92.712262063487827,11.650710202903749],[92.7122819683579,11.650720657652588],[92.712313465088371,11.650746363857312],[92.712350402914552,11.650772204670156],[92.712370191003615,11.65078383307913],[92.712406203565052,11.650798771321316],[92.712453299540456,11.650808380572377],[92.712520577965336,11.650808380572377],[92.712558834518362,11.650804505022949],[92.712598410696515,11.650798044600778],[92.712656454440278,11.650790292621851],[92.712701307322405,11.650781248206235],[92.712743521852545,11.650785770414069],[92.712763309043311,11.650795460607828],[92.712773863349611,11.650801921030075],[92.712792331813532,11.650819363201604],[92.712800246869506,11.650830344950595],[92.71283190709336,11.650869104837508],[92.712868844919555,11.650918201566347],[92.712899186416578,11.650955669885168],[92.712936123344434,11.65098538622547],[92.712975698624263,11.651011226136283],[92.713023189858376,11.651028022516922],[92.713077276523308,11.651038358479932],[92.713164343037306,11.651044818896542],[92.713333199361244,11.651043526461303],[92.71352580175143,11.651028022516922],[92.713623421673361,11.651012518571662],[92.713684125328697,11.650999884553649],[92.713732878695765,11.650994559086158],[92.713744769695182,11.650994494860301],[92.713784362941354,11.650998306181201],[92.713835811254285,11.651003474163284],[92.713896494248388,11.651013810127223],[92.714013902259381,11.651035774489221],[92.714286974834394,11.651075826782582],[92.714359716812822,11.651091093176678],[92.714404203182326,11.651096349137688],[92.714463746214292,11.651099082694849],[92.714509969027247,11.651096130945785],[92.714554770705419,11.651089393391493],[92.714585112202442,11.651083578753546],[92.714612815347508,11.651079703208],[92.714654966097271,11.65107135824764],[92.714672806638802,11.651065840983758],[92.714709115644283,11.651050632655485],[92.714718350325413,11.65104578756312],[92.714743415118463,11.651028022516922],[92.714751330174408,11.651021562979734],[92.714773812311051,11.650999716510658],[92.71482652365529,11.650944041483383],[92.714881929945363,11.650875565258037],[92.714917548146389,11.650814840994306],[92.714943931666269,11.650778664213144],[92.714976911515308,11.650750240287334],[92.715027041101436,11.65072310791553],[92.715086404470355,11.650690807553284],[92.715149725816389,11.650663675175668],[92.71525789914628,11.650633958800979],[92.715339688956277,11.650608118855065],[92.715388498917235,11.650588738454186],[92.715437308878208,11.650561606066621],[92.71555075981037,11.650486669317607],[92.715810036957564,11.650305151688945],[92.715703754581369,11.650137972189585],[92.715674768642089,11.650081194588729],[92.715658665442334,11.650030725209422],[92.715655444982033,11.649983409938077],[92.715655444982033,11.649932940541021],[92.715658665442334,11.64987931701654],[92.715661885902591,11.649816230245161],[92.715671548181788,11.649737371980732],[92.715681210460986,11.649664822815204],[92.715715915973675,11.649548670206858],[92.715720934861153,11.649513137282506],[92.715720934861153,11.649494402586567],[92.715719616134322,11.649465977649555],[92.715716693914729,11.649433540770422],[92.715711676823844,11.649409287892555],[92.715706412696278,11.649392412231045],[92.715695367909873,11.64935183444757],[92.715685187302768,11.649310081229872],[92.715677401604182,11.649263130957658],[92.715673444525379,11.649220494395452],[92.715673444525379,11.649179150270584],[92.715673444525379,11.649157832423754],[92.715681359581325,11.649105504713226],[92.715685317558481,11.64908612508736],[92.715695637404465,11.64905350076384],[92.715703009878013,11.649038158593932],[92.715718745666834,11.649011815246832],[92.715756553062164,11.648962090874738],[92.715787431751764,11.648926177796229],[92.715825811373961,11.648894259943736],[92.715852854257292,11.648875525206082],[92.715896387514249,11.648847101085606],[92.715938227446941,11.648823685738673],[92.715977517960809,11.648808340916666],[92.716003242117296,11.648800588002402],[92.716052052078254,11.648790251956138],[92.716112735072343,11.648781208355263],[92.716197163234312,11.648774747886021],[92.716286868100269,11.648774747886021],[92.716359423229136,11.648776040331819],[92.716461001128195,11.648786780212896],[92.716486766607176,11.64879081767608],[92.716548603936417,11.648796874310651],[92.716584675786621,11.648798892602246],[92.716636206744596,11.648794855139213],[92.716684009694134,11.648786782852349],[92.716718655917987,11.648772648651436],[92.716729992656894,11.648766592016344],[92.716755435640692,11.648747410324855],[92.716782553982455,11.64872217903449],[92.717116473943264,11.648413305377419],[92.71729799202113,11.648232749791969],[92.717397832578456,11.648100267210491],[92.717475129015384,11.647999327723275],[92.717520219052759,11.647898388199367],[92.717552425452325,11.647816375249096],[92.717568528652095,11.647705972350332],[92.717687694666125,11.646986777563477],[92.717945348557578,11.645948988653867],[92.717971114036573,11.645876438499503],[92.717996879515553,11.645797579117263],[92.718022644994548,11.645721873878125],[92.718054852292411,11.645655631996934],[92.718083838231678,11.645602006767446],[92.718141810110239,11.645529456522512],[92.718354374862656,11.645340193203477],[92.718531512755234,11.645198245849608],[92.718573381433984,11.645166702374379],[92.718652288550231,11.645086265264593],[92.71868932608939,11.645037371625023],[92.718745842697174,11.644915133969182],[92.718784336405406,11.644796060993455],[92.71880204938617,11.644721933009881],[92.718808287287501,11.644686387150951],[92.718829210847105,11.64459963098801],[92.718863652255123,11.644479526719996],[92.718904797790088,11.644360469394607],[92.719059704175962,11.643993267068188],[92.71916920701247,11.643766149814985],[92.719259386188895,11.643598966382779],[92.719330241705265,11.643371849687318],[92.719407538142207,11.643103724753242],[92.719549247378268,11.642488613788675],[92.719723164810517,11.641759941994406],[92.719781136689079,11.64155174995388],[92.719861653586307,11.641353021282473],[92.719990480981195,11.641154291589229],[92.720128970655281,11.641018651415937],[92.720241693952104,11.64090193737767],[92.720386624546776,11.640794685954591],[92.720547659239557,11.640712670908906],[92.720699030754787,11.640652736280289],[92.720863285907868,11.640614882962918],[92.721043643362421,11.640595956742233],[92.721252987654537,11.640614882962918],[92.721397313683042,11.640642162374563],[92.721468318319722,11.640652120392948],[92.721594379801871,11.640662199828791],[92.721722856853802,11.640654495078518],[92.721776284155311,11.640645205737901],[92.721882071559804,11.640612137864759],[92.721925052352901,11.640583906464068],[92.722048496144311,11.640460315416817],[92.722621777602399,11.639930369017957],[92.722666866741477,11.639886206259259],[92.722708735420241,11.639823118100065],[92.72272161815971,11.639753719700687],[92.722802135056952,11.639185918443696],[92.722831121894558,11.639091285081468],[92.72286010783381,11.639021886499529],[92.722901976512588,11.638971415112616],[92.722934182912169,11.638936716688677],[92.722976052489216,11.638911480988639],[92.723017921167994,11.638902017380596],[92.723075893046513,11.638883090163496],[92.7231370862837,11.638883090163496],[92.723253030939091,11.638892553772186],[92.723639512225475,11.638971415112616],[92.72375223642058,11.638980878718305],[92.723987346191677,11.638924098838926],[92.724074304009505,11.638892553772186],[92.724151600446433,11.638876781677402],[92.724177365925414,11.638876781677402],[92.724224496935122,11.638890732493868],[92.724245861567525,11.638904682429766],[92.724274004887064,11.638933587961759],[92.7243190760598,11.638999805928741],[92.724388590391428,11.639088839995059],[92.724416412114095,11.639115714828176],[92.724467227114772,11.639148064926715],[92.724509723715926,11.639172162087513],[92.724547794317658,11.639187229410767],[92.724567168283386,11.639191693737544],[92.72460393363302,11.63919538204212],[92.724650805927908,11.63919538204212],[92.724805398801806,11.639189072683257],[92.724898877490261,11.639181649442161],[92.724940644659384,11.639174132057601],[92.725072714972484,11.639129138606211],[92.725200330540048,11.639074142200963],[92.725212499118896,11.639068898330487],[92.725230579510608,11.639056470533061],[92.72527050693003,11.639021039209545],[92.725362577060153,11.638924098838926],[92.725430211217883,11.638846815046747],[92.725562259073087,11.6387127495509],[92.725323928841675,11.638479319490195],[92.724953549856792,11.638283742873359],[92.723993787112263,11.637876816195876],[92.72384905774021,11.637814713010727],[92.723607507048513,11.637730922432402],[92.723290470923487,11.637745708282305],[92.722644487012801,11.637773217615676],[92.722533579211188,11.637777940640488],[92.72242219620081,11.637770155744143],[92.722364122812621,11.637760100839282],[92.722286826375694,11.637741174424315],[92.722249788836535,11.637730134088338],[92.722183764459771,11.637690702805033],[92.722138675320721,11.63763234509381],[92.722122572120924,11.637602377449284],[92.72209036482306,11.637558214320954],[92.722026978798297,11.637453801761698],[92.722001042639405,11.637432061568095],[92.721961210441407,11.637411707135438],[92.721927509245191,11.637398918525776],[92.721861696870846,11.637381564377128],[92.721799670895408,11.637369413656891],[92.721769390483828,11.637360322172665],[92.721719986736446,11.637337401213747],[92.721650809273072,11.63729049379223],[92.721622365916247,11.637257957829418],[92.72160848245349,11.637235294658032],[92.721593720438435,11.637192826942364],[92.721584718420985,11.637135514388699],[92.72158149706236,11.637059807671392],[92.72156848047392,11.636997525694174],[92.721556472693521,11.636963713033722],[92.721541463641742,11.636935781291877],[92.721504368610397,11.636900288988526],[92.721326676457309,11.636817545157667],[92.721199914289258,11.63676191392261],[92.720896156162439,11.636661272988565],[92.720851778489092,11.636654993487197],[92.720810502698413,11.636653523255058],[92.720721946777715,11.636653523255058],[92.720624385246282,11.636659403303796],[92.720470362802615,11.636681269376526],[92.72041883184464,11.636684424524338],[92.720381107094298,11.636680264585996],[92.720310228221749,11.636660199569553],[92.720224131888273,11.636618896689837],[92.720197091699916,11.636602764606744],[92.719873090936488,11.636409477806499],[92.719841324711425,11.636390982427402],[92.719824995136193,11.636379264551373],[92.719789270933987,11.636344798965066],[92.719661971573373,11.636195478250128],[92.719552468736879,11.636069298483763],[92.719442965002031,11.635990436320663],[92.719291593486801,11.63592103784503],[92.719156324273001,11.635851638472213],[92.719067406331206,11.635790163051068],[92.719023976380498,11.635746414046579],[92.71889544992122,11.635580352008402],[92.718808491205081,11.635438399673376],[92.718644236052015,11.635154494785978],[92.71860767372165,11.635098220043234],[92.718590357796231,11.635061728868086],[92.718581567781172,11.635038360752556],[92.718580338885872,11.635003199033349],[92.71858220738163,11.63499221841899],[92.718595637195136,11.63497244275375],[92.718607198512856,11.634963647703035],[92.71861766568253,11.634961281767488],[92.718641639022536,11.634961435742479],[92.718668703465426,11.634966485241955],[92.718708921938997,11.634979671658794],[92.718747159627384,11.635003325732756],[92.718777222646679,11.635034196390341],[92.718812460860335,11.635077338405701],[92.718836053314632,11.635113412526787],[92.71884526643619,11.635129204191752],[92.718867300313477,11.635160464611761],[92.718881152335143,11.635177179243366],[92.718912459521121,11.635207570360009],[92.718953421799768,11.635239666634547],[92.719048617168738,11.6353051859953],[92.719099652256645,11.635327800931806],[92.719198193850048,11.635350073602551],[92.719359227644546,11.635375309625646],[92.719523481899273,11.635406855091226],[92.719642647913304,11.635406855091226],[92.71973282619139,11.635384773353696],[92.719832667647026,11.635327992740384],[92.71990030180477,11.635274366399418],[92.719974377781412,11.63519865829586],[92.720022688279101,11.635126104457282],[92.720090322436832,11.635056705766058],[92.720180501613243,11.634977842436101],[92.720267459431085,11.634898979963697],[92.720331873128529,11.634851662997397],[92.720331873128529,11.634816963179816],[92.720315769928717,11.634757027281024],[92.720296445370352,11.634703400830038],[92.720293224910051,11.634646620077685],[92.720315769928717,11.634574066095192],[92.720347976328284,11.634523593901399],[92.720405949105171,11.634473121698445],[92.720444597323635,11.634428958953295],[92.720505789662468,11.634362714382451],[92.720586306559696,11.634296468916038],[92.720612072038676,11.634245997551734],[92.721391477328638,11.634214451954566],[92.721597601160454,11.634208774221815],[92.721640886482433,11.63328210298355],[92.721725397289447,11.632739019739507],[92.72175058335506,11.632585142030958],[92.72153164146242,11.632411958238093],[92.720931821974148,11.632022309707803],[92.720894722451263,11.632000103640534],[92.720811504319954,11.631950153620654],[92.720846431716524,11.631851780123073],[92.720905062060154,11.631566943316258],[92.72092616887609,11.631298186697281],[92.721022323645769,11.630974299832211],[92.721144275335504,11.630485023252486],[92.721280299134122,11.630177214225601],[92.721484288568845,11.629880954952712],[92.722296490451512,11.630962133874434],[92.723130644464774,11.63207252983362],[92.72420957322332,11.633523612774292],[92.7256053368842,11.635389704944831],[92.728651904000031,11.639470235382705],[92.729123229368327,11.640101517458568],[92.728297077547637,11.640535185361218],[92.727940265818475,11.640715139736693],[92.727928746721588,11.640699343989574],[92.727901100170385,11.640658727984064],[92.727829680512045,11.640710627043235],[92.727785906506554,11.640730934603027],[92.727746740858493,11.64074673034834],[92.727693751934808,11.640771551477847],[92.727652283006378,11.640787347220845],[92.727615420638671,11.640787347220845],[92.727571647531519,11.640785090434823],[92.727514050250448,11.640771551477847],[92.727463365505486,11.640767038785343],[92.727401160765311,11.640755756613817],[92.727359691836853,11.640758012520262],[92.727311310372286,11.640760269306512],[92.727265233086413,11.640787347220845],[92.726910438075052,11.641015251722362],[92.726500349961356,11.641209308699255],[92.726378244659713,11.641272489806711],[92.726341383190359,11.64132664553304],[92.726320648276953,11.641403365540706],[92.726288394266675,11.641592909567647],[92.726205454613122,11.641888507051965],[92.726124819138292,11.642143488433382],[92.726005018015343,11.642373647716877],[92.725984284000276,11.642412007578953],[92.725961244908177,11.642443597997833],[92.725919775081408,11.642502266160554],[92.72588752107113,11.642542882776668],[92.725866786157766,11.642556421647361],[92.725788454861629,11.642592524712832],[92.725594929901646,11.642664731709543],[92.725530421881089,11.642698578870311],[92.725491256232999,11.642714374503832],[92.725459002222749,11.642741451348087],[92.725431355671546,11.642788837358848],[92.725401405839989,11.642852018107488],[92.725182538507525,11.64331910560759],[92.72515949941544,11.643391312415645],[92.725152587777629,11.643445467729302],[92.725152587777629,11.643499622152621],[92.725152587777629,11.643535725975445],[92.725164106874516,11.643587624497725],[92.725177930150124,11.643628240955294],[92.725203273420902,11.643684652105513],[92.725553460973174,11.644061480160735],[92.725535029340165,11.644178815791037],[92.725535029340165,11.644235226829556],[92.72553963769758,11.644282612585771],[92.725564980070061,11.644329997454117],[92.725763112489147,11.644546617034388],[92.725852962882158,11.644634618168286],[92.725901344346724,11.644733902164718],[92.725912863443611,11.644799339224827],[92.725899040168045,11.644871545648455],[92.725876001974243,11.644961803431661],[92.725845590408639,11.645030669996686],[92.725826423055409,11.64505521975768],[92.725796933161263,11.645079770396341],[92.725751224184648,11.645097099429536],[92.725706990241747,11.645108652410995],[92.725640638878232,11.645125982322226],[92.725602302375165,11.645144756024907],[92.725574287514718,11.645169305775825],[92.725552170094119,11.645219849943102],[92.725535951011651,11.645303609230876],[92.725528838151234,11.645506452653581],[92.725482040416509,11.645707416626299],[92.725467641320833,11.645760301904462],[92.725284052626193,11.645933060350899],[92.725032067104195,11.646243320723093],[92.72473328474571,11.646423130633018],[92.724232913251001,11.646747492209501],[92.7241861164146,11.646803903606621],[92.724160917772551,11.646867364985001],[92.724160917772551,11.646934353543921],[92.724168116871269,11.647015443824387],[92.7241861164146,11.647064802540184],[92.724232913251001,11.64711768843989],[92.724333707819156,11.647198778666873],[92.724423701942641,11.647311599506866],[92.724488498322373,11.647445575514626],[92.724546095603444,11.647540768236807],[92.724225714152325,11.64733627927947],[92.724139318679889,11.647322176678244],[92.723592150348736,11.647258714523872],[92.723473358033871,11.647219932137956],[92.723113378845028,11.647018969258699],[92.722980186536162,11.646983712274093],[92.721998595628577,11.647276907402587],[92.721892617781222,11.647310754001795],[92.721606938249522,11.647394241675709],[92.7215055678613,11.647430344112943],[92.720888131512027,11.647725936270694],[92.720763722930002,11.647771064702587],[92.720673872536949,11.647811679669113],[92.720630098531487,11.647854552238234],[92.720491866673868,11.648055373742841],[92.720402016280843,11.648211066749258],[92.720392800464367,11.648287784857205],[92.720392800464367,11.648447990301339],[92.720427358653325,11.648587888668706],[92.7204895633935,11.648673631801204],[92.720574806327434,11.64875711906574],[92.720657745082661,11.648766145071148],[92.72072916474103,11.648779683638786],[92.720837446767064,11.648813530054985],[92.720897347328517,11.648838350464327],[92.720934208797885,11.648869940153002],[92.72096185534906,11.648926350239554],[92.720968766986843,11.648969222636698],[92.720911170604126,11.649061734928418],[92.720848965863937,11.649185837721918],[92.72085127004263,11.649307684622965],[92.720881219874229,11.649513017628182],[92.720980286982055,11.649971067970057],[92.721074744834198,11.650248605511903],[92.721143861212127,11.650402041461456],[92.721203761773594,11.650485528206774],[92.721669142091372,11.650740501702616],[92.721807374847288,11.650781116235187],[92.721947046704301,11.650773783043928],[92.72283619468098,11.650604552995151],[92.723502156225251,11.651239165366569],[92.723455358490526,11.651281472571842],[92.723168958509973,11.651582137984875],[92.723145920316185,11.651591162138933],[92.723127489581501,11.651602444750496],[92.72279918858284,11.652375257683911],[92.722742743840257,11.652430539153002],[92.722558434696765,11.652611049780472]]]},"properties":{"objectid":4753,"id":"4659","name":"Ward No 16","code":"16","town":"Port Blair","district":"South Andamans","state":"Andaman and Nicobar Islands","st_area(shape)":1594001.223783893,"st_perimeter(shape)":10425.885985273935}},{"type":"Feature","id":4754,"geometry":{"type":"Polygon","coordinates":[[[92.710360754036174,11.650172435186436],[92.710372344998248,11.650125757800739],[92.710375018384553,11.650021621821882],[92.710380286105405,11.649949373625434],[92.710405154167375,11.649897261617353],[92.710433371148781,11.649851566933144],[92.710479294822733,11.649798627005406],[92.710528071546022,11.649733735724803],[92.710593359304269,11.649638723235089],[92.710646241328405,11.649554778733744],[92.710672710188248,11.649497817133232],[92.710689831179266,11.649426110764365],[92.710765630124612,11.649292649521351],[92.710813357615663,11.649220997647877],[92.710868280612118,11.649180550051554],[92.710905847258985,11.649149600901465],[92.710951770932951,11.649096660840017],[92.711024366486015,11.648972896734588],[92.711063387505291,11.648920984260894],[92.711102059978302,11.648866817696545],[92.711134731705172,11.648804322809625],[92.711177915517524,11.648703378299206],[92.711238715292566,11.648549095910505],[92.711269492472525,11.648459219371851],[92.711291507485186,11.648419058484201],[92.71134328368322,11.648358330164434],[92.711386060558752,11.648285110219961],[92.71144334163283,11.648214342300937],[92.711502166012593,11.64816870364819],[92.711571242864665,11.648128453857204],[92.711652172088606,11.64808874602673],[92.711728703160929,11.648035861191582],[92.711757270485293,11.647992419409631],[92.711768334136309,11.647942361404869],[92.71176719597085,11.647889509095091],[92.71175600835231,11.64781740375444],[92.711755073206092,11.647750689031291],[92.711768201185649,11.647638080405427],[92.711776321955838,11.647553880152829],[92.711814148215808,11.647479092161756],[92.711903841403668,11.647389668383255],[92.711993939731727,11.647272519749825],[92.712064089172259,11.647132982325797],[92.712085720604307,11.64701449801905],[92.712080883176498,11.646952974035949],[92.712058745992962,11.646870972244388],[92.712029266878574,11.646741650206291],[92.712000690571074,11.646602973859762],[92.711998413341846,11.646497267840951],[92.71201135806507,11.646323739021831],[92.712056119319044,11.646043319663038],[92.712107803888912,11.645902351030738],[92.712199666508198,11.645712178228569],[92.712279017392177,11.64555988785966],[92.712390174925446,11.645399261954733],[92.712474582426182,11.645350679827963],[92.712572911118841,11.645249595930867],[92.712613951550935,11.645182253276458],[92.712629142960694,11.645043113363981],[92.712631364494413,11.644891494815356],[92.712598730496751,11.644752267654592],[92.71257615852862,11.644701595827483],[92.712524915929848,11.644608363266343],[92.712503753418403,11.64454307309234],[92.712493692287211,11.644454518518316],[92.7124947325363,11.644342698642163],[92.712528901754766,11.644254765162581],[92.712574629595991,11.644193928594074],[92.71265389244509,11.644088477689284],[92.712690017295927,11.643989446852956],[92.712712079919299,11.64387089697896],[92.712734385986124,11.643663261691312],[92.712722785142546,11.643607409228588],[92.712715250972252,11.643561168895721],[92.71271414424784,11.643539990511009],[92.712718481314013,11.643516653021944],[92.712728926025804,11.643496457403986],[92.712750416422367,11.643464391116584],[92.712776937384518,11.643412778516169],[92.712786057081274,11.643381978295057],[92.712780216235288,11.643325641869032],[92.712779619753945,11.643319892176155],[92.712772209551147,11.643267609997684],[92.712760524265946,11.643235643984648],[92.712741820443412,11.643207316948709],[92.712705674931343,11.64316428969247],[92.712669435994457,11.643125794440211],[92.712632083146616,11.643088202769354],[92.712617857425784,11.643074445726336],[92.712598506816235,11.643062511693358],[92.712581909543061,11.643055186216916],[92.712547054910019,11.643045036481311],[92.71250342643161,11.643032511200293],[92.712484093788376,11.64302857923327],[92.712462917802199,11.643027631654711],[92.712449566142155,11.643031632248611],[92.712434317240195,11.643040777217159],[92.712423190707071,11.643052834427499],[92.71240646407648,11.643068000081621],[92.712390338418828,11.643085559756045],[92.712372956018086,11.643100492253081],[92.712355499955478,11.64310958442951],[92.712333265753884,11.643115531208931],[92.712311175282736,11.643115804836452],[92.712288718298936,11.64311694773725],[92.712256386135238,11.643116687307186],[92.7122404086996,11.643119758798028],[92.712224685487158,11.643130190076905],[92.712205386979917,11.643142264879961],[92.712186144168214,11.643152177937464],[92.7121656428168,11.643159465578588],[92.712144412033396,11.643160678865673],[92.712118165057404,11.643159390792958],[92.712098192813713,11.643163229496029],[92.71207745430705,11.643171160293374],[92.71206370110005,11.64318228839649],[92.712049893095823,11.643195578243899],[92.712031488412265,11.643207242163079],[92.712015272923097,11.643210956809366],[92.711992784498264,11.643209543800838],[92.711974581935678,11.643204558678677],[92.711960191823124,11.643197286875697],[92.711950689444038,11.643188836098947],[92.71193848852586,11.643173615901873],[92.711923004265316,11.643157233447068],[92.711909982286954,11.643148264448586],[92.71188561548486,11.643133828178881],[92.711859643393382,11.643121732259488],[92.711842658047999,11.643112641843139],[92.711833810540753,11.643099275446419],[92.711831920485395,11.643090231660413],[92.711827088447464,11.64308014791343],[92.711818905693534,11.643073996132527],[92.711808435828914,11.643068896629822],[92.711795828872198,11.643064436764485],[92.711786092931163,11.64306378392957],[92.711773007172411,11.643067064820853],[92.711759933091784,11.643075467210579],[92.711747126709099,11.643084429172745],[92.71172589233241,11.643096924537188],[92.711708276369706,11.643106046627993],[92.711686297289603,11.643112752701855],[92.711652900622326,11.64311475079862],[92.711583810295494,11.643104850057458],[92.71154663890735,11.643098970144976],[92.711541531086638,11.643098693877924],[92.711524806252683,11.643097789411351],[92.711498031067322,11.643099948517348],[92.711476563128642,11.643101804961367],[92.711462664394588,11.64310125066768],[92.711451739982422,11.643096658828128],[92.711440322395148,11.643085349476344],[92.711427701963729,11.643069253841379],[92.711411032825325,11.643056086284465],[92.711393596525653,11.643047009943293],[92.711379205514788,11.643039739016009],[92.711359453358355,11.643034931616755],[92.71133322434865,11.643041646490666],[92.71130462378666,11.643054792932272],[92.711289485377478,11.643059615288339],[92.711266302554961,11.643068134695849],[92.711253315610875,11.643075172467062],[92.711235458001354,11.643091391278093],[92.711225406751623,11.64310455619381],[92.711213751110819,11.64312006145998],[92.711197498790696,11.643133940797272],[92.711178547033171,11.643141049833138],[92.711144493697361,11.643142815654286],[92.711117900870022,11.643146494228311],[92.711095903823662,11.643151797850416],[92.711076478653922,11.643160192319099],[92.71106361837235,11.643170910421352],[92.711037772044989,11.643188665411719],[92.711026882667113,11.643200079459207],[92.711019567685753,11.643209850861854],[92.711010537820528,11.643226285223578],[92.711001033644806,11.643244005897019],[92.710994028582235,11.643258975338474],[92.710986240188703,11.643270032171761],[92.710969933071354,11.643286073245635],[92.710949376024416,11.64329552174739],[92.710929878091136,11.643298075015979],[92.710906495842622,11.643297072888871],[92.710879939846194,11.643290586777105],[92.710864600214393,11.643285887601365],[92.71084036097308,11.643275131670803],[92.710823471747418,11.64327061022059],[92.710798539006717,11.643269786698992],[92.710771051457328,11.643273876152312],[92.710743145293037,11.643277089294182],[92.710718631167268,11.643277141204193],[92.710691838015578,11.643271298248216],[92.710658059564281,11.643262256227455],[92.710612571573236,11.643244710641527],[92.710561593977502,11.643225950007999],[92.710518075991885,11.64320910124589],[92.710477622159701,11.643202059958751],[92.710465985383493,11.643199397590216],[92.710450900873241,11.643202058199051],[92.710427590489914,11.643206897269353],[92.710407326293762,11.643213541752653],[92.71037786963727,11.643216933500872],[92.710339512472942,11.643214269372828],[92.71031540079241,11.643207192892573],[92.710291343010795,11.643197955547219],[92.710262307664166,11.643176052154075],[92.710241880872928,11.643163010418073],[92.710210419176718,11.643149699453168],[92.710181346100896,11.643137960745904],[92.710151506762074,11.643130312373419],[92.710117436358303,11.643124075250016],[92.710083547414229,11.643119357594985],[92.710069029740893,11.643108405455623],[92.710055278330529,11.643093362980045],[92.710040780420186,11.643064243201577],[92.710023436646992,11.643042841301808],[92.710008262305223,11.64303165688389],[92.709989275513365,11.643022759147721],[92.709966057656516,11.643015272661055],[92.709933664407373,11.643012537264731],[92.709893172845952,11.643015660666792],[92.709820624005289,11.643019665659999],[92.709750830297608,11.643023373270134],[92.709700871391391,11.643020467186533],[92.709665618804692,11.643009132316523],[92.709601468313608,11.64299438985819],[92.709552992525929,11.642987463823539],[92.709505171610118,11.642981905926977],[92.709435349156323,11.642973108490006],[92.709393969161084,11.642972101082732],[92.709360967752488,11.642967241772208],[92.709346035057536,11.642957415811471],[92.709338711991336,11.642933242433285],[92.709343786574365,11.642910047426046],[92.709354076775952,11.642885289835293],[92.709359977809044,11.64285670761241],[92.709357130149598,11.64283298206],[92.709338635634538,11.642813944251602],[92.709313813386615,11.642799483329201],[92.709279786101959,11.642794261524804],[92.709243165381082,11.642796073099401],[92.709224212725218,11.642801863275421],[92.709183544195668,11.642806787696417],[92.709161828321996,11.642805921061649],[92.70912136011674,11.642796148764976],[92.709085537998149,11.64278006807041],[92.709037974000509,11.642764378020502],[92.708971573229661,11.642747691999386],[92.708886190158537,11.642735673488485],[92.708760169100586,11.642725169168729],[92.708672477359173,11.642727088963163],[92.70859812559975,11.642723277528896],[92.708572408629806,11.642718541390593],[92.708531060075558,11.642711910972787],[92.708500090656173,11.642705317507787],[92.708461551133823,11.64270113390403],[92.708437146602506,11.642696863196802],[92.708409769545909,11.642696629161309],[92.708393372597016,11.642698825223391],[92.708381571429143,11.642702647216007],[92.708361671050639,11.642712328013403],[92.708349523133066,11.642721116660299],[92.708338214241977,11.642731655293675],[92.708322910542776,11.642742962020343],[92.708305089764167,11.642749017027004],[92.708287351630574,11.642748982713551],[92.708276162215398,11.642748961597581],[92.708270191113684,11.642746849119966],[92.708256463957852,11.642741993324872],[92.708241052460821,11.642731452052375],[92.708227957718933,11.642716641832209],[92.708218912582353,11.642698901768847],[92.708208025001085,11.642684145216739],[92.708195950745363,11.64267260445216],[92.708182399659293,11.642667083502282],[92.708163959941473,11.642662741528047],[92.708145173473909,11.64266336532941],[92.708130690834906,11.642668419968064],[92.708118068606851,11.642678494051848],[92.708103713528601,11.64268722902999],[92.70808965040284,11.642693159101663],[92.708075752567083,11.642692603927282],[92.708061069603758,11.642688137017233],[92.708046022822742,11.642680632924936],[92.708035499957504,11.642668913554223],[92.70802530587568,11.642644224568926],[92.708018431967119,11.642610532252165],[92.708016573352793,11.642579341296386],[92.708011048713814,11.642562120325719],[92.708002422192109,11.642545255686382],[92.707987120289559,11.642530391786494],[92.707966091627071,11.642514955114418],[92.707941724825005,11.642500519691682],[92.707912871836399,11.642480134835772],[92.707889271297248,11.642461608186327],[92.707848290154004,11.642431843423786],[92.707827862464441,11.642418800773056],[92.707805301276068,11.642411546546215],[92.707774750471586,11.642405828508421],[92.707747245854179,11.642401914129191],[92.707715819192302,11.642404609059202],[92.707682969599006,11.642411162938803],[92.707659075310744,11.642421611840906],[92.707641144937682,11.642431989476142],[92.707615555528477,11.642430933676041],[92.707600216795015,11.642426234485772],[92.707584148629536,11.64241546092528],[92.707569266240228,11.642401472452789],[92.707558560118656,11.642388234477606],[92.707543441472424,11.642374889162074],[92.707526898996491,11.642365401916367],[92.707511978877932,11.642361578159409],[92.707489981831557,11.642366881796475],[92.707474331382656,11.642383155198495],[92.707468986406738,11.642393623457988],[92.707450727250261,11.642416970719486],[92.707434894443381,11.64243172464629],[92.707422983681042,11.642439870143848],[92.70741262251255,11.642447837034979],[92.70739856118341,11.642468621337567],[92.707397938650928,11.642469540763358],[92.707387193901809,11.64249263814585],[92.707381574939703,11.642513914271818],[92.707385894937914,11.642552518708104],[92.707389996645489,11.642573598626734],[92.707397746411445,11.642598877106304],[92.707416676609412,11.642636107232024],[92.707428530777918,11.642656294114129],[92.707441041614885,11.642676714150435],[92.707450378703967,11.642691649308933],[92.707450232278575,11.642706136631885],[92.707445962586007,11.642717712588372],[92.707441621926563,11.642723446456705],[92.707427978314001,11.642730251960902],[92.707415447714126,11.642727999589784],[92.707398138975208,11.642722603577209],[92.70738041072309,11.642716332131169],[92.707361679052795,11.642714795063757],[92.707348145034729,11.642717277071279],[92.707335705164652,11.642728869744076],[92.7073285725413,11.64274015975408],[92.707323884233844,11.642750859396063],[92.707308396380029,11.642771597924705],[92.707293460990101,11.64280266304293],[92.707281317564124,11.642832445362426],[92.707267977582148,11.642868618778598],[92.707253042192207,11.642899684765828],[92.707235940964168,11.642920897512731],[92.70720498861273,11.642957656005549],[92.707175346903284,11.642997149889995],[92.70713937746099,11.643041221532073],[92.70708428378461,11.643118285080712],[92.707050194516228,11.643169837027427],[92.707034943817646,11.643226916942169],[92.707024138881422,11.643271939644841],[92.707017753656388,11.643292399228327],[92.707020886980089,11.643318497644652],[92.707041831200925,11.643349760663632],[92.707065569182319,11.643379740886362],[92.707104980070483,11.643417537518232],[92.707116235062657,11.643449916150761],[92.707121533326202,11.643485868649293],[92.707127829618017,11.643509678609655],[92.707143644458611,11.643539127397894],[92.707159943491121,11.64357669877166],[92.707163162154785,11.643599419495082],[92.707170027978506,11.6436279743669],[92.707179118030865,11.643650500643778],[92.707178431717978,11.643677520207973],[92.707170478034442,11.643705376487253],[92.707155058452614,11.643728318917129],[92.707129578637904,11.643753382613406],[92.707107917561459,11.643777526006087],[92.707111169462777,11.643838088159084],[92.707115283746788,11.64387659035139],[92.707108487991633,11.643907317491928],[92.707094549731707,11.643952502852722],[92.707075791111919,11.643986560135716],[92.707049523474709,11.644024559925452],[92.707011528331464,11.644056766040954],[92.706976878514325,11.644071167949448],[92.706933281476964,11.64408193528698],[92.70690032857739,11.644088804105515],[92.706878777993722,11.644097236378498],[92.70685695252557,11.644109985087912],[92.706840030062253,11.644129098472828],[92.706830653447312,11.644140874091001],[92.706819543982192,11.644165975582677],[92.70680818478543,11.644188028468607],[92.706793453313082,11.644210959420866],[92.706768063329889,11.644241470966668],[92.706752918632517,11.644270875686017],[92.706745966570523,11.644293197790825],[92.706736811839463,11.644315386160089],[92.706727009423105,11.644337317617977],[92.706716422777475,11.644361151260775],[92.706713065773258,11.644393008925684],[92.7067142802955,11.644415613445213],[92.706720424772044,11.644437220239011],[92.706727863720914,11.644459339090435],[92.706735564079523,11.644480823584896],[92.706740662018788,11.644504965154773],[92.706748375852143,11.644522767570596],[92.706758306727579,11.644537023403732],[92.706769257190899,11.644556106845176],[92.706776833582012,11.644576067472443],[92.706782853192735,11.644596149514332],[92.70677994983771,11.644610487167544],[92.706774030838304,11.644633955658975],[92.70676513751701,11.644655509646215],[92.706756217246223,11.644684427777847],[92.706748498023003,11.644739633352021],[92.706750058396665,11.644774174442862],[92.706752611408675,11.644820908156285],[92.706743842054891,11.644843985987272],[92.706736903467643,11.644862625975477],[92.70672243340502,11.644884922517862],[92.706698434912227,11.644924834925481],[92.70667539043022,11.644987986154502],[92.706661141353194,11.645020694538582],[92.706645623854968,11.645045526724321],[92.706632474315867,11.64506097117434],[92.706616860697906,11.645076915364092],[92.706599127055881,11.645105294999025],[92.706580625354277,11.645135306706155],[92.706546106691192,11.645190799893486],[92.706529169854804,11.645216663218438],[92.706521821635789,11.645229801638786],[92.70651495760869,11.645246436481113],[92.706509486868612,11.645267869884911],[92.70650618376331,11.645286385789502],[92.706503885872806,11.645302467218915],[92.706497771040702,11.645318454506212],[92.706489585591811,11.645333621796437],[92.706479495714547,11.645347563490716],[92.706467899362551,11.645365156454467],[92.706461203320416,11.645381385689779],[92.706458252354722,11.645394377171757],[92.70645769000933,11.6454120897886],[92.70645837901715,11.645427938057427],[92.70645293432824,11.645442302062436],[92.706443778698855,11.645450477385824],[92.706430241087517,11.645454087303047],[92.706411310889521,11.645457922455181],[92.706397439104904,11.645462343569873],[92.70638480969032,11.645467256506038],[92.706375398041104,11.645477218750756],[92.706369548211967,11.645489062058259],[92.706366676298003,11.645503029259633],[92.706367859379256,11.645520016894899],[92.706372101224019,11.645540102387907],[92.70637684432873,11.645558971963395],[92.706381755418349,11.645577435059137],[92.706394203373264,11.645599824805462],[92.706397985280617,11.645609345374108],[92.706399688486385,11.645621494854501],[92.706393162225822,11.645633661050987],[92.706382753446661,11.645644290195783],[92.706367675224612,11.645655284466782],[92.706350642268518,11.645669191831848],[92.706333582362944,11.645690463315617],[92.706325211861113,11.645710749395981],[92.706322666933914,11.645733340610994],[92.70632441864872,11.64575099601776],[92.70632696716919,11.645763067187707],[92.706327698397814,11.645775893245142],[92.706323996440545,11.645795814192828],[92.706319549779877,11.645806591141628],[92.706309787787688,11.645817477187995],[92.70629184573653,11.645831761988873],[92.706273642275619,11.645846681141077],[92.706228094097455,11.645895025629128],[92.706197402257459,11.645921963151691],[92.706177022178593,11.645929383573391],[92.706155759954129,11.645929817325797],[92.706131398541956,11.645926812732505],[92.70610548124769,11.645923928674856],[92.706080583541265,11.645925873962058],[92.706057229140498,11.645931379890266],[92.706026288467172,11.645955269705031],[92.705986481421988,11.645993348409686],[92.705958227609685,11.646027151174069],[92.70593859223419,11.646043716462755],[92.705915086916477,11.646055061766932],[92.70588629231834,11.646059151179246],[92.705856079280395,11.64606120468364],[92.705831181573984,11.646063149969889],[92.70580705552041,11.646066875135846],[92.705785106084747,11.64607809902367],[92.705762495489054,11.646092748937175],[92.705737393865093,11.646115262696865],[92.70570475986743,11.646141431233925],[92.70567281308098,11.646156810516274],[92.705645548313782,11.646168143498283],[92.705636027070071,11.646174628663108],[92.705627743704852,11.646180270078897],[92.705618629397989,11.646191412138734],[92.70561182825297,11.646207894714385],[92.705605425959959,11.646221584735926],[92.705587746216835,11.646235236044635],[92.70556475024388,11.646248995570712],[92.705554189649405,11.646265464945635],[92.705550226282369,11.646286020209329],[92.705553683897904,11.646297713912764],[92.705563490805858,11.646310444924845],[92.705583528626576,11.646325750292835],[92.705601652137446,11.646332923474052],[92.705621221037575,11.646334769338617],[92.705638723812569,11.64633432238953],[92.705662574981702,11.646334912749445],[92.705687197803613,11.646337283867197],[92.705719188607503,11.646345520751735],[92.705750256841625,11.646357818009845],[92.705806783330871,11.646383463910489],[92.705859858492815,11.646410232460129],[92.70588509037249,11.646434622851734],[92.705896280686005,11.646448846913268],[92.705919458118657,11.646481065945231],[92.705934523764284,11.646515836452865],[92.705953400063351,11.646561333725911],[92.705956502844316,11.646599435222878],[92.705963844775169,11.646641518780338],[92.705973189050752,11.646690156990008],[92.705990083666293,11.646723346435234],[92.706019156742158,11.646749833409848],[92.706039556583931,11.646765973702538],[92.706067832854131,11.646788688006531],[92.70608575963395,11.646816524618087],[92.706092672170044,11.646865351958281],[92.706095560253672,11.646906825760752],[92.706095629423956,11.646943726257245],[92.706082896703137,11.64699169223233],[92.706064913329428,11.64703527494172],[92.706054266496707,11.647066782132327],[92.706043598104372,11.647104041573602],[92.706023016802902,11.647193840246615],[92.705999658808921,11.6472675602152],[92.705972316786585,11.647322418628178],[92.705938767405698,11.647364521432166],[92.705843800208768,11.647456566195098],[92.705721266410762,11.647557504119822],[92.705652654886023,11.647625771766299],[92.705615745805915,11.64767958048709],[92.705601999785458,11.64771735013988],[92.705607887343831,11.647752088819463],[92.705628332999666,11.647787188219478],[92.705645552805365,11.647839014682933],[92.705683627898679,11.647987318237503],[92.705687870641768,11.64803940948814],[92.705708218381275,11.648101476956754],[92.705715317766945,11.648151098544453],[92.705716702969141,11.648205659405498],[92.705704341252513,11.648297990709549],[92.705701125283767,11.648399343601154],[92.70570423075975,11.648503197767536],[92.705705485706176,11.648593716556078],[92.705709695211581,11.648654797629741],[92.705703080916152,11.648733199578142],[92.70568163902864,11.648798530999004],[92.705634956278274,11.648929490291602],[92.705524943198697,11.649156013852126],[92.705495166741983,11.64925045374938],[92.705458635852608,11.649374629482933],[92.705408056210544,11.649532852966365],[92.705365269453551,11.649636547463457],[92.705306041730267,11.649735534936864],[92.705248697774081,11.649838868636246],[92.705197674364285,11.649944704475796],[92.705147084840732,11.650018304060692],[92.705094373496479,11.650065856874614],[92.705041055789422,11.650105969134778],[92.705000749280956,11.650136827558056],[92.704971438151532,11.650190041921697],[92.704940211813962,11.650247899025546],[92.704910770428825,11.650337071138992],[92.704881632674272,11.650429963052485],[92.704854107395647,11.650514491481838],[92.704791048357663,11.650622765010603],[92.704733336092232,11.650740356534454],[92.70470143871313,11.650808750971073],[92.704681208652929,11.650888964713481],[92.704673187595745,11.651006417995083],[92.704643173085486,11.651079158608058],[92.704618267294236,11.651139517694624],[92.704584518487309,11.651194576818758],[92.70453147207148,11.651247398586598],[92.704486088285009,11.651281648532951],[92.704444839443795,11.651310332826755],[92.704424469246419,11.651341880003741],[92.70440658828069,11.651385214805712],[92.70439563512241,11.651438493156059],[92.70438902082698,11.651516894319093],[92.704376160545365,11.651659439352162],[92.704350519033881,11.65174831363889],[92.704319627767902,11.651800902153465],[92.704293910797958,11.651823131274146],[92.704254643640269,11.651829194001246],[92.704196379809261,11.65183674095695],[92.704148842761029,11.651853934958906],[92.704123461761,11.651870894932074],[92.704100266362033,11.651895922701915],[92.704074819785006,11.651930861454341],[92.704053205420934,11.651956514758933],[92.704021167006331,11.651976241706878],[92.703959072758948,11.651993074980908],[92.703893882018789,11.651990678397143],[92.70385054459453,11.651984327977942],[92.703797963506005,11.651995924663263],[92.703757992069129,11.652021513736234],[92.7037125759433,11.65206475253367],[92.703680776480567,11.65210617893066],[92.70362332472655,11.652151856527874],[92.703549432006241,11.652192826294369],[92.703499037417103,11.652212489879764],[92.703420501305104,11.652224616196621],[92.703307806754395,11.652230423772247],[92.703216080679027,11.652220064098927],[92.703178371200053,11.652215541914439],[92.703147742242109,11.652204359625216],[92.703117020757702,11.652197708318431],[92.703082613485691,11.652182673373185],[92.703055007358714,11.652174572151301],[92.703031934130635,11.652171094291713],[92.703008706392325,11.652175169537228],[92.702989887585417,11.652189909749021],[92.70296782855533,11.652212141477987],[92.702952063122069,11.652228453014896],[92.702926920175614,11.652250624034412],[92.7028972739746,11.652266661070801],[92.702867534348798,11.652287229967421],[92.702844719835539,11.652308691861712],[92.70283031085836,11.652334097027241],[92.702822164037059,11.652355091743074],[92.702825413243417,11.652384623175315],[92.702838010318658,11.652409806623828],[92.702855522975128,11.652458508929243],[92.702866835459517,11.652508600432739],[92.702885642588285,11.652569417585246],[92.702897017056429,11.652616487831532],[92.702902316218271,11.652658904802212],[92.702897760861461,11.652692815851202],[92.702890214114774,11.652722133455935],[92.702862937669479,11.652772974502064],[92.702835216558157,11.652807939538187],[92.702813602194084,11.652846047217123],[92.702791925846284,11.652887175245297],[92.702766947291494,11.652938816879354],[92.702738853379302,11.65299190841421],[92.702731875266153,11.653031060390312],[92.702725746959288,11.653066451217061],[92.70270954674146,11.653103910448197],[92.702690043418315,11.653151881518571],[92.702674816075955,11.653179538013623],[92.702656349408656,11.653214685117062],[92.702627561098737,11.653263984664974],[92.702606858524689,11.653295309910806],[92.702575234233436,11.6533324647007],[92.702540619450588,11.653365026056095],[92.702524698608826,11.653388890597473],[92.702505568984833,11.653418735128096],[92.702471803109944,11.65344753621449],[92.702433471996756,11.653473224570982],[92.702367855455165,11.653512730158202],[92.702339533370889,11.653539371330153],[92.702326666801056,11.65356480717606],[92.702329005115743,11.653601120842964],[92.702345317622999,11.653633177162851],[92.70236550186911,11.653664553395329],[92.702389722245812,11.653724721883924],[92.702398985673014,11.653761927644624],[92.70239644883064,11.653810234683984],[92.702385061786103,11.653838721642144],[92.702363696255375,11.653864745165183],[92.702329867498406,11.653896566548845],[92.702273349094,11.653943807250878],[92.702231809198636,11.653975477300413],[92.70220134553071,11.653993764757439],[92.702172578780363,11.65400453083074],[92.702137706181034,11.65401215338987],[92.702112055686428,11.654021469557497],[92.702096321694228,11.654036270377292],[92.702081187776614,11.654059394072259],[92.702065835568419,11.654093092039542],[92.702052751606303,11.654129101227836],[92.70202799044381,11.654170168360118],[92.702014616325883,11.65418274944617],[92.701990601663383,11.654187563690995],[92.701953772533386,11.654177769799588],[92.701910773773989,11.654167854495977],[92.70186057052598,11.654170641690508],[92.70181317181833,11.654187083322267],[92.701797469267177,11.654200374403045],[92.701775570137201,11.654233564710914],[92.701769625086641,11.65425475811708],[92.701763187759312,11.654277706714495],[92.701757425965098,11.654305923527383],[92.701747731346558,11.65434316528186],[92.701742377387461,11.654368148839241],[92.701739097638352,11.654379944258887],[92.701734394059514,11.654389702951299],[92.701731003817642,11.654399032303205],[92.701727247961443,11.65440776075444],[92.701725097394643,11.65441275887259],[92.701707008918063,11.654443604500408],[92.701701529194835,11.654455643620144],[92.701690174489656,11.654465977696081],[92.701676810253176,11.654473515782172],[92.701662008712233,11.654477864610246],[92.701636803782009,11.654484368056824],[92.701583898401651,11.654483208486687],[92.701550234036389,11.65446962356782],[92.70152957547981,11.654464633368832],[92.701502234355814,11.654463411333124],[92.701475083674637,11.654469583097233],[92.701453261799784,11.654479606604905],[92.70143184147183,11.654490189661978],[92.701413910200429,11.654500875654662],[92.701394202959747,11.654510278025805],[92.701367961373663,11.65451415088414],[92.701338527175068,11.654521896600592],[92.70131158849631,11.654521234114881],[92.701274393751987,11.654513426812724],[92.701241554938463,11.654509305852143],[92.70120765880786,11.654516782351449],[92.701180297022589,11.654529788362863],[92.701160483780683,11.654542607857072],[92.701137984576064,11.654556441754377],[92.701116290261965,11.654571394750201],[92.7010916773215,11.654585849781338],[92.701062094900877,11.654602894048022],[92.700992903064446,11.654626963475211],[92.70092599833869,11.654637804306546],[92.700891794085933,11.654638987630502],[92.700866130116594,11.654639875343403],[92.700827143233255,11.654630168567667],[92.700795359041862,11.654606352521633],[92.700777433160383,11.654587264491564],[92.700749928543019,11.654557976996722],[92.700720391038161,11.654539144983673],[92.700677274599471,11.65452183413516],[92.700641789349135,11.654518856908391],[92.700585391318953,11.654514618935151],[92.700505930840507,11.654507986159398],[92.700473022856698,11.654499314018191],[92.700389927794589,11.654469060498807],[92.700322758065852,11.65444611895558],[92.700252449623491,11.654418809226035],[92.700197537406822,11.654401788702549],[92.700152933358012,11.65439725951523],[92.700105389123294,11.6543960621135],[92.700025334858424,11.654401596907125],[92.69994181040164,11.654413440714102],[92.699857096575386,11.654414347783247],[92.699784474971196,11.654391244353107],[92.699625256671922,11.654331156070302],[92.699589011446832,11.654310414884995],[92.699569880924543,11.654272652286954],[92.699548636666378,11.654246798602749],[92.699531092568904,11.654235376210984],[92.699502215325779,11.654230458151075],[92.699466565683736,11.654232820403474],[92.699438151971265,11.654234115463256],[92.699393085290126,11.654223372273513],[92.699340420658245,11.654211335783113],[92.699291521764081,11.654204541117597],[92.699290000017996,11.654204366038176],[92.699236278967376,11.654198199546979],[92.699176972192305,11.654175063546409],[92.699091432814328,11.654132125087962],[92.699054162611517,11.65411247043639],[92.699044185921949,11.654107209253711],[92.699011145885805,11.654081645886961],[92.698986563488063,11.65404372225502],[92.698953259347206,11.653984377325349],[92.698926892895287,11.653947682756465],[92.698890450040892,11.653919239799357],[92.698861903377789,11.65390364363674],[92.698828831002274,11.653900310965327],[92.6988091722706,11.65390079661333],[92.698784888113536,11.653909694881047],[92.698764006774738,11.653921473604028],[92.698736055694681,11.653928981791822],[92.698693236598345,11.653923221760731],[92.698647541994774,11.653911605800321],[92.698601649761869,11.653892288095452],[92.698560878824395,11.653883811249985],[92.69851429309206,11.653872809386339],[92.698455151607007,11.653844334748847],[92.698372518278973,11.653785022329101],[92.69831288182219,11.653737294192155],[92.69825638318072,11.653693934242936],[92.69820176830639,11.653653195204855],[92.698158518917069,11.653618992180158],[92.698102318516248,11.653587184841482],[92.698040302422299,11.653552852478333],[92.697998342115383,11.653533437970726],[92.697954860960664,11.653513764801025],[92.697929883304212,11.653495708699378],[92.697905863251819,11.65346784812257],[92.69788296609353,11.653424843569933],[92.697850652794443,11.653368734407998],[92.697815498124129,11.653319808793206],[92.697772281074108,11.653263374964194],[92.697750210365911,11.653228945783102],[92.697731807478974,11.653195908440308],[92.697720837252746,11.653169503901474],[92.697700286493998,11.653135333369805],[92.697676431731608,11.653102133252927],[92.697646431594407,11.653077087995737],[92.697614845032362,11.653060973583793],[92.697574239384892,11.653047157208025],[92.697528875361371,11.653024862200283],[92.697488764685602,11.65299502818489],[92.697452256254138,11.652975774641696],[92.6974209679328,11.6529712128785],[92.697377190334038,11.652975258199078],[92.697348082223897,11.652984869134459],[92.697323963356851,11.652988428805266],[92.697282763024646,11.652986779180276],[92.697262541947623,11.652977200797555],[92.697243379085975,11.652961668807462],[92.697216418847646,11.652937141739866],[92.697192432032949,11.652922321505914],[92.697159887866832,11.652916011578814],[92.697126385198317,11.652919507025036],[92.697102630148947,11.652925428960202],[92.697076660752387,11.652939408105068],[92.697062057739132,11.652959923284092],[92.697052641598333,11.652982088966448],[92.697046925618153,11.653018686884867],[92.6970397570622,11.653045835748685],[92.697024461447853,11.653068847791539],[92.697014118245662,11.653084407929223],[92.696981937897249,11.653115731435687],[92.696904791478971,11.653175433749478],[92.69684912018586,11.653211190554295],[92.696794142392164,11.653238631492661],[92.696740122202542,11.653256267946833],[92.696669484078512,11.653274906491017],[92.696608955594655,11.653298335539626],[92.696570601125288,11.653313175988902],[92.696513917430863,11.653315502177337],[92.696452019016206,11.653298969874706],[92.696393993238743,11.65326752233722],[92.696330803945031,11.6532375906902],[92.696247946936467,11.653215092464109],[92.696156210081355,11.65321504319537],[92.696073404276774,11.653212920239699],[92.695988275428874,11.653230768727127],[92.695910529834308,11.653241488200631],[92.695815902200593,11.653257719615398],[92.695755707890015,11.653252259581896],[92.695693861577652,11.653256102544569],[92.695613844143736,11.653252058987709],[92.695528043355992,11.653225465297355],[92.695443740059858,11.653183551658397],[92.695377918702363,11.653161558432828],[92.695321751539211,11.65314719922576],[92.695266977663081,11.653131880156653],[92.695185557958993,11.653124547027415],[92.695117679459486,11.653118433300222],[92.695023981582096,11.653115653133547],[92.694966007008588,11.653104580855487],[92.694905192860475,11.653075054778601],[92.694823935751472,11.653022876491931],[92.694769367589515,11.652978838985193],[92.694726261032301,11.652939150323618],[92.69466869878552,11.652870641157573],[92.694639530488274,11.652821345059023],[92.694616918095932,11.652769571433028],[92.694595596582658,11.652676085556282],[92.694580378223421,11.65258018811276],[92.694563957020051,11.652518351272706],[92.694540399600044,11.652461432510171],[92.694530916085583,11.652422246141509],[92.69453725998811,11.6523865217878],[92.694568151254089,11.652340410486755],[92.69459745699362,11.652303230049963],[92.694630760236137,11.652256762415192],[92.694667962167003,11.652197156682265],[92.694698258748275,11.652127940851688],[92.694737986741714,11.652040936267744],[92.694748813237538,11.65201148486107],[92.694769173553439,11.651966349199549],[92.694791311635285,11.651929936781041],[92.694826065657026,11.651882376367885],[92.694853108540315,11.65183329828529],[92.69487320385322,11.65178950165622],[92.694888692605375,11.651723038630795],[92.694892586802112,11.651683004026813],[92.694864138055365,11.651587039375398],[92.694861095461505,11.651541711847576],[92.694877320832177,11.651512264786991],[92.694907417089141,11.651496427422773],[92.694947535849735,11.651485888241885],[92.694979942573596,11.651473830517556],[92.695010040627182,11.651456482526244],[92.695049411989459,11.651419502566672],[92.695092651497362,11.651371194231807],[92.695111197216406,11.651334950657866],[92.695118170837929,11.651300962900093],[92.695115896303648,11.651259412330496],[92.695119017050942,11.651221644038921],[92.695129839953495,11.651195968671317],[92.695153000318115,11.651173326871566],[92.695177699496895,11.65115521870929],[92.695205477202094,11.651144668077999],[92.695247910022871,11.651133374890151],[92.695289565800906,11.651128879961934],[92.695332764884583,11.651122875286749],[92.695383683191537,11.651110834262965],[92.695491728960633,11.651045965283954],[92.695551152516686,11.651012025000362],[92.695582032104582,11.650983346834407],[92.695624500857932,11.650934281790127],[92.695653088843557,11.650882183163807],[92.695702524031972,11.650806685184447],[92.695735731154727,11.65076365558531],[92.695758133341286,11.650728171205712],[92.695773607720383,11.650676815977972],[92.695777514493557,11.650623183798984],[92.695796097043527,11.650547657595393],[92.695826248996028,11.650472897684024],[92.695849439903384,11.650418528186446],[92.695871094691654,11.650356602004674],[92.695875008651342,11.650295415728047],[92.695851926440127,11.650234961438779],[92.695813418358824,11.65017298154773],[92.695788009511006,11.650125366285728],[92.695774955193301,11.650064165001439],[92.695768870005566,11.649973507681915],[92.695765060250466,11.649922890475006],[92.695769739574786,11.649868504153476],[92.695777495628917,11.64982318514341],[92.695790652354574,11.64977560501384],[92.695818478568839,11.649713684847439],[92.695837810313748,11.649661577194196],[92.695860228669972,11.649607962415489],[92.695887262570125,11.649567948622233],[92.69592278285478,11.649525676348482],[92.69598067927484,11.649475114488135],[92.696039333873003,11.649438906739187],[92.696102604913392,11.649414790232511],[92.69617358888884,11.649390680762252],[92.696239164107951,11.649376386466363],[92.696295479493116,11.649366617040126],[92.696345617164056,11.649364395516177],[92.696389566341026,11.649381810503785],[92.696450463134127,11.649421902627019],[92.696491319411578,11.649446869030664],[92.696529104349068,11.649456723795813],[92.696549928195651,11.649459008665421],[92.696584642691477,11.649453751793651],[92.696639413872674,11.649445492126151],[92.696687250059881,11.649430426238611],[92.69673122259303,11.649422156012674],[92.696800638109977,11.649425240631],[92.696951042139673,11.649429153151704],[92.697016605680702,11.649426945705233],[92.697072146718071,11.64942095243085],[92.697119203167631,11.649414196359874],[92.697150846323481,11.649393827847563],[92.697167838855407,11.649369669985866],[92.697183290776621,11.649342488209808],[92.697208768794695,11.649316070987416],[92.697216476339818,11.649311628818534],[92.697238866848281,11.649298722861378],[92.697388359087995,11.649246261445994],[92.697501677069525,11.649213313370465],[92.697577609863842,11.649207480217239],[92.69764026825321,11.649219340082212],[92.697710155385707,11.649233567520476],[92.697817387281162,11.649265533723646],[92.697888841075482,11.649307880820938],[92.698073988347119,11.649375539207943],[92.698210121740232,11.649431138885729],[92.69838254347755,11.649499943636521],[92.698474308180451,11.649523445147924],[92.698570706393582,11.649540906755517],[92.69862161392075,11.649540952505697],[92.698670219964143,11.64952664326073],[92.698721155339058,11.649496471902134],[92.698782128488972,11.649454978250422],[92.698824591852457,11.649411957240117],[92.698870709562513,11.649347340370367],[92.698914352413965,11.649292821084618],[92.698964149623421,11.649243216417201],[92.699025392267899,11.649191011016635],[92.699078851010469,11.649142814910313],[92.69911549508754,11.649100883059257],[92.699141450111043,11.649083172437106],[92.699181534735658,11.649061028439046],[92.699258094554054,11.649032225138365],[92.699365236618007,11.648984505862989],[92.699659582197242,11.648803940090847],[92.699755201571023,11.648710809204408],[92.699805011356915,11.648635934423108],[92.699828724185465,11.648602086225646],[92.699886378060398,11.648519790182867],[92.699944825147725,11.64843929949487],[92.700016324756135,11.648321994696813],[92.700058844713482,11.648239342246038],[92.700108120900055,11.648159213960733],[92.700127143624542,11.648090520614581],[92.700138550432015,11.648021507878349],[92.700158965545157,11.647955861300753],[92.700205500971819,11.647886078691961],[92.70030193601589,11.647774302427331],[92.700344989572486,11.647696902319685],[92.700371997421527,11.64763751028404],[92.700395035615287,11.647581686773906],[92.70040165709726,11.647534890177774],[92.700400619543103,11.647471333931513],[92.700406826003388,11.647399114106122],[92.70042626374952,11.647355842909278],[92.70046817734405,11.647304546885998],[92.700548284609525,11.64723467701169],[92.70062491090323,11.647157189651724],[92.700670142874415,11.647117241492024],[92.700704974151236,11.647070879448171],[92.700733937632648,11.646966735286103],[92.700736736783085,11.646850287690508],[92.700720823127796,11.646725582937229],[92.700704909472549,11.646600878128011],[92.700661764287759,11.646453362153027],[92.700676445454448,11.646379256606906],[92.700699018320918,11.646352264579775],[92.700705424207214,11.646344603978209],[92.700728832506883,11.646297763182762],[92.700735988486429,11.646256218903703],[92.700732491345022,11.6461791095943],[92.700712459812522,11.646131195388479],[92.700695910150031,11.646090898671893],[92.700679152078408,11.646037891161402],[92.700666899057936,11.645986566740577],[92.700659105274553,11.645920485050123],[92.700652052601242,11.645872367560713],[92.7006465549117,11.645823568200443],[92.700626731788319,11.645788365613233],[92.700579395064423,11.64575425136246],[92.700507982592598,11.645712403463264],[92.700434851643635,11.645674966111201],[92.700400122774738,11.645631666491647],[92.700370269062915,11.645599032084586],[92.700324650816171,11.645560506375578],[92.700276128316091,11.645536056959111],[92.700226910519987,11.645510082806078],[92.700201071379126,11.64549031932637],[92.70009996779055,11.645412107385082],[92.70003182967794,11.645365166132526],[92.699991204267533,11.645317136529464],[92.699978996162812,11.64528225237453],[92.69997263968385,11.64523565863079],[92.699971276041268,11.645179560133029],[92.6999645485581,11.645123983360071],[92.699945376713316,11.645073863251021],[92.699927271168747,11.645034249125516],[92.699911743789087,11.644988017828235],[92.699914839383538,11.64491716196704],[92.699941595704303,11.644828617190257],[92.699973803900448,11.644772430627743],[92.700006131572607,11.644696074038054],[92.700019406875867,11.644642130126286],[92.700022137754317,11.644552344706236],[92.700021674223649,11.644481106009335],[92.700025237840364,11.644399527565351],[92.70002854723387,11.644323776194494],[92.70003991271885,11.644227347092569],[92.700052366063645,11.644133298771823],[92.700062712859079,11.644060178014945],[92.700079703594383,11.643944136562494],[92.700088892461423,11.643842945694693],[92.700102757957822,11.643771139326235],[92.700127180455453,11.64370327809419],[92.700161579642639,11.643625327839384],[92.700174032987405,11.643531279315047],[92.700161179892334,11.643412591992133],[92.700166130507867,11.643353337174574],[92.70016643413841,11.643347850551596],[92.70016967346335,11.643289223919373],[92.700174625875519,11.643264394216235],[92.70018611532798,11.643231758651503],[92.700207748556664,11.643201760816197],[92.700221002300367,11.643195937214951],[92.700237129754669,11.64319389160789],[92.700253842910527,11.643191771215184],[92.700276035789614,11.643194624507125],[92.700303442490593,11.643199869179607],[92.70032043771748,11.643203817861018],[92.700334061567062,11.643200866907945],[92.7003647318475,11.64317232167037],[92.700383485077367,11.643156316663045],[92.700416892524458,11.643116989969139],[92.700444270479409,11.643068888711321],[92.700475807634064,11.642994369622077],[92.700503306861549,11.642878801074458],[92.700536972125136,11.642754615400538],[92.700544009527064,11.642702622580714],[92.700550394752099,11.642648327228965],[92.700570744288257,11.642512884867013],[92.700581411782238,11.642459409482857],[92.700598527383349,11.642412610264854],[92.700626065238367,11.642352566023419],[92.700654575070558,11.642270935924582],[92.700680684604293,11.642179050454441],[92.700706634237903,11.642099107827145],[92.700721658561037,11.642062794417168],[92.700767715185648,11.641982344971613],[92.700785508116454,11.641943295259656],[92.700791782848725,11.641911839398684],[92.700803408845161,11.641786701310998],[92.700816057124356,11.641745578678979],[92.70082663927839,11.641720389865085],[92.70084492448602,11.641695585537125],[92.700878590647903,11.641666104879578],[92.700912048400667,11.641637673863164],[92.700954329406144,11.641620727343005],[92.701000942087916,11.641615495838272],[92.701041364479067,11.6416134335027],[92.701084112608513,11.641605285341427],[92.701108218899151,11.64159030437308],[92.701152381875147,11.641563920727629],[92.701201380482303,11.641518868713817],[92.70124518592884,11.641460848783151],[92.701273149585305,11.641392320071072],[92.701289862741177,11.641357724890074],[92.701302721226156,11.641328992937899],[92.701303845018572,11.641307215214209],[92.701294126145498,11.641286575997915],[92.701251291777794,11.641233575490052],[92.701231939371667,11.641227593476865],[92.701209123061744,11.641221182982839],[92.701178737547266,11.641204737064735],[92.701119243922619,11.641153023743469],[92.701075011776339,11.64110177584665],[92.701016085886977,11.641036592189526],[92.700940096498769,11.640959871200836],[92.700877924097952,11.640917169137001],[92.700827994836146,11.640886080052519],[92.700779406759068,11.640863233290508],[92.700731927203051,11.640834466973571],[92.700655370977884,11.640796713102681],[92.700518602475896,11.640762268300028],[92.700462977895185,11.640751337183929],[92.700392699097236,11.640728832668177],[92.700370698457618,11.640710289185137],[92.70033025540522,11.640669606313452],[92.700301823726463,11.640626373662055],[92.700285611830552,11.64058570837488],[92.700262653586819,11.640535391243612],[92.700228966763675,11.640477917488163],[92.70019062666735,11.640426358003687],[92.700137193077595,11.640363404582533],[92.700097584560112,11.640326909698846],[92.700029461718856,11.640267949850113],[92.699991564491967,11.640240286791387],[92.699969990552077,11.640200439699372],[92.69996258663754,11.640115678495528],[92.699960277068939,11.64004890121536],[92.699951943398034,11.639995503663258],[92.6999508061309,11.639936537585408],[92.699957732141726,11.639868545201079],[92.699957026964242,11.639869540301833],[92.699955250096608,11.639863211601737],[92.699946824797536,11.639841498871561],[92.699934121721114,11.639824737888539],[92.699913770388363,11.639802770001278],[92.699890436648857,11.639778898134587],[92.699869309171689,11.639736742271275],[92.699861273741448,11.639712236032864],[92.6998615351512,11.639682143674806],[92.69986568536784,11.639653575200162],[92.699869447512242,11.63961675380185],[92.699876579237269,11.639586408038848],[92.699880729453895,11.639557843073769],[92.70006634295116,11.638805412189399],[92.700056278226711,11.638687119659846],[92.700036148777826,11.638554041273876],[92.700000923140593,11.638396317454186],[92.700016020227253,11.63828788255125],[92.700061810052233,11.638143557770503],[92.700074177158754,11.638101162340929],[92.700088605898856,11.638070878881736],[92.700121585747866,11.638048671537474],[92.70016074959932,11.63802646419148],[92.700333055453953,11.637918218311569],[92.70043873416229,11.637868930119764],[92.700499121610648,11.637790068466837],[92.700539380508417,11.637612629445968],[92.700534348146178,11.637390830070791],[92.700539380508417,11.637233106471461],[92.700534348146178,11.637144386797578],[92.700564542319526,11.637124671115119],[92.700604800318985,11.637144386797578],[92.700670221027863,11.637188746198129],[92.700730608476206,11.637183817278443],[92.700816157735659,11.63714931571795],[92.700866480459567,11.637095097588796],[92.700911771719561,11.637055667095362],[92.700987256254564,11.637035951406618],[92.701072805514002,11.637035951406618],[92.701163387135693,11.637035951406618],[92.701233839308458,11.637050738173285],[92.701193581308999,11.637114813273355],[92.701148290049005,11.637144386797578],[92.701108032049561,11.637213390795287],[92.701067773151806,11.637267608901389],[92.701047643702907,11.63734154178554],[92.701032547514558,11.637356328536011],[92.700952030617316,11.63737604332219],[92.700856416633414,11.637400687902771],[92.700816157735659,11.637464762922233],[92.700826222460108,11.63752883880678],[92.700901706995111,11.637538696633824],[92.701002353341224,11.637514052065482],[92.701037579876797,11.637514052065482],[92.701037579876797,11.637538696633824],[92.701027515152347,11.637563340320161],[92.701047643702907,11.637602771621506],[92.701097967325111,11.637627416181987],[92.701128161498445,11.637652059860473],[92.701128161498445,11.63769149114921],[92.701123129136235,11.637745708282305],[92.701148290049005,11.637804855193428],[92.701198613671238,11.637814713010727],[92.701228807844586,11.637819641919268],[92.701253968757356,11.637844285580682],[92.701274098206255,11.63787878793481],[92.701289195292887,11.637898503563823],[92.701329453292388,11.637903432470877],[92.701369712190143,11.637903432470877],[92.701409971087926,11.637903432470877],[92.70147539089848,11.637903432470877],[92.701565972520171,11.637903432470877],[92.70168171595293,11.637868930119764],[92.701777329936817,11.637814713010727],[92.701837717385175,11.637745708282305],[92.701883008645154,11.637696420059928],[92.701953460817961,11.637666846594392],[92.702003783541855,11.63763234509381],[92.702028945352964,11.637563340320161],[92.702054107164088,11.637523909893087],[92.702134624061301,11.637484478580557],[92.702195011509644,11.637430261396588],[92.702250367494088,11.637356328536011],[92.702290625493532,11.637292252611731],[92.702310754942431,11.637228177552563],[92.70232081966688,11.637173960318608],[92.70232081966688,11.63710495543126],[92.702310754942431,11.637026093561726],[92.702295657855771,11.63692258704908],[92.702270496044648,11.636848654053583],[92.702260431320241,11.636769792111405],[92.702260431320241,11.636715574788152],[92.702280560769097,11.636681072289766],[92.702356045304128,11.636695859075299],[92.702461724012437,11.636769792111405],[92.702577467445224,11.636838796202062],[92.703142277790235,11.637176969405731],[92.703166031042983,11.637188636216875],[92.703207255629678,11.63720276836707],[92.703260847322895,11.637214881261059],[92.703293827171933,11.637212862885358],[92.703335051758629,11.637208825254049],[92.703359786869967,11.63720074911145],[92.70338246034774,11.637180560953521],[92.703394828352586,11.63715633428224],[92.703396889087855,11.637117975455054],[92.703398950721422,11.637083655135557],[92.703398950721422,11.637045296298359],[92.703394828352586,11.637004919078652],[92.703394828352586,11.63698674928388],[92.703409257092659,11.63696454185308],[92.703429868936865,11.636958484960783],[92.703450481679354,11.636968579487887],[92.703471093523561,11.636998863067063],[92.703477277525977,11.637023088872228],[92.70346903278832,11.63705135318876],[92.70346903278832,11.637079617502417],[92.703464910419484,11.637107881813211],[92.703464910419484,11.637132107608847],[92.703479338261261,11.637168447178214],[92.703485522263676,11.637172484810094],[92.703514379743865,11.637198730735633],[92.703575186705422,11.637208825254049],[92.70359889055085,11.637210843629788],[92.703664850248884,11.637224975778862],[92.703753483424691,11.637247183188874],[92.703827687860425,11.637255258450296],[92.703901892296187,11.637263334591317],[92.703978157467148,11.637263334591317],[92.704037933162809,11.637235070296336],[92.70412038323451,11.63720276836707],[92.704202832407944,11.637132107608847],[92.704213138779181,11.637085674392081],[92.704194587670244,11.637031164140161],[92.704097709756724,11.636881768126381],[92.704179334276731,11.636827177768083],[92.704253209030739,11.636781955175755],[92.704313892024828,11.636738025077838],[92.704369297416619,11.636679881850565],[92.704646327968774,11.636394332025906],[92.704799354180778,11.636280629543446],[92.704863994253657,11.636226361973231],[92.704893017023892,11.63617467940116],[92.704911485487813,11.63610103039958],[92.704928634326578,11.636009292466426],[92.704941826984836,11.635905926352153],[92.704958975823601,11.63582194163099],[92.704997232376627,11.635739248511021],[92.705067150051804,11.635686272461966],[92.705166088700565,11.635628129014904],[92.705255794464847,11.635562233152212],[92.705344179705634,11.635473079176768],[92.705423331163658,11.635364544590644],[92.705468184045756,11.635267638140169],[92.705489290861692,11.635190113131479],[92.70550248262164,11.635075117647451],[92.705514355654742,11.634984671885919],[92.705530185766705,11.634908438428782],[92.705596145464739,11.63465648240618],[92.70562384860979,11.634507891947591],[92.705638359096582,11.634351549852301],[92.705640997448555,11.634298574418924],[92.70565023212967,11.634243013948842],[92.705668700593606,11.634219756626814],[92.705754448380745,11.634072458449156],[92.705834918565571,11.633910947809573],[92.705914070023553,11.633744267893576],[92.705942515177057,11.633677805834086],[92.705969311023665,11.633599068813396],[92.706090924048496,11.63360512577882],[92.706183679593153,11.633599068813396],[92.706272312768974,11.633578880394152],[92.706321782991708,11.633558691093604],[92.706348578838288,11.633514275683041],[92.706350640471854,11.633463803297028],[92.706332089362931,11.633399198559198],[92.706109475157419,11.632759209099545],[92.706095046417346,11.632694604198134],[92.706092985682062,11.632658264044499],[92.706092985682062,11.632617886188198],[92.706099169684492,11.632577507446177],[92.706103292053328,11.632537129578171],[92.7061342102688,11.632476563205099],[92.706229027447037,11.632262559744396],[92.706410416167515,11.631836570743982],[92.706428967276437,11.631767927918181],[92.706437212014094,11.631709379793371],[92.706437212014094,11.631646793944254],[92.706418660905172,11.631469130159184],[92.706369191580819,11.631236955753669],[92.706358885209539,11.631156198742969],[92.706365068313644,11.631095632069437],[92.706472252598417,11.630802889735241],[92.706653641318894,11.630346615081079],[92.706812356561599,11.629916585411483],[92.706839153306532,11.629858036897247],[92.706859765150725,11.629823715682463],[92.706886560997333,11.629789393583559],[92.706927786482339,11.629759110099737],[92.707014358024594,11.629738920522099],[92.707362706725462,11.629692485191892],[92.70764303499304,11.629656144646324],[92.707680939406458,11.629656510673831],[92.707853281193707,11.629658163956702],[92.7079645878473,11.629656144646324],[92.708024363542933,11.629646050733843],[92.708080016869744,11.629625861148025],[92.708133608562932,11.629593558335568],[92.708201629894589,11.629526934267986],[92.708663346882645,11.628905105348938],[92.70873548968477,11.628808196649468],[92.708780836640315,11.628767818234712],[92.708838551600707,11.628739553076922],[92.708892143293909,11.628717344988054],[92.708989022105754,11.62870119396953],[92.709090022388068,11.628691099142523],[92.709289962217483,11.628670909487457],[92.70944455509138,11.628648701393105],[92.709821761272423,11.628569963829722],[92.709949557401387,11.628537660894752],[92.710036129841924,11.62850132019844],[92.710155681233218,11.628438732748194],[92.710271110255661,11.628382203242817],[92.710347376324961,11.628345862526212],[92.710576173634564,11.628261066915723],[92.71071015376593,11.628232802586393],[92.710807031679408,11.628234821027206],[92.71094513417961,11.628248953632079],[92.711122400531295,11.628303464724187],[92.71140066716525,11.628388259441866],[92.711635648477255,11.628481130529583],[92.711788179717587,11.628563906754735],[92.711850017046785,11.628622455541112],[92.711915976744834,11.628703212406933],[92.711967507702795,11.628792045636223],[92.712072630353958,11.629008070200246],[92.712122099678353,11.629100941081214],[92.712159202794538,11.629123149139499],[92.712200427381234,11.62917564162646],[92.712256080708045,11.629220057729341],[92.712377693732876,11.629290719616558],[92.712684817847062,11.629438101273218],[92.71275283828038,11.629462328616397],[92.712810553240757,11.629462328616397],[92.712876512040481,11.629456271560823],[92.71295690047863,11.629438101273218],[92.713026982545529,11.629413873927927],[92.713123860459035,11.629399742262068],[92.7131877594218,11.629413873927927],[92.713222800006093,11.629446176761208],[92.713241351115045,11.62948453664584],[92.713257840590401,11.629530972010729],[92.713257840590401,11.629587501282844],[92.713251657486268,11.629650088474856],[92.713235167112629,11.629751034620805],[92.713204248897156,11.629900434462536],[92.713167146679311,11.630019550768537],[92.713090880609997,11.630170968892932],[92.713039349652021,11.63031431235226],[92.713014615439008,11.630459674162466],[92.713014615439008,11.630562638438795],[92.713020798543099,11.630631281561826],[92.713024921810245,11.630691849216266],[92.713256718594593,11.630552018396312],[92.713419647834314,11.630443523244994],[92.713514915966826,11.630388042073658],[92.713682223595214,11.630303394023809],[92.713971028365819,11.630187120706086],[92.714044724355105,11.630158981514114],[92.714172194395587,11.630093104593533],[92.714236927893268,11.630047814916527],[92.714323281144914,11.629974702775707],[92.714373453850143,11.629940385094761],[92.71440285750603,11.629923651671294],[92.714447174093948,11.629902452891249],[92.714619539237418,11.629840253780076],[92.71466794675311,11.629827630238632],[92.7147179739313,11.62981928991986],[92.714775941318251,11.629815639325544],[92.714812013168512,11.629815639325544],[92.714865604861714,11.629815639325544],[92.714913590169246,11.629815639325544],[92.714958360406385,11.629818667849431],[92.714983095517724,11.629821696373293],[92.715051115951042,11.629839866635862],[92.715096463804883,11.629849961421201],[92.715167612172039,11.629861175404816],[92.71523044393625,11.629868131681937],[92.715311573484513,11.629877770691971],[92.715328393539892,11.629878894289947],[92.715385237134441,11.629877353632109],[92.715425260673612,11.629874688496479],[92.715564363897059,11.629851979850285],[92.715609710852576,11.630076079941444],[92.715840569795773,11.630033683282841],[92.715869426377637,11.630164912732671],[92.716094266608422,11.630110885934808],[92.716126309514593,11.630104452307997],[92.716145632276351,11.630209328677708],[92.716363587818819,11.630185038928611],[92.716353816843451,11.63004579648883],[92.716489655589143,11.630050939343985],[92.716615207726505,11.63005992900176],[92.716669959144767,11.63006623768772],[92.716732168376495,11.630074439859149],[92.716838024951258,11.630085481378739],[92.716881673192589,11.630088319847246],[92.716903375591571,11.630089731162638],[92.717011351292101,11.630100307229142],[92.717020239223501,11.630101114072113],[92.717023339309549,11.630051308010589],[92.717024296015339,11.630035943675548],[92.717104766200151,11.630035793217335],[92.717229434395279,11.630025906088694],[92.71733507806934,11.630012264542977],[92.717330198420697,11.629927436884749],[92.717460700275311,11.629886301941477],[92.717874347514169,11.628793077731395],[92.717889849741042,11.628762317246034],[92.717894818322847,11.628754289251537],[92.717907001274753,11.628741545997627],[92.717914709718229,11.628733483687348],[92.717935676396948,11.628719218245667],[92.71795420055642,11.628710553219133],[92.717982796626856,11.62869982312143],[92.718011650513787,11.628693907709453],[92.718026810482513,11.628690799984398],[92.718071930164285,11.628686509704799],[92.718217957601937,11.628680744751469],[92.718268216545439,11.628684581894579],[92.718301685078004,11.628689080704993],[92.718321266554568,11.628694127678639],[92.718354517694792,11.628704812022992],[92.718396716055267,11.628722215105951],[92.718435797261691,11.628742506822981],[92.718483073798481,11.628773875305223],[92.718551094231799,11.628822329225221],[92.71859211400259,11.628859530398694],[92.71861800524573,11.628888607670079],[92.718648161689799,11.628930944671502],[92.718676078633891,11.628975637974341],[92.718737636587051,11.62910725066877],[92.718853580344131,11.6294006247763],[92.719085469654942,11.629987373823608],[92.71928515166789,11.630479484463324],[92.719391434044098,11.63065613966841],[92.71948483457912,11.630801248777365],[92.719639426554693,11.630999985865449],[92.719929287744051,11.631334367772318],[92.720090322436832,11.631495249041793],[92.720547659239557,11.631791776715774],[92.720811504319954,11.631950153620654],[92.720894722451263,11.632000103640534],[92.720931821974148,11.632022309707803],[92.72153164146242,11.632411958238093],[92.72175058335506,11.632585142030958],[92.721725397289447,11.632739019739507],[92.721640886482433,11.63328210298355],[92.721597601160454,11.634208774221815],[92.721391477328638,11.634214451954566],[92.720612072038676,11.634245997551734],[92.720586306559696,11.634296468916038],[92.720505789662468,11.634362714382451],[92.720444597323635,11.634428958953295],[92.720405949105171,11.634473121698445],[92.720347976328284,11.634523593901399],[92.720315769928717,11.634574066095192],[92.720293224910051,11.634646620077685],[92.720296445370352,11.634703400830038],[92.720315769928717,11.634757027281024],[92.720331873128529,11.634816963179816],[92.720331873128529,11.634851662997397],[92.720267459431085,11.634898979963697],[92.720180501613243,11.634977842436101],[92.720090322436832,11.635056705766058],[92.720022688279101,11.635126104457282],[92.719974377781412,11.63519865829586],[92.71990030180477,11.635274366399418],[92.719832667647026,11.635327992740384],[92.71973282619139,11.635384773353696],[92.719642647913304,11.635406855091226],[92.719523481899273,11.635406855091226],[92.719359227644546,11.635375309625646],[92.719198193850048,11.635350073602551],[92.719099652256645,11.635327800931806],[92.719048617168738,11.6353051859953],[92.718953421799768,11.635239666634547],[92.718912459521121,11.635207570360009],[92.718881152335143,11.635177179243366],[92.718867300313477,11.635160464611761],[92.71884526643619,11.635129204191752],[92.718836053314632,11.635113412526787],[92.718812460860335,11.635077338405701],[92.718777222646679,11.635034196390341],[92.718747159627384,11.635003325732756],[92.718708921938997,11.634979671658794],[92.718668703465426,11.634966485241955],[92.718641639022536,11.634961435742479],[92.71861766568253,11.634961281767488],[92.718607198512856,11.634963647703035],[92.718595637195136,11.63497244275375],[92.71858220738163,11.63499221841899],[92.718580338885872,11.635003199033349],[92.718581567781172,11.635038360752556],[92.718590357796231,11.635061728868086],[92.71860767372165,11.635098220043234],[92.718644236052015,11.635154494785978],[92.718808491205081,11.635438399673376],[92.71889544992122,11.635580352008402],[92.719023976380498,11.635746414046579],[92.719067406331206,11.635790163051068],[92.719156324273001,11.635851638472213],[92.719291593486801,11.63592103784503],[92.719442965002031,11.635990436320663],[92.719552468736879,11.636069298483763],[92.719661971573373,11.636195478250128],[92.719789270933987,11.636344798965066],[92.719824995136193,11.636379264551373],[92.719841324711425,11.636390982427402],[92.719873090936488,11.636409477806499],[92.720197091699916,11.636602764606744],[92.720224131888273,11.636618896689837],[92.720310228221749,11.636660199569553],[92.720381107094298,11.636680264585996],[92.72041883184464,11.636684424524338],[92.720470362802615,11.636681269376526],[92.720624385246282,11.636659403303796],[92.720721946777715,11.636653523255058],[92.720810502698413,11.636653523255058],[92.720851778489092,11.636654993487197],[92.720896156162439,11.636661272988565],[92.721199914289258,11.63676191392261],[92.721326676457309,11.636817545157667],[92.721504368610397,11.636900288988526],[92.721541463641742,11.636935781291877],[92.721556472693521,11.636963713033722],[92.72156848047392,11.636997525694174],[92.72158149706236,11.637059807671392],[92.721584718420985,11.637135514388699],[92.721593720438435,11.637192826942364],[92.72160848245349,11.637235294658032],[92.721622365916247,11.637257957829418],[92.721650809273072,11.63729049379223],[92.721719986736446,11.637337401213747],[92.721769390483828,11.637360322172665],[92.721799670895408,11.637369413656891],[92.721861696870846,11.637381564377128],[92.721927509245191,11.637398918525776],[92.721961210441407,11.637411707135438],[92.722001042639405,11.637432061568095],[92.722026978798297,11.637453801761698],[92.72209036482306,11.637558214320954],[92.722122572120924,11.637602377449284],[92.722138675320721,11.63763234509381],[92.722183764459771,11.637690702805033],[92.722249788836535,11.637730134088338],[92.722286826375694,11.637741174424315],[92.722364122812621,11.637760100839282],[92.72242219620081,11.637770155744143],[92.722533579211188,11.637777940640488],[92.722644487012801,11.637773217615676],[92.723290470923487,11.637745708282305],[92.723607507048513,11.637730922432402],[92.72384905774021,11.637814713010727],[92.723993787112263,11.637876816195876],[92.724953549856792,11.638283742873359],[92.725323928841675,11.638479319490195],[92.725562259073087,11.6387127495509],[92.725430211217883,11.638846815046747],[92.725362577060153,11.638924098838926],[92.72527050693003,11.639021039209545],[92.725230579510608,11.639056470533061],[92.725212499118896,11.639068898330487],[92.725200330540048,11.639074142200963],[92.725072714972484,11.639129138606211],[92.724940644659384,11.639174132057601],[92.724898877490261,11.639181649442161],[92.724805398801806,11.639189072683257],[92.724650805927908,11.63919538204212],[92.72460393363302,11.63919538204212],[92.724567168283386,11.639191693737544],[92.724547794317658,11.639187229410767],[92.724509723715926,11.639172162087513],[92.724467227114772,11.639148064926715],[92.724416412114095,11.639115714828176],[92.724388590391428,11.639088839995059],[92.7243190760598,11.638999805928741],[92.724274004887064,11.638933587961759],[92.724245861567525,11.638904682429766],[92.724224496935122,11.638890732493868],[92.724177365925414,11.638876781677402],[92.724151600446433,11.638876781677402],[92.724074304009505,11.638892553772186],[92.723987346191677,11.638924098838926],[92.72375223642058,11.638980878718305],[92.723639512225475,11.638971415112616],[92.723253030939091,11.638892553772186],[92.7231370862837,11.638883090163496],[92.723075893046513,11.638883090163496],[92.723017921167994,11.638902017380596],[92.722976052489216,11.638911480988639],[92.722934182912169,11.638936716688677],[92.722901976512588,11.638971415112616],[92.72286010783381,11.639021886499529],[92.722831121894558,11.639091285081468],[92.722802135056952,11.639185918443696],[92.72272161815971,11.639753719700687],[92.722708735420241,11.639823118100065],[92.722666866741477,11.639886206259259],[92.722621777602399,11.639930369017957],[92.722048496144311,11.640460315416817],[92.721925052352901,11.640583906464068],[92.721882071559804,11.640612137864759],[92.721776284155311,11.640645205737901],[92.721722856853802,11.640654495078518],[92.721594379801871,11.640662199828791],[92.721468318319722,11.640652120392948],[92.721397313683042,11.640642162374563],[92.721252987654537,11.640614882962918],[92.721043643362421,11.640595956742233],[92.720863285907868,11.640614882962918],[92.720699030754787,11.640652736280289],[92.720547659239557,11.640712670908906],[92.720386624546776,11.640794685954591],[92.720241693952104,11.64090193737767],[92.720128970655281,11.641018651415937],[92.719990480981195,11.641154291589229],[92.719861653586307,11.641353021282473],[92.719781136689079,11.64155174995388],[92.719723164810517,11.641759941994406],[92.719549247378268,11.642488613788675],[92.719407538142207,11.643103724753242],[92.719330241705265,11.643371849687318],[92.719259386188895,11.643598966382779],[92.71916920701247,11.643766149814985],[92.719059704175962,11.643993267068188],[92.718904797790088,11.644360469394607],[92.718863652255123,11.644479526719996],[92.718829210847105,11.64459963098801],[92.718808287287501,11.644686387150951],[92.71880204938617,11.644721933009881],[92.718784336405406,11.644796060993455],[92.718745842697174,11.644915133969182],[92.71868932608939,11.645037371625023],[92.718652288550231,11.645086265264593],[92.718573381433984,11.645166702374379],[92.718531512755234,11.645198245849608],[92.718354374862656,11.645340193203477],[92.718141810110239,11.645529456522512],[92.718083838231678,11.645602006767446],[92.718054852292411,11.645655631996934],[92.718022644994548,11.645721873878125],[92.717996879515553,11.645797579117263],[92.717971114036573,11.645876438499503],[92.717945348557578,11.645948988653867],[92.717687694666125,11.646986777563477],[92.717568528652095,11.647705972350332],[92.717552425452325,11.647816375249096],[92.717520219052759,11.647898388199367],[92.717475129015384,11.647999327723275],[92.717397832578456,11.648100267210491],[92.71729799202113,11.648232749791969],[92.717116473943264,11.648413305377419],[92.716782553982455,11.64872217903449],[92.716755435640692,11.648747410324855],[92.716729992656894,11.648766592016344],[92.716718655917987,11.648772648651436],[92.716684009694134,11.648786782852349],[92.716636206744596,11.648794855139213],[92.716584675786621,11.648798892602246],[92.716548603936417,11.648796874310651],[92.716486766607176,11.64879081767608],[92.716461001128195,11.648786780212896],[92.716359423229136,11.648776040331819],[92.716286868100269,11.648774747886021],[92.716197163234312,11.648774747886021],[92.716112735072343,11.648781208355263],[92.716052052078254,11.648790251956138],[92.716003242117296,11.648800588002402],[92.715977517960809,11.648808340916666],[92.715938227446941,11.648823685738673],[92.715896387514249,11.648847101085606],[92.715852854257292,11.648875525206082],[92.715825811373961,11.648894259943736],[92.715787431751764,11.648926177796229],[92.715756553062164,11.648962090874738],[92.715718745666834,11.649011815246832],[92.715703009878013,11.649038158593932],[92.715695637404465,11.64905350076384],[92.715685317558481,11.64908612508736],[92.715681359581325,11.649105504713226],[92.715673444525379,11.649157832423754],[92.715673444525379,11.649179150270584],[92.715673444525379,11.649220494395452],[92.715677401604182,11.649263130957658],[92.715685187302768,11.649310081229872],[92.715695367909873,11.64935183444757],[92.715706412696278,11.649392412231045],[92.715711676823844,11.649409287892555],[92.715716693914729,11.649433540770422],[92.715719616134322,11.649465977649555],[92.715720934861153,11.649494402586567],[92.715720934861153,11.649513137282506],[92.715715915973675,11.649548670206858],[92.715681210460986,11.649664822815204],[92.715671548181788,11.649737371980732],[92.715661885902591,11.649816230245161],[92.715658665442334,11.64987931701654],[92.715655444982033,11.649932940541021],[92.715655444982033,11.649983409938077],[92.715658665442334,11.650030725209422],[92.715674768642089,11.650081194588729],[92.715703754581369,11.650137972189585],[92.715810036957564,11.650305151688945],[92.71555075981037,11.650486669317607],[92.715437308878208,11.650561606066621],[92.715388498917235,11.650588738454186],[92.715339688956277,11.650608118855065],[92.71525789914628,11.650633958800979],[92.715149725816389,11.650663675175668],[92.715086404470355,11.650690807553284],[92.715027041101436,11.65072310791553],[92.714976911515308,11.650750240287334],[92.714943931666269,11.650778664213144],[92.714917548146389,11.650814840994306],[92.714881929945363,11.650875565258037],[92.71482652365529,11.650944041483383],[92.714773812311051,11.650999716510658],[92.714751330174408,11.651021562979734],[92.714743415118463,11.651028022516922],[92.714718350325413,11.65104578756312],[92.714709115644283,11.651050632655485],[92.714672806638802,11.651065840983758],[92.714654966097271,11.65107135824764],[92.714612815347508,11.651079703208],[92.714585112202442,11.651083578753546],[92.714554770705419,11.651089393391493],[92.714509969027247,11.651096130945785],[92.714463746214292,11.651099082694849],[92.714404203182326,11.651096349137688],[92.714359716812822,11.651091093176678],[92.714286974834394,11.651075826782582],[92.714013902259381,11.651035774489221],[92.713896494248388,11.651013810127223],[92.713835811254285,11.651003474163284],[92.713784362941354,11.650998306181201],[92.713744769695182,11.650994494860301],[92.713732878695765,11.650994559086158],[92.713684125328697,11.650999884553649],[92.713623421673361,11.651012518571662],[92.71352580175143,11.651028022516922],[92.713333199361244,11.651043526461303],[92.713164343037306,11.651044818896542],[92.713077276523308,11.651038358479932],[92.713023189858376,11.651028022516922],[92.712975698624263,11.651011226136283],[92.712936123344434,11.65098538622547],[92.712899186416578,11.650955669885168],[92.712868844919555,11.650918201566347],[92.71283190709336,11.650869104837508],[92.712800246869506,11.650830344950595],[92.712792331813532,11.650819363201604],[92.712773863349611,11.650801921030075],[92.712763309043311,11.650795460607828],[92.712743521852545,11.650785770414069],[92.712701307322405,11.650781248206235],[92.712656454440278,11.650790292621851],[92.712598410696515,11.650798044600778],[92.712558834518362,11.650804505022949],[92.712520577965336,11.650808380572377],[92.712453299540456,11.650808380572377],[92.712406203565052,11.650798771321316],[92.712370191003615,11.65078383307913],[92.712350402914552,11.650772204670156],[92.712313465088371,11.650746363857312],[92.7122819683579,11.650720657652588],[92.712262063487827,11.650710202903749],[92.712237747889716,11.650702265283059],[92.7122194734619,11.650699529082551],[92.712210568462481,11.650699851971801],[92.712140651685615,11.650704616127967],[92.712082936725224,11.650710672720821],[92.712029344133697,11.650710672720821],[92.711988119546987,11.650700578692581],[92.711965446069229,11.650684428070697],[92.711940710957876,11.6506460719896],[92.711922159848953,11.650603677586634],[92.711903608739988,11.650553208302222],[92.710360754036174,11.650172435186436]]]},"properties":{"objectid":4754,"id":"4660","name":"Ward No 17","code":"17","town":"Port Blair","district":"South Andamans","state":"Andaman and Nicobar Islands","st_area(shape)":4547408.1340407012,"st_perimeter(shape)":15118.376512431911}},{"type":"Feature","id":4755,"geometry":{"type":"Polygon","coordinates":[[[92.729837193288176,11.626275918204069],[92.729793476774859,11.626499567153484],[92.729774715460181,11.62661212538365],[92.729788786670781,11.62671549494922],[92.729823964697317,11.626807379366369],[92.72987556033398,11.626922234845166],[92.730011583234258,11.627126677216232],[92.730276594327933,11.627383952776002],[92.73069638963662,11.627781350740266],[92.730891043778911,11.627960524111852],[92.731038793286956,11.628089161536202],[92.731198268504372,11.628192531433337],[92.731320221092432,11.628243067246506],[92.731463279598017,11.628259147021446],[92.731650898135015,11.628275226795482],[92.731983920678857,11.628318871388988],[92.732204371741119,11.628367110697928],[92.732279418796594,11.628403864074443],[92.732323977929624,11.628442914806632],[92.732356811353256,11.628504935614894],[92.732391990278103,11.628608305357657],[92.732410751592809,11.628693297954793],[92.732415442595226,11.628792072032512],[92.73239902588341,11.628886253121237],[92.732345085643857,11.629021781305342],[92.732300526510826,11.629145824409829],[92.732265347585994,11.629256084216417],[92.732251276375351,11.62936175015337],[92.732258311980701,11.62945363369724],[92.732279418796594,11.629540922507903],[92.732309906719024,11.62960294395141],[92.732370882563856,11.629669559202048],[92.732450620621762,11.62975225412548],[92.73257491781267,11.629846434889419],[92.732706250608899,11.629922238595325],[92.73287041682876,11.629988853769555],[92.733022856440911,11.630046281298631],[92.733142462629417,11.630089925614447],[92.733247998505618,11.630128976110157],[92.733330081166358,11.630179511571786],[92.733384021405911,11.630266800154848],[92.733452032856107,11.6304184073171],[92.733557568732294,11.630673383372805],[92.733632615787783,11.630921467174799],[92.733742841768063,11.631328048556648],[92.733801472111722,11.631550863732356],[92.734150911367351,11.632844109803321],[92.73433852900601,11.633528632384543],[92.734617611310298,11.634447450943371],[92.734716111581207,11.634872403874713],[92.734748944106514,11.634975770372929],[92.734793503239544,11.63505846371981],[92.734852134481486,11.635138860616724],[92.734929527038176,11.635216959305968],[92.734997538488344,11.635288167821034],[92.735056168832003,11.635345593376766],[92.735098383362143,11.635419099161837],[92.735145287996389,11.635561515190439],[92.735173430417589,11.635706228446679],[92.735232061659573,11.635956605060864],[92.73528131089671,11.636147257895004],[92.735316489821543,11.636303456445194],[92.735304763213833,11.636512485633844],[92.735269585187311,11.636804207493546],[92.735236751763651,11.636912167855318],[92.735175775918805,11.637066068686741],[92.735152323601696,11.637157949687007],[92.735152323601696,11.637275097302457],[92.735161704708204,11.637360087252889],[92.735166394812296,11.637422106953808],[92.733599782364138,11.63819160708934],[92.732732048427238,11.638637227150515],[92.732051932128996,11.638954214154952],[92.731979816276308,11.638966129887514],[92.731899198767749,11.638926650388004],[92.731862554690693,11.638890759769046],[92.731836904196072,11.638865635805111],[92.731796594992645,11.638804621208834],[92.731770944497995,11.638754374143009],[92.731750898592438,11.638743991971323],[92.731570784581365,11.638785154640164],[92.731243578628991,11.638820436420108],[92.731052958820641,11.638821906640834],[92.730521623296411,11.638866008859239],[92.729624058105543,11.639036538544463],[92.72937790264973,11.639092402483316],[92.729221804199426,11.639162965960812],[92.729137751533244,11.639211478781146],[92.729163267280569,11.639246760507007],[92.729047694527694,11.639309974614513],[92.729001165389221,11.639249700943932],[92.728651904000031,11.639470235382705],[92.7256053368842,11.635389704944831],[92.72420957322332,11.633523612774292],[92.723130644464774,11.63207252983362],[92.722296490451512,11.630962133874434],[92.721484288568845,11.629880954952712],[92.722617641758831,11.62899274628194],[92.722553101398944,11.628757524558017],[92.722469047834466,11.628385579334017],[92.722421017611154,11.628151826494365],[92.722407509644228,11.62802686435335],[92.722413513085272,11.627894551644101],[92.7224315243067,11.627784291298306],[92.722452537697833,11.627675500308586],[92.722479554530011,11.627587292317989],[92.722509573531852,11.627522605267316],[92.722542594703398,11.627463800204373],[92.722577116061444,11.627427045823886],[92.722614639589182,11.627378531829176],[92.722676178677702,11.627315315011508],[92.72272871125719,11.627262390152042],[92.722769236954619,11.627221225778905],[92.722802258126151,11.627152128676018],[92.72281726717793,11.627085972121439],[92.722821770432446,11.627012465015637],[92.72281726717793,11.626949248994721],[92.722796254685122,11.626856629042484],[92.72275422790284,11.626765480223728],[92.722683683203584,11.626586122187549],[92.722719705646497,11.626572890499023],[92.722776742378826,11.626553778547787],[92.722854790705654,11.626521435784156],[92.722907324183481,11.626500853543583],[92.723011076903845,11.626442138892905],[92.723097850567044,11.626377820247663],[92.723175243123706,11.626311204209454],[92.723245600075074,11.626235399520427],[92.723308921421108,11.626171079947555],[92.723355826055354,11.626118246378635],[92.72339569418601,11.626083790080452],[92.723428527609627,11.626058521539125],[92.723461361033259,11.626042441637077],[92.723548134696458,11.626012579210796],[92.723799073681178,11.625950556967521],[92.723878811739084,11.625939071821669],[92.7239233708721,11.625932180557937],[92.72394916869041,11.625950556967521],[92.723965491079127,11.625989241131597],[92.724022526913146,11.626384711500391],[92.724228156671572,11.627384412073887],[92.724259676758265,11.62756818043637],[92.724250671147544,11.62761816467795],[92.724225154501909,11.627679911147325],[92.724181627533113,11.627743127002356],[92.724141101835713,11.627800462607256],[92.724171120837553,11.627806343722929],[92.724216148891159,11.627823985309398],[92.724267181284148,11.627848977408323],[92.724313710422592,11.627869559549257],[92.724366243900434,11.627881320897645],[92.724421778649585,11.62788426057476],[92.724468307788058,11.627879850619133],[92.724523843435534,11.627876910062097],[92.724589884880288,11.627860738757589],[92.724634912933894,11.627859268478987],[92.724658928494733,11.627866618992121],[92.724688947496574,11.627882791176155],[92.724711461074236,11.627901903036173],[92.724724969939444,11.627928365406385],[92.724741480076062,11.627965118840811],[92.724766996721726,11.628116543361834],[92.724788009214535,11.628223863902553],[92.724806021334302,11.628260617297959],[92.72483303816648,11.628310602295086],[92.724854051557571,11.628338534902564],[92.724890074000484,11.628364997231277],[92.724918591917501,11.628381168506474],[92.724978629921182,11.628401750608058],[92.725032663585523,11.628412041658263],[92.725353866096825,11.628416451605469],[92.725377881657636,11.628412041658263],[92.725404898489799,11.62840322088382],[92.725433416406815,11.628388519005815],[92.725454429797949,11.62837234773105],[92.7254694388497,11.628345885403037],[92.725485949884643,11.628307661742619],[92.725536981379292,11.628141535434489],[92.725610528248211,11.62786808927067],[92.725669065167082,11.627737246765241],[92.72579064136103,11.627402053687085],[92.72581765909149,11.627319725855934],[92.725928728589849,11.627172710868452],[92.726126853822393,11.626966890635488],[92.726467568640004,11.626619935228801],[92.726748245453877,11.626393532338776],[92.726829295950395,11.626345017284141],[92.726872823817487,11.626324435030527],[92.726902842819328,11.626322964743785],[92.726938865262227,11.626322964743785],[92.726980892044466,11.626346487570757],[92.727006407791833,11.626386181786765],[92.727078453575899,11.62649938325778],[92.72729759130128,11.626702264146747],[92.727444684140849,11.626812524921],[92.727537742417752,11.626872801285181],[92.727603784760802,11.626913964829935],[92.727677330731439,11.626943367860957],[92.727750877600371,11.626959540098641],[92.727825924655846,11.626977181738759],[92.727884461574718,11.626978652022041],[92.727923486187279,11.626974241172169],[92.727992529801696,11.626940428173931],[92.728108102554572,11.6268610398942],[92.728291217837054,11.62674489800122],[92.728388779368487,11.626684621609318],[92.728499848866832,11.626553778547787],[92.72856439012503,11.626455279079709],[92.728583902431311,11.62639500262515],[92.728601913652781,11.6263714798023],[92.728615422518004,11.626362658963176],[92.728633433739475,11.626362658963176],[92.729295351068359,11.626308263635869],[92.729837193288176,11.626275918204069]]]},"properties":{"objectid":4755,"id":"4663","name":"Ward No 20","code":"20","town":"Port Blair","district":"South Andamans","state":"Andaman and Nicobar Islands","st_area(shape)":1423832.5094733511,"st_perimeter(shape)":5410.0853978205105}},{"type":"Feature","id":4759,"geometry":{"type":"Polygon","coordinates":[[[92.702428648043679,11.609078438444332],[92.702813869892054,11.609104972117262],[92.703229717105032,11.60910755913703],[92.703645564318066,11.60911014527683],[92.704083056437838,11.60934871415154],[92.704509511856031,11.609905486404132],[92.704730630366612,11.610123691132159],[92.705071500592723,11.610185826009895],[92.705245718960597,11.609892727329278],[92.705354927149713,11.609037071638939],[92.705526879068117,11.608426957403854],[92.706123088227272,11.607911193681378],[92.706832757301726,11.607755398943723],[92.707549571575925,11.607823659630599],[92.708142898041288,11.608299453066726],[92.708708231205804,11.609200699752392],[92.708896678887783,11.609501115840333],[92.709117866568633,11.609573913936288],[92.709767131126725,11.609344186870835],[92.710164063413146,11.609132035510683],[92.71010763124697,11.609309768975814],[92.710077143324554,11.609424631666432],[92.710041965298018,11.609475170883329],[92.709922358211216,11.609599222689571],[92.709488491691914,11.610104616769913],[92.709268039731313,11.610361908045887],[92.709164849356299,11.610502039377446],[92.709110909116745,11.610577848346457],[92.709078076591439,11.610621495711994],[92.709068695484916,11.610717980449428],[92.709080421194329,11.611002837692935],[92.709024136351886,11.611926325547874],[92.708998338533547,11.612179020153755],[92.70897723171764,11.612252532052768],[92.708930327083394,11.612316853958589],[92.708859970132025,11.61236279854506],[92.708752089652933,11.612413337229432],[92.708665315989748,11.612468470889203],[92.708604340144888,11.612535090236891],[92.708559781011843,11.612613196144252],[92.708503495271074,11.612762515423894],[92.708458936138044,11.612852106953333],[92.708412031503784,11.612962374088404],[92.708360436765474,11.613047370578693],[92.708294769918169,11.613132367922999],[92.708215032758616,11.61322425681959],[92.708121223490124,11.613336820412643],[92.70802272321923,11.613447087356054],[92.707889045820124,11.613617080895084],[92.707748331917372,11.613842207718532],[92.707628725728867,11.614028282492924],[92.707560713380389,11.614147737316708],[92.707506773140835,11.614278677716342],[92.707445797295989,11.61445556317598],[92.70736136913402,11.614671501185992],[92.707244107548405,11.614905816166802],[92.707187822705961,11.615022973143388],[92.70711277475219,11.615119455477696],[92.707026001987288,11.615186074191922],[92.706967370745332,11.615234315774984],[92.706840728951533,11.615402011636023],[92.706568682252581,11.615866046124026],[92.706291945449507,11.616408183803667],[92.706355266795569,11.616421966802124],[92.706547575436673,11.616456424295304],[92.706711740758195,11.616495476702335],[92.706843073554424,11.616534529103934],[92.707051798907315,11.616612633890695],[92.707199548415346,11.616674658212833],[92.707340262318084,11.616745870589449],[92.707513808746143,11.616835460838628],[92.707631070331757,11.616922754483403],[92.707731915205557,11.616984778736523],[92.70789139132134,11.617085854420255],[92.707994580798029,11.617166255626147],[92.708097771173001,11.617260440645719],[92.708156401516661,11.61734084180123],[92.708222068363924,11.617439620784483],[92.708283044208798,11.617549886104841],[92.708322913237723,11.617655556482676],[92.708393269290781,11.617781901217453],[92.708473007348644,11.617887571507273],[92.708587923433072,11.617993241757057],[92.708681732701564,11.618085129051234],[92.708791958681843,11.61815863851276],[92.708874039546004,11.618206878701404],[92.708822446604316,11.618349304413204],[92.708709875122764,11.618776578472106],[92.708658280384441,11.618978730263008],[92.708428448215628,11.619674772332298],[92.708156401516661,11.620494858740473],[92.70798754519268,11.621094416789989],[92.707924223846661,11.621367778094664],[92.707900771529523,11.621551549547156],[92.707900771529523,11.621710052822456],[92.707900771529523,11.621815721622569],[92.707910152636018,11.621978819575292],[92.70796174737437,11.623104418979542],[92.707975819483309,11.623423721074786],[92.707982855088602,11.623579925884231],[92.707982855088602,11.623655731296047],[92.707971128480892,11.623724645368876],[92.707945331560879,11.623791262025792],[92.707903117030725,11.623848689953086],[92.707842141185864,11.623901523952512],[92.707694391677833,11.624020975423763],[92.707600582409341,11.624096780715544],[92.707553677775081,11.624158802491763],[92.707516154247372,11.624234607746025],[92.707473940615529,11.624340275588461],[92.707441107191883,11.624512560755065],[92.70740592826705,11.624700924915656],[92.70738716695233,11.62485712900879],[92.707398892661757,11.624965094004274],[92.707424690480082,11.62506616679285],[92.707464559509006,11.625233856736468],[92.707509118642065,11.625362495420418],[92.707546642169788,11.625479648880138],[92.707565404382791,11.625566938936611],[92.707577130092218,11.625679497543688],[92.707577130092218,11.625794353487686],[92.707563058881618,11.625874752180328],[92.707532570959188,11.625973528137752],[92.707471595114313,11.626072304060166],[92.707412963872358,11.626205537114844],[92.707272250867945,11.626476596026645],[92.707208929521869,11.62660293676087],[92.70716906049293,11.626756843292661],[92.70715029917821,11.626892372513232],[92.707159679386436,11.627016415686509],[92.70716906049293,11.627101408769571],[92.707197202914159,11.627232343961351],[92.707251143153698,11.627443677331236],[92.70739185705645,11.627875532170927],[92.707516154247372,11.628367397538122],[92.707552798324429,11.62859351726255],[92.707596771755917,11.628866297527413],[92.707680939406458,11.629656510673831],[92.70764303499304,11.629656144646324],[92.707362706725462,11.629692485191892],[92.707014358024594,11.629738920522099],[92.706927786482339,11.629759110099737],[92.706886560997333,11.629789393583559],[92.706859765150725,11.629823715682463],[92.706839153306532,11.629858036897247],[92.706812356561599,11.629916585411483],[92.706653641318894,11.630346615081079],[92.706472252598417,11.630802889735241],[92.706365068313644,11.631095632069437],[92.706358885209539,11.631156198742969],[92.706369191580819,11.631236955753669],[92.706418660905172,11.631469130159184],[92.706437212014094,11.631646793944254],[92.706437212014094,11.631709379793371],[92.706428967276437,11.631767927918181],[92.706410416167515,11.631836570743982],[92.706229027447037,11.632262559744396],[92.7061342102688,11.632476563205099],[92.706103292053328,11.632537129578171],[92.706099169684492,11.632577507446177],[92.706092985682062,11.632617886188198],[92.706092985682062,11.632658264044499],[92.706095046417346,11.632694604198134],[92.706109475157419,11.632759209099545],[92.706332089362931,11.633399198559198],[92.706350640471854,11.633463803297028],[92.706348578838288,11.633514275683041],[92.706321782991708,11.633558691093604],[92.706272312768974,11.633578880394152],[92.706183679593153,11.633599068813396],[92.706090924048496,11.63360512577882],[92.705969311023665,11.633599068813396],[92.705942515177057,11.633677805834086],[92.705914070023553,11.633744267893576],[92.705834918565571,11.633910947809573],[92.705754448380745,11.634072458449156],[92.705668700593606,11.634219756626814],[92.70565023212967,11.634243013948842],[92.705640997448555,11.634298574418924],[92.705638359096582,11.634351549852301],[92.70562384860979,11.634507891947591],[92.705596145464739,11.63465648240618],[92.705530185766705,11.634908438428782],[92.705514355654742,11.634984671885919],[92.70550248262164,11.635075117647451],[92.705489290861692,11.635190113131479],[92.705468184045756,11.635267638140169],[92.705423331163658,11.635364544590644],[92.705344179705634,11.635473079176768],[92.705255794464847,11.635562233152212],[92.705166088700565,11.635628129014904],[92.705067150051804,11.635686272461966],[92.704997232376627,11.635739248511021],[92.704958975823601,11.63582194163099],[92.704941826984836,11.635905926352153],[92.704928634326578,11.636009292466426],[92.704911485487813,11.63610103039958],[92.704893017023892,11.63617467940116],[92.704863994253657,11.636226361973231],[92.704799354180778,11.636280629543446],[92.704646327968774,11.636394332025906],[92.704369297416619,11.636679881850565],[92.704313892024828,11.636738025077838],[92.704253209030739,11.636781955175755],[92.704179334276731,11.636827177768083],[92.704097709756724,11.636881768126381],[92.704194587670244,11.637031164140161],[92.704213138779181,11.637085674392081],[92.704202832407944,11.637132107608847],[92.70412038323451,11.63720276836707],[92.704037933162809,11.637235070296336],[92.703978157467148,11.637263334591317],[92.703901892296187,11.637263334591317],[92.703827687860425,11.637255258450296],[92.703753483424691,11.637247183188874],[92.703664850248884,11.637224975778862],[92.70359889055085,11.637210843629788],[92.703575186705422,11.637208825254049],[92.703514379743865,11.637198730735633],[92.703485522263676,11.637172484810094],[92.703479338261261,11.637168447178214],[92.703464910419484,11.637132107608847],[92.703464910419484,11.637107881813211],[92.70346903278832,11.637079617502417],[92.70346903278832,11.63705135318876],[92.703477277525977,11.637023088872228],[92.703471093523561,11.636998863067063],[92.703450481679354,11.636968579487887],[92.703429868936865,11.636958484960783],[92.703409257092659,11.63696454185308],[92.703394828352586,11.63698674928388],[92.703394828352586,11.637004919078652],[92.703398950721422,11.637045296298359],[92.703398950721422,11.637083655135557],[92.703396889087855,11.637117975455054],[92.703394828352586,11.63715633428224],[92.70338246034774,11.637180560953521],[92.703359786869967,11.63720074911145],[92.703335051758629,11.637208825254049],[92.703293827171933,11.637212862885358],[92.703260847322895,11.637214881261059],[92.703207255629678,11.63720276836707],[92.703166031042983,11.637188636216875],[92.703142277790235,11.637176969405731],[92.702577467445224,11.636838796202062],[92.702461724012437,11.636769792111405],[92.702356045304128,11.636695859075299],[92.702280560769097,11.636681072289766],[92.702260431320241,11.636715574788152],[92.702260431320241,11.636769792111405],[92.702270496044648,11.636848654053583],[92.702295657855771,11.63692258704908],[92.702310754942431,11.637026093561726],[92.70232081966688,11.63710495543126],[92.70232081966688,11.637173960318608],[92.702310754942431,11.637228177552563],[92.702290625493532,11.637292252611731],[92.702250367494088,11.637356328536011],[92.702195011509644,11.637430261396588],[92.702134624061301,11.637484478580557],[92.702054107164088,11.637523909893087],[92.702028945352964,11.637563340320161],[92.702003783541855,11.63763234509381],[92.701953460817961,11.637666846594392],[92.701883008645154,11.637696420059928],[92.701837717385175,11.637745708282305],[92.701777329936817,11.637814713010727],[92.70168171595293,11.637868930119764],[92.701565972520171,11.637903432470877],[92.70147539089848,11.637903432470877],[92.701409971087926,11.637903432470877],[92.701369712190143,11.637903432470877],[92.701329453292388,11.637903432470877],[92.701289195292887,11.637898503563823],[92.701274098206255,11.63787878793481],[92.701253968757356,11.637844285580682],[92.701228807844586,11.637819641919268],[92.701198613671238,11.637814713010727],[92.701148290049005,11.637804855193428],[92.701123129136235,11.637745708282305],[92.701128161498445,11.63769149114921],[92.701128161498445,11.637652059860473],[92.701097967325111,11.637627416181987],[92.701047643702907,11.637602771621506],[92.701027515152347,11.637563340320161],[92.701037579876797,11.637538696633824],[92.701037579876797,11.637514052065482],[92.701002353341224,11.637514052065482],[92.700901706995111,11.637538696633824],[92.700826222460108,11.63752883880678],[92.700816157735659,11.637464762922233],[92.700856416633414,11.637400687902771],[92.700952030617316,11.63737604332219],[92.701032547514558,11.637356328536011],[92.701047643702907,11.63734154178554],[92.701067773151806,11.637267608901389],[92.701108032049561,11.637213390795287],[92.701148290049005,11.637144386797578],[92.701193581308999,11.637114813273355],[92.701233839308458,11.637050738173285],[92.701163387135693,11.637035951406618],[92.701072805514002,11.637035951406618],[92.700987256254564,11.637035951406618],[92.700911771719561,11.637055667095362],[92.700866480459567,11.637095097588796],[92.700816157735659,11.63714931571795],[92.700730608476206,11.637183817278443],[92.700670221027863,11.637188746198129],[92.700604800318985,11.637144386797578],[92.700564542319526,11.637124671115119],[92.700534348146178,11.637144386797578],[92.700539380508417,11.637233106471461],[92.700534348146178,11.637390830070791],[92.700539380508417,11.637612629445968],[92.700499121610648,11.637790068466837],[92.70043873416229,11.637868930119764],[92.700333055453953,11.637918218311569],[92.70016074959932,11.63802646419148],[92.700121585747866,11.638048671537474],[92.700088605898856,11.638070878881736],[92.700074177158754,11.638101162340929],[92.700061810052233,11.638143557770503],[92.700016020227253,11.63828788255125],[92.700000923140593,11.638396317454186],[92.700036148777826,11.638554041273876],[92.700056278226711,11.638687119659846],[92.70006634295116,11.638805412189399],[92.699880729453895,11.639557843073769],[92.699878787296228,11.639531302623535],[92.699866862160832,11.63950895550089],[92.699853251785981,11.63948889244816],[92.699828232807008,11.63947098852813],[92.699801787303358,11.639462098596621],[92.699772360291277,11.639454985947314],[92.699725043330304,11.639447491446056],[92.699692634809807,11.63944215607896],[92.699640649304314,11.63944608897655],[92.699599035747113,11.639450402846018],[92.699558978071934,11.639454590897881],[92.699519049754187,11.63945293679336],[92.699487288919002,11.639444173558635],[92.69946706694364,11.639431094694263],[92.69945047416202,11.63941649194126],[92.699431159485101,11.63939934908079],[92.699416251942964,11.639386143516884],[92.699395899711888,11.639378904168259],[92.699378008864699,11.639382204459553],[92.699360766601146,11.639389440288742],[92.699337301707587,11.639400866809959],[92.699304892288779,11.639406577870787],[92.699285187743016,11.639399592797293],[92.699274169007751,11.639391593264612],[92.699267818816992,11.639368484186637],[92.699264839105197,11.63934080432144],[92.6992615997803,11.639317440964515],[92.699245914297109,11.6393024572334],[92.699226728977607,11.639294202543367],[92.699204301638204,11.639292042527998],[92.699181355970893,11.639294834270901],[92.699158149792154,11.639301943404933],[92.699141814827044,11.63931616343211],[92.699128849442559,11.639336858224727],[92.699125607422701,11.639353999329352],[92.699129496229531,11.63936288750466],[92.699156588520196,11.639390442429958],[92.699163457038864,11.639415964035491],[92.69917577114478,11.639442882829179],[92.699178750856589,11.639463198400128],[92.699167081741024,11.639488083872676],[92.699156709792774,11.639502431467525],[92.699139595988299,11.639522237605252],[92.699114444956976,11.639546995495383],[92.699085699766172,11.639569874039811],[92.699076655527904,11.639581412293609],[92.699071510876294,11.639594007237644],[92.699068025412984,11.639607253264414],[92.699068024514659,11.639621392330469],[92.699070180471352,11.639634963017752],[92.699068436841387,11.639649834111125],[92.699060139103111,11.639663079255406],[92.699049021553122,11.639669092096716],[92.699030851329894,11.639667628039383],[92.699021310323261,11.639663888710212],[92.69901011102661,11.639652430525453],[92.699001233874966,11.639642353692588],[92.698992025244976,11.639635445171306],[92.698985285185429,11.639633440010797],[92.698976708969411,11.639630888468233],[92.69894746611196,11.639631800864667],[92.698926205684117,11.639635989793637],[92.698905333328497,11.639644749502958],[92.698891720258686,11.639657826597645],[92.698886404028812,11.639668999713269],[92.69887888423159,11.639691091668865],[92.698871751608237,11.63971775528173],[92.698864102453584,11.639734642088577],[92.698852045265838,11.639743910343402],[92.698841544858496,11.63974568674422],[92.698823265939097,11.639744416252505],[92.698801227570243,11.639739462742513],[92.698777634217592,11.639734635929676],[92.698715150101393,11.63971825239244],[92.698689742151885,11.639706823244758],[92.698657333631374,11.639697806623513],[92.698636851144585,11.639696408554482],[92.698616238402096,11.639697168738017],[92.698596144885812,11.639700341448471],[92.698571382824994,11.639707577269389],[92.698549084842995,11.639714305421265],[92.698522898054179,11.63971950880679],[92.698509416138364,11.639715699090988],[92.698496452550529,11.63970693762422],[92.698484787028221,11.639691318668108],[92.698478177224388,11.639668844861044],[92.698482326542674,11.63964764066449],[92.698499051376629,11.639623262875183],[92.698525888545745,11.63959253790083],[92.6985363422407,11.639566256127615],[92.698534319234682,11.639536695178682],[92.698519129621545,11.639501974829184],[92.698504750288791,11.639465271309733],[92.698499284938606,11.639418252506999],[92.698507594354993,11.639360520726662],[92.698525020773189,11.639266086268435],[92.698524618327923,11.639221051479275],[92.698512466817093,11.639193275696437],[92.698482896074566,11.639162125710019],[92.698445423750812,11.639141688698649],[92.698400255559989,11.639117084745138],[92.698346579425149,11.639084544596688],[92.698308905878747,11.639061726721597],[92.698269611771607,11.639031370339918],[92.698231330065767,11.638995656583159],[92.698188187575923,11.638966092934048],[92.698133701160685,11.63894129012016],[92.698106761583631,11.638929582909673],[92.698087317549309,11.638908155176257],[92.698076179338102,11.638880776172094],[92.69806726984713,11.638839311730633],[92.698057955215916,11.63878733225638],[92.698039322360302,11.638758167154956],[92.698015219662906,11.638733762892315],[92.697984229582232,11.6387089618174],[92.697922856682041,11.638683761290517],[92.69788659888053,11.638677608532536],[92.697849530798663,11.638673439825531],[92.697818944061552,11.638682167010881],[92.697782482342475,11.638696647503949],[92.697754326446542,11.63871093003106],[92.697731436474783,11.63871806997459],[92.697708142261135,11.638720449075876],[92.697688291289978,11.638717273714724],[92.697661149592022,11.638703185633709],[92.697651023782129,11.638676203419596],[92.697651230394627,11.638626803621731],[92.697651435210531,11.638588910435587],[92.697634828055868,11.638549032312413],[92.69761599307931,11.638517486323275],[92.697586421438459,11.638486337141055],[92.697549558172469,11.638455781851405],[92.697489014417272,11.638419425733105],[92.697417390841352,11.63837421483761],[92.697369743300342,11.638341915680185],[92.697349710869545,11.638331493900059],[92.697346797633045,11.638329978804581],[92.69732644540197,11.638322739428451],[92.697297666075229,11.638319563182938],[92.697285350172692,11.638322101539838],[92.697266552925356,11.638329464974305],[92.697249051048672,11.638333653922894],[92.69723142071291,11.638332636820515],[92.697209123629264,11.638328318534466],[92.69718565963403,11.63831765127666],[92.69716193692399,11.638307618387726],[92.69714612208341,11.638294793745548],[92.69713588218751,11.638277524997859],[92.69713225389205,11.638253272906555],[92.697132774016609,11.638226227299837],[92.697136405905312,11.638198929174472],[92.6971366583319,11.638197009348765],[92.697139259852946,11.638177217194233],[92.697138613065945,11.638154869962788],[92.697127984199525,11.638136712560971],[92.69710802093897,11.638122997505729],[92.697084038615813,11.638117282019286],[92.697064981755389,11.638117916389033],[92.697047350521302,11.638124263605606],[92.697046470172339,11.63812516896818],[92.697036978573038,11.638134928231272],[92.697028162506825,11.638149148318117],[92.697021420650643,11.638165654246469],[92.697013508289601,11.638225742504325],[92.697009275427988,11.638241994152445],[92.697006951486358,11.638259465267033],[92.697004211624716,11.63828148694685],[92.697009613194524,11.638310528919765],[92.697012981876838,11.638331733218262],[92.697019591680714,11.638361572326689],[92.697030219648852,11.63838341187026],[92.697039033918401,11.638402331202728],[92.697039033020104,11.638420741982875],[92.697028400560399,11.638443088313091],[92.697020232179511,11.638464926970419],[92.697018934113913,11.638493876540396],[92.697025025589852,11.638510256630344],[92.697034228829949,11.638526382443928],[92.697042394515861,11.638548730525343],[92.697041745033943,11.638566887020422],[92.697034872023679,11.638589234218763],[92.697022167150635,11.638605612543415],[92.69700557257238,11.638616784821473],[92.696985478157799,11.638619957544254],[92.696965255284113,11.638621607254494],[92.696920140992219,11.63862528588834],[92.696886434406125,11.638634171447375],[92.696858172508968,11.638644454200595],[92.696832762762853,11.638658800959137],[92.696805927390386,11.638674797426825],[92.69677883240476,11.638684063957292],[92.696751737419177,11.638685967062592],[92.696662158317352,11.638693579483627],[92.696607839887065,11.638692178770029],[92.69658593177391,11.63868874913326],[92.696558708329249,11.638678081889285],[92.696537059829225,11.638670334851478],[92.696519040522915,11.638668429106534],[92.696492983091474,11.638667792098529],[92.696478852592065,11.638671092398294],[92.696456683967497,11.638679344467258],[92.69640080785851,11.638707528549592],[92.696382917909617,11.638714511000922],[92.696358026491396,11.638723905107584],[92.69634221165083,11.63872212606071],[92.696317175603852,11.63871162510878],[92.696286793682631,11.638693966615527],[92.696246687498444,11.638682853290208],[92.696227039546557,11.638682058789925],[92.69619645280946,11.638690785975008],[92.696172752557302,11.638699909970011],[92.696134063914641,11.638705462673084],[92.696105908018723,11.638702485276943],[92.696075322179908,11.638699704966086],[92.696037038677446,11.638698512775786],[92.696008882781484,11.638707041115364],[92.69597687670624,11.638727870569589],[92.69592663932228,11.638776076399896],[92.695857765489464,11.638823884532005],[92.695819480190366,11.6388514588673],[92.695774511425569,11.638869509761234],[92.695745342229969,11.638871887981391],[92.695713540970601,11.638877838370819],[92.695683155456109,11.638894699713166],[92.695670596110133,11.638913942793673],[92.69566147910831,11.63893913802062],[92.695656210489162,11.638963539625678],[92.695652765450035,11.638986354869319],[92.69563331692413,11.639022101181499],[92.69561970654928,11.63904193990766],[92.695577609698447,11.639077585910451],[92.695523170893907,11.63910300108358],[92.69547949300815,11.639111057814429],[92.695448475978012,11.639115085739791],[92.695365555189071,11.639102370235483],[92.695308902935693,11.639083767694466],[92.695248770608885,11.639060203711498],[92.695174079286289,11.639036330021421],[92.695112362331301,11.639030126240256],[92.695054443453373,11.639032602121725],[92.69500949984139,11.639043758545467],[92.694950946752854,11.639065763446141],[92.694874985212422,11.639089938040343],[92.694828143460271,11.639096754191575],[92.694789214967415,11.639088692181261],[92.694751235993834,11.639073809619926],[92.694723069318115,11.639057378532151],[92.69469585216163,11.639034127771492],[92.694682561587001,11.639003747631008],[92.694664770452789,11.638908831776696],[92.694648805593559,11.638883813395765],[92.6946387866832,11.638868112567886],[92.694600778065222,11.638832680340519],[92.694567071479128,11.63881008944472],[92.69452898021612,11.638791750837619],[92.694496358794908,11.638770232469538],[92.694465934652868,11.638745519382391],[92.694436636998205,11.638713332888253],[92.694403022938587,11.638671510324809],[92.694362905076304,11.638621111021656],[92.694344525545588,11.638586837519442],[92.694325076121373,11.638548285323436],[92.694292541836717,11.638508605159755],[92.694264309583971,11.638481765461817],[92.694232778717492,11.638460252348814],[92.694188205211418,11.638429062687267],[92.694138187914731,11.638395712120026],[92.694095820670981,11.638359191462625],[92.694061064852619,11.63832804754178],[92.694020925430777,11.638281921591046],[92.69399928950719,11.638244428688154],[92.693990758206922,11.638203790327987],[92.693986599905458,11.638161035050203],[92.693982391298348,11.638128963748388],[92.693962921212901,11.638094685786312],[92.693939067348836,11.63806466012166],[92.693909775084052,11.638031405414111],[92.69387613497328,11.637994924301996],[92.693830485285503,11.637960525784301],[92.693791334908767,11.637935772152208],[92.693752189023655,11.637909950382769],[92.693709053720326,11.637863209349069],[92.693658919642644,11.637797338651499],[92.693596877497541,11.637769274136279],[92.693559862416251,11.637754146026683],[92.693519574772395,11.637739002958861],[92.693483614313251,11.637731357957293],[92.6934563450545,11.637731233018846],[92.693419288650716,11.637724651753638],[92.693390983634416,11.637712768522313],[92.69336714594003,11.637679538408415],[92.693354271285401,11.637634606304708],[92.693352187193938,11.637614297638999],[92.693359936061569,11.637590828555233],[92.69337097725473,11.637563101001296],[92.69338094406281,11.637532162875951],[92.69338762213863,11.637504415959485],[92.693391094127222,11.637462763905017],[92.693392354463555,11.637427512747607],[92.693378322778827,11.637396464625985],[92.693364276721042,11.63736862179241],[92.69333835852845,11.637314013932615],[92.693314510054279,11.637282920046195],[92.693279748846066,11.637252845022324],[92.693261256127613,11.6372420756607],[92.693241689024092,11.637228096606353],[92.693234171023491,11.637203488084356],[92.693228830539113,11.637179959136114],[92.693223533173892,11.637104746026885],[92.693210242599264,11.637032901844851],[92.69319739399576,11.63686924344767],[92.693180919791743,11.63675064214684],[92.693162676804974,11.636645387266379],[92.693156204443341,11.636573574640419],[92.693144610786305,11.636503407319431],[92.693122790708045,11.636433192468715],[92.693097442047346,11.636388002366912],[92.693062179579186,11.636277660919873],[92.693025292957003,11.636150618054693],[92.693005113202432,11.636093766329534],[92.693003657033373,11.636042008945271],[92.692998872606168,11.63597354224771],[92.692999113354645,11.635923461842784],[92.692999426866706,11.635858357038952],[92.692999699056216,11.635801599398519],[92.693008597767431,11.635723179726412],[92.693036268573138,11.635639838124028],[92.693056986418526,11.635584843668573],[92.693089601551549,11.635536581854435],[92.693110287057607,11.635488265480857],[92.693112183401169,11.635448209182439],[92.693098749096094,11.635406412523837],[92.693070031753081,11.635352860105883],[92.693042986174831,11.635305991943326],[92.693031280228354,11.635259195921082],[92.693023014829421,11.635205737619405],[92.693016622417872,11.63511723022433],[92.693020368392609,11.635047132924639],[92.693037853201275,11.634955397283569],[92.693062018780765,11.634892072204464],[92.693065603957052,11.634855362797692],[92.693065724331291,11.634802009121481],[92.693058298857153,11.634758170216161],[92.693047484039468,11.634738889014328],[92.693035557107436,11.634723876881178],[92.692989892148276,11.634692682401496],[92.692909916935164,11.634622599952401],[92.692859138765428,11.634548912706126],[92.692843959932063,11.634515455210888],[92.692832198290034,11.634480343577556],[92.692837624114333,11.63441526219226],[92.692860486238331,11.634268461238552],[92.692886509533793,11.634173425867596],[92.692914364494115,11.634051688476875],[92.692938939705343,11.633903226154958],[92.692956681432221,11.633758070270897],[92.692981271914789,11.633606268718676],[92.69301400832039,11.633532966582601],[92.693041777042467,11.633494818422722],[92.693064447825279,11.633466274828745],[92.693205441104055,11.633288760021962],[92.693392332903983,11.633047580855949],[92.69346210145882,11.632957354401297],[92.693521244740523,11.632899905476261],[92.69358487600536,11.632846137009334],[92.693704510939938,11.632778243196769],[92.693800132110354,11.632741956725747],[92.693845199689861,11.632724923437014],[92.693913626161674,11.632710762023885],[92.69394857332118,11.632709253056852],[92.694033735406748,11.632721331831707],[92.694144447375592,11.632736866712136],[92.694232978143475,11.632757307713449],[92.694299465152625,11.632754274822203],[92.694381403184636,11.632727942250744],[92.694459948279814,11.63269825475469],[92.694509519113808,11.632668434395963],[92.694555761689699,11.632621904529099],[92.694586625107902,11.632583650660573],[92.694610734991841,11.632532009645427],[92.694610895790248,11.632498623176772],[92.694597445315509,11.632460164282771],[92.694578833121156,11.632431698890679],[92.694548451199921,11.632369790700199],[92.694545267570533,11.632323032898285],[92.694552325633737,11.632272983511541],[92.694549181530235,11.632217878407527],[92.69454079575705,11.632189460503396],[92.694513686398409,11.632155947292983],[92.694472869646859,11.632137395319758],[92.694447319763555,11.63213393920622],[92.694389379326026,11.632132002621207],[92.694213189156088,11.63214269211278],[92.694184790715013,11.632144414890323],[92.694137092868402,11.632139186726853],[92.694072382726873,11.632127202952253],[92.694038367120356,11.632112020864051],[92.694018050821853,11.632083547517558],[92.693996158878392,11.632028356149117],[92.693981116588972,11.631966519138139],[92.693981404948175,11.631906421609818],[92.693993576221985,11.631856395904608],[92.693993704681063,11.631829685785291],[92.693987101165405,11.631814709569763],[92.693981902614823,11.631802921111666],[92.693948015467384,11.631761029759806],[92.693908991753105,11.631724122849738],[92.693883610753076,11.631685609296937],[92.693878665527421,11.631650528981826],[92.693882362993151,11.631590447222925],[92.69388941386984,11.631542067693646],[92.693904937656242,11.631503742407418],[92.693944314408412,11.631467197089],[92.69399735812928,11.631424036916631],[92.694024683981922,11.631412477207739],[92.694079256635433,11.631406050649939],[92.694147503444213,11.6313913410117],[92.69418335161393,11.631379820015654],[92.694231656721712,11.631359211738207],[92.694241420510536,11.631355046441064],[92.694315389587672,11.63130227984605],[92.694430302977096,11.631219339019788],[92.694459208067997,11.63120902695651],[92.694529745580766,11.631183862704896],[92.694590488761961,11.631172944410515],[92.694830737794788,11.63115616530796],[92.694856242762356,11.631155374305653],[92.694890741662505,11.631154305264737],[92.694936575504954,11.631150242909209],[92.694968301305835,11.631131157668271],[92.694969851798007,11.631129115491959],[92.694983669683722,11.631110927716149],[92.694991454483954,11.631079980074777],[92.694991478738487,11.631074827560074],[92.694991547010432,11.631060748770693],[92.694978539405128,11.631043593957102],[92.694955745553102,11.631019983540083],[92.69493180095921,11.630989657956379],[92.694904719448346,11.630954872309914],[92.69488679805842,11.630914290076703],[92.694873438313522,11.630864826430082],[92.69487230374132,11.63083840833248],[92.694878047569219,11.630810633472613],[92.6948893007648,11.63076920654292],[92.694916215189039,11.630670435806298],[92.694955185004346,11.630577735263984],[92.694984585067004,11.630537533959968],[92.695030686607367,11.630490516288239],[92.695117294980534,11.630432263531503],[92.695153606680975,11.6304130744165],[92.69522608635134,11.630388657983708],[92.695278034127597,11.630373811911632],[92.695347922158376,11.630370314422246],[92.695379290429798,11.630369693232932],[92.695427312568228,11.630366910199191],[92.69545203869643,11.630365292995288],[92.695491115411315,11.630354509289182],[92.695513537360796,11.630345887427215],[92.695537946383695,11.630328907664049],[92.695559687410181,11.630294216081319],[92.695579585093725,11.630253920590048],[92.695600470924106,11.630163834009347],[92.695629810799616,11.630019958149591],[92.695653702392875,11.629935108496912],[92.695674227100483,11.62988876910558],[92.695744400795547,11.629788514590036],[92.695862287608591,11.629620096214145],[92.695961433768204,11.629442565756364],[92.696026620016781,11.629325843342933],[92.696095337542744,11.629143722387461],[92.696113920991024,11.629001409539946],[92.696111353605957,11.628883205229959],[92.696101083167306,11.628752425672795],[92.696090811830373,11.628687035871149],[92.696059999616125,11.628571346996722],[92.696011213909657,11.628460686574654],[92.695957292534743,11.628360087512599],[92.69578782445808,11.627995413078317],[92.695718496976014,11.62789481296827],[92.695649168595665,11.627774093492155],[92.695610653327847,11.627676007999385],[92.695564435006474,11.627577923351945],[92.695484836187475,11.627439598203841],[92.695430914812533,11.627293728005199],[92.695387263876228,11.627167977984989],[92.695333342501328,11.627014562654704],[92.695330775116219,11.626876237226737],[92.695323072062678,11.626795756994101],[92.695305097672161,11.626700186742649],[92.695279421126386,11.626607132045137],[92.695230634521621,11.62642102079711],[92.695220364082971,11.626322935707597],[92.695225499751473,11.626136824269627],[92.695258879350789,11.626001013997916],[92.695281988511454,11.625955743892632],[92.695351316891845,11.625875263393947],[92.695407805651854,11.625814902344802],[92.695443753534576,11.625772147803545],[92.6955002422946,11.62569921227707],[92.695528487123752,11.625641366785235],[92.695561867621393,11.625583521281378],[92.695582408498666,11.625495495644627],[92.695582408498666,11.625415015012971],[92.695569570674948,11.625354654743912],[92.695554164567824,11.625309383653686],[92.695541325845781,11.625271658472746],[92.695520784070183,11.62522638824889],[92.695484836187475,11.625171058258593],[92.695438617866103,11.625120757697962],[92.695306350821966,11.62496935090544],[92.695235290489734,11.624905089112803],[92.695156234253147,11.624843548802069],[92.695122775602087,11.624819448640938],[92.695082728706723,11.624788553973509],[92.695069668100814,11.624775969798057],[92.695045398316765,11.624752585860971],[92.695012645741528,11.624724740002883],[92.694986977280593,11.624703332293194],[92.694958408159607,11.624684186777882],[92.694955842571176,11.624682075922911],[92.69494641295563,11.624674318816751],[92.694924393451387,11.624649449617447],[92.694919235325017,11.624643622988275],[92.694914673679975,11.624638070004679],[92.694914423948362,11.62463753591161],[92.694909784149928,11.624627627473927],[92.694902964140283,11.624609466550014],[92.694902179012729,11.624607377691746],[92.69490214577506,11.624607189395327],[92.694897228397181,11.624593499190203],[92.694897390093928,11.624559752774523],[92.694906540333434,11.624526046829697],[92.694920198319011,11.624489427564566],[92.694936901593394,11.624442551413791],[92.694943069426145,11.624405897821966],[92.694953901311834,11.624334050362368],[92.694966159722185,11.624276882102899],[92.694985951404547,11.62421094571793],[92.695008780290848,11.624136219203875],[92.695043391480425,11.624028796780205],[92.69507725706832,11.623964157297005],[92.695111964377659,11.623923937440267],[92.695139907372862,11.623894954678848],[92.69517167539459,11.623867868961787],[92.69519771396142,11.623836059980787],[92.695212234329659,11.623807016497656],[92.695216267765275,11.623765716110338],[92.695209750487891,11.623725306168195],[92.695202225300775,11.623695220880624],[92.695198557479458,11.623660458079943],[92.695204480970446,11.623624801303812],[92.695226770867606,11.623575133106993],[92.695258741908532,11.623505789609283],[92.695301362477181,11.623414896622782],[92.695316045440507,11.623352046700923],[92.695331777636085,11.623270419827918],[92.69535539973478,11.623142814933548],[92.695368071370211,11.623099676348138],[92.695375980137953,11.623049942065574],[92.695378082195731,11.623011450190239],[92.69538319181305,11.622945738758816],[92.695392023150617,11.622903521393079],[92.695410409867847,11.622867921713249],[92.695428792093509,11.622833259997313],[92.69548310243897,11.622703918868293],[92.695530719437215,11.622570790606023],[92.69555701582054,11.622485455620419],[92.695574426069058,11.62245360776612],[92.695664941215384,11.622371386699498],[92.695757487452596,11.622265697872551],[92.695821077394939,11.622200256393684],[92.695870161342071,11.622161041125219],[92.695920095095431,11.62214436794722],[92.695961383462517,11.62213141145563],[92.695999834949959,11.622109990348212],[92.696026787103435,11.622087576714508],[92.696049958247869,11.62205387662979],[92.69606642796029,11.622018268042382],[92.696078153669689,11.621972307449655],[92.69608984793804,11.62193291968906],[92.696108311012097,11.621881355889487],[92.696130523654119,11.621847651380362],[92.696157508146939,11.621818664883293],[92.69621625527158,11.62176353043351],[92.6962547480815,11.621733656989672],[92.696295108488897,11.621714122354881],[92.696334483444446,11.621700218192151],[92.696363316670116,11.621685325902124],[92.696386420440888,11.621665712073035],[92.696406697213504,11.621635755028318],[92.696429023043237,11.621578573896496],[92.696443755413895,11.621505394419605],[92.696444903460858,11.621465958198515],[92.696447064807401,11.621415258374141],[92.696458772550514,11.621373053975004],[92.696463628842949,11.621359929386609],[92.696481161262341,11.62130272620068],[92.696525653920034,11.621221231592173],[92.696558620294326,11.621144379315938],[92.696580891326875,11.621098466973597],[92.696602176907518,11.621058185110064],[92.696612917165055,11.621017853966251],[92.696620781017046,11.620977510497967],[92.696618044748689,11.620948386645768],[92.696597268512818,11.620882555061106],[92.696589716376224,11.62085810435644],[92.696591782501372,11.620827123899184],[92.696595815937016,11.620785823070113],[92.696618164224645,11.620723947486551],[92.696637504952704,11.620689290783297],[92.696663570468985,11.620651847425265],[92.696679715889587,11.620617633303917],[92.696683911021978,11.620608743650212],[92.696696631166404,11.620555274616542],[92.696715041239813,11.620514979475923],[92.696734372984722,11.620482200459216],[92.69676043850103,11.620444757953281],[92.696762450727263,11.620425046367618],[92.696751068174265,11.620399638288269],[92.696728113523847,11.620388263781297],[92.696703187071321,11.620388149393895],[92.696684935101402,11.620395577535666],[92.696659945766811,11.620408609779632],[92.696634039252345,11.620420886186357],[92.696610109929793,11.62042077531857],[92.696589260032056,11.620418275514188],[92.696569683047088,11.620406164529131],[92.696561816500136,11.620383290569041],[92.69656742019086,11.620366487938879],[92.696579158476695,11.620349713464629],[92.696590379332903,11.620313103329421],[92.696601191455642,11.620265598224799],[92.6966215589581,11.620216860367131],[92.696639972624808,11.620175625440348],[92.696658418630847,11.620127817625352],[92.696665409320374,11.620069626934052],[92.696666593299923,11.620022677887395],[92.696675420145908,11.619981399816592],[92.696691835959399,11.619957059020889],[92.696711167704336,11.61992427993855],[92.696728568969675,11.619894309507984],[92.696745970235057,11.61986433995412],[92.696774889699,11.619831604856104],[92.696816262507724,11.619800806425035],[92.696857663164224,11.619764373078629],[92.696879839873631,11.619738180943571],[92.696890547791838,11.619704423380849],[92.696884962965711,11.619669651283154],[92.696872612028855,11.619646117333527],[92.696862156537279,11.619627287356682],[92.696822021607019,11.619599869500261],[92.69679044762141,11.619586576766386],[92.696756987173686,11.619566701457561],[92.696732223316261,11.619532780211598],[92.696724729570136,11.619496121574242],[92.69672490563994,11.619459498128297],[92.696732760508795,11.619421032154088],[92.696735789627937,11.619389117076603],[92.696735101518428,11.619332768755099],[92.696742083224805,11.619276456498323],[92.696754844691739,11.61921453570436],[92.696789913123794,11.619099190458805],[92.696805612980029,11.619024136127967],[92.696803997809155,11.618961209543571],[92.696795572510112,11.618918912382362],[92.696783267387332,11.618885987113181],[92.696769026395145,11.618856810247879],[92.696757684266359,11.61882295050906],[92.696761663803073,11.618792918366459],[92.696772484908976,11.618735683856723],[92.696775743996838,11.618668378782424],[92.696788362631651,11.618536377515024],[92.696823528081751,11.618388340716654],[92.696852406223172,11.618301901923212],[92.697027139325726,11.617730651657991],[92.697186597475181,11.617102125780473],[92.697308522215408,11.616419685180931],[92.697325940548779,11.61600168887259],[92.697325940548779,11.615788425962657],[92.697264978178637,11.615643406703558],[92.697204015808524,11.615592222744755],[92.696979039033849,11.61550565461603],[92.696862170011997,11.615471803269232],[92.696745300091848,11.61543795103843],[92.696470341953074,11.615166847070002],[92.696411560692425,11.615085541609718],[92.696117501675758,11.614678798371859],[92.695256829395305,11.614788410123408],[92.69571394431415,11.614030006262407],[92.696695635833052,11.613916118664298],[92.697336527194409,11.613594671857841],[92.697568786611114,11.613312932198244],[92.697621856383165,11.612977764003018],[92.697655015895222,11.612571672356159],[92.69780115292734,11.612264562438652],[92.697990771114135,11.612029578251377],[92.6986794151194,11.611680739672167],[92.699501660166945,11.61129025436709],[92.700345837582148,11.610554152601276],[92.701067845915333,11.60994789492497],[92.701741535666045,11.609253415977063],[92.702040925285615,11.608863252850737],[92.70239561788901,11.609076162922616],[92.702428648043679,11.609078438444332]]]},"properties":{"objectid":4759,"id":"4661","name":"Ward No 18","code":"18","town":"Port Blair","district":"South Andamans","state":"Andaman and Nicobar Islands","st_area(shape)":4227715.3341271058,"st_perimeter(shape)":11528.241207440971}},{"type":"Feature","id":4764,"geometry":{"type":"Polygon","coordinates":[[[92.71010763124697,11.609309768975814],[92.710164063413146,11.609132035510683],[92.710687293438568,11.608852381198428],[92.71144420042225,11.608480871374045],[92.712204648564764,11.608294085425094],[92.712612071377052,11.608204872566031],[92.712956551033997,11.608306321008049],[92.713344413030939,11.608734332889853],[92.713974046705175,11.609167214574471],[92.714492426726395,11.609702543129959],[92.714830833771998,11.609883832053891],[92.715143970310393,11.609789808210376],[92.715892386417977,11.609471900155494],[92.715953067615402,11.609470482576103],[92.715959708860325,11.60948421664105],[92.716037540693179,11.609570793678854],[92.716215631698248,11.609755578676786],[92.716280271771154,11.609809851404233],[92.716323805926464,11.60983827951063],[92.716377892591396,11.609855078375727],[92.716466277832183,11.6098796303583],[92.716528280451413,11.609899012713603],[92.716594239251151,11.609915811575037],[92.716641730485279,11.609941655298419],[92.716666795278329,11.609972668643247],[92.716710328535328,11.61003211007124],[92.716731435351221,11.610085090119448],[92.716744627111169,11.610152284634395],[92.716748585088325,11.610250491567154],[92.716748585088325,11.610338360991332],[92.716760457223131,11.610401678453378],[92.716826416921165,11.610583878534474],[92.716860716395345,11.610673040476316],[92.716892376619214,11.610723436037787],[92.716922718116251,11.610759617145048],[92.716959655044093,11.610794506505444],[92.717021657663324,11.610826811497471],[92.717086297736245,11.61085394775829],[92.717193152339277,11.610883668379936],[92.717356731959271,11.610912096376833],[92.717658826406165,11.610932772161794],[92.717770957713199,11.610944401355233],[92.717858024227141,11.61095603142812],[92.717894962053322,11.610967661500512],[92.71793453733315,11.610980583313777],[92.717972793886176,11.611006426938474],[92.718009731712328,11.611042608888939],[92.71807569051208,11.611139522887646],[92.718214206237306,11.611418637268249],[92.718365912824169,11.611832138726031],[92.718430552897075,11.61205827275008],[92.718450340986152,11.612187491230118],[92.718467490723228,11.612292158762203],[92.718503108924239,11.612479526305513],[92.718517620309356,11.612538967199109],[92.718530812069289,11.612569979375133],[92.718561153566327,11.612613914165182],[92.718579622030248,11.612643634599252],[92.718602048471325,11.612679815457362],[92.718616558958104,11.61272375023011],[92.718637666672336,11.612787067150496],[92.718641623751182,11.61282066364446],[92.718642943376324,11.612862014049881],[92.718633708695194,11.612896903147206],[92.718617878583274,11.61293566831692],[92.718602048471325,11.612966681328755],[92.718582260382263,11.612998986069085],[92.718559833941185,11.613022245163064],[92.718554557237198,11.613054549896981],[92.718550599260055,11.613089438970212],[92.718561153566327,11.613116575010823],[92.718582260382263,11.613146294511361],[92.718616558958104,11.613183767915292],[92.718675923225362,11.613236748244585],[92.718854013332106,11.613398270872567],[92.71906244583424,11.613570131641412],[92.719117852124313,11.613633448369541],[92.71916534246013,11.613717440661798],[92.719211514069116,11.613837613636599],[92.719289346800267,11.614096049767339],[92.719299900208227,11.614156782042901],[92.71929330387907,11.614186502312522],[92.719264282007217,11.614207177854668],[92.719233940510179,11.614207177854668],[92.719195683957153,11.614196839643807],[92.71915742740417,11.61417745758726],[92.719119170851144,11.614133523043627],[92.719084872275303,11.614080543764654],[92.719065084186212,11.614030148809944],[92.719042657745149,11.613968123899365],[92.719013635873239,11.613902222911719],[92.718993847784191,11.613853119652795],[92.718978017672228,11.613841489700755],[92.718941079846076,11.613827276291969],[92.718909419622207,11.613824691955774],[92.718857971309248,11.613823399347677],[92.718797288315187,11.613824691955774],[92.718745840002214,11.613824691955774],[92.718678561577335,11.613811770274298],[92.718656135136271,11.613802724657004],[92.718627112366065,11.613782049964767],[92.718599410119353,11.613756205717419],[92.718567748997145,11.613744576641267],[92.718538727125264,11.613744576641267],[92.718491235891136,11.613758790054277],[92.718455617690125,11.613784634301394],[92.718443745555319,11.613811770274298],[92.718422637841087,11.613851827924771],[92.718408127354309,11.613878963011267],[92.718375147505299,11.613908683310466],[92.71833293297513,11.61393452754368],[92.718198376125372,11.614048239149612],[92.718127139723336,11.61409217370672],[92.718061180025302,11.614124478316633],[92.718020285120289,11.614139984316912],[92.717966198455358,11.614150321649941],[92.717929260629163,11.61415290598312],[92.717889685349334,11.61415290598312],[92.717859343852311,11.614146444710141],[92.717813172243325,11.614133523043627],[92.717743254568134,11.614105095375153],[92.717693125880345,11.614074082489967],[92.717648272998204,11.614034024871428],[92.717616612774336,11.614004304585585],[92.717587590004115,11.613968123899365],[92.71757835622131,11.613929358873209],[92.71757044116535,11.613885424290455],[92.71757044116535,11.613837613636599],[92.717587590004115,11.61376266699947],[92.717604739741233,11.613705810704097],[92.717612654797179,11.613672214316772],[92.717612654797179,11.613641201383459],[92.717604739741233,11.613614065393914],[92.717592866708088,11.613572715979961],[92.717574398244167,11.613533950018901],[92.717529546260351,11.613483554965365],[92.717491289707354,11.613452542890979],[92.71744116012124,11.613425406883115],[92.717336943870166,11.613382764831028],[92.717285495557235,11.613364674448182],[92.717243281925406,11.613364674448182],[92.717190513987291,11.613360797497439],[92.717166768819382,11.613359505767139],[92.717125873914398,11.613360797497439],[92.7170876173614,11.613364674448182],[92.71702561474217,11.613373719199817],[92.71698208148517,11.613394394802203],[92.716868631451291,11.613465464589057],[92.716470235809325,11.613745868369799],[92.71621958967539,11.613900930303991],[92.71593332534043,11.614040486147044],[92.715698509318429,11.614170996314838],[92.715631229995211,11.614235605512695],[92.715566589922332,11.614324766286765],[92.715524375392164,11.614368699920353],[92.715479523408362,11.614398420167342],[92.715428075095389,11.614416510483119],[92.715359477045368,11.614421679144556],[92.715215685514465,11.614403588829111],[92.715108830911404,11.614388082843538],[92.71499527487633,11.614385084949156],[92.714720988677385,11.614381621575964],[92.714502002767318,11.614368699920353],[92.714421532582492,11.614362239532266],[92.714337104420494,11.61436740819471],[92.714242121952253,11.614385498512508],[92.714149778734281,11.614404881434522],[92.714093053717377,11.61443201646714],[92.714050839187252,11.614466905367983],[92.714028413644456,11.614504378594376],[92.714003348851421,11.614567695990306],[92.713821300767506,11.614974731523724],[92.713814704438391,11.615001867380816],[92.713817342790364,11.615034171885352],[92.713827896198325,11.615070353313111],[92.713870110728465,11.615098780883153],[92.714120756862428,11.615200862998773],[92.71422497311346,11.615246089095754],[92.714345019476482,11.615308113721991],[92.714505960744461,11.615415364403963],[92.714668220739284,11.615529075405831],[92.714776394967458,11.615593684288916],[92.714810693543342,11.6156234044053],[92.714844992119211,11.615658293157065],[92.71486741856026,11.615704810899272],[92.714920186498404,11.61581464574639],[92.715017806420306,11.616012348186157],[92.71513917240847,11.616221680338899],[92.71525789914628,11.616440056986567],[92.715375307157288,11.616610623284886],[92.715492715168295,11.6167824820732],[92.715529652994476,11.616863889108529],[92.715561313218359,11.616944003526489],[92.715571866626277,11.617007319488295],[92.715607484827302,11.617074512334813],[92.715687955910454,11.617224403807972],[92.715768426095309,11.61733294546447],[92.715868684369198,11.6174479482753],[92.715984773653361,11.617553905543073],[92.71606524383823,11.617619806547246],[92.716168141362417,11.617698628157816],[92.716263122932361,11.617778742335835],[92.716351508173176,11.617853687893062],[92.716434617608314,11.617940263211725],[92.716505854010336,11.618030714509356],[92.716562579027283,11.61811858148125],[92.716590282172305,11.618187066647693],[92.716604793557423,11.618245213736643],[92.716606112284268,11.618324035170298],[92.716599515955153,11.618428700398198],[92.716579728764373,11.618526904415278],[92.716563898652424,11.618609602647059],[92.716554663971294,11.618681963689689],[92.716557302323309,11.618732358683213],[92.716566537004439,11.618787921368195],[92.716582614153054,11.618907203449963],[92.716603226895586,11.619010172877173],[92.716644451482281,11.619036419634936],[92.716733084658102,11.619074780073367],[92.716896334596356,11.619122590708738],[92.716941186580158,11.619088994094461],[92.717045402831232,11.618979160537771],[92.717137746049204,11.618856405490234],[92.717181279306175,11.618773707331721],[92.71721557878034,11.618666457942135],[92.717267027093314,11.618525612708908],[92.717322433383387,11.618391227699384],[92.717373881696361,11.618269764980298],[92.717393668887112,11.618232292260148],[92.717412138249344,11.61820644842542],[92.717443798473212,11.618179312880327],[92.717472820345108,11.618157346804685],[92.717499204763328,11.618143132736048],[92.717529546260351,11.618139255851817],[92.717565164461362,11.618137964143655],[92.717613974422321,11.618137964143655],[92.717640357942244,11.618149593916424],[92.717683891199215,11.618166391400779],[92.717730062808201,11.618185774059864],[92.717778872769159,11.618197403830637],[92.717851428796322,11.61820644842542],[92.718022923472262,11.618218078195328],[92.718189141444242,11.618214201312115],[92.718241909382328,11.618209032721031],[92.71829995312612,11.618201279834171],[92.718361955745365,11.618187066647693],[92.718416042410297,11.618170268284665],[92.71847408615406,11.618143132736048],[92.718525535365316,11.618123750074025],[92.718563791918328,11.618106952587075],[92.718637666672336,11.618083693037502],[92.71867988030418,11.618078524443963],[92.718720775209178,11.618074648438723],[92.718762989739304,11.618075940147179],[92.718819714756251,11.618091445927606],[92.718860609661249,11.618112121180079],[92.718893589510259,11.618136671555558],[92.71892920771127,11.618166391400779],[92.718954272504362,11.618181898056088],[92.718978017672228,11.618189650943496],[92.719050572801095,11.61819611124282],[92.719431819604324,11.618230999672521],[92.719906727454003,11.618304653400775],[92.720079541755098,11.618318866581262],[92.720173204598197,11.618327912051996],[92.720303804369152,11.61834471040552],[92.720229929615144,11.618489431729708],[92.720218056582013,11.618519151537297],[92.720218056582013,11.618542411050523],[92.720219376207169,11.618572130852503],[92.720237844671104,11.618596681187421],[92.720264228190985,11.618621232400136],[92.720294569688008,11.618640615027568],[92.720630963609096,11.618899046704893],[92.720824884726113,11.619076072657075],[92.72095680412221,11.619179445019254],[92.721104553630241,11.61928281822297],[92.721195577223043,11.619338380798199],[92.721283963362197,11.619399111931447],[92.721348603435061,11.61944304564507],[92.721384221636072,11.619475349634788],[92.721413243507968,11.619501192471942],[92.721429074518213,11.619529619589988],[92.721435669949045,11.619561923569707],[92.721439627926188,11.619595520126962],[92.721430393245058,11.619667880913569],[92.721377625306957,11.62001159373345],[92.721270771602207,11.620571096144003],[92.721269451977079,11.620586601785593],[92.721278686658209,11.620602107426292],[92.72129715512213,11.620615028792903],[92.721328815345998,11.620626658462294],[92.72192772843411,11.620894133685061],[92.722091308054104,11.620981999753996],[92.722108457791194,11.620997505372697],[92.722113734495181,11.62100784245137],[92.722113734495181,11.62103239345161],[92.72211109614318,11.621051775911337],[92.722104499814051,11.621071158369677],[92.722076796669,11.621116383514007],[92.722034583037157,11.621156440114564],[92.721947516523201,11.62127790157526],[92.721789213607209,11.62153245484931],[92.72165333623397,11.62176891717356],[92.721537247848104,11.622045436649723],[92.721384221636072,11.622491225981392],[92.721364433547009,11.622551957307266],[92.721344646356243,11.622611395172706],[92.721316943211193,11.622659204321295],[92.721281325010182,11.622707013461717],[92.721235153401196,11.622739317072975],[92.721166555351175,11.622781957693341],[92.721082127189206,11.622825890873509],[92.720836757759216,11.622948644172096],[92.720410658972185,11.623146341550212],[92.719972687152051,11.623341454540061],[92.719896174046042,11.623373758077772],[92.719848683710225,11.623390556127069],[92.719811745884073,11.623395724622062],[92.719776127683062,11.62339960055327],[92.719739190755192,11.623400893116916],[92.719684790578199,11.623392937999052],[92.719516687042471,11.623288557082041],[92.719222501363348,11.623084204282392],[92.718916308802122,11.622841626042295],[92.718817246185836,11.622753416520705],[92.71875120474111,11.622663735785231],[92.718653643209677,11.622506427951851],[92.718586100680085,11.622391754550446],[92.718517057065668,11.622247677578189],[92.718345949563613,11.621836028801116],[92.718261895999092,11.621631674056024],[92.718176342248086,11.621490537315189],[92.718062270580035,11.621406737423959],[92.717933188961908,11.621346459876815],[92.717527933784424,11.621252368627868],[92.71698909373427,11.621146515714834],[92.716745940448121,11.621058305656508],[92.71652530163793,11.620974504755363],[92.716360197576904,11.620880413380783],[92.716219108178407,11.620770150258238],[92.716072016237149,11.620649595755395],[92.71593092683861,11.620552563636741],[92.715789838338424,11.620486405514605],[92.715669762331004,11.620437889431086],[92.715492650489608,11.620390843657146],[92.715336552039304,11.620359969616226],[92.715178953402486,11.620307043435151],[92.715033361647784,11.620229123583714],[92.714901277859965,11.620139442035658],[92.714767693885634,11.620032119259772],[92.714628105571975,11.619911563557681],[92.714435984678758,11.619801300051702],[92.714306903060645,11.619746902563179],[92.714129792117532,11.619705737959276],[92.713900146798309,11.619686625536859],[92.713655492427307,11.619683684893324],[92.713454365923397,11.619699856672602],[92.713290762947224,11.619721909737267],[92.713124157801374,11.619752783848886],[92.7129725626056,11.61979100868335],[92.712841979902663,11.619818942145187],[92.712768433932013,11.619824822549498],[92.712556799834232,11.61983217415454],[92.712373504888703,11.619852580026997],[92.712245743794057,11.619874221284192],[92.712136235567684,11.619897743775818],[92.712017119859325,11.619930675964666],[92.711847093030528,11.619979603931771],[92.711733741811344,11.619998422446038],[92.711647287050084,11.620004067912086],[92.711549305107113,11.619991835482242],[92.711455166156924,11.619969253616381],[92.7113418140394,11.619923148381288],[92.711204448157744,11.619828116033387],[92.7110853324494,11.619750020066977],[92.710909542029754,11.619613586347938],[92.710656902534183,11.619388707040308],[92.710500504046593,11.619219105940211],[92.710384931293731,11.619079438302215],[92.710300878627535,11.61895447209103],[92.7101762993656,11.61874276447875],[92.710075736562828,11.618628089528299],[92.709999188422501,11.618563401276928],[92.709918137027685,11.618509004426642],[92.709804065359663,11.618459017670579],[92.709688492606759,11.618431084072411],[92.709578923294956,11.618401680142856],[92.709463350542038,11.618373746538936],[92.709299747565893,11.618344342603338],[92.709209115638544,11.618328198902519],[92.709091854951254,11.618303073962906],[92.70901490167077,11.618274358989217],[92.708874039546004,11.618206878701404],[92.708791958681843,11.61815863851276],[92.708681732701564,11.618085129051234],[92.708587923433072,11.617993241757057],[92.708473007348644,11.617887571507273],[92.708393269290781,11.617781901217453],[92.708322913237723,11.617655556482676],[92.708283044208798,11.617549886104841],[92.708222068363924,11.617439620784483],[92.708156401516661,11.61734084180123],[92.708097771173001,11.617260440645719],[92.707994580798029,11.617166255626147],[92.70789139132134,11.617085854420255],[92.707731915205557,11.616984778736523],[92.707631070331757,11.616922754483403],[92.707513808746143,11.616835460838628],[92.707340262318084,11.616745870589449],[92.707199548415346,11.616674658212833],[92.707051798907315,11.616612633890695],[92.706843073554424,11.616534529103934],[92.706711740758195,11.616495476702335],[92.706547575436673,11.616456424295304],[92.706355266795569,11.616421966802124],[92.706291945449507,11.616408183803667],[92.706568682252581,11.615866046124026],[92.706840728951533,11.615402011636023],[92.706967370745332,11.615234315774984],[92.707026001987288,11.615186074191922],[92.70711277475219,11.615119455477696],[92.707187822705961,11.615022973143388],[92.707244107548405,11.614905816166802],[92.70736136913402,11.614671501185992],[92.707445797295989,11.61445556317598],[92.707506773140835,11.614278677716342],[92.707560713380389,11.614147737316708],[92.707628725728867,11.614028282492924],[92.707748331917372,11.613842207718532],[92.707889045820124,11.613617080895084],[92.70802272321923,11.613447087356054],[92.708121223490124,11.613336820412643],[92.708215032758616,11.61322425681959],[92.708294769918169,11.613132367922999],[92.708360436765474,11.613047370578693],[92.708412031503784,11.612962374088404],[92.708458936138044,11.612852106953333],[92.708503495271074,11.612762515423894],[92.708559781011843,11.612613196144252],[92.708604340144888,11.612535090236891],[92.708665315989748,11.612468470889203],[92.708752089652933,11.612413337229432],[92.708859970132025,11.61236279854506],[92.708930327083394,11.612316853958589],[92.70897723171764,11.612252532052768],[92.708998338533547,11.612179020153755],[92.709024136351886,11.611926325547874],[92.709080421194329,11.611002837692935],[92.709068695484916,11.610717980449428],[92.709078076591439,11.610621495711994],[92.709110909116745,11.610577848346457],[92.709164849356299,11.610502039377446],[92.709268039731313,11.610361908045887],[92.709488491691914,11.610104616769913],[92.709922358211216,11.609599222689571],[92.710041965298018,11.609475170883329],[92.710077143324554,11.609424631666432],[92.71010763124697,11.609309768975814]]]},"properties":{"objectid":4764,"id":"4666","name":"Ward No 24","code":"24","town":"Port Blair","district":"South Andamans","state":"Andaman and Nicobar Islands","st_area(shape)":1346498.5128369194,"st_perimeter(shape)":6973.1948415280203}},{"type":"Feature","id":12291,"geometry":{"type":"Polygon","coordinates":[[[92.723565096685647,11.683270970593284],[92.723499675078429,11.683182662376069],[92.723456091515828,11.683123833027874],[92.7232940569981,11.682965155415189],[92.72302596288641,11.682771856901773],[92.722533966385058,11.682509316572473],[92.722371931867386,11.682402569460141],[92.722277656373265,11.682290052307994],[92.722180436201668,11.682099638764871],[92.722074376607608,11.681831327790432],[92.721935910289744,11.681412992635515],[92.721821013069956,11.680986002250259],[92.72177387577203,11.680772506810904],[92.721767983722103,11.680694610070674],[92.72177682224617,11.680636907985495],[92.721803336920104,11.680590746836531],[92.721853420692156,11.680561896664345],[92.721921180614018,11.680559011207125],[92.721985994061768,11.680559011207125],[92.722097945705727,11.680599402327484],[92.722212842925515,11.680651333507903],[92.722413177115357,11.680726345684546],[92.72258405015711,11.680735001171223],[92.722693055326957,11.680706150134373],[92.722828575170723,11.680628253375454],[92.722972933538557,11.680509964587429],[92.723134968056243,11.680336859939983],[92.723261649375928,11.680155099679896],[92.723317625197922,11.68002527147806],[92.723361816920004,11.679748302978055],[92.723376546595716,11.679497300778142],[92.723403062167961,11.679254953004103],[92.723506175287824,11.67861734679019],[92.723665263331398,11.677665263390361],[92.723847920473048,11.676450629772619],[92.723895058669271,11.675827442882136],[92.723921573343205,11.675688957009498],[92.723965764166991,11.675576437132051],[92.724021739988956,11.675452376927019],[92.724151367782781,11.675221565908901],[92.724251534428532,11.675013836180241],[92.724307510250497,11.674820532121759],[92.72438705517061,11.674350254035469],[92.724390000746439,11.673903056725599],[92.724398839270506,11.673735718129564],[92.724413569844558,11.673666475119404],[92.724445976568404,11.673603001391884],[92.724499005916257,11.673536642999215],[92.724537305588413,11.673493365319064],[92.724593280512082,11.673441432797761],[92.725035194139693,11.673193309542031],[92.725244365955263,11.673031743348439],[92.72595604186607,11.672632394611126],[92.726041489615909,11.672576607796843],[92.726080329175517,11.672525893541097],[92.72612693736572,11.672515748401509],[92.726186492075797,11.672536035161365],[92.72653605260399,11.672766791231812],[92.72665257218118,11.672908794872074],[92.726854540406535,11.673268876210711],[92.726883023289233,11.673350021261335],[92.726906327384327,11.673433701685029],[92.726919273904201,11.673575704983786],[92.726924452691804,11.674851197775892],[92.726937399211707,11.675566282427095],[92.726947756786899,11.675680391977236],[92.726981417558932,11.675769143328388],[92.72726624458943,11.676294044726781],[92.727351692339241,11.676392939120161],[92.727455265396557,11.676474083256553],[92.727564018139802,11.676524797669954],[92.727677948772339,11.676560298105702],[92.727830718964483,11.676593263168966],[92.728066348860153,11.676643978440303],[92.728154385554632,11.676676942613915],[92.728237244359804,11.676692157455609],[92.728322693007939,11.676689621208853],[92.728408140757779,11.67665412078968],[92.728522071390344,11.676565369721814],[92.728682610213056,11.6764588684029],[92.728954489825369,11.676344759173119],[92.729405034466225,11.67617740005748],[92.729565573288966,11.676126684700815],[92.729702808016626,11.676091184209522],[92.729819327593802,11.676091184209522],[92.730080850529191,11.676136827948813],[92.730285407699185,11.676154578192101],[92.730363087716754,11.676154578192101],[92.730464071829402,11.676126684700815],[92.730515858807237,11.676083577212172],[92.730559314809085,11.676028860840182],[92.730566816640021,11.676012358041739],[92.730569615790472,11.676001774925634],[92.730567644886705,11.675959325453526],[92.730554838504034,11.675915427943737],[92.730546787802467,11.675896085378611],[92.73053179222542,11.675867940259218],[92.730525451916137,11.675858401374152],[92.730514302925172,11.675841628489236],[92.730507567357165,11.675835503825947],[92.730500832687454,11.675829379162568],[92.73049409711949,11.675823254499063],[92.730472820521967,11.675810012838776],[92.730433606364869,11.675794366882117],[92.730389241267915,11.675783654437716],[92.730363607841312,11.675780415280181],[92.730302342738923,11.675778231795933],[92.730195259963793,11.675783147714554],[92.730152539682166,11.675776569110479],[92.730094106069529,11.675748730124257],[92.730062727916675,11.67572096943104],[92.730042010071259,11.675685463609467],[92.730010938243922,11.67561699788625],[92.730005973255331,11.675569992241801],[92.730010439678935,11.675517358965754],[92.730014465928022,11.675502901505922],[92.730018705976164,11.675487674282762],[92.730046499851042,11.675458641475633],[92.730075753488293,11.67544331923933],[92.730201869767669,11.675417118274861],[92.730229672625697,11.675411341974888],[92.730317313163127,11.675396733196159],[92.730355742192657,11.67538498001699],[92.730425232269795,11.67535581436],[92.730496032090599,11.675322137448676],[92.730528351677876,11.675299810800469],[92.730611664132283,11.675213813732334],[92.730658272322486,11.675165632700645],[92.730682547496414,11.675142494929002],[92.730710059300293,11.67512157407463],[92.730721710449544,11.67511364946821],[92.730736599127027,11.675107944420017],[92.730772988082592,11.675098554183148],[92.73085506086187,11.675084488181316],[92.730974170282011,11.675071809512971],[92.731168370775109,11.675043915912758],[92.731536600091516,11.674991026535306],[92.731570807937558,11.675084576154314],[92.731580329181256,11.675121796646311],[92.731583701456827,11.675149064750842],[92.731583953883415,11.675151109242764],[92.731581482618068,11.675237391362719],[92.731579741683049,11.675245216556196],[92.731572470719158,11.675277901142207],[92.731556195042813,11.675338063185853],[92.731476083285798,11.675447565690261],[92.731410553880764,11.675522235301203],[92.731332426502192,11.675583531261713],[92.731248270529747,11.675679686435352],[92.731177203909297,11.675760887083076],[92.731122049147473,11.675823089110258],[92.731119137707651,11.675893793688763],[92.731170294966446,11.6760084810848],[92.731258275965374,11.676254126271807],[92.731311803878185,11.676403575884601],[92.731359811643614,11.676514919233462],[92.731407025298324,11.676645546110247],[92.731402524738726,11.67675481585094],[92.731385427103945,11.676850711979416],[92.731342208257317,11.67694235724805],[92.73127824012424,11.677058935616271],[92.73126049660074,11.677086684739114],[92.731193919760088,11.677190805285715],[92.731083820442223,11.677469732843731],[92.730983936765796,11.677819881484675],[92.730886882782514,11.678340750764169],[92.730812432208367,11.678791692914206],[92.7307083731625,11.679204897118392],[92.73058660293249,11.679556496857918],[92.730530114172481,11.679651094436869],[92.730473049592362,11.6797085855956],[92.730395066842561,11.679763190397153],[92.730258512139571,11.679860805327301],[92.730051693910028,11.680037242629624],[92.729854167853787,11.680187927960047],[92.72984274397831,11.680196642404386],[92.729745917268787,11.680238819396136],[92.729650833290918,11.680248969531384],[92.729539221210118,11.680243773063362],[92.729447899376652,11.68023207815077],[92.729201590308904,11.680173247296507],[92.728566209213483,11.680021128903523],[92.728483828312037,11.680014813434598],[92.728408795629647,11.680002029426053],[92.728351416639171,11.679982508564031],[92.728315612486895,11.679967339648071],[92.72826992686646,11.679937144327456],[92.728211578593829,11.679912736646152],[92.727813127256312,11.679829299219877],[92.727459651870092,11.679853413083816],[92.727262589344548,11.679888586719086],[92.72717372979325,11.679910548795855],[92.727047706938677,11.679980144771415],[92.726737467467103,11.68018280098825],[92.726473726591266,11.680332668106159],[92.72631649806037,11.680453836270223],[92.726236582136039,11.680538333562225],[92.726132936315196,11.680703409831116],[92.726022509112269,11.680834275775096],[92.725860241032606,11.680964853991673],[92.725679351775412,11.681097281298991],[92.725382019297825,11.681251842936703],[92.725169348544213,11.681363265271422],[92.724939425645545,11.681526988055763],[92.724828871780161,11.681622379339503],[92.724769808448571,11.681664033567092],[92.72473564821324,11.681709406318062],[92.7246825434069,11.681754998988817],[92.724566002270166,11.68179405541682],[92.724519748016164,11.681804538025004],[92.724481761856083,11.681821900833551],[92.724431016025676,11.681861974195099],[92.724393254444379,11.681897888289896],[92.724352390980428,11.68195298705607],[92.724313093279989,11.682024692058317],[92.724252395014588,11.682119058311379],[92.724141322821268,11.682246666031011],[92.724087151714713,11.682304293885593],[92.724045544445687,11.682373057057337],[92.724021589072009,11.682435083418808],[92.723998456555108,11.682527381342505],[92.72399466746127,11.68266502279972],[92.723965065277682,11.682935431943104],[92.723941416229522,11.683089222814127],[92.723929544993055,11.683129690099953],[92.723914290701202,11.683159315024332],[92.723891083624153,11.683186419592884],[92.723864279692691,11.683223969765685],[92.723830163474858,11.68329522491034],[92.723822431675202,11.683311372754494],[92.723820165225732,11.683334116616642],[92.723817898776261,11.683356862236325],[92.723816079687836,11.683375124004748],[92.723816919612617,11.683387307020158],[92.723817758639072,11.683399490035034],[92.723820678163776,11.683441865352295],[92.723810013364698,11.68347157205568],[92.723804236299102,11.683487662708867],[92.723798574217895,11.683503434028804],[92.72379178025939,11.683512219624825],[92.723745969773162,11.683571457952443],[92.72373631557879,11.683583940058245],[92.723805184920067,11.684027017062078],[92.72383851421371,11.684238601043006],[92.723838286041655,11.684239977774903],[92.723835755487485,11.684255246742868],[92.723830918957987,11.684263588945839],[92.723824373832826,11.684270858793299],[92.723816807323217,11.68427828962578],[92.723802962488051,11.684289709900936],[92.723739906144985,11.684313280601401],[92.72368740410819,11.684321344817238],[92.723565096685647,11.683270970593284]]]},"properties":{"objectid":12291,"id":"12291","name":"Ward No 2","code":"2","town":"Port Blair","district":"South Andamans","state":"Andaman and Nicobar Islands","st_area(shape)":579359.78316217556,"st_perimeter(shape)":4525.9292766739818}},{"type":"Feature","id":12292,"geometry":{"type":"Polygon","coordinates":[[[92.750464126484104,11.644572874581611],[92.750788298825739,11.644366607949618],[92.750838611668186,11.644362413812946],[92.750994126213556,11.644344043898183],[92.751141687973714,11.644281198702885],[92.75122511002256,11.64424504130737],[92.751296045488957,11.64422536132137],[92.75136159106367,11.644218171369076],[92.751430048976516,11.644221363384135],[92.751446435145638,11.644222127074626],[92.75156287567107,11.644241296760779],[92.751566276692714,11.644241553670478],[92.751658549842077,11.644248528944225],[92.75178035420808,11.644242990429085],[92.751917660800956,11.644230452004576],[92.751951630593439,11.644227349732022],[92.752081557526225,11.644217178043542],[92.752179535875953,11.644220965702017],[92.752255507297832,11.644242629699733],[92.752315900136068,11.64428383290659],[92.752419410311333,11.644392071909722],[92.752541480578628,11.644558977719617],[92.752693927377294,11.644733064570236],[92.752863917375137,11.64486403281682],[92.753205300539335,11.64502672398072],[92.75328781888301,11.645085925652165],[92.753356728648455,11.645163893973768],[92.753391616519124,11.645228361365996],[92.753417585915685,11.645292723164381],[92.753462975092049,11.645470870822171],[92.753574490154776,11.645833231292684],[92.753654507588735,11.645975386840194],[92.753776496109339,11.646088918192946],[92.754019933263137,11.64625373604799],[92.754164762348182,11.64637599687042],[92.754411896967696,11.64667916451957],[92.754514869052088,11.646805483762572],[92.754622709107011,11.646913662836026],[92.754761099068091,11.646992627479905],[92.754879395512901,11.647005387494181],[92.754996231297085,11.646947613298105],[92.755100982944057,11.646928369013924],[92.75517758947484,11.646931541641875],[92.755293035565288,11.646987489337047],[92.755398580424625,11.647093366734055],[92.755478720029444,11.647187571540877],[92.755602620165021,11.647311861692634],[92.75571504881438,11.647424642894938],[92.755854177190642,11.647633277484736],[92.755904488236453,11.647697560422618],[92.755977077501313,11.647839446672728],[92.756010159758247,11.647983144391217],[92.756054881486378,11.648124704084021],[92.75616647560085,11.648305718123195],[92.75626234290965,11.648443327285147],[92.756365537776261,11.648551451172683],[92.756443160301615,11.648661549320048],[92.756565671641766,11.648899559936904],[92.756589353927581,11.649052246151287],[92.756603802430632,11.649200273677359],[92.75659066277295,11.649325231585832],[92.756554577448014,11.649427171816756],[92.756443401948431,11.649591925225696],[92.756384095173402,11.64969359349735],[92.75635729932678,11.649795642689586],[92.756360775806897,11.649891222602978],[92.756390159699862,11.649957534739288],[92.756444947949035,11.650035518410769],[92.756522570474431,11.650145615970215],[92.756664716291709,11.650297415532794],[92.756883174890717,11.650590415367445],[92.756906278661489,11.650646007763681],[92.756936582429319,11.650720611022807],[92.756972938147186,11.650786549043231],[92.757013770170076,11.650851084636081],[92.757036660141864,11.650924144659491],[92.757021157016695,11.650976372609453],[92.756996594381874,11.651040140967226],[92.756957489819229,11.651077534486117],[92.756920101937098,11.65109602184986],[92.75686939203932,11.651109986130034],[92.756799414176996,11.651119356063145],[92.756756188143854,11.651129040086591],[92.756696524737634,11.651145810945771],[92.756650149211083,11.651170016162569],[92.756619926291663,11.651210424757849],[92.756587807926977,11.651284295867347],[92.756564393339104,11.651375738425161],[92.756573462730231,11.651485032191864],[92.756589909984754,11.651598779485427],[92.756634907495666,11.651808946199063],[92.756673862039634,11.652019496347828],[92.756670859869956,11.652265131974406],[92.75666219741565,11.652403787899472],[92.756659596792915,11.65252759886587],[92.756656544317579,11.652551969364989],[92.756650905592537,11.652564063114365],[92.756641028615974,11.652580852362725],[92.75663302911839,11.652599022897981],[92.756609118660478,11.652653336541405],[92.756509615869732,11.653017659278614],[92.756500698293905,11.653055473075646],[92.756493391397385,11.653135972984073],[92.756487651162686,11.653266962784983],[92.756492788627824,11.653332089026557],[92.756524822550858,11.653514369222465],[92.756526211346269,11.653522270691115],[92.756532812166967,11.653538626141037],[92.756575632161613,11.653606302853406],[92.756618868974584,11.653674636758293],[92.75665106998423,11.65371989355433],[92.756810608982093,11.653895621646734],[92.756989983679674,11.654100485849158],[92.757275532955674,11.654508375028859],[92.757349765239184,11.654635329443845],[92.757364816511782,11.654661071357978],[92.75737900091012,11.654693835790225],[92.757400472442043,11.654786751761037],[92.757416245960101,11.654865501257415],[92.757451596463156,11.655230095588792],[92.75745108083018,11.655327033791965],[92.757430791481184,11.655527697691777],[92.757414849079836,11.655676730888629],[92.757395329587027,11.655858040896216],[92.757386612335523,11.655939012440051],[92.757389463588211,11.65611183230212],[92.757378310105651,11.6561742648398],[92.757375242358961,11.656187868150898],[92.75736947427653,11.656200233597085],[92.757348753736181,11.656225434295477],[92.757335747029188,11.656237585071271],[92.757314721959943,11.656246521095124],[92.757307654913618,11.656249525576829],[92.757290433311297,11.656251281636981],[92.75726811376974,11.656247132548936],[92.757186673404419,11.656224349514721],[92.757134098604084,11.656208447314718],[92.757037794714066,11.656182570056353],[92.756947116074315,11.656182962442632],[92.75684881073785,11.656199279904902],[92.756780848695001,11.656232240348816],[92.756775539651699,11.656234815493299],[92.756669073120861,11.656310725498532],[92.756561067775905,11.656390984281156],[92.756471003583854,11.656462717885406],[92.756368977425481,11.656540134906466],[92.756279999296567,11.656598522959913],[92.756193293905355,11.65664582918655],[92.755989608999514,11.656712298952295],[92.755866139156964,11.656741419940035],[92.7557785435353,11.656747944448536],[92.755730267173604,11.656745194230995],[92.755654937148847,11.656735543835236],[92.755642703891297,11.65673397693258],[92.755636211766756,11.656731161610548],[92.755601302336487,11.656716022215925],[92.755550972426065,11.656688043190655],[92.755525907633015,11.656673367442091],[92.755496462654619,11.65665341560188],[92.755461551427729,11.656628195586975],[92.755438091924091,11.656610853196266],[92.755412454904189,11.656592464735853],[92.755389525406585,11.656573523766975],[92.755374802019062,11.656563547843481],[92.755305722472016,11.656515300228788],[92.755288261019544,11.656503105475668],[92.755277089570669,11.656495035172375],[92.755270798668732,11.656489645585589],[92.755259616440071,11.656480215128214],[92.755246334848579,11.65646876291547],[92.755231981566993,11.656453578637253],[92.755213535560927,11.656438862406015],[92.755199493994724,11.656427660051666],[92.755168078112604,11.656405471769737],[92.75515203689659,11.656396080020235],[92.755140198897777,11.656391413618278],[92.75513167568235,11.656388930853096],[92.755109456752109,11.656388084495868],[92.755052411036644,11.656388790966602],[92.754998922649662,11.656393555025213],[92.754970200815094,11.656398850476396],[92.754900823925695,11.656418131055796],[92.754883169335443,11.656423037639692],[92.754860525502068,11.6564353388508],[92.754814146382245,11.656475334059184],[92.754746110677587,11.656548167377544],[92.754711079076444,11.656590624218158],[92.7546760474753,11.656633081052282],[92.754352997129473,11.657042437516944],[92.75424220251557,11.65719337024021],[92.754144383167656,11.657375559043796],[92.754028238187942,11.657642914472028],[92.753907244102308,11.657899698153329],[92.753893527726262,11.657947568100015],[92.753884100805664,11.658019547641789],[92.753882450600486,11.658032145269358],[92.753883823226246,11.658047375210023],[92.753899170044562,11.658109404371642],[92.753617779968337,11.657781751587683],[92.753141932480844,11.657113442489374],[92.752959693055814,11.657087661212111],[92.752722782162564,11.656877450983689],[92.752210486430741,11.656873484900855],[92.75186828130812,11.656550235760813],[92.751315488624968,11.656296396367095],[92.750705998772702,11.656558168815513],[92.75041441641126,11.656812007969963],[92.749770831002351,11.656954303945424],[92.74943234849826,11.656566100990164],[92.749073944056065,11.656629561018679],[92.749051670328598,11.656579983175069],[92.749031421403785,11.656550235760813],[92.749009147676333,11.656532388366491],[92.748958525813421,11.656514540091244],[92.748911953555833,11.656504623991236],[92.748839057965469,11.656504623991236],[92.748764136674154,11.656514540091244],[92.748703390798028,11.656520489223194],[92.748646693628842,11.65651850617922],[92.748614295888132,11.656492725726508],[92.748592022160665,11.656457029169756],[92.748587972555356,11.656399519116164],[92.748594046963319,11.656324159883399],[92.74860522470037,11.656247611154518],[92.748606520071021,11.65619303603647],[92.748589673066192,11.656127037713977],[92.748549499508357,11.656054693448533],[92.748428970750069,11.655845583936566],[92.748377141551444,11.655769123054922],[92.748342189900356,11.655722306722737],[92.748307723339536,11.655710667083149],[92.748255324609005,11.655692970959009],[92.748206079863451,11.655671394073467],[92.748164610036682,11.655640933930748],[92.748112772753203,11.655605395627022],[92.74798706790223,11.655507667467765],[92.747952078521934,11.655469590946687],[92.74793782315669,11.655431515300162],[92.747931343608556,11.655389631907017],[92.747915791974336,11.65537059319916],[92.747871730507967,11.655350285829169],[92.747849523255823,11.655350693173125],[92.747770425696771,11.655387876721212],[92.747355958296012,11.655514920473017],[92.745983973938991,11.655505129267805],[92.745426927733007,11.655531900457866],[92.745279314768894,11.655344495034811],[92.744474046083567,11.655106050922042],[92.744481479642545,11.655084941161194],[92.744492647498163,11.655053222849514],[92.744502041181065,11.655026542232019],[92.74451538295969,11.655006216361226],[92.744538118421204,11.654959208985218],[92.744572914663749,11.654911600701992],[92.744619203053716,11.654864205320781],[92.744698299714472,11.654811528526858],[92.744799544338576,11.654768147630266],[92.744885169954813,11.654748415601778],[92.744935590595105,11.654727865363043],[92.74494982799402,11.654720118772522],[92.744979885623437,11.654698428317934],[92.744998284018763,11.654665960377047],[92.745001740735987,11.654641136969104],[92.745000121971827,11.654601402795686],[92.744993168113226,11.654580970438598],[92.744971559139046,11.654548236785866],[92.744945665201016,11.654526499688711],[92.744903022174455,11.65449918556808],[92.744761577941375,11.654452085727764],[92.744747359407086,11.654448847201023],[92.744690235538172,11.654444073431351],[92.744666908985167,11.654444073431351],[92.744644878701152,11.654444073431351],[92.744613776331079,11.654447881185716],[92.744589153509139,11.654458034903884],[92.744569134553018,11.654468800079416],[92.744525745026479,11.65450550073802],[92.744486319765301,11.654538847612955],[92.744068688498146,11.654882797128023],[92.743508681444951,11.655344495034811],[92.743350488123426,11.655449849290317],[92.743304612060186,11.655466891744403],[92.743216384024564,11.655487704986285],[92.743174032950506,11.655491475775111],[92.74313712836198,11.655486813756912],[92.743087885413047,11.655468441058375],[92.743074829298706,11.65546204760884],[92.743018631592847,11.655421755764534],[92.743000000533854,11.655399858613547],[92.742980993080764,11.655369286707357],[92.74294867529008,11.655301114221448],[92.742910708892921,11.65520815531279],[92.742882234095063,11.655121393636701],[92.742869578629325,11.655025335155273],[92.742866414762901,11.654992799508518],[92.742867996696134,11.654910685716343],[92.742872742495777,11.654861106686132],[92.742875906362215,11.654777443537252],[92.742860087030053,11.65470927354542],[92.742847431564314,11.654684484453346],[92.742813901946349,11.654643794829038],[92.742793028692404,11.6546278942981],[92.742757260472743,11.654616313558961],[92.742736695340952,11.654616313558961],[92.742672089404024,11.654621240409977],[92.742639532661499,11.654628072896449],[92.74257931948631,11.654649726405165],[92.742489033410365,11.654698109832278],[92.74245070319553,11.654720855160534],[92.742322986118282,11.654709892920772],[92.742231867304099,11.654717825148248],[92.742003054723128,11.654791201760547],[92.741968632179734,11.654791201760547],[92.741806641679517,11.654727741312021],[92.741699322647463,11.654717825148248],[92.741648700784566,11.654717825148248],[92.741427988312509,11.654557191339745],[92.741308520464557,11.654400523556609],[92.741259923404343,11.654346979196184],[92.741164754086512,11.654293434825465],[92.74107565917663,11.65423988956465],[92.740952140825058,11.654192294355093],[92.740869121221436,11.654148665259196],[92.740715229931808,11.654047525615894],[92.740559313839512,11.654091153847864],[92.740539064914714,11.654095120850247],[92.740518816888198,11.654097103911525],[92.740478319038559,11.654083221602539],[92.740344676673743,11.653966216558468],[92.740227233628445,11.654019760992263],[92.740249507355912,11.654097103911525],[92.740249507355912,11.654166513686485],[92.740237357641689,11.654233940383822],[92.740200910295655,11.654307316244175],[92.740140163521204,11.654400523556609],[92.740065243128214,11.654501663951169],[92.739982222626253,11.654594871198389],[92.739536748975198,11.65399794643163],[92.738751094105794,11.652948863317082],[92.737185685400121,11.65085856387322],[92.736580968296934,11.650051076958697],[92.737074491934266,11.649256218276415],[92.737193959782189,11.64906385087729],[92.737353925479781,11.648831818731589],[92.737479468634007,11.648657299819906],[92.737501741463149,11.64860573657338],[92.737509841572077,11.648566073681613],[92.737509841572077,11.648526409904377],[92.737499716660523,11.648476830614786],[92.737489592647265,11.648431217519768],[92.737434921179073,11.648318176300695],[92.737357975085104,11.648179352931791],[92.737293178705329,11.648080194219888],[92.737430870675439,11.647148096727902],[92.737447069994957,11.647046954536556],[92.737426821070159,11.647005307430637],[92.737396448132088,11.646967626542814],[92.737376199207247,11.646955727869694],[92.737333676554982,11.646939862091619],[92.737299254011603,11.646912097637612],[92.737250656053021,11.646844669163618],[92.737157511537859,11.646670148124425],[92.736999571541247,11.646372669387635],[92.736981347419061,11.646319122600524],[92.736981347419061,11.64628342561657],[92.736995521037642,11.646249710865437],[92.737027919676635,11.646215996990076],[92.737070442328942,11.646190214701639],[92.737133213007738,11.646200131169751],[92.737212183904361,11.646271526034344],[92.737329626949673,11.646392500550832],[92.737384298417851,11.646442081092035],[92.737422771464836,11.646481744286884],[92.737485543041956,11.646529341696942],[92.737538189707507,11.646551156843877],[92.737615134903166,11.646563055534314],[92.737688031391812,11.646563055534314],[92.737754852574255,11.646549172848943],[92.737815598450368,11.646525374586545],[92.737892544544366,11.646473811824329],[92.738435212315906,11.646097004635289],[92.738491909485077,11.646055357387084],[92.738514183212544,11.646033542201243],[92.738528356831111,11.645995862061501],[92.738534432137385,11.645944298321252],[92.738532407334716,11.645906618169461],[92.738516208015199,11.645853071292567],[92.738483809376149,11.645765810475417],[92.738427113105317,11.645666650902527],[92.738386615255692,11.645595255882583],[92.738329918984846,11.64553774270108],[92.738263097802431,11.645464364525195],[92.738210451136894,11.645400901946701],[92.738167928484586,11.645359254594174],[92.738129455437601,11.645311657863624],[92.738107181710134,11.645260094876313],[92.738088957587962,11.645208531879435],[92.738088957587962,11.64514903549278],[92.738101107302199,11.645014177673156],[92.738204375830634,11.644599687296905],[92.738254997693502,11.644097935841886],[92.738275246618343,11.644028523552212],[92.73829954514845,11.643982909727283],[92.738335993392795,11.643937295894872],[92.738364341528197,11.643909530261185],[92.738684272923408,11.643792520933861],[92.738990030700009,11.643709226620599],[92.7392471905181,11.643635847082241],[92.739334260625327,11.643616014842605],[92.739364633563383,11.643614031706546],[92.739407156215648,11.643614031706546],[92.739445629262661,11.643633863946347],[92.739504350336148,11.643675511557289],[92.739846555458826,11.644111818649659],[92.740306203626744,11.644653234415216],[92.740464144521695,11.644833706102746],[92.740512741581938,11.644873370406909],[92.740563363444835,11.644905101318255],[92.740628159824567,11.644920967212496],[92.740688906599019,11.644930882846044],[92.740769902298325,11.644930882846044],[92.740871146024091,11.644938815352619],[92.740948091219749,11.644944765612241],[92.741029086919042,11.644954681244938],[92.741099957706737,11.644966580883525],[92.741166778889138,11.644990379279363],[92.741231575268912,11.645028059555349],[92.741498859100219,11.645266044249208],[92.741814740890121,11.645555591681443],[92.741851189134437,11.645579390026853],[92.741885611677816,11.64560318837024],[92.741938259241678,11.645628969833259],[92.742003054723128,11.645666650902527],[92.742059751892285,11.64568846611717],[92.742126573074685,11.645726147178383],[92.742209593576604,11.645767794475937],[92.742282489166968,11.645815391128398],[92.742367533573258,11.645872903372654],[92.742545723392993,11.646037509318649],[92.742618618983371,11.646108904225009],[92.742673291349874,11.646190214701639],[92.742711764396844,11.646279458502663],[92.742725938015411,11.646329039064032],[92.742851481169637,11.646289374967571],[92.742934500773231,11.646249710865437],[92.743084342457578,11.646138651877285],[92.743203810305531,11.646013711012451],[92.74331315414021,11.645906618169461],[92.743404273852732,11.645843155691917],[92.743462994926233,11.645807457766992],[92.743495393565297,11.645807457766992],[92.743531840911288,11.645815391128398],[92.743578413168905,11.645819357369078],[92.74361891101853,11.645811424007825],[92.743712055533692,11.645757877992404],[92.743831524279983,11.645700365724382],[92.743884170945506,11.64568648299592],[92.743934792808403,11.645684499874619],[92.743985414671315,11.64568846611717],[92.744044136643112,11.645706315087864],[92.744086659295377,11.645736062783206],[92.744129181947685,11.64579159280318],[92.744143355566223,11.645843155691917],[92.744127156246734,11.64591058440883],[92.744104882519238,11.645966113514103],[92.744074509581182,11.646025609725902],[92.744048186248392,11.646081139688002],[92.744040087037789,11.646122786052535],[92.744050211051047,11.64615451770112],[92.744080583989145,11.646170383524053],[92.744131206750339,11.646180299113011],[92.744208151945998,11.646184265348513],[92.744287121944296,11.646202114287362],[92.744362043235625,11.646229878812258],[92.744424813914435,11.646257643334405],[92.744489610294181,11.646311190133336],[92.744532132946475,11.646374652504038],[92.744570605993474,11.646444064207929],[92.74460097893153,11.646507526548287],[92.744643501583838,11.646531324812212],[92.74470829796357,11.64654124038832],[92.74476296943179,11.64654124038832],[92.744813592192983,11.646535291042674],[92.74485813874962,11.646509509663685],[92.744876362871778,11.646481744286884],[92.744890537388628,11.646434147748556],[92.744896611796619,11.646370685391441],[92.744908761510814,11.646309207016527],[92.744910786313483,11.646257643334405],[92.744922935129367,11.646208063640106],[92.744941159251539,11.646160467054882],[92.744971532189595,11.646116836697972],[92.745016079644529,11.646063290741417],[92.745078851221635,11.646001811418685],[92.745196294266933,11.64583918945157],[92.745273240360916,11.645742012145961],[92.745317787815878,11.64568846611717],[92.745348160753949,11.645640869443017],[92.745380558494659,11.645611121737435],[92.745425105949593,11.645587322514929],[92.745465603799232,11.645573440660637],[92.745500027240908,11.645561541048016],[92.745550649103805,11.645553608559215],[92.745591146953458,11.645559557925839],[92.745627594299464,11.645583356270905],[92.74567416655708,11.645615087981065],[92.745704539495136,11.64563293695643],[92.745747062147416,11.645642852564585],[92.745801734513933,11.645630952954955],[92.745872605301642,11.645613104859256],[92.745929301572488,11.64558533939293],[92.745973849027422,11.645547659192477],[92.746010297271781,11.645513944352109],[92.746018559077413,11.645482054262132],[92.746025038625589,11.645443977247101],[92.746027630265175,11.645388130421058],[92.746021150717041,11.645358937857491],[92.745996995019027,11.645295580833873],[92.745935619423875,11.64518885812039],[92.745711424183469,11.644961662659572],[92.745747710731052,11.644946431121824],[92.745820282029612,11.644946431121824],[92.745879895130187,11.644961662659572],[92.745943395240985,11.64499466314877],[92.745987456707354,11.645032740225338],[92.746036701452894,11.645083510532496],[92.746121665909101,11.645188699751959],[92.746200635907414,11.645303725367672],[92.746253283471276,11.645394952576655],[92.74631807895274,11.645460398279413],[92.746362626407674,11.645506011861933],[92.746442120123788,11.645540237880731],[92.746502343180424,11.645543692947879],[92.746569164362867,11.645541708945755],[92.746635985545254,11.64553377645638],[92.746712931639223,11.645507994984506],[92.746791901637536,11.645470313893727],[92.746855588597924,11.645436954492851],[92.746921428820059,11.64541287459156],[92.746992365184752,11.645396935700017],[92.74707943529198,11.645389003206507],[92.747200927942586,11.645375120462486],[92.747449988550059,11.645375120462486],[92.747709173170776,11.645394952576655],[92.748057452701389,11.645432633677638],[92.748233617718498,11.645430649674726],[92.748268041160188,11.645424700305353],[92.748300438900898,11.645404868193284],[92.748330811838969,11.645375120462486],[92.748363210478004,11.645333473106154],[92.748399657824052,11.645307691615692],[92.74846242940113,11.645295791991712],[92.748547474705703,11.645283893247015],[92.748624419901375,11.6452779438745],[92.74871958921922,11.645266044249208],[92.748794510510535,11.645248195250284],[92.748887655025712,11.645222413751922],[92.748990923554146,11.645182749497566],[92.749146839646428,11.645121270859939],[92.749395900253887,11.644998311784233],[92.74953561702668,11.644936832225989],[92.749699632329566,11.644861470764329],[92.749891153148141,11.644790716930736],[92.749930468814881,11.644776192763691],[92.750441008340275,11.64458758352284],[92.750452567861359,11.64458022817249],[92.750464126484104,11.644572874581611]]]},"properties":{"objectid":12292,"id":"12292","name":"Ward No 12","code":"12","town":"Port Blair","district":"South Andamans","state":"Andaman and Nicobar Islands","st_area(shape)":2469700.0111298235,"st_perimeter(shape)":7987.9787868117737}}]}