{"type":"FeatureCollection","features":[{"type":"Feature","id":2446,"geometry":{"type":"Polygon","coordinates":[[[81.697298964374454,21.215872630890392],[81.696959359874555,21.215751056839281],[81.696190941878825,21.215751448757153],[81.695451863758592,21.215507299622981],[81.695055103948761,21.215274936970207],[81.693852221155765,21.216842802885214],[81.693637433971332,21.21712276056002],[81.692681172859807,21.218158159192406],[81.692008027488185,21.218855802714259],[81.691180455430981,21.219660488157608],[81.690457814683839,21.220391346114166],[81.689450077411607,21.221365816921328],[81.689095686642105,21.2217293960862],[81.688828408200678,21.222087437496707],[81.688202779216027,21.223144947734347],[81.687757729569753,21.224007465533177],[81.687647203552132,21.223970845028344],[81.686717337638584,21.223650179917701],[81.686480839072047,21.223522415608244],[81.686416340034654,21.223387134793178],[81.686402903034633,21.223254358484027],[81.686421714655012,21.223068973884338],[81.686467402072026,21.222893609271029],[81.686515776350092,21.222755822403652],[81.686531901109433,21.222618036244988],[81.686496964729741,21.222472733516142],[81.686448589553351,21.222365009535498],[81.686333028478572,21.222219706557421],[81.685653097233285,21.221841418051476],[81.685104852720457,21.221523253809494],[81.684484045892219,21.221215110052153],[81.6838363641656,21.221220121055936],[81.683137620401652,21.221157489358269],[81.682567876509125,21.220844334658096],[81.682231941627151,21.220809261725755],[81.681753571670356,21.220734103978533],[81.681503636103827,21.220663957215695],[81.681277888574598,21.22051614788613],[81.681113952323457,21.22047105281785],[81.680907016414594,21.220478568523969],[81.680313084484709,21.220453515889645],[81.680127648853883,21.220423453057837],[81.680081961436855,21.220365832892195],[81.680087336955523,21.220300696151902],[81.680173336270911,21.219824697311278],[81.680181398650603,21.219714465870009],[81.680181398650603,21.219644318622453],[81.679952963362027,21.219591707536846],[81.6799368386027,21.219443897133271],[81.679928776223022,21.219311118113158],[81.679920712945048,21.219256002210994],[81.679893838945006,21.219228443833483],[81.679856213907641,21.219205896523025],[81.67984277690762,21.219140759270701],[81.679834714527942,21.218957875043046],[81.679845463768643,21.218862674531458],[81.679807839629575,21.218800041833191],[81.679474592506963,21.218769978664533],[81.679055346068893,21.218727389444233],[81.678996221651857,21.218714862560255],[81.678853785678726,21.218552019671097],[81.678676412427563,21.218336565069215],[81.678413039860985,21.217980814109502],[81.678361977823599,21.217893128805407],[81.678284040887846,21.217848033773006],[81.678128167914693,21.217845528213868],[81.677571860123891,21.217830496533093],[81.677233238380907,21.217848033773006],[81.677286988177599,21.21740960633705],[81.677276238038601,21.216610413025034],[81.675956688344698,21.216612918605108],[81.675024133773547,21.216605402702115],[81.67457962581139,21.216616626729579],[81.674386987488589,21.216594178673837],[81.674134579758388,21.216640476633611],[81.673377048445573,21.215832981053996],[81.673372848821643,21.215230135077238],[81.672629594433644,21.214975686295858],[81.671747766828261,21.214744724675832],[81.671155681834591,21.214533336140956],[81.669660773810733,21.214231910806337],[81.668506000292794,21.214059667720875],[81.667974887550741,21.214100066705679],[81.666840773487678,21.214135141232511],[81.666088279926981,21.214157689317638],[81.665763096082358,21.21418274302069],[81.665569598071841,21.214212807123754],[81.664835917029833,21.214360623603802],[81.665316974745949,21.220000065571973],[81.663760927383834,21.220082738581915],[81.663639990790386,21.220115307003791],[81.66351099181729,21.220187959546852],[81.663368555844158,21.220303200831907],[81.662396193329499,21.221364171431262],[81.662383870240419,21.221377898083748],[81.662196609232893,21.221111378718614],[81.661926252265019,21.220758544423635],[81.661744954274369,21.220503554161663],[81.661585920129724,21.220236703279333],[81.661445970693293,21.22001432745456],[81.661342580892324,21.219782842802633],[81.661237053999258,21.219537519589664],[81.66117712469169,21.219388138986652],[81.661151069056885,21.219354133407162],[81.661119801396779,21.219341988435804],[81.661020789086166,21.2193711361979],[81.660865755139483,21.219411213837969],[81.660768044487739,21.219442790076663],[81.660670334734277,21.21948408277952],[81.660606496856914,21.219507157615833],[81.660525723041502,21.219548449463261],[81.660467097189468,21.21958852705519],[81.660413682464352,21.219637106016048],[81.660348542029823,21.219709974846037],[81.660254739947845,21.219796201979939],[81.660157030194426,21.219895789069135],[81.659986362866832,21.220040310522663],[81.659758372244355,21.220255271917278],[81.659674992416299,21.220345142283126],[81.659598127170725,21.220399185900064],[81.659463775136828,21.220446626561039],[81.659335530748535,21.220476987504142],[81.659272425896461,21.220476987504142],[81.659146217090623,21.220476987504142],[81.65903425736181,21.220461807033352],[81.658922297632998,21.220439035486869],[81.658785910915014,21.220387800541129],[81.658439853816418,21.220218913426653],[81.658126366036768,21.220114544963742],[81.657700919426631,21.219922886747778],[81.657369111405103,21.219786258591878],[81.657124836123145,21.219666709270417],[81.656595572113915,21.219469356920385],[81.656308547804244,21.219334625918023],[81.656029666722617,21.219209383505639],[81.655760963553121,21.219108809481458],[81.655561471983034,21.219010132966389],[81.655337552525438,21.21884693701443],[81.655148238867497,21.218725489350728],[81.654950782879865,21.218611631918208],[81.654730934587107,21.218442742770964],[81.654492766052456,21.218294727724246],[81.654299380331352,21.218165688415016],[81.654134494560935,21.218029058632222],[81.653895582221267,21.217755978732455],[81.659906690385966,21.214244971520035],[81.659871685734302,21.214016543691287],[81.659953363254886,21.213728288603239],[81.660093381861572,21.213342135658266],[81.660262570562168,21.213015807247057],[81.660595115202256,21.212548069799997],[81.664935694705079,21.208550482882622],[81.669679061713282,21.204221002026003],[81.669887142974105,21.204028601251526],[81.671045644500509,21.20295737895691],[81.672012706955002,21.202069703338516],[81.672423428381023,21.201707669535789],[81.67265865942467,21.201592793127123],[81.672867753985159,21.201488359570099],[81.673229935843082,21.201429180940437],[81.673599585395976,21.201380445235699],[81.674585316638698,21.201373482990867],[81.676377556241832,21.201422218697896],[81.677770275512245,21.201390889021116],[81.678457300753337,21.201349115550055],[81.680066582279181,21.201394369724401],[81.680843218961428,21.201376964532088],[81.681298746557175,21.20137000228706],[81.681597452558819,21.201307342067214],[81.682736271997314,21.200847834651025],[81.683049913388871,21.200593712841496],[81.683315015212372,21.200370920494514],[81.683535311764473,21.200134203205309],[81.683684664765266,21.199848750164179],[81.683983371665249,21.199326577988039],[81.684043113224888,21.199135113891803],[81.684188731929069,21.198647750227074],[81.684535978397122,21.197338824076553],[81.684704001084484,21.196555550975038],[81.684793613423977,21.196155210381789],[81.684853354085305,21.195890636326425],[81.685040045560896,21.19544503711095],[81.685245406723041,21.195117799776234],[81.685476904368429,21.194828855346888],[81.685708402013759,21.194567760618174],[81.685958568447347,21.194386734635252],[81.686134058829666,21.194275333404711],[81.686399160653153,21.194122157413151],[81.68657838443383,21.194024681166496],[81.686761342511105,21.193962018668696],[81.687948700619359,21.193631296325854],[81.688650661250364,21.193455491368756],[81.689352621881355,21.193279685364949],[81.690095654385473,21.193074288998375],[81.690663196507217,21.19296288677835],[81.690741210698079,21.192941802863555],[81.691598994894903,21.194693158777934],[81.693419637430694,21.195824813727427],[81.694405817831068,21.199431905873976],[81.695847159314553,21.202968184432514],[81.695056526880165,21.20918557188406],[81.696647555537751,21.214165624065423],[81.696819977275084,21.21470530734403],[81.696992398114077,21.215244988649395],[81.697040599017271,21.215452757616784],[81.697156349636558,21.215655897805547],[81.697281650245671,21.215800326269122],[81.697298964374454,21.215872630890392]]]},"properties":{"objectid":2446,"id":"2409","name":"Babu Jagjivan Ram Ward","code":"53","town":"Raipur","district":"Raipur","state":"Chhattisgarh","st_area(shape)":8308896.2605652306,"st_perimeter(shape)":15604.532064947663}},{"type":"Feature","id":2447,"geometry":{"type":"Polygon","coordinates":[[[81.581257020524831,21.241109985125195],[81.580819463726357,21.24106648385078],[81.580574431164607,21.241148049881019],[81.580422744340694,21.241126298832388],[81.580329398602899,21.241115423306901],[81.580218550090095,21.241180676447925],[81.580160209003978,21.241218741185506],[81.580020190397249,21.241235054043401],[81.579909341884445,21.24115892540414],[81.579862669015554,21.241017543541151],[81.579821830704432,21.240903349980346],[81.579804327929423,21.240778281617963],[81.579786826052739,21.240653212312164],[81.579740153183849,21.240528143737563],[81.579687645757176,21.24044657652702],[81.579489286064359,21.240354133689657],[81.579250087162066,21.240310631354919],[81.579075063903687,21.240234502238195],[81.578806694907513,21.240185562489653],[81.578660841743016,21.240185562489653],[81.578526657694098,21.240294318394724],[81.578386639087398,21.240462890307683],[81.578159108402332,21.24053358110347],[81.578007421578405,21.240539019306407],[81.577709881589982,21.240582521573756],[81.577243152900976,21.240626023828291],[81.576904774601445,21.240653212312164],[81.576613068272465,21.240713028298792],[81.576169676017926,21.240876161542566],[81.575796293066716,21.241022980888989],[81.575568762381664,21.241115423306901],[81.575329563479372,21.241126298832388],[81.575119535569328,21.241028419073874],[81.575008687954821,21.240859847807691],[81.574973683303156,21.240658650510738],[81.574991185179854,21.240234502238195],[81.575037858048745,21.239837543054222],[81.575119535569328,21.239505835846415],[81.575189544872686,21.239304635864123],[81.575312061602688,21.239081685094206],[81.575376237246601,21.238956614348965],[81.575422910115492,21.238809792107194],[81.575422910115492,21.238652094849257],[81.575399573681025,21.238559650886589],[81.575405407340526,21.23818987613085],[81.575358734471592,21.237809224678188],[81.575288725168249,21.237608022380375],[81.5749795169626,21.236998976343397],[81.574716982524194,21.236640073529703],[81.574489451839156,21.23635186264335],[81.574343598674659,21.236139783301411],[81.574256087494646,21.235976644816439],[81.57416857541628,21.235851571437088],[81.574051893244032,21.235612301129667],[81.574016888592368,21.235432847725647],[81.574046059584575,21.235247956542569],[81.574075229678485,21.235133759350006],[81.574133570764616,21.235030437206863],[81.574238584719637,21.235041313181281],[81.574337765015201,21.235090254637552],[81.574460280846907,21.235150072881225],[81.574588631236409,21.235237080583435],[81.574804493704221,21.235231643022178],[81.574851166573126,21.235112006576713],[81.574927010434266,21.234905363024879],[81.575008687954821,21.23473134717765],[81.575061194483197,21.2345953975728],[81.575177876655459,21.234454009415337],[81.575265388733797,21.234241926506318],[81.575282890610481,21.234100538009965],[81.575294558827707,21.233915645156294],[81.575271222393241,21.233670933251329],[81.575253720516571,21.23337727893173],[81.575341231696598,21.233306583867282],[81.575446246549959,21.233192385171204],[81.575562928722221,21.233127127657184],[81.575749620197797,21.233072747071187],[81.575877970587285,21.233094499307974],[81.576035491070684,21.233127127657184],[81.576163842358469,21.233148880723281],[81.576286358190174,21.233127127657184],[81.576356367493531,21.233050994831171],[81.576391372145196,21.232925919807524],[81.576408874920205,21.232670330111628],[81.576397206702978,21.232414739972768],[81.576397206702978,21.232159150228259],[81.576379703927998,21.231979692621788],[81.576257188096264,21.231832864269851],[81.576193012452379,21.231756729938315],[81.575947979890643,21.231724101285934],[81.575772956632264,21.231718663595178],[81.575510421295547,21.231669720182573],[81.575393739123271,21.231550081684581],[81.575317895262145,21.23128905189758],[81.575335398037154,21.231076964436753],[81.575387905463828,21.230935572905882],[81.57547541664384,21.230728923501552],[81.575656274460002,21.230505959764475],[81.575767122074481,21.230440701061667],[81.575930477115662,21.230386319485067],[81.576047159287882,21.230331937888415],[81.576117169489578,21.230217736888868],[81.576052993845664,21.230043715510082],[81.575940322651149,21.229870033053263],[81.575791858982484,21.229773111288825],[81.575679844456417,21.229773111288825],[81.575541692548896,21.229776592160231],[81.575433411421173,21.229800954908288],[81.57532886369178,21.229863603032857],[81.575269122132141,21.2299401720894],[81.575228050259014,21.230037624624142],[81.575164575301031,21.23017684158188],[81.575056294173336,21.230343901925142],[81.574985351520397,21.230444834211379],[81.574895739180903,21.230497041174463],[81.574794925748151,21.230497041174463],[81.574649306145645,21.230497041174463],[81.574507420839765,21.230493560320067],[81.574421542796912,21.230556208150471],[81.574354333542303,21.230660620304615],[81.574201246244854,21.230848562665667],[81.573868935166743,21.231186162479347],[81.573697179081066,21.231391506663208],[81.573652372911312,21.23149939905673],[81.57364863951301,21.2315829280843],[81.573663574902923,21.2316768987071],[81.57371584876762,21.231774350094259],[81.573738251852461,21.231854398981124],[81.573704646776008,21.231927487020911],[81.573626236428126,21.231979692621788],[81.57348061682562,21.232052780599449],[81.573327529528186,21.232139790129221],[81.572733850923186,21.232432142342507],[81.572528489761027,21.232536553168512],[81.572349265980392,21.232616601641677],[81.572177509894715,21.232658366263674],[81.572039357987165,21.232675768604658],[81.571904940376243,21.232679248570193],[81.571770521867023,21.232679248570193],[81.571647305349387,21.232595720163605],[81.571591298086346,21.232515670841778],[81.571553959611606,21.232386897684101],[81.571553959611606,21.232244201999528],[81.571583830391418,21.232091065401747],[81.571658507340999,21.231934447824571],[81.571721982298968,21.231854398981124],[81.571912408071213,21.231725624408725],[81.572005753809009,21.2316768987071],[81.572188710987987,21.23154116315775],[81.572240984852684,21.231443712453849],[81.57222231606444,21.231356702513406],[81.572173775598074,21.231287094189192],[81.572054293377064,21.231280133354947],[81.571882537291359,21.231353221679303],[81.571729449993896,21.231398467492209],[81.571572629298146,21.23141238831181],[81.571367268135987,21.231429790799861],[81.571124569397369,21.231443712453849],[81.570956546709965,21.231433270794799],[81.570732516759605,21.231440231621804],[81.570497285715916,21.231429790799861],[81.570314327638641,21.231405427483505],[81.570217247604177,21.231394986659083],[81.569961801771697,21.231297274607517],[81.570438883544355,21.230615538385369],[81.571007640188412,21.229482169769156],[81.571433594346672,21.228370450755634],[81.571436709704074,21.228362319992083],[81.571443109302166,21.228342376592163],[81.571454175648142,21.228307889082306],[81.571759755558347,21.227355366262195],[81.572044211584654,21.22656071930945],[81.572439481987743,21.225752496746079],[81.573167141622378,21.224533361340832],[81.574299481512739,21.22308409463221],[81.575152220770917,21.222276035574435],[81.575961532773306,21.221662018233786],[81.577165874430335,21.220921754172128],[81.578225583733371,21.220479548287287],[81.579506829263551,21.219910885857381],[81.580813190790721,21.219370380853288],[81.580843093011609,21.219358008944923],[81.581568503264776,21.219057869680555],[81.58304719220618,21.218484702336664],[81.584487344320223,21.217988301470236],[81.58600460153005,21.217392523765241],[81.587806038983402,21.216562044099391],[81.588586362351549,21.216074510169825],[81.589544891709181,21.215352111525597],[81.590118115675097,21.214787722039727],[81.591192366007633,21.213604769916877],[81.591404148327442,21.213346868060167],[81.591427315878619,21.213318655372039],[81.591900531302301,21.212742388117253],[81.59265684000799,21.211934153515418],[81.592862572174369,21.21172049061726],[81.59372775040427,21.212196999641883],[81.594212324126403,21.2124069645071],[81.594498972940315,21.212489677780706],[81.594821647790383,21.212583477162983],[81.594905512708678,21.212588689447674],[81.594978196296637,21.212570446450428],[81.595048084327416,21.212541779716261],[81.595092812343722,21.212533961286642],[81.595148722588704,21.212562628022372],[81.595165495931681,21.212635599164152],[81.595176678160342,21.212700751849177],[81.595193450605024,21.212791965057356],[81.59522979284813,21.212896208894129],[81.595277316421601,21.213000452657315],[81.595336022223762,21.213104696346864],[81.595417091584878,21.213172454956823],[81.595473001829859,21.213219364487834],[81.595562458760782,21.213258455612714],[81.595640733463071,21.213279304655046],[81.595668688136385,21.213281910785128],[81.595791690854981,21.213253243351659],[81.595839214428466,21.213237607404857],[81.595889533559102,21.21320893996279],[81.595953830475565,21.213211546094119],[81.596043286508177,21.213250637221055],[81.596057264294018,21.213323608022783],[81.596068446522651,21.213417426973795],[81.596079628751326,21.213485185440209],[81.596048877622522,21.213592034912093],[81.596048877622522,21.213641550433472],[81.59602651406351,21.213704096551876],[81.596009740720547,21.213769248765299],[81.596034900735006,21.213881310270583],[81.596054468736853,21.213912582863568],[81.596143925667775,21.213946461568298],[81.596171880341117,21.213904764506577],[81.59618585812693,21.213870885792279],[81.596208222584252,21.213818764227241],[81.596238972814731,21.213758824279079],[81.596278109716707,21.21371973328673],[81.59631165640269,21.213704096551876],[81.596387134649476,21.213680641446544],[81.596484978251937,21.213659793298355],[81.596680663660152,21.213620701442306],[81.596853985509398,21.213594641036625],[81.596940646883155,21.21359724716115],[81.597030102915781,21.213628519814346],[81.59709439983223,21.213675429200428],[81.59714471896288,21.21373276306036],[81.597203424765013,21.213803127502917],[81.597253743895678,21.213873491911926],[81.597354383055261,21.213995976970828],[81.597432656859212,21.214110644419431],[81.597482975989877,21.214199251480039],[81.597519318233012,21.214287857650024],[81.597547272906311,21.214350403494585],[81.597580819592281,21.21442597902508],[81.597659093396246,21.214574525537678],[81.597692640082229,21.21462404072949],[81.597715003641241,21.214663131482393],[81.59777091388618,21.214741312957099],[81.597838006359822,21.214835131844488],[81.59789112104761,21.21486901033747],[81.597980577978561,21.214921131531671],[81.598075625125531,21.214957616105412],[81.598184650058286,21.21497585880762],[81.598257333646245,21.21497585880762],[81.598330016335865,21.214970646607199],[81.598444632382993,21.214970646607199],[81.598545271542591,21.214970646607199],[81.598589999558897,21.214973252707434],[81.598668274261144,21.21497585880762],[81.598875141898034,21.214973252707434],[81.598989757945176,21.214970646607199],[81.599068032647423,21.21499410150756],[81.599168670908711,21.215046222657588],[81.599246944712675,21.215085313298665],[81.59932801497213,21.215142646610996],[81.599378334102781,21.215173918936763],[81.59943983546205,21.215228646118973],[81.599473381249737,21.215272948901642],[81.599512519050009,21.215319858602573],[81.599571224852156,21.21536416135784],[81.599610361754131,21.215390221451127],[81.599671863113414,21.215411070192335],[81.599705408901102,21.215411070192335],[81.599800456946355,21.215400645822118],[81.599892708536146,21.215385009265336],[81.59995980100976,21.21534070651629],[81.600015711254741,21.21530161594287],[81.600068825942515,21.215262525359083],[81.600124736187496,21.215223433927523],[81.600163873089485,21.215192161612226],[81.600253330020436,21.215199979901037],[81.60031483137972,21.215226040023243],[81.600390309626519,21.215262525359083],[81.600454606542996,21.215285979375633],[81.600490948786145,21.215293797659466],[81.600577609261606,21.215293797659466],[81.6006279283922,21.215296403753964],[81.600695020865857,21.215306828131574],[81.600748135553644,21.215338100422557],[81.60080125024146,21.215431918093206],[81.600818023584424,21.215452766828548],[81.600854364929262,21.21549446345297],[81.600885116058066,21.215523130451174],[81.600924252960056,21.215554402696345],[81.600946617417364,21.215590887950967],[81.600530085688121,21.216654151805042],[81.60043643631974,21.216903189603318],[81.600462643769831,21.218002602905898],[81.600414595580247,21.219065360336245],[81.600416811724045,21.219112033518901],[81.600443647994837,21.21914539015982],[81.600475852597782,21.219190421989921],[81.600542050349389,21.219218775078215],[81.600608248100954,21.219228782147788],[81.600738854160127,21.219228782147788],[81.60078179363073,21.219263806048534],[81.600808630799847,21.219303834310491],[81.600833678524921,21.219343861724195],[81.600864093683768,21.219390561615928],[81.600881984530986,21.219445599588674],[81.600932080879431,21.219549004665975],[81.600933869425148,21.219599039895041],[81.600910611144144,21.219647406987892],[81.600889141408842,21.219710783783047],[81.600881984530986,21.219744140288601],[81.600869461117597,21.219820860306534],[81.600858726249982,21.219904251075409],[81.600856936805926,21.219972632107122],[81.600858726249982,21.220031006092693],[81.600858726249982,21.22008937921775],[81.600853358816153,21.220129407255794],[81.600769267522395,21.220673115060134],[81.600661475078184,21.221071305727282],[81.60055524570258,21.221279781631818],[81.600566427032916,21.221931266516354],[81.600714589766,21.221931266516354],[81.600745339996479,21.222864189215272],[81.600725771994661,21.223307195195972],[81.600750931110809,21.223351495553391],[81.60083479692743,21.223406219703033],[81.600971776533541,21.22347136763323],[81.600996936548015,21.223523485789173],[81.601005323219511,21.223588632830211],[81.600968980976361,21.22366159852038],[81.600857160486441,21.223718928500723],[81.600792863569964,21.223758016844499],[81.600750931110809,21.223846617275342],[81.600742544439299,21.223932612548374],[81.600773295568104,21.224594509440792],[81.600770500010981,21.224638810249051],[81.600829205813085,21.224680504277885],[81.60087113827224,21.22469874494077],[81.600896298286713,21.22474304571773],[81.600899092945582,21.22515738093572],[81.600903454266259,21.225212833771469],[81.600957128604506,21.225221172378252],[81.601001856620812,21.225241185702526],[81.601007224054626,21.225294554274864],[81.601009012600358,21.225411297174489],[81.601003645166529,21.225579741235446],[81.60092145740289,21.226210152251884],[81.600832001370264,21.227098747837005],[81.600798454684281,21.227476594969161],[81.600675451965685,21.228060301583838],[81.600670438468086,21.228079422733032],[81.600259368495756,21.228019651025633],[81.600123394104486,21.228001306103145],[81.599982053177669,21.227984628366066],[81.599930168283478,21.227984628366066],[81.599863970531899,21.22797628991546],[81.599810297091963,21.227964616251327],[81.599769147065459,21.227981293153338],[81.599738731906569,21.228017983000992],[81.599694003890249,21.228086360272183],[81.599558813728194,21.228259460351843],[81.598983791335044,21.229028290842518],[81.598604424705727,21.229558958410191],[81.600604670111196,21.230666315099807],[81.601781132553356,21.231323140972417],[81.600486255987065,21.231789358583498],[81.596571566862153,21.23320326128119],[81.593637007984171,21.234220174438803],[81.589996522413216,21.23560686274498],[81.584979185413005,21.237325251707695],[81.58435493534229,21.237608022380375],[81.583987386948849,21.237776597365073],[81.583269791140339,21.238282319488068],[81.582493854245698,21.239027305867069],[81.582102968519493,21.23960371661591],[81.5815837324038,21.240397636848869],[81.581257020524831,21.241109985125195]]]},"properties":{"objectid":2447,"id":"2410","name":"Madhavrao Sapre Ward","code":"69","town":"Raipur","district":"Raipur","state":"Chhattisgarh","st_area(shape)":7125486.4956280235,"st_perimeter(shape)":13454.130698642746}},{"type":"Feature","id":2448,"geometry":{"type":"Polygon","coordinates":[[[81.574021221166973,21.283899718848026],[81.572610604761167,21.287915804268998],[81.571291291324201,21.28755930894317],[81.564615028302285,21.283577980494918],[81.560856530154126,21.282426507938386],[81.557672845091687,21.283189873577548],[81.555455679002961,21.284029163480856],[81.553109394465181,21.284917324945695],[81.552120637696589,21.285168591085302],[81.550756365376287,21.285515284668691],[81.549544198494829,21.285781043021132],[81.548260727837686,21.285116645402507],[81.546692042077865,21.284319363628569],[81.541275833328569,21.281229036661056],[81.542872350692534,21.278442976322655],[81.543189960841033,21.277888713479626],[81.544218141074182,21.275083980441764],[81.544230620470131,21.275049937487093],[81.544794733722455,21.273511041721463],[81.546180807256405,21.269729781059397],[81.543455671722299,21.260128090731566],[81.54166744579183,21.251202851360887],[81.549406608034317,21.25392953881477],[81.555444585707505,21.254164008944052],[81.556537667423314,21.254206456486926],[81.556819748304022,21.254223982702985],[81.567213176191203,21.254869746208804],[81.567237648994507,21.259064395274667],[81.567634764537218,21.259700689961974],[81.568462675259255,21.26122838725189],[81.568824196855445,21.261868780579217],[81.569185717553324,21.262509171121398],[81.569423051553073,21.262822936347018],[81.569831487665013,21.263280722877123],[81.570295117166282,21.263645922375016],[81.570863615993829,21.264067701067443],[81.571382439782795,21.264360888207833],[81.572044767641771,21.264602638363002],[81.572933391900619,21.264870106281919],[81.574451227625502,21.265250733028157],[81.575764845743564,21.265610784201094],[81.577161254394824,21.266017126155532],[81.578552143797026,21.266382318865613],[81.579788489732664,21.266721793674126],[81.581124185745466,21.267117845790811],[81.582691696508917,21.267601336649541],[81.583486489939688,21.267894516752563],[81.584038430121609,21.26821855635848],[81.584401097069801,21.268428122496488],[81.584215383859529,21.268825414834389],[81.583975672019221,21.269251446363079],[81.583686524092229,21.26952312578727],[81.583418882731408,21.269850476819194],[81.58288599042676,21.27074122435446],[81.582353098122127,21.271656461287495],[81.581954026048734,21.272413586908314],[81.581514329463232,21.273226380303257],[81.581213233942933,21.273996858808541],[81.581064496288107,21.274445160589913],[81.580743619865245,21.275015995813028],[81.579588465461597,21.276516466146763],[81.578124103750667,21.278381159981553],[81.57793157771728,21.278576869785621],[81.577359835073239,21.279077016716958],[81.576461381448553,21.280071867898439],[81.575539592287754,21.281354835742864],[81.575040775776785,21.28212134924545],[81.574541958367504,21.282887858753671],[81.574021221166973,21.283899718848026]]]},"properties":{"objectid":2448,"id":"2411","name":"Veer Sawarkar Nagar Ward","code":"1","town":"Raipur","district":"Raipur","state":"Chhattisgarh","st_area(shape)":12810962.520332541,"st_perimeter(shape)":16060.686531727797}},{"type":"Feature","id":2449,"geometry":{"type":"Polygon","coordinates":[[[81.599224848851634,21.27674147221904],[81.599187097151813,21.276894400847567],[81.599166752107294,21.27694706430345],[81.599150926486928,21.277022904066605],[81.599151746648772,21.277028001066533],[81.599158325909912,21.277068870812663],[81.599164491047702,21.277107169866248],[81.599181317391285,21.277152782500035],[81.599184997788996,21.277162760523396],[81.599189359109715,21.277174582638608],[81.599211967010461,21.27721039553056],[81.599263964194037,21.27728623515798],[81.599306918037698,21.277328367988428],[81.599379262062442,21.277423166603523],[81.599408651345286,21.277461086367275],[81.599438041526454,21.277505325242242],[81.599474213089678,21.277555884896863],[81.599501342211255,21.277616977510618],[81.599517167831621,21.277675963169859],[81.599508124491649,21.277772868488832],[81.599469890396506,21.277868611879072],[81.599387093575103,21.278055783338804],[81.599372816650302,21.278115220006601],[81.599372816650302,21.278240374691158],[81.599437285144973,21.278344213136922],[81.599480265039716,21.278452778472726],[81.599560111793764,21.278540111331935],[81.599605055405746,21.278562983557364],[81.599630692425649,21.278601671461569],[81.599652181923886,21.278659521653704],[81.599651500102581,21.278784526039125],[81.599616106480369,21.278836895842907],[81.599609202927411,21.278959384675524],[81.599656850468392,21.279063599296038],[81.599845589204534,21.279286291158613],[81.599845589204534,21.279348867178999],[81.599888568200996,21.27946456695291],[81.599888568200996,21.279527143734533],[81.599748145352407,21.279715087372054],[81.59969516181863,21.279745483817194],[81.599657270879973,21.279784483636604],[81.59960200023545,21.279811218734661],[81.599554514391258,21.279855467784799],[81.599523244036178,21.279905974733605],[81.599523244036178,21.280406585902153],[81.599501754537954,21.280460867819087],[81.599457642765955,21.280506418307482],[81.599353876570831,21.280660807044821],[81.599333454271189,21.280718890804653],[81.599295522908307,21.28076955649879],[81.599222388366087,21.281005251190059],[81.599226428988231,21.281191838576778],[81.599331183330122,21.281347641223874],[81.599378669174357,21.281391888974806],[81.59949750999823,21.281542674087181],[81.599523244036178,21.281595316626824],[81.599523244036178,21.281555510364097],[81.599559377870179,21.281526604255561],[81.599609202927411,21.281605329505247],[81.599652181923886,21.281713892434361],[81.599659445701278,21.28177366412082],[81.59969516181863,21.28182245528339],[81.59969516181863,21.28188503022491],[81.599662497278288,21.281997574818107],[81.599544733534415,21.282131686028066],[81.59946651991757,21.282273091199141],[81.599351326253739,21.282421210232926],[81.599340995627983,21.28248057649866],[81.599300702594235,21.282530637234526],[81.599276755305397,21.282586689568831],[81.599264116009323,21.282708614454993],[81.599222388366087,21.282747159807322],[81.599222388366087,21.282809735192544],[81.599200898867849,21.282864016222661],[81.599200898867849,21.282926591558152],[81.599157918973091,21.28303515351212],[81.599157918973091,21.283097728774798],[81.599136429474854,21.283220413276908],[81.599093450478392,21.283328975014015],[81.599093450478392,21.28357927540501],[81.59906840095671,21.283699159589084],[81.599025372552902,21.283816078026383],[81.59894951072549,21.283917405589463],[81.59892153269594,21.283973826531568],[81.59892153269594,21.284036401394911],[81.598900043197716,21.284078952487647],[81.598900043197716,21.284346575853135],[81.598864658558682,21.284508133998511],[81.598847758553248,21.284623614595052],[81.598842125218084,21.284728597789979],[81.598859025223547,21.284828331002405],[81.598892825234429,21.284912316945221],[81.598900043197716,21.284921111707114],[81.598966059489641,21.285001551904582],[81.59897732615994,21.285080288686974],[81.598920992808459,21.285174772602787],[81.598900043197716,21.285273035676877],[81.59890524623988,21.285305286682586],[81.598960624682164,21.285421388570562],[81.599022925542073,21.285505239412053],[81.599059844503614,21.285584790359369],[81.59909214792124,21.28568584215672],[81.599082918630018,21.28576539300634],[81.599078303984413,21.285834193796962],[81.599057157642605,21.285858275237882],[81.5990367694789,21.285881494531061],[81.598974468619005,21.285915894903233],[81.598872941923915,21.285952444766714],[81.598794489355214,21.285973945617638],[81.598725266077736,21.285984695623448],[81.59866527209148,21.285973945617638],[81.59860989364914,21.285954595103046],[81.598540671270015,21.285973945617638],[81.59850375230846,21.286008345968209],[81.59847837041012,21.286055646646293],[81.598441451448579,21.286081446477105],[81.598386073006239,21.286100796975042],[81.598305312665545,21.286107247140421],[81.598238396261721,21.286100796975042],[81.598183017819423,21.286085746308963],[81.598178403173819,21.286055646646293],[81.598180710945755,21.285978245452654],[81.598189940237006,21.285896544380982],[81.598180710047444,21.285829164901884],[81.59819088346805,21.285809291222417],[81.598255352861031,21.285642883893225],[81.598255352861031,21.285455161273884],[81.598235312345366,21.285411260440988],[81.598185959801953,21.28537121330767],[81.598140294842793,21.285351188899899],[81.598005984131433,21.285351188899899],[81.597960318273962,21.285331165326411],[81.597624542393788,21.285331165326411],[81.597435464992785,21.285291118171273],[81.597340446591929,21.285231046581103],[81.597138981423157,21.285231046581103],[81.597093315565701,21.285251070168226],[81.597051930180555,21.285286812456953],[81.596975421566128,21.285382432097496],[81.596889351283792,21.285462630976536],[81.596815543903432,21.285551130685494],[81.596770196049576,21.285571450539276],[81.596568730880819,21.285571450539276],[81.596514688233299,21.285559231507417],[81.596425540322841,21.285488383200349],[81.596365964951517,21.285471331957563],[81.596207902783988,21.285391236875697],[81.595872126903856,21.285391236875697],[81.595824664415801,21.28543457522677],[81.595753342673831,21.285539981382417],[81.595705856829582,21.28558422870919],[81.595688761889718,21.285640204546674],[81.595655101117714,21.28568978709777],[81.595558186373296,21.285772081740991],[81.595504673731824,21.285792291912887],[81.595467285849693,21.285831758030557],[81.595404361558977,21.285848456840668],[81.59527089346733,21.285851782372884],[81.595225271627314,21.285871872001081],[81.595203818061691,21.28592972686727],[81.595203697687438,21.285992283320709],[81.595160839065258,21.286109472807361],[81.595163186363067,21.286296677306648],[81.595182328563453,21.286355040920036],[81.595182328563453,21.286417614770194],[81.595203818061691,21.286460165174013],[81.595203818061691,21.286585311921254],[81.595182328563453,21.286643158973504],[81.595094617059118,21.286734453645579],[81.594981643132357,21.28679967317866],[81.594920374436725,21.286812914955142],[81.594879782263973,21.286852962532887],[81.594820202401081,21.28687000524523],[81.594772716556861,21.286914251334792],[81.594731044609148,21.287026881641381],[81.594688065612672,21.287064705182463],[81.594688065612672,21.287127278730694],[81.594666576114463,21.287181558167294],[81.594628048270224,21.287229261077137],[81.594612868538576,21.287286784784495],[81.594408203570765,21.287533761315686],[81.594366681641688,21.287566535802199],[81.594204476444091,21.287673925010459],[81.594137321088411,21.287673925010459],[81.59407523941745,21.287693948264948],[81.594008084061727,21.287693948264948],[81.5938826747565,21.287713972353721],[81.593413388563889,21.287717132950345],[81.593350505595666,21.28773399560275],[81.593149039528598,21.28773399560275],[81.59308757320359,21.28775527019722],[81.592954344962095,21.287759544032447],[81.592894033870579,21.287786557246243],[81.592827561234472,21.287788091507579],[81.592608426204066,21.287929701332565],[81.592527009194924,21.28800509683435],[81.592451904647305,21.288106829977046],[81.592356932060497,21.288195321398561],[81.592291965899136,21.288295393763736],[81.592291965899136,21.28842053978617],[81.592261960372028,21.288471531775343],[81.592258388670473,21.288532726156621],[81.59219123331475,21.28876498082483],[81.59219123331475,21.289284944562215],[81.592213678620453,21.289422543654887],[81.592225215683655,21.289538641455163],[81.592255212227641,21.289635390807582],[81.592271364834744,21.289706339231991],[81.592282901897931,21.28977513817874],[81.592319820859473,21.289854687653168],[81.592356739821014,21.289934236247536],[81.592384428593022,21.290003035087636],[81.592444422579277,21.290048184204366],[81.592488263958415,21.290071833895585],[81.592552871691964,21.290089033592515],[81.59261748032381,21.290093333307205],[81.592682088057387,21.290084733877727],[81.592732851854066,21.290058933912299],[81.592788230296406,21.290030984502625],[81.592848223384323,21.290003035087636],[81.592917446661815,21.289981535662822],[81.592945136332119,21.289975085667376],[81.592986669939293,21.289977235107884],[81.593012051837633,21.289992285375629],[81.593046663027238,21.290022385069523],[81.593074352697542,21.290052483920213],[81.593108963887104,21.290084733877727],[81.593138961329416,21.290114833552689],[81.593159727683826,21.290138482396163],[81.593173572518978,21.290155682085334],[81.593205876834901,21.290181482033777],[81.593247410442075,21.290245981048123],[81.593284329403616,21.290288979817277],[81.59330971130197,21.290342729098054],[81.593321248365172,21.290381428132815],[81.593323556137136,21.290411527747054],[81.593355859554762,21.290476026660464],[81.593369704389929,21.290514725660135],[81.593399700933873,21.290544825247046],[81.593471231983315,21.290607173833731],[81.593473538856955,21.29065232276491],[81.593462001793768,21.290691022555166],[81.593429698376184,21.290761970470225],[81.593366125501831,21.290861821793367],[81.59334893803549,21.290888817697134],[81.593275100112407,21.291007065439082],[81.593217413898117,21.291062963882005],[81.593127423367889,21.291161861654537],[81.593051278571167,21.291211310097367],[81.593012051837633,21.291239260119653],[81.59297744064807,21.291258609101831],[81.592919754433765,21.291247859481601],[81.592866683763404,21.291215610616213],[81.592822842384294,21.291179061223989],[81.59279746048594,21.291151112027247],[81.592767463941968,21.291123162825201],[81.592739774271664,21.291112413195087],[81.592640554450213,21.291112413195087],[81.592573638944685,21.291105963249244],[81.592469804477631,21.291105963249244],[81.592372891529834,21.291138212138666],[81.592308283796285,21.291159711394361],[81.592264442417175,21.291176910964033],[81.592197526911647,21.291170461021039],[81.592125995862204,21.291153261450567],[81.592063695002309,21.291131762193956],[81.592010624331948,21.291093063356684],[81.591976012244061,21.291075863777202],[81.591969090724788,21.291026414451807],[81.591971397598442,21.290985566161073],[81.59197832001604,21.290942566758631],[81.591976012244061,21.290903867871577],[81.591950631244032,21.290863018709803],[81.591918326928067,21.290826469229899],[81.591888330384137,21.290798519966135],[81.591826029524228,21.290761970470225],[81.591800647625874,21.290759821041181],[81.59171988728518,21.290753371079841],[81.591657586425285,21.290753371079841],[81.591602207982987,21.290770570697081],[81.591597593337369,21.290777020657632],[81.591542214895028,21.290809269619199],[81.591519139870329,21.290841519410701],[81.591484528680752,21.290895267652505],[81.591479914035133,21.290951166974928],[81.591482220908773,21.290996315800474],[81.591496065743954,21.291103812988219],[81.591500680389558,21.291159711394361],[81.591514525224738,21.29122420997955],[81.591523755414272,21.291256459680049],[81.591531165617027,21.291300647533554],[81.591528103260231,21.291300691894659],[81.591552516774712,21.291473570372137],[81.591631384365087,21.291641534619004],[81.591721518625747,21.291772756082562],[81.591738449173917,21.291824024792827],[81.591745394947665,21.292110806326228],[81.591676451046268,21.292308140884135],[81.591608851024489,21.29239212255484],[81.591541250104413,21.29247610417756],[81.591338448242524,21.292507596959823],[81.591087305340224,21.292491458855775],[81.59101171121074,21.292486601772403],[81.590679340843835,21.292376375315175],[81.590572306577712,21.29222940797197],[81.590555406572264,21.292024701868229],[81.590589206583161,21.291809498674017],[81.590684974178956,21.291573299009922],[81.590752575099046,21.291389588176727],[81.590803276013688,21.291216374799514],[81.590817097492632,21.291037951708525],[81.590848127997504,21.290924784606645],[81.590820947671958,21.290882879988146],[81.590704454145921,21.290852609721526],[81.590544775909194,21.290758393947492],[81.590481066490938,21.290738606308786],[81.590367779950455,21.290675756411506],[81.590303376134472,21.290664893752904],[81.590169858635491,21.29066176502587],[81.590109792784034,21.290633781413568],[81.590042682344077,21.29063360815336],[81.589989434705629,21.290602321710129],[81.589317882046984,21.290602321710129],[81.589251714838099,21.290607994936554],[81.589188006318153,21.290627781755848],[81.589055418575484,21.290637675164493],[81.588991709157199,21.290657461979791],[81.588607067620558,21.290780507620372],[81.588570996668636,21.29079204740739],[81.588522926919453,21.290807424023594],[81.58813058412585,21.290932933678778],[81.58610041583826,21.291767960913418],[81.583786353869726,21.294015784147],[81.583757755104344,21.293944726482959],[81.583163555476517,21.291564085308647],[81.581928803152195,21.29050376422288],[81.580326499739471,21.28984022997464],[81.575742132739919,21.288761980957894],[81.572610604761167,21.287915804268998],[81.574021221166973,21.283899718848026],[81.574541958367504,21.282887858753671],[81.575040775776785,21.28212134924545],[81.575539592287754,21.281354835742864],[81.576461381448553,21.280071867898439],[81.577359835073239,21.279077016716958],[81.57793157771728,21.278576869785621],[81.578124103750667,21.278381159981553],[81.579588465461597,21.276516466146763],[81.580743619865245,21.275015995813028],[81.581064496288107,21.274445160589913],[81.581213233942933,21.273996858808541],[81.581514329463232,21.273226380303257],[81.581954026048734,21.272413586908314],[81.582353098122127,21.271656461287495],[81.58288599042676,21.27074122435446],[81.583418882731408,21.269850476819194],[81.583686524092229,21.26952312578727],[81.583975672019221,21.269251446363079],[81.584215383859529,21.268825414834389],[81.584401097069801,21.268428122496488],[81.584644774073766,21.26790682012787],[81.585062963194716,21.267238747117098],[81.585201115102265,21.266939505647187],[81.585473684620737,21.266302744141424],[81.585809729995475,21.265624225451557],[81.586515424024796,21.264416802635637],[81.586717050890314,21.264075798886413],[81.58698215271383,21.263811347480555],[81.58728085961377,21.263553854072697],[81.587486220775915,21.263334636900098],[81.587736387209503,21.263031907408703],[81.587863337125455,21.262861404029032],[81.587990287939732,21.262676981749646],[81.588135907542224,21.262381210271663],[81.589221690446351,21.260298510209743],[81.596947005158739,21.263898241148862],[81.603654198074196,21.266907742854418],[81.604969447532824,21.267497884914942],[81.607173206265927,21.268084648447768],[81.605978049882694,21.269530160993366],[81.605874855914422,21.269662960072466],[81.605707780051361,21.269775151539616],[81.605528419726795,21.269898791426584],[81.605390827469677,21.269967480765875],[81.604902807810078,21.270226923494906],[81.604507384693392,21.270452308354386],[81.60400062977024,21.270631185021188],[81.603693505656096,21.270752820126365],[81.603443967144869,21.270903076200817],[81.603263531536911,21.271035444599988],[81.603144520931451,21.271089107159128],[81.60304854492648,21.271174967715272],[81.602983280524469,21.271264405218147],[81.602864269918996,21.271378885812204],[81.602691513110059,21.271482633669017],[81.602484204400398,21.271636465986127],[81.602173240886685,21.271829650820727],[81.601908345675682,21.272065765832259],[81.601704876365559,21.272330499583006],[81.601482210956078,21.272638163121041],[81.600165415496846,21.274358920224827],[81.600034888489418,21.274512749535297],[81.599969624087393,21.274688043516182],[81.599935073084936,21.274781056632381],[81.599912038484433,21.274963505781695],[81.599846774082394,21.275103025172804],[81.599697050975664,21.275192460288405],[81.599574201869004,21.275289050821875],[81.599432156662999,21.275464343877935],[81.599263238355292,21.275589552717097],[81.599144227749818,21.275711184561061],[81.599082802747333,21.275825661695805],[81.599090480648059,21.275997376393835],[81.599148067149358,21.276212020112371],[81.599228686454538,21.27640877664907],[81.599228686454538,21.276533984684569],[81.599224848851634,21.27674147221904]]]},"properties":{"objectid":2449,"id":"2412","name":"Pt Jawaharlal Nehru Ward","code":"2","town":"Raipur","district":"Raipur","state":"Chhattisgarh","st_area(shape)":7564855.7829569662,"st_perimeter(shape)":13450.483362461773}},{"type":"Feature","id":2450,"geometry":{"type":"Polygon","coordinates":[[[81.626493505745131,21.246202054867275],[81.626530804694042,21.246533570344056],[81.626638912446907,21.247174766016261],[81.626754390876684,21.247777030148708],[81.626835471915896,21.248113655990899],[81.626864955521867,21.248269373921303],[81.626889525343188,21.248605997801459],[81.626965846209714,21.249264645956906],[81.627046466413219,21.249679698434253],[81.627146281817701,21.250219980994537],[81.627508688254466,21.250268498793254],[81.627759301150746,21.25036238633977],[81.627914092552302,21.250472302676656],[81.628098366661447,21.250628018114345],[81.628302296807362,21.250838691827596],[81.628555367494272,21.251168440363433],[81.628747376996344,21.251614391231172],[81.628590969525604,21.251386545386211],[81.628527022952085,21.251319033733065],[81.628431193372521,21.251256324399051],[81.628249027609314,21.251170168406702],[81.628124893013478,21.2511316039012],[81.628083138420763,21.251124238784474],[81.627949948806844,21.251122021798032],[81.627770502244019,21.251154964304316],[81.627509488653374,21.251225916210515],[81.627117967818265,21.251350083219997],[81.626779518551814,21.251464113798605],[81.62598603755967,21.250698638730061],[81.625740345634526,21.250504880294191],[81.625443129039596,21.250270490576224],[81.624204184277858,21.24961529131884],[81.62313924767821,21.249213088641415],[81.622373607273332,21.249005499517114],[81.621246027555657,21.2488498083192],[81.619888756704668,21.248856295281293],[81.618434039306649,21.249057396825595],[81.616728749436461,21.249453112992477],[81.613965484011828,21.250075877596068],[81.6138673718131,21.250098259437266],[81.611633761164796,21.250607819858484],[81.611255395258695,21.250711353786226],[81.609905640611714,21.247560153053122],[81.609526997126196,21.247705467063689],[81.609023623461766,21.246738090223371],[81.609264173430262,21.246339512553643],[81.609068170018418,21.24599905973108],[81.608399972567355,21.244363215265032],[81.608718825984198,21.244248140976868],[81.60907969720013,21.244140795440313],[81.609878220435988,21.243954730439892],[81.610415687860382,21.243818760036092],[81.611333221701656,21.243611225270921],[81.612112549736509,21.243439472804859],[81.61275751046611,21.243303501088434],[81.613817088615079,21.243053027559174],[81.614488923344695,21.242902743907138],[81.615387261985049,21.242641534946728],[81.615750573025281,21.242533675825076],[81.615944545346281,21.243506841545237],[81.61632753038954,21.243772607919801],[81.616584718055378,21.244038373815162],[81.617096296931621,21.244254634002434],[81.617163389405235,21.244640253900908],[81.617347893483114,21.245273397472886],[81.617364665927795,21.245731968638022],[81.617384234827938,21.246339052899167],[81.618345891221054,21.246414612876865],[81.619469687234755,21.246422429510655],[81.620017608354104,21.246443273028234],[81.620682940179378,21.246412007332172],[81.621367840904824,21.246412007332172],[81.622144994118372,21.246414612876865],[81.622980852235727,21.246396374063],[81.624012396659637,21.246412007332172],[81.624923733922117,21.246370318610715],[81.625301127851088,21.246320814075951],[81.626493505745131,21.246202054867275]]]},"properties":{"objectid":2450,"id":"2421","name":"Swami Atmanand Ward","code":"39","town":"Raipur","district":"Raipur","state":"Chhattisgarh","st_area(shape)":1084136.1047742309,"st_perimeter(shape)":6123.340012782508}},{"type":"Feature","id":2451,"geometry":{"type":"Polygon","coordinates":[[[81.645110756733544,21.28966860341955],[81.645838993086613,21.29103543734999],[81.646747061379756,21.292905730733008],[81.647702921842665,21.294241639771272],[81.648400700816012,21.295052085343379],[81.650005518613213,21.296488775689149],[81.649871206105189,21.296488774015213],[81.649762929469034,21.296552845080456],[81.649644501870199,21.296678559910195],[81.649546245042742,21.296745058945618],[81.649456713551629,21.296821943919099],[81.649122536672692,21.296960153641031],[81.649076457590155,21.296993059941283],[81.649013164091897,21.297005307316848],[81.648837586572981,21.297078227431587],[81.648642754564264,21.297114725975941],[81.648522845643498,21.297167415669762],[81.648481037151868,21.297206343074212],[81.648353220361685,21.297243000610742],[81.648182279047944,21.297330955058563],[81.648058769679508,21.297379118355249],[81.647992988746225,21.297385767224075],[81.647873318777329,21.297424209966763],[81.647806163421649,21.297424209966763],[81.6477521064011,21.297446202950635],[81.647625117857586,21.297463648690009],[81.647445905755049,21.297517287378856],[81.647388641748933,21.297539537297475],[81.647339504801195,21.297573620242609],[81.647277816592322,21.297581088492624],[81.647220206734872,21.297612245394763],[81.647188111726365,21.297654863700778],[81.647146957208264,21.297819239512101],[81.646894113795142,21.297872703982517],[81.646759803083739,21.297872703982517],[81.646633820653378,21.297898331835889],[81.646500269018389,21.297902689909659],[81.646369663857556,21.297923960521743],[81.646235353146167,21.297923960521743],[81.646103274748256,21.297936774444509],[81.645700392021411,21.297937233100903],[81.645570641158415,21.29796240312362],[81.645100554566838,21.29796240312362],[81.645044792543914,21.297988030961356],[81.644643403715406,21.298001250806006],[81.644385526143409,21.298051542281392],[81.644251274720858,21.298052101373035],[81.644189094235202,21.298071734026021],[81.644059549984703,21.298090543941417],[81.643992394628981,21.298090543941417],[81.643799653898242,21.298128985662789],[81.643665343186882,21.298128985662789],[81.6436038849467,21.298141799567656],[81.642932332288083,21.298141799567656],[81.642817471899207,21.298116171756789],[81.642683162086144,21.298116171756789],[81.642622535685931,21.298097054679122],[81.642425177614655,21.298077729195086],[81.641820780311718,21.298077729195086],[81.641687607765789,21.298090543941417],[81.64135677711127,21.298085935621184],[81.641315517490284,21.297910923965311],[81.641315517490284,21.297660647971473],[81.641301764283241,21.297600158767285],[81.641295399719482,21.297476420804564],[81.641274256970959,21.297420784260233],[81.641260503763945,21.297297725764395],[81.641202585784313,21.296999989212377],[81.641177983623621,21.296951587255073],[81.641173273756579,21.296890054057258],[81.641128155871456,21.296804298067546],[81.641070050143938,21.296831066898005],[81.64093736628152,21.296847571955659],[81.640691684237851,21.296933160526141],[81.640625570927853,21.296937271722406],[81.640575416188923,21.29696289973889],[81.640508260833244,21.29696289973889],[81.640183441704593,21.29701415659537],[81.639646199757337,21.29701415659537],[81.639584110899861,21.297002759581584],[81.639450430805795,21.297001342592171],[81.639193999521424,21.29696289973889],[81.638858223641279,21.29696289973889],[81.638657734941205,21.296975713745436],[81.638075564653363,21.297065413433963],[81.63780906055969,21.297084327262304],[81.637680914986078,21.297116670254692],[81.637076517683141,21.297116670254692],[81.636943900296089,21.29712948424784],[81.636809590483011,21.29712948424784],[81.63678737963761,21.29707396893269],[81.636753595796407,21.29702697059745],[81.636283509204844,21.29702697059745],[81.636226760831732,21.297017274306619],[81.636213007624747,21.296960013030123],[81.636213477443619,21.296897514809267],[81.636281774558043,21.29660562536866],[81.636295527765043,21.296483511132244],[81.636323034179028,21.296364422452491],[81.636323034179028,21.296301852835615],[81.636297282174766,21.296246941502975],[81.636461390004158,21.294168672215083],[81.636440509563698,21.290932536938833],[81.638379667733204,21.290558463427203],[81.640152612422341,21.290118497976959],[81.640344161987031,21.290213962140236],[81.640466753277224,21.290264433725536],[81.640606450287038,21.290280372029187],[81.640757551409422,21.290245838756761],[81.640897249317575,21.29018208551684],[81.64107115776666,21.290089111434366],[81.641199451562301,21.289950978116291],[81.641227961394478,21.289802219657101],[81.641250768721221,21.289682681948875],[81.641284980160478,21.289626896814767],[81.641786750332102,21.289605645927427],[81.642228650484981,21.289618927627732],[81.642334136055553,21.28969065113246],[81.642468131458259,21.289889881418382],[81.642459578598448,21.289972229790738],[81.642448174485907,21.290155521379692],[81.642485237177894,21.290272402877584],[81.642550809702087,21.290463663233993],[81.64268195385209,21.290418504200773],[81.642952795910261,21.290285684517674],[81.643203680996066,21.290152864714603],[81.643448863576452,21.289985511457978],[81.643753917073894,21.289858004724685],[81.643871034929035,21.289810401434853],[81.643880158219105,21.289861404660147],[81.643907527190834,21.289929408375027],[81.643944019452618,21.289961710254129],[81.644011530541192,21.289971910890095],[81.64413195509492,21.289961710254129],[81.644257853981955,21.289961710254129],[81.644323540592197,21.28995831032098],[81.644606356294787,21.289881805945328],[81.645110756733544,21.28966860341955]]]},"properties":{"objectid":2451,"id":"2413","name":"Banjari Mata Ward","code":"5","town":"Raipur","district":"Raipur","state":"Chhattisgarh","st_area(shape)":1088245.8325249781,"st_perimeter(shape)":4600.0072770631687}},{"type":"Feature","id":2452,"geometry":{"type":"Polygon","coordinates":[[[81.629997958534318,21.271406381701091],[81.630841358008482,21.273244394798795],[81.631174993203288,21.274572538378088],[81.631388636832398,21.275415235022837],[81.631681298968815,21.27649791631665],[81.632020787586015,21.277880572892567],[81.632196384867882,21.278575986672106],[81.63237971125443,21.279317377438215],[81.630545217595269,21.278272275666879],[81.624408590530862,21.274753973225373],[81.621262906001547,21.273069643216953],[81.621355746886138,21.272653005885914],[81.621386612999302,21.272451660316964],[81.621402046954202,21.272216757223607],[81.621399474179256,21.272020205196753],[81.621772875096752,21.27035973785063],[81.619751939693643,21.270130070967987],[81.620185383106445,21.268443869788566],[81.620244544354406,21.268204166035588],[81.620324283310637,21.267777491903914],[81.620391161086886,21.267420331644683],[81.620429744626648,21.267240551988589],[81.620465755391464,21.267125493060902],[81.620509483582865,21.267010434880429],[81.620602083718964,21.266849831116847],[81.620758989754691,21.266626904451247],[81.62096219585851,21.266276932470806],[81.621327451751341,21.265536235300129],[81.621507508270241,21.265219819578675],[81.62175958631876,21.264901006410387],[81.621942214714338,21.264692459089765],[81.622045103255388,21.264586986932738],[81.6220815488048,21.264534495693482],[81.622154713889728,21.264562382974709],[81.622255938750897,21.264593041230288],[81.622345354359354,21.264612694255401],[81.622461763443752,21.264633133365223],[81.622626253955403,21.264649641198755],[81.622804240755912,21.264659075082832],[81.62297969790059,21.264659075082832],[81.623170338370187,21.264631561190495],[81.623366936466752,21.264591911072458],[81.62358573013735,21.264568573729417],[81.623851972821242,21.264535409865989],[81.624035179731862,21.264516985773238],[81.624168301073823,21.264507159254606],[81.624334373518707,21.264480136743654],[81.624507036004545,21.264454342333753],[81.624691560743656,21.264432233075137],[81.624872131098911,21.264418721394826],[81.625083016900092,21.264410123813189],[81.62529258487271,21.26438432939101],[81.625464112786318,21.264388916164016],[81.625455784505334,21.264425328221531],[81.625467022429532,21.264559732544704],[81.625482007226779,21.264781413308462],[81.625510102935635,21.264948981921464],[81.625639342657223,21.265418523788654],[81.625802147031109,21.265979667221966],[81.625842904493879,21.266111487532765],[81.625900444282777,21.26620644238518],[81.625942774695588,21.266231926744574],[81.626000839100612,21.266247635762976],[81.626062649480374,21.266259854724343],[81.626116967012337,21.266300000819733],[81.626184397252487,21.266387275593868],[81.626330493860408,21.266645608722598],[81.626605831088256,21.267237328166633],[81.626667640569721,21.267347293857597],[81.626703229126321,21.26745376776509],[81.626703229126321,21.267542787286263],[81.626688244329031,21.267801118387212],[81.626700006869399,21.267961423092935],[81.626768335424856,21.268502099846241],[81.626509954796305,21.268545344390876],[81.626199732392706,21.268597162820761],[81.626308017113686,21.269169892545214],[81.626214365050387,21.269229892840507],[81.626176904404701,21.269780475651274],[81.626197508164054,21.270206365453291],[81.626637672771807,21.270209856252151],[81.627111551152183,21.270192401419912],[81.627802703253678,21.27018716522095],[81.628377725646828,21.27018716522095],[81.629997958534318,21.271406381701091]]]},"properties":{"objectid":2452,"id":"2414","name":"Thakkar Bapa Ward","code":"17","town":"Raipur","district":"Raipur","state":"Chhattisgarh","st_area(shape)":1130825.2467253627,"st_perimeter(shape)":5361.6483898273555}},{"type":"Feature","id":2453,"geometry":{"type":"Polygon","coordinates":[[[81.590229742128969,21.256267693980057],[81.588910946121587,21.256581789802926],[81.583737965218646,21.257864910503752],[81.582982013144104,21.25752942627183],[81.574365316344981,21.255314121132539],[81.567213176191203,21.254869746208804],[81.556819748304022,21.254223982702985],[81.556537667423314,21.254206456486926],[81.555444585707505,21.254164008944052],[81.549406608034317,21.25392953881477],[81.54166744579183,21.251202851360887],[81.541660971633576,21.251170535950763],[81.541568004086514,21.25070645178771],[81.541567298010719,21.250595583690956],[81.541403668085053,21.249787368133351],[81.541567778609362,21.24912365030325],[81.54170766336712,21.248721774483506],[81.541924667593662,21.248410294203012],[81.542151268522389,21.247954251490658],[81.542373033819985,21.24765178258702],[81.542594798219199,21.247349313062482],[81.542869680899514,21.246884310954126],[81.54342874112838,21.246347199416501],[81.543929963327685,21.245850698921451],[81.545004826311214,21.244663540816358],[81.545597617380679,21.244000017598189],[81.546407453100898,21.243038433831071],[81.546526045989751,21.242838069250016],[81.546541701828531,21.242811617973526],[81.546875084596763,21.242248383500467],[81.547226897201384,21.241860150881472],[81.547747371195513,21.241467504745962],[81.548710989509246,21.240876332349472],[81.549472265898444,21.240447709381986],[81.550522574331993,21.240077838886972],[81.551486141441728,21.2397260664398],[81.552025679482838,21.239613390733329],[81.553022722311624,21.239613757468941],[81.554039016935278,21.239740714082746],[81.555007064841647,21.240070775480639],[81.55613878938604,21.240581500916736],[81.556933467832437,21.240848290709348],[81.55783887082417,21.241133160401915],[81.559115173823642,21.241476833779494],[81.559876213955931,21.241603548488008],[81.56061312803466,21.241698669850884],[81.561008137926308,21.241671751165345],[81.561692266100621,21.241477855267608],[81.562863080834603,21.240710528989077],[81.563581023392828,21.240123751857052],[81.564270143505141,21.239374309061848],[81.565084604650764,21.238394636171709],[81.565407506774577,21.237916123518055],[81.565720910112603,21.237107838425725],[81.566063292203367,21.236186727395854],[81.566477848537289,21.235211399115666],[81.566853905773101,21.234457395558529],[81.567094788118226,21.234163939576881],[81.567571877077413,21.233653818231897],[81.568362033404711,21.232922445709121],[81.569027034649977,21.232254302804744],[81.569517260571871,21.231773136787936],[81.569532918207287,21.231757769077948],[81.569541453999108,21.231748597686799],[81.569961801771697,21.231297274607517],[81.570217247604177,21.231394986659083],[81.570314327638641,21.231405427483505],[81.570497285715916,21.231429790799861],[81.570732516759605,21.231440231621804],[81.570956546709965,21.231433270794799],[81.571124569397369,21.231443712453849],[81.571367268135987,21.231429790799861],[81.571572629298146,21.23141238831181],[81.571729449993896,21.231398467492209],[81.571882537291359,21.231353221679303],[81.572054293377064,21.231280133354947],[81.572173775598074,21.231287094189192],[81.57222231606444,21.231356702513406],[81.572240984852684,21.231443712453849],[81.572188710987987,21.23154116315775],[81.572005753809009,21.2316768987071],[81.571912408071213,21.231725624408725],[81.571721982298968,21.231854398981124],[81.571658507340999,21.231934447824571],[81.571583830391418,21.232091065401747],[81.571553959611606,21.232244201999528],[81.571553959611606,21.232386897684101],[81.571591298086346,21.232515670841778],[81.571647305349387,21.232595720163605],[81.571770521867023,21.232679248570193],[81.571904940376243,21.232679248570193],[81.572039357987165,21.232675768604658],[81.572177509894715,21.232658366263674],[81.572349265980392,21.232616601641677],[81.572528489761027,21.232536553168512],[81.572733850923186,21.232432142342507],[81.573327529528186,21.232139790129221],[81.57348061682562,21.232052780599449],[81.573626236428126,21.231979692621788],[81.573704646776008,21.231927487020911],[81.573738251852461,21.231854398981124],[81.57371584876762,21.231774350094259],[81.573663574902923,21.2316768987071],[81.57364863951301,21.2315829280843],[81.573652372911312,21.23149939905673],[81.573697179081066,21.231391506663208],[81.573868935166743,21.231186162479347],[81.574201246244854,21.230848562665667],[81.574354333542303,21.230660620304615],[81.574421542796912,21.230556208150471],[81.574507420839765,21.230493560320067],[81.574649306145645,21.230497041174463],[81.574794925748151,21.230497041174463],[81.574895739180903,21.230497041174463],[81.574985351520397,21.230444834211379],[81.575056294173336,21.230343901925142],[81.575164575301031,21.23017684158188],[81.575228050259014,21.230037624624142],[81.575269122132141,21.2299401720894],[81.57532886369178,21.229863603032857],[81.575433411421173,21.229800954908288],[81.575541692548896,21.229776592160231],[81.575679844456417,21.229773111288825],[81.575791858982484,21.229773111288825],[81.575940322651149,21.229870033053263],[81.576052993845664,21.230043715510082],[81.576117169489578,21.230217736888868],[81.576047159287882,21.230331937888415],[81.575930477115662,21.230386319485067],[81.575767122074481,21.230440701061667],[81.575656274460002,21.230505959764475],[81.57547541664384,21.230728923501552],[81.575387905463828,21.230935572905882],[81.575335398037154,21.231076964436753],[81.575317895262145,21.23128905189758],[81.575393739123271,21.231550081684581],[81.575510421295547,21.231669720182573],[81.575772956632264,21.231718663595178],[81.575947979890643,21.231724101285934],[81.576193012452379,21.231756729938315],[81.576257188096264,21.231832864269851],[81.576379703927998,21.231979692621788],[81.576397206702978,21.232159150228259],[81.576397206702978,21.232414739972768],[81.576408874920205,21.232670330111628],[81.576391372145196,21.232925919807524],[81.576356367493531,21.233050994831171],[81.576286358190174,21.233127127657184],[81.576163842358469,21.233148880723281],[81.576035491070684,21.233127127657184],[81.575877970587285,21.233094499307974],[81.575749620197797,21.233072747071187],[81.575562928722221,21.233127127657184],[81.575446246549959,21.233192385171204],[81.575341231696598,21.233306583867282],[81.575253720516571,21.23337727893173],[81.575271222393241,21.233670933251329],[81.575294558827707,21.233915645156294],[81.575282890610481,21.234100538009965],[81.575265388733797,21.234241926506318],[81.575177876655459,21.234454009415337],[81.575061194483197,21.2345953975728],[81.575008687954821,21.23473134717765],[81.574927010434266,21.234905363024879],[81.574851166573126,21.235112006576713],[81.574804493704221,21.235231643022178],[81.574588631236409,21.235237080583435],[81.574460280846907,21.235150072881225],[81.574337765015201,21.235090254637552],[81.574238584719637,21.235041313181281],[81.574133570764616,21.235030437206863],[81.574075229678485,21.235133759350006],[81.574046059584575,21.235247956542569],[81.574016888592368,21.235432847725647],[81.574051893244032,21.235612301129667],[81.57416857541628,21.235851571437088],[81.574256087494646,21.235976644816439],[81.574343598674659,21.236139783301411],[81.574489451839156,21.23635186264335],[81.574716982524194,21.236640073529703],[81.5749795169626,21.236998976343397],[81.575288725168249,21.237608022380375],[81.575358734471592,21.237809224678188],[81.575405407340526,21.23818987613085],[81.575399573681025,21.238559650886589],[81.575422910115492,21.238652094849257],[81.575422910115492,21.238809792107194],[81.575376237246601,21.238956614348965],[81.575312061602688,21.239081685094206],[81.575189544872686,21.239304635864123],[81.575119535569328,21.239505835846415],[81.575037858048745,21.239837543054222],[81.574991185179854,21.240234502238195],[81.574973683303156,21.240658650510738],[81.575008687954821,21.240859847807691],[81.575119535569328,21.241028419073874],[81.575329563479372,21.241126298832388],[81.575568762381664,21.241115423306901],[81.575796293066716,21.241022980888989],[81.576169676017926,21.240876161542566],[81.576613068272465,21.240713028298792],[81.576904774601445,21.240653212312164],[81.577243152900976,21.240626023828291],[81.577709881589982,21.240582521573756],[81.578007421578405,21.240539019306407],[81.578159108402332,21.24053358110347],[81.578386639087398,21.240462890307683],[81.578526657694098,21.240294318394724],[81.578660841743016,21.240185562489653],[81.578806694907513,21.240185562489653],[81.579075063903687,21.240234502238195],[81.579250087162066,21.240310631354919],[81.579489286064359,21.240354133689657],[81.579687645757176,21.24044657652702],[81.579740153183849,21.240528143737563],[81.579786826052739,21.240653212312164],[81.579804327929423,21.240778281617963],[81.579821830704432,21.240903349980346],[81.579862669015554,21.241017543541151],[81.579909341884445,21.24115892540414],[81.580020190397249,21.241235054043401],[81.580160209003978,21.241218741185506],[81.580218550090095,21.241180676447925],[81.580329398602899,21.241115423306901],[81.580422744340694,21.241126298832388],[81.580574431164607,21.241148049881019],[81.580819463726357,21.24106648385078],[81.581257020524831,21.241109985125195],[81.581507343265272,21.241207726677196],[81.581569707905572,21.241261702365147],[81.581672164356988,21.24137380662],[81.581761256571923,21.241510820861997],[81.581878191170759,21.242018661894996],[81.582045240084383,21.242330060234977],[81.582309734646742,21.242784181216205],[81.58253246563325,21.243050165748464],[81.582525505486387,21.243335612254253],[81.582609029943214,21.243569158984151],[81.58276911870999,21.243750806184899],[81.582845683019968,21.244029763322136],[81.583131058022801,21.244853658127429],[81.583472115996827,21.244957455650624],[81.584098548973699,21.246138146912568],[81.584293439372885,21.24647548565526],[81.584460487388171,21.246832284780233],[81.584502250065739,21.247273417825873],[81.584627536301781,21.247759959466755],[81.584690180318105,21.248311371886665],[81.584655377787399,21.248694116119509],[81.584585774522552,21.249102807164832],[81.584578814375718,21.249602317461193],[81.584613616008141,21.249822879584034],[81.584641457493746,21.249998032164587],[81.584690180318105,21.250166696795535],[81.584780664921738,21.250205619890487],[81.584871149525384,21.250186158344281],[81.585073000071375,21.250173184536902],[81.585191326160626,21.250264003676392],[81.585267890470604,21.250380771178804],[81.585240048985,21.250555923096119],[81.585309652249833,21.25065971660262],[81.58542797923738,21.250672690367139],[81.585872885153208,21.250553588051151],[81.586349531242945,21.250532828838409],[81.586688083815645,21.250545284366414],[81.586861814398347,21.250595104793387],[81.587120183348802,21.250698898272265],[81.587387461790229,21.250856664688996],[81.587525555307266,21.250977064468607],[81.58759237469306,21.25113482975021],[81.587587919947552,21.251338264054318],[81.58759237469306,21.251562457148104],[81.587623557013174,21.251757587245276],[81.587712650126448,21.25200668967366],[81.587792832850397,21.252127088513426],[81.587993291906031,21.252313914277682],[81.588131385423097,21.252405252013165],[81.588216023790864,21.252509044216769],[81.588305116005785,21.252625290862184],[81.588349662562393,21.252778903436475],[81.588385299628044,21.253032155073125],[81.588452119013809,21.253418260191438],[81.588469937995811,21.253688117745536],[81.588518938399616,21.254032704545523],[81.588616941003821,21.254261044439378],[81.588761994667706,21.254402718341254],[81.588838558977685,21.254636247529923],[81.588894241948893,21.254850315418299],[81.588984726552511,21.25505140961781],[81.589708604279807,21.255745505492115],[81.590229742128969,21.256267693980057]]]},"properties":{"objectid":2453,"id":"2415","name":"Sant Ravidas Ward","code":"70","town":"Raipur","district":"Raipur","state":"Chhattisgarh","st_area(shape)":8959513.7863118686,"st_perimeter(shape)":16102.894241503618}},{"type":"Feature","id":2454,"geometry":{"type":"Polygon","coordinates":[[[81.604030717942393,21.247552125492465],[81.600573737522708,21.250607819858484],[81.598109767394504,21.252783055215968],[81.59744602738391,21.253248042056686],[81.59684910586077,21.253509596404978],[81.596180911104668,21.253671510728942],[81.595824539549966,21.253783605543056],[81.59555280726137,21.253945519565836],[81.595392440016866,21.254124040378095],[81.595240983161631,21.254344076659741],[81.59512070772827,21.25452674871935],[81.594938067654553,21.254742632675288],[81.594719790515256,21.254883787881493],[81.594305509065777,21.25510382386544],[81.593944683663935,21.255269888146454],[81.593557130687429,21.255406891141959],[81.59289338977851,21.255593712746546],[81.5913164493995,21.256008872135819],[81.590229742128969,21.256267693980057],[81.589708604279807,21.255745505492115],[81.588984726552511,21.25505140961781],[81.588894241948893,21.254850315418299],[81.588838558977685,21.254636247529923],[81.588761994667706,21.254402718341254],[81.588616941003821,21.254261044439378],[81.588518938399616,21.254032704545523],[81.588469937995811,21.253688117745536],[81.588452119013809,21.253418260191438],[81.588385299628044,21.253032155073125],[81.588349662562393,21.252778903436475],[81.588305116005785,21.252625290862184],[81.588216023790864,21.252509044216769],[81.588131385423097,21.252405252013165],[81.587993291906031,21.252313914277682],[81.587792832850397,21.252127088513426],[81.587712650126448,21.25200668967366],[81.587623557013174,21.251757587245276],[81.58759237469306,21.251562457148104],[81.587587919947552,21.251338264054318],[81.58759237469306,21.25113482975021],[81.587525555307266,21.250977064468607],[81.587387461790229,21.250856664688996],[81.587120183348802,21.250698898272265],[81.586861814398347,21.250595104793387],[81.586688083815645,21.250545284366414],[81.586349531242945,21.250532828838409],[81.585872885153208,21.250553588051151],[81.58542797923738,21.250672690367139],[81.585309652249833,21.25065971660262],[81.585240048985,21.250555923096119],[81.585267890470604,21.250380771178804],[81.585191326160626,21.250264003676392],[81.585073000071375,21.250173184536902],[81.584871149525384,21.250186158344281],[81.584780664921738,21.250205619890487],[81.584690180318105,21.250166696795535],[81.584641457493746,21.249998032164587],[81.584613616008141,21.249822879584034],[81.584578814375718,21.249602317461193],[81.584585774522552,21.249102807164832],[81.584655377787399,21.248694116119509],[81.584690180318105,21.248311371886665],[81.584627536301781,21.247759959466755],[81.584502250065739,21.247273417825873],[81.584460487388171,21.246832284780233],[81.584293439372885,21.24647548565526],[81.584098548973699,21.246138146912568],[81.583472115996827,21.244957455650624],[81.583131058022801,21.244853658127429],[81.582845683019968,21.244029763322136],[81.58276911870999,21.243750806184899],[81.582609029943214,21.243569158984151],[81.582525505486387,21.243335612254253],[81.58253246563325,21.243050165748464],[81.582309734646742,21.242784181216205],[81.582045240084383,21.242330060234977],[81.581878191170759,21.242018661894996],[81.581761256571923,21.241510820861997],[81.581877078158129,21.241502518342273],[81.58212208287209,21.241506670439481],[81.582304722945764,21.241419478048122],[81.582438361717337,21.241207726677196],[81.582549727659739,21.241070710478866],[81.582656638856633,21.24095030176812],[81.582937280636244,21.240846501422933],[81.583449563791632,21.240763461596512],[81.583805934448009,21.240701181486674],[81.584193488322796,21.240751005241737],[81.584505312422536,21.240800829817246],[81.585195780906105,21.240800829817246],[81.585449695111066,21.240821589563637],[81.585578879137145,21.24090047808042],[81.585823884749402,21.240991822053214],[81.58605997997239,21.240983517829651],[81.586371804970412,21.24095030176812],[81.58664353725905,21.240842349307126],[81.586803904503569,21.240742701004642],[81.586959816104255,21.240655508998678],[81.587066727301178,21.240481123994748],[81.587164729905425,21.240356563510218],[81.587244912629345,21.240165570451165],[81.587329550997097,21.240028553284137],[81.587432007448527,21.239908143722122],[81.587507736325307,21.239841711106937],[81.58781510657785,21.239779430607634],[81.588033383717146,21.239808494788083],[81.588216023790864,21.239874927418246],[81.588314025496757,21.239924752289877],[81.588420936693652,21.240003640449316],[81.588536757381561,21.240078377266563],[81.588630304342018,21.240107441388059],[81.588786216841044,21.240099137114679],[81.588897582783446,21.240065920853876],[81.589031221554976,21.239982880587739],[81.58922722586513,21.239891535989774],[81.589316318080066,21.239850015394783],[81.589427684022496,21.23986662313181],[81.58951232239022,21.239920600148089],[81.589592506012494,21.239999488309795],[81.589743962867701,21.240078377266563],[81.590037968883806,21.240153114045857],[81.590233973193961,21.240057617415456],[81.590429976605776,21.239941360018484],[81.590581434359308,21.23986247182571],[81.59078189341497,21.239766974169708],[81.590928896423023,21.239688085883618],[81.591205083457098,21.239683933735179],[81.59146790715306,21.239692238031942],[81.592145011400135,21.239841711106937],[81.59305518264938,21.239996831576772],[81.593636779812087,21.240145640369636],[81.5938106882612,21.240161584100143],[81.59407012620683,21.24015095466758],[81.594477814920438,21.240169555964769],[81.594760060192812,21.240222702276029],[81.594899758100965,21.240289134719518],[81.596062952426379,21.240817935634126],[81.596741482299848,21.241027861440163],[81.597012323459694,21.241025203888373],[81.597251805331268,21.241006603536455],[81.597977521011643,21.240883350503623],[81.599195585332964,21.240760088157536],[81.601370558451066,21.240634749228878],[81.60157992789604,21.241714270127012],[81.60169574858395,21.242453322105465],[81.601824933508311,21.243811008571399],[81.60204766539313,21.24453759483875],[81.602194667502857,21.244890506206293],[81.604030717942393,21.247552125492465]]]},"properties":{"objectid":2454,"id":"2416","name":"Pt Eshwaricharan Shukla Ward","code":"22","town":"Raipur","district":"Raipur","state":"Chhattisgarh","st_area(shape)":3132219.4965057056,"st_perimeter(shape)":7397.0623358593039}},{"type":"Feature","id":2455,"geometry":{"type":"Polygon","coordinates":[[[81.669887142974105,21.204028601251526],[81.669679061713282,21.204221002026003],[81.664935694705079,21.208550482882622],[81.660595115202256,21.212548069799997],[81.660262570562168,21.213015807247057],[81.660093381861572,21.213342135658266],[81.659953363254886,21.213728288603239],[81.659871685734302,21.214016543691287],[81.659906690385966,21.214244971520035],[81.653895582221267,21.217755978732455],[81.653690248008544,21.21748542817792],[81.653547699745999,21.217331778830587],[81.653356150181352,21.217215504357306],[81.65309332648539,21.217140755954688],[81.65293741488469,21.217140755954688],[81.652122216222253,21.217198893232236],[81.649770168991921,21.217423138238118],[81.649467254383168,21.217443901275146],[81.649244522498364,21.217385764094146],[81.649052972933717,21.217244572984185],[81.64892824275482,21.217103381739179],[81.648678783295367,21.216563532206795],[81.64838477727929,21.215907404358472],[81.648028406622927,21.215251274430766],[81.647805674738137,21.21484845880962],[81.647623035562745,21.214669890440753],[81.647324574801175,21.214503780428348],[81.647186481284137,21.214433183511783],[81.642807576058061,21.212190676882567],[81.643409576655799,21.208450708919589],[81.643743050153915,21.206202192071242],[81.6439316047354,21.204851328399446],[81.644094737892672,21.204273391628167],[81.645004207557676,21.20223348482984],[81.646125751494964,21.202613711323018],[81.648912617458777,21.203168207863712],[81.651193950208238,21.203125358703968],[81.651236813322001,21.203564938248949],[81.657461840000281,21.204365432463632],[81.660077072947601,21.199270848257207],[81.668454663370937,21.202819667280455],[81.669542220447752,21.203595960939481],[81.669887142974105,21.204028601251526]]]},"properties":{"objectid":2455,"id":"2417","name":"Ravindranath Taigor Ward","code":"55","town":"Raipur","district":"Raipur","state":"Chhattisgarh","st_area(shape)":3705610.8495677132,"st_perimeter(shape)":8593.7551256836487}},{"type":"Feature","id":2456,"geometry":{"type":"Polygon","coordinates":[[[81.653895582221267,21.217755978732455],[81.653798374626049,21.21781275328583],[81.649411121356025,21.220417830721431],[81.648267636067914,21.219444331749287],[81.647310841357111,21.218797141030773],[81.646698259503623,21.218470825517581],[81.646173189728486,21.218269596839409],[81.645356413624398,21.218003105357077],[81.644673822467567,21.21779643699978],[81.643617848359483,21.217508190131124],[81.641902620427359,21.217007832500251],[81.639067240946616,21.216246420957233],[81.635403418042898,21.215115170371437],[81.634639149365455,21.214979201851214],[81.633676520995209,21.214990079303966],[81.633443383026176,21.215014704936149],[81.633303858492852,21.213593863051528],[81.633290178049393,21.213498238683027],[81.634247218898594,21.213426629652503],[81.634957214061501,21.213403405637791],[81.635548876846983,21.213370504944056],[81.635483872058046,21.212891628893274],[81.635483872058046,21.212803933866162],[81.63565579163712,21.212749502241703],[81.635788786316638,21.212667854348631],[81.635902318097166,21.212516655388903],[81.636223580795601,21.212567337000685],[81.636333609146561,21.212594431837591],[81.636416649411416,21.212592496492256],[81.636464397563699,21.212565401655006],[81.636570273901398,21.212559595617787],[81.63683392764068,21.212598302528175],[81.637139101512375,21.212606043909009],[81.637230445803723,21.212611849944409],[81.637381994287082,21.212648622333923],[81.63754184679695,21.212673781811663],[81.637724536277972,21.212693135253129],[81.637805500536231,21.212697005941131],[81.637903072847436,21.212695070597128],[81.638031785257979,21.212675717155893],[81.638212398732364,21.212660234401078],[81.638743857325807,21.212558990979254],[81.638883338740001,21.212534799573735],[81.639058502135555,21.212447103497219],[81.639240153164096,21.212410815941244],[81.639707255552267,21.21240779190806],[81.640271670638555,21.212419888040422],[81.640579828713598,21.212425936106271],[81.640875011522695,21.21246222365852],[81.641273994662868,21.212546894858253],[81.642068717126747,21.212740430162743],[81.64261042639589,21.21286138949451],[81.642807576058061,21.212190676882567],[81.647186481284137,21.214433183511783],[81.647324574801175,21.214503780428348],[81.647623035562745,21.214669890440753],[81.647805674738137,21.21484845880962],[81.648028406622927,21.215251274430766],[81.64838477727929,21.215907404358472],[81.648678783295367,21.216563532206795],[81.64892824275482,21.217103381739179],[81.649052972933717,21.217244572984185],[81.649244522498364,21.217385764094146],[81.649467254383168,21.217443901275146],[81.649770168991921,21.217423138238118],[81.652122216222253,21.217198893232236],[81.65293741488469,21.217140755954688],[81.65309332648539,21.217140755954688],[81.653356150181352,21.217215504357306],[81.653547699745999,21.217331778830587],[81.653690248008544,21.21748542817792],[81.653895582221267,21.217755978732455]]]},"properties":{"objectid":2456,"id":"2418","name":"Moreshwar Rao Gadre Ward","code":"59","town":"Raipur","district":"Raipur","state":"Chhattisgarh","st_area(shape)":883803.1525719373,"st_perimeter(shape)":5459.1421757560211}},{"type":"Feature","id":2457,"geometry":{"type":"Polygon","coordinates":[[[81.611978878625621,21.259979869727797],[81.611613712564292,21.259905477040132],[81.611017616592875,21.259844716133014],[81.610676104071331,21.259798421693056],[81.610104845619247,21.259708726906794],[81.609185864591993,21.259520657259333],[81.608387966583578,21.259399135102509],[81.607676998545244,21.259266038773632],[81.606984657972617,21.259124263227257],[81.605292616456268,21.258777055385885],[81.604898323420201,21.258690253297654],[81.604246344153282,21.258597664514561],[81.603951401194365,21.258554263842576],[81.60368129575474,21.258484821568697],[81.603526062382045,21.25844142086342],[81.603355305222976,21.258383552678389],[81.603178339806945,21.258351725250655],[81.602926861833055,21.258345938597103],[81.602377336322604,21.258380659352287],[81.601840229122644,21.258429847563129],[81.601408681155121,21.258461674973976],[81.600918144416127,21.258461674973976],[81.600408979313087,21.258450100838065],[81.600017791752919,21.258412486773775],[81.599670069177819,21.258366191883578],[81.599219892846222,21.258302537013723],[81.598813182397961,21.258250456268865],[81.598040121010541,21.258134719725991],[81.597481280868905,21.258056597256974],[81.5971180354057,21.257998728920739],[81.596779627461757,21.25794375389653],[81.596531254065482,21.257940860561749],[81.596310822766114,21.257952434737671],[81.596050031059349,21.257992942253292],[81.595761297255649,21.25803634309074],[81.595559494320369,21.258065277254303],[81.595370109695523,21.258053703924432],[81.595227294633332,21.258027663091706],[81.594879572956529,21.257958221406735],[81.594330047446093,21.257828017949841],[81.593513520175307,21.25764573174472],[81.592768400884793,21.257535782249459],[81.592371004169422,21.257472127020673],[81.592122630773147,21.257477913708577],[81.591905304051423,21.257544462277476],[81.591560686952221,21.257648625922499],[81.591259533939734,21.257773042861892],[81.591029788907534,21.257880098844083],[81.590905602209389,21.257969794744103],[81.590682066332391,21.258163653870252],[81.590533043013266,21.258360405230583],[81.589221690446351,21.260298510209743],[81.588851263850742,21.260134121771475],[81.583881696562401,21.257928697001855],[81.583737965218646,21.257864910503752],[81.588910946121587,21.256581789802926],[81.590229742128969,21.256267693980057],[81.5913164493995,21.256008872135819],[81.59289338977851,21.255593712746546],[81.593557130687429,21.255406891141959],[81.593944683663935,21.255269888146454],[81.594305509065777,21.25510382386544],[81.594719790515256,21.254883787881493],[81.594938067654553,21.254742632675288],[81.59512070772827,21.25452674871935],[81.595240983161631,21.254344076659741],[81.595392440016866,21.254124040378095],[81.59555280726137,21.253945519565836],[81.595824539549966,21.253783605543056],[81.596180911104668,21.253671510728942],[81.59684910586077,21.253509596404978],[81.59744602738391,21.253248042056686],[81.598109767394504,21.252783055215968],[81.600573737522708,21.250607819858484],[81.604030717942393,21.247552125492465],[81.604485464003815,21.247150159986738],[81.60619075387396,21.245690523367301],[81.607116483045601,21.244957455650624],[81.607568906962044,21.244704449687763],[81.608399972567355,21.244363215265032],[81.609068170018418,21.24599905973108],[81.609264173430262,21.246339512553643],[81.609023623461766,21.246738090223371],[81.609526997126196,21.247705467063689],[81.609905640611714,21.247560153053122],[81.611255395258695,21.250711353786226],[81.611633761164796,21.250607819858484],[81.6138673718131,21.250098259437266],[81.613915360713918,21.250344237598707],[81.613928615355917,21.250437837925528],[81.613923177853522,21.250491052536031],[81.61385248672886,21.250546800596844],[81.613743731290668,21.250579743231764],[81.613569722230238,21.250605082942304],[81.613325021146863,21.250630423485703],[81.613232579114211,21.250678569417818],[81.613213546508305,21.250749522390684],[81.613213546508305,21.25082554225888],[81.613183638897553,21.251540133298086],[81.613134698680881,21.251692173853812],[81.61311294777289,21.251796067864223],[81.6130911968649,21.252067205158351],[81.613006910636742,21.252624683039009],[81.612974283825622,21.252769119670109],[81.612963408820804,21.25281980000814],[81.612979722226356,21.252860343261364],[81.613036819145833,21.252903420769616],[81.613096634367338,21.253002246234157],[81.613148292886052,21.253080799203079],[81.613167325491986,21.25318976075684],[81.613134698680881,21.25334179877283],[81.613061288355837,21.254036105308732],[81.613083040162124,21.254535294970882],[81.613074883459348,21.254684798199836],[81.613044974950284,21.254811495690099],[81.613015067339518,21.254976202348296],[81.612838339078749,21.255285342986202],[81.612487602655833,21.255941632180477],[81.612411473130464,21.256093667356144],[81.612367971314512,21.256227965424554],[81.612332625303026,21.256374932728995],[81.612324468600249,21.2565244340907],[81.612335344503407,21.256684070431213],[81.612362532913792,21.256818367961287],[81.61239244052453,21.256912123242071],[81.612414192330803,21.256985606571291],[81.612384284720079,21.257048953921903],[81.612321749399868,21.257122437182847],[81.61225921497801,21.257180716926687],[81.61222386986482,21.257269403594748],[81.612221150664482,21.257350489314959],[81.61222386986482,21.257398633050673],[81.612245620772811,21.257507590573169],[81.612267371680801,21.257659624969548],[81.612280966784311,21.257758447243013],[81.612275528383577,21.257834463494152],[81.612251058275234,21.257913014723265],[81.612226588166877,21.258024506043309],[81.612202118058548,21.258100522157115],[81.612199399756491,21.258186674933221],[81.612204837258915,21.258237352570049],[81.612232026567597,21.258260157626513],[81.612289122588749,21.258257623452472],[81.612359814611736,21.258252555941414],[81.612419629833227,21.258288030189444],[81.612474007552336,21.258341241964036],[81.612495759358623,21.258389385375921],[81.612520511537952,21.258426112862935],[81.612571739763652,21.258429226368879],[81.612628536645801,21.25842403747135],[81.612669742367885,21.258429226368879],[81.612728766173646,21.258471779842733],[81.612733584736816,21.258511557187092],[81.612738704235639,21.258549064903175],[81.612790016902977,21.258858907976101],[81.612830944147333,21.259159178025808],[81.612844586861556,21.259259527991588],[81.612836790383184,21.259283398625204],[81.612637446136816,21.259477481224405],[81.612470397223191,21.259678827795398],[81.612462601643145,21.259694396029222],[81.612445896572126,21.259716191218939],[81.612448123495724,21.259749403049991],[81.612452578241246,21.259815826689628],[81.612430504838059,21.260071876639188],[81.611978878625621,21.259979869727797]]]},"properties":{"objectid":2457,"id":"2419","name":"Shd Manmohan Singh Bakshi Ward","code":"23","town":"Raipur","district":"Raipur","state":"Chhattisgarh","st_area(shape)":2566707.6576567213,"st_perimeter(shape)":9269.5119787757994}},{"type":"Feature","id":2458,"geometry":{"type":"Polygon","coordinates":[[[81.601370558451066,21.240634749228878],[81.599195585332964,21.240760088157536],[81.597977521011643,21.240883350503623],[81.597251805331268,21.241006603536455],[81.597012323459694,21.241025203888373],[81.596741482299848,21.241027861440163],[81.596062952426379,21.240817935634126],[81.594899758100965,21.240289134719518],[81.594760060192812,21.240222702276029],[81.594477814920438,21.240169555964769],[81.59407012620683,21.24015095466758],[81.5938106882612,21.240161584100143],[81.593636779812087,21.240145640369636],[81.59305518264938,21.239996831576772],[81.592145011400135,21.239841711106937],[81.59146790715306,21.239692238031942],[81.591205083457098,21.239683933735179],[81.590928896423023,21.239688085883618],[81.59078189341497,21.239766974169708],[81.590581434359308,21.23986247182571],[81.590429976605776,21.239941360018484],[81.590233973193961,21.240057617415456],[81.590037968883806,21.240153114045857],[81.589743962867701,21.240078377266563],[81.589592506012494,21.239999488309795],[81.58951232239022,21.239920600148089],[81.589427684022496,21.23986662313181],[81.589316318080066,21.239850015394783],[81.58922722586513,21.239891535989774],[81.589031221554976,21.239982880587739],[81.588897582783446,21.240065920853876],[81.588786216841044,21.240099137114679],[81.588630304342018,21.240107441388059],[81.588536757381561,21.240078377266563],[81.588420936693652,21.240003640449316],[81.588314025496757,21.239924752289877],[81.588216023790864,21.239874927418246],[81.588033383717146,21.239808494788083],[81.58781510657785,21.239779430607634],[81.587507736325307,21.239841711106937],[81.587432007448527,21.239908143722122],[81.587329550997097,21.240028553284137],[81.587244912629345,21.240165570451165],[81.587164729905425,21.240356563510218],[81.587066727301178,21.240481123994748],[81.586959816104255,21.240655508998678],[81.586803904503569,21.240742701004642],[81.58664353725905,21.240842349307126],[81.586371804970412,21.24095030176812],[81.58605997997239,21.240983517829651],[81.585823884749402,21.240991822053214],[81.585578879137145,21.24090047808042],[81.585449695111066,21.240821589563637],[81.585195780906105,21.240800829817246],[81.584505312422536,21.240800829817246],[81.584193488322796,21.240751005241737],[81.583805934448009,21.240701181486674],[81.583449563791632,21.240763461596512],[81.582937280636244,21.240846501422933],[81.582656638856633,21.24095030176812],[81.582549727659739,21.241070710478866],[81.582438361717337,21.241207726677196],[81.582304722945764,21.241419478048122],[81.58212208287209,21.241506670439481],[81.581877078158129,21.241502518342273],[81.581761256571923,21.241510820861997],[81.581672164356988,21.24137380662],[81.581569707905572,21.241261702365147],[81.581507343265272,21.241207726677196],[81.581257020524831,21.241109985125195],[81.5815837324038,21.240397636848869],[81.582102968519493,21.23960371661591],[81.582493854245698,21.239027305867069],[81.583269791140339,21.238282319488068],[81.583987386948849,21.237776597365073],[81.58435493534229,21.237608022380375],[81.584979185413005,21.237325251707695],[81.589996522413216,21.23560686274498],[81.593637007984171,21.234220174438803],[81.596571566862153,21.23320326128119],[81.600486255987065,21.231789358583498],[81.601781132553356,21.231323140972417],[81.603464613125055,21.232074373892356],[81.603417883662289,21.232711918040668],[81.603451869624436,21.233353418335994],[81.603668531592845,21.233373217037343],[81.603634545630726,21.234723526574566],[81.60427603437175,21.234755205038439],[81.604233551245315,21.235705561650935],[81.604556420131487,21.236545037657937],[81.605053467859648,21.237891358529332],[81.605457053967342,21.23942773196783],[81.605423067106898,21.239463369834723],[81.605321109220469,21.239534643868122],[81.60442897254886,21.240053363964925],[81.60402113830817,21.240306783998296],[81.60384271043489,21.240350340758166],[81.6028571121428,21.240488929221183],[81.601370558451066,21.240634749228878]]]},"properties":{"objectid":2458,"id":"2420","name":"Pt Dindyal Upadhyay Ward","code":"41","town":"Raipur","district":"Raipur","state":"Chhattisgarh","st_area(shape)":1764124.6533939147,"st_perimeter(shape)":6759.4534952282365}},{"type":"Feature","id":2459,"geometry":{"type":"Polygon","coordinates":[[[81.636297282174766,21.296246941502975],[81.636242247787223,21.296219675403581],[81.635503539772898,21.296219675403581],[81.635376286226361,21.296201495490259],[81.635125887129135,21.296148916767809],[81.634947694614425,21.296081503486207],[81.634903775980206,21.296040275776484],[81.634836620624483,21.296040275776484],[81.634772711780244,21.296027461688375],[81.634705556424535,21.296027461688375],[81.63460663664037,21.296088945865794],[81.634588326279953,21.296144448161417],[81.634540840435704,21.296188692296862],[81.634411312354899,21.296393857959089],[81.634373482501658,21.296434321413493],[81.634327198603273,21.296463145916096],[81.630700814785655,21.296463145916096],[81.630568197398546,21.296475959966212],[81.630165266162692,21.296475959966212],[81.630034807427251,21.296501588900085],[81.629900497614187,21.296501588900085],[81.629767880227092,21.296514402946844],[81.629636624685986,21.296540031037029],[81.629233815621006,21.296538871830595],[81.629168254774939,21.296525813390041],[81.629109688211699,21.296501588900085],[81.629042532855991,21.296501588900085],[81.628979178272274,21.296482580418857],[81.628913700969534,21.296475959966212],[81.628597758094216,21.296397282015612],[81.628267617345813,21.296360631800948],[81.628077219421357,21.296304697708624],[81.627893263315812,21.296232489474932],[81.627635817833465,21.296194046420553],[81.627300474941265,21.296190766318848],[81.627240276139133,21.296168418270049],[81.627043749907799,21.296142790115059],[81.626640818671945,21.296142790115059],[81.626578454031659,21.296119612617154],[81.626176029445617,21.29611716111863],[81.626145324130903,21.2961691522965],[81.62611944097263,21.296354172878637],[81.626071700006847,21.296527216992509],[81.625831348566066,21.296615912588663],[81.625720145218722,21.296680530977802],[81.625384485221218,21.296680987127178],[81.625331083072538,21.296693801995286],[81.625263927716844,21.296693801995286],[81.625134225362871,21.296668173094936],[81.624932760194085,21.296668173094936],[81.62473623396275,21.296693801995286],[81.624400458082604,21.296693801995286],[81.624200862307916,21.296718321904368],[81.623933662019937,21.296724702135403],[81.623681873228918,21.296777927630327],[81.623548974669177,21.296783501018886],[81.623499656261757,21.296748159086196],[81.623449855459029,21.296638539280984],[81.623444656908504,21.296576756534481],[81.623369414918614,21.29640682685525],[81.623367335318733,21.296344496630809],[81.623326074799408,21.296227486881691],[81.623326074799408,21.296164917206561],[81.623312321592408,21.296105372331166],[81.623312321592408,21.295980232850244],[81.623324606053927,21.295918792987077],[81.623317750111681,21.29586986086791],[81.622725016534389,21.295759765004998],[81.622663308562579,21.29576280657799],[81.622572097221891,21.295823756038299],[81.622585226099773,21.295762393948525],[81.62255476782174,21.295728142351045],[81.622514019342148,21.295757615649016],[81.622490891316843,21.295816358004995],[81.622457102984058,21.295860875930398],[81.622406323017657,21.295897710404351],[81.622284121596309,21.295924947269334],[81.622216966240629,21.295924947269334],[81.622247559265944,21.2956823103315],[81.622209195813397,21.295652288798316],[81.622225802968075,21.295465536461581],[81.622225802968075,21.29490240634421],[81.622212049761075,21.294845143406857],[81.622209312594379,21.294407754468175],[81.622159642945704,21.294299954196784],[81.622110657813238,21.294259082543061],[81.621774881933106,21.294259082543061],[81.621646112928701,21.294285188107924],[81.62152237538821,21.294323154580191],[81.621392292148514,21.294339839034183],[81.62126834979216,21.294384764181192],[81.621001751375402,21.294524169733482],[81.620941199535352,21.29453334474799],[81.620647873543945,21.294627242560129],[81.620516003555196,21.294639204721626],[81.620326171569332,21.294681957806901],[81.620157909031803,21.294669142763407],[81.619910970245016,21.294707586216568],[81.619843814889336,21.294707586216568],[81.61979071726951,21.294694087360458],[81.619673905739873,21.294559622682719],[81.61944225807585,21.294351611223554],[81.619399232367002,21.294323154580191],[81.619312043682186,21.294235280357107],[81.619282576245894,21.294189305584535],[81.619156035961723,21.294079680523076],[81.618753104725869,21.294079680523076],[81.618695537987506,21.294101248818464],[81.618371188677784,21.294143752638437],[81.617901102086222,21.294143752638437],[81.617768484699141,21.294130938384967],[81.616492534737574,21.294130938384967],[81.616160397034307,21.294169381141945],[81.615488844375705,21.294169381141945],[81.61548663901165,21.293733442367003],[81.615459132597664,21.293611957671136],[81.615459132597664,21.293424245225779],[81.615417872078339,21.293245608870659],[81.615406469762462,21.293122974582147],[81.615377411957951,21.293068454611202],[81.615362858352029,21.292886275669549],[81.615315120081178,21.29277334351163],[81.615238430007068,21.292681090045793],[81.615185207521435,21.292572551115846],[81.6151068358011,21.292474913970221],[81.615052062823281,21.29244200079955],[81.615011410463438,21.292393886104946],[81.614908996232799,21.292240186815324],[81.614867736611828,21.292133909126466],[81.614826476092503,21.292090202796981],[81.614785215573193,21.291978701294376],[81.614743955952207,21.29193670406945],[81.614724354712692,21.291877498139851],[81.614689266517715,21.291824927914778],[81.614606422085558,21.291532465100143],[81.614620175292558,21.291224914735597],[81.614636299153574,21.291168566046775],[81.614707856254185,21.291076263027765],[81.614743954155571,21.290970278285904],[81.615048800142191,21.290497817291264],[81.615956910656166,21.289089277464793],[81.616799767547903,21.28766045731539],[81.617338108134732,21.286766170307061],[81.617876448721574,21.285752808206929],[81.618080366291068,21.285418397005738],[81.618316909773355,21.284947180426194],[81.618466448725457,21.284519029756499],[81.618577923364001,21.28417954913149],[81.618825342749432,21.283416981312165],[81.619064605432115,21.282702544998727],[81.619390872644971,21.281724623499219],[81.619570319207838,21.281187524371841],[81.619700826452288,21.280774563803259],[81.619795987685279,21.280432541580705],[81.619907462323866,21.279981576081681],[81.620010780259634,21.27944953737158],[81.620192946022826,21.278499462982268],[81.620307139861723,21.277904080562923],[81.620434927905876,21.277265624529353],[81.620562715949958,21.276627165725202],[81.620815572837842,21.275236227724779],[81.620984144395834,21.274374803329355],[81.621196217769793,21.273376556838716],[81.621262906001547,21.273069643216953],[81.624408590530862,21.274753973225373],[81.630545217595269,21.278272275666879],[81.63237971125443,21.279317377438215],[81.634578950563338,21.280570261122346],[81.638956793980753,21.283135411028173],[81.641528059784804,21.28464954190714],[81.64256994830923,21.285584731766949],[81.643640513752416,21.286849457899425],[81.644510346153822,21.288541675550277],[81.645110756733544,21.28966860341955],[81.644606356294787,21.289881805945328],[81.644323540592197,21.28995831032098],[81.644257853981955,21.289961710254129],[81.64413195509492,21.289961710254129],[81.644011530541192,21.289971910890095],[81.643944019452618,21.289961710254129],[81.643907527190834,21.289929408375027],[81.643880158219105,21.289861404660147],[81.643871034929035,21.289810401434853],[81.643753917073894,21.289858004724685],[81.643448863576452,21.289985511457978],[81.643203680996066,21.290152864714603],[81.642952795910261,21.290285684517674],[81.64268195385209,21.290418504200773],[81.642550809702087,21.290463663233993],[81.642485237177894,21.290272402877584],[81.642448174485907,21.290155521379692],[81.642459578598448,21.289972229790738],[81.642468131458259,21.289889881418382],[81.642334136055553,21.28969065113246],[81.642228650484981,21.289618927627732],[81.641786750332102,21.289605645927427],[81.641284980160478,21.289626896814767],[81.641250768721221,21.289682681948875],[81.641227961394478,21.289802219657101],[81.641199451562301,21.289950978116291],[81.64107115776666,21.290089111434366],[81.640897249317575,21.29018208551684],[81.640757551409422,21.290245838756761],[81.640606450287038,21.290280372029187],[81.640466753277224,21.290264433725536],[81.640344161987031,21.290213962140236],[81.640152612422341,21.290118497976959],[81.638379667733204,21.290558463427203],[81.636440509563698,21.290932536938833],[81.636461390004158,21.294168672215083],[81.636297282174766,21.296246941502975]]]},"properties":{"objectid":2459,"id":"2422","name":"Yatiyatan Lal Ward","code":"4","town":"Raipur","district":"Raipur","state":"Chhattisgarh","st_area(shape)":5311952.268164237,"st_perimeter(shape)":10596.232746057125}},{"type":"Feature","id":2460,"geometry":{"type":"Polygon","coordinates":[[[81.721725573592849,21.244190381922564],[81.721705453127143,21.245281801089099],[81.71948646884826,21.245352827828061],[81.719470339597351,21.245335166594558],[81.718823908325618,21.245266060530291],[81.718809219074132,21.246260165618846],[81.71879042901331,21.247531826344858],[81.718771638952518,21.248803475259383],[81.718464011781791,21.250351719130084],[81.717048926257448,21.251670580922983],[81.716433671915951,21.254136247787315],[81.716162029458886,21.255375968928256],[81.715892498042706,21.256606045145048],[81.715793433629827,21.257058148017439],[81.715461127941609,21.258792087078252],[81.715383698553993,21.259755295970457],[81.714855957189201,21.261354189198741],[81.71499242116235,21.262307998365365],[81.71594766358433,21.262880281234505],[81.718472233163268,21.263516147550138],[81.721133265817031,21.263770494144648],[81.722907287586182,21.264024839462582],[81.725363625627722,21.264597115658578],[81.727956426744086,21.2653601468472],[81.729935143125445,21.266313930062331],[81.731572701819829,21.267394876790814],[81.732874589736895,21.26832757619356],[81.733693180437882,21.268914028355439],[81.73301774885384,21.269148587637734],[81.731254827566644,21.269836957264964],[81.729491905381124,21.270525322835638],[81.728210649071158,21.271073925204103],[81.726248433843239,21.271976847825819],[81.723831124007518,21.273089177078361],[81.721810032297569,21.274261092685617],[81.721740335607919,21.274301505307289],[81.72032314263592,21.275527818886268],[81.721984610889876,21.276238122184225],[81.722902563346125,21.276689341075723],[81.72382051490402,21.277140558583429],[81.725451216757818,21.277754743216203],[81.725625534838684,21.277879632853573],[81.725972219859671,21.280413083192869],[81.72637338231273,21.282239047396814],[81.726620035435218,21.283142391175307],[81.727223865901223,21.285097053708373],[81.72830095491004,21.28574039081316],[81.729629020632814,21.287636951204266],[81.730070305439725,21.288136493132441],[81.730352380930498,21.288257008899244],[81.730297315101922,21.288252094758644],[81.729451611449051,21.288601389218702],[81.727383797462835,21.288734265666356],[81.726599454133762,21.288734265666356],[81.725672503253335,21.288734265666356],[81.723818601492468,21.288667827457527],[81.721893395955931,21.288933580949678],[81.719469063091324,21.288933580949678],[81.718042983984546,21.288734265666356],[81.715404739792902,21.288667827457527],[81.713336925806686,21.289132895125846],[81.711982151373903,21.28886714283092],[81.709914337387687,21.288734265666356],[81.708274347852154,21.289265771930207],[81.707133484746393,21.289265771930207],[81.705422190536865,21.289465085656072],[81.704423935880754,21.28953152350466],[81.701643083239475,21.290195902013391],[81.700905357083741,21.288029815729534],[81.70084286218777,21.287911705375755],[81.70059358418797,21.287334306862896],[81.7005194938383,21.28719260188069],[81.700375410354923,21.286926295315425],[81.700195894621814,21.286648983017802],[81.699966587967424,21.286362074484281],[81.69977611368617,21.286143745897427],[81.699692970115052,21.28607331722489],[81.699289344481471,21.285777515762224],[81.699013458382993,21.285569750521962],[81.6987375722845,21.285361984988167],[81.698151030794477,21.284929549890169],[81.697699031781156,21.284591488158821],[81.697262148719147,21.284259060617856],[81.697036905144842,21.284075944154672],[81.696938643825789,21.283973116718517],[81.696802590382717,21.28378859031594],[81.696677119093735,21.283588569125975],[81.69647152706456,21.283236419307862],[81.69636117262516,21.283032171943347],[81.696259888475211,21.282889902829488],[81.695653695440015,21.282264480430694],[81.695082270799588,21.281668636126831],[81.694792023334628,21.281341836222005],[81.694618177767609,21.281167167081772],[81.694265950141343,21.280841775674482],[81.694083034284844,21.280616395009666],[81.693927328398345,21.280410735228386],[81.693847207658166,21.280258602955435],[81.693832090808542,21.280165633481143],[81.693829067977603,21.280059985747293],[81.693839649233354,21.279888132652413],[81.693865348237026,21.279686698209922],[81.693881976951218,21.279465542138709],[81.693900117530077,21.279273966970809],[81.693933374958519,21.279116199195126],[81.693956051131252,21.278992238083305],[81.693984772965806,21.278876729627598],[81.693990820424304,21.278740090836532],[81.693954539266628,21.278541471578215],[81.693904653123951,21.278345669648736],[81.693829067977603,21.278152685059311],[81.693726271963016,21.277892084394043],[81.693659757106147,21.277701915981865],[81.693588706655376,21.2775047041285],[81.693507074948869,21.277297631188695],[81.69346474723099,21.277156765338617],[81.693354392791591,21.27652145769137],[81.693291951794521,21.275880733004417],[81.693048366418694,21.275784436678066],[81.692103551640514,21.275443960683166],[81.690863481289725,21.274952161470107],[81.689455706255146,21.274429132675039],[81.688832128124261,21.274206823549065],[81.687790468670258,21.273799623572984],[81.686871635865046,21.273451852650677],[81.685662272625606,21.273002829606124],[81.684535580443423,21.272602230246864],[81.68329078585252,21.272117987347414],[81.682131024888136,21.271686569756156],[81.680539010778688,21.271098870454576],[81.679781295311244,21.270824581292107],[81.679991543308546,21.270209858763529],[81.680047025057149,21.269943932482835],[81.680084649196175,21.269643403153893],[81.680087336955523,21.269362908169271],[81.680076586816483,21.268929643329106],[81.680006712260436,21.268321066649339],[81.679969088121396,21.268080640249629],[81.679885776565328,21.267805151707023],[81.67967615289713,21.267169020963063],[81.679251531838759,21.26586419375829],[81.678832286299027,21.264952561583112],[81.678515163935742,21.264198706862921],[81.678445289379681,21.264058454668668],[81.67835660320327,21.263935733261206],[81.678208791711469,21.263830544358708],[81.677942732283867,21.263695300536508],[81.67774654651403,21.263610146365945],[81.677617547540891,21.263545029570249],[81.677515423466133,21.263487425421985],[81.67739179911338,21.263407280700946],[81.677278925797907,21.263314613679157],[81.677190238723171,21.263241982390003],[81.67711230178746,21.263199405179783],[81.676969865814314,21.263131783412945],[81.676494182718542,21.262936430630344],[81.67598356234474,21.262728554444418],[81.675499816869291,21.262500642075874],[81.674333453287574,21.261927101977502],[81.673347149817971,21.261468769588745],[81.67243609552483,21.261035481515709],[81.672043724883437,21.260857657238805],[81.671301981461795,21.260537073204574],[81.670579050558786,21.260213983633278],[81.669756683340381,21.259835792620891],[81.66966182933119,21.259794993435925],[81.670340364594537,21.259548347077896],[81.674077515178269,21.258193564172736],[81.676347685462019,21.257352230680834],[81.678611217195822,21.256529452266406],[81.679859330163382,21.25607629708216],[81.681286300398909,21.255558196826534],[81.684432675732694,21.25440752812348],[81.686211639134214,21.25378269967598],[81.689537239146972,21.252508288204737],[81.689801596267102,21.252415298691762],[81.693089197543301,21.251258858693582],[81.694261039950007,21.250817940190082],[81.695084865134092,21.250506255869698],[81.695965786339386,21.25019457172715],[81.696814080733532,21.249887953886997],[81.697782007367337,21.249540791253178],[81.698779840713598,21.24918349131821],[81.699296430392437,21.248998506029782],[81.700101222970645,21.248684283521705],[81.700805416813452,21.24844608227669],[81.701786936754132,21.248093848385068],[81.702480254693782,21.247837907387822],[81.703527029155026,21.247450195193],[81.704674401453346,21.247029537719495],[81.705389471199283,21.246771061339256],[81.706468871573335,21.246378277580675],[81.707597212164046,21.245939878858312],[81.708535230288788,21.245602843652843],[81.710280749412306,21.24495438790953],[81.713393935589579,21.243853131723633],[81.715232640550781,21.243154015615637],[81.718013929773292,21.242114615247999],[81.720858061539843,21.241108494753583],[81.721324642006849,21.241024374136042],[81.721436452615308,21.241413783668232],[81.721663059832238,21.243423061392566],[81.721710586998981,21.244006433605758],[81.721725573592849,21.244190381922564]]]},"properties":{"objectid":2460,"id":"2423","name":"Pt Motilal Nehru Ward","code":"8","town":"Raipur","district":"Raipur","state":"Chhattisgarh","st_area(shape)":20383277.16093643,"st_perimeter(shape)":24019.673344645613}},{"type":"Feature","id":2461,"geometry":{"type":"Polygon","coordinates":[[[81.721324642006849,21.241024374136042],[81.720858061539843,21.241108494753583],[81.718013929773292,21.242114615247999],[81.715232640550781,21.243154015615637],[81.713393935589579,21.243853131723633],[81.710280749412306,21.24495438790953],[81.708535230288788,21.245602843652843],[81.707597212164046,21.245939878858312],[81.706468871573335,21.246378277580675],[81.705389471199283,21.246771061339256],[81.704674401453346,21.247029537719495],[81.703527029155026,21.247450195193],[81.702480254693782,21.247837907387822],[81.701786936754132,21.248093848385068],[81.700805416813452,21.24844608227669],[81.700101222970645,21.248684283521705],[81.699296430392437,21.248998506029782],[81.698779840713598,21.24918349131821],[81.697782007367337,21.249540791253178],[81.696814080733532,21.249887953886997],[81.695965786339386,21.25019457172715],[81.695084865134092,21.250506255869698],[81.694261039950007,21.250817940190082],[81.693089197543301,21.251258858693582],[81.689801596267102,21.252415298691762],[81.689800513797181,21.25238738650528],[81.689800513797181,21.252334336675549],[81.689804309179252,21.252267141090204],[81.689849844781023,21.252136285427863],[81.68986502361436,21.252062016873911],[81.689880202447725,21.251966527123226],[81.689910560114441,21.251860428816059],[81.689963685582015,21.251775549110651],[81.690016811947913,21.251658839645181],[81.690043374232559,21.25159164375173],[81.690062946725959,21.251533603755504],[81.690085116248866,21.251467861233753],[81.69008764231144,21.251413714303094],[81.690079164011792,21.251299888806717],[81.690065249108045,21.251256440773997],[81.690039579748799,21.251202612750319],[81.689986454281211,21.251110659741961],[81.689975745464707,21.251081827191641],[81.689871750199202,21.250914437874979],[81.689796719313435,21.250827726597731],[81.689644931878163,21.250696870494082],[81.689519164145139,21.250562196488506],[81.689454954365274,21.250484217356494],[81.689379303641914,21.250343203613522],[81.689334957409599,21.25023298912447],[81.689319716592522,21.25017688511965],[81.68931351192883,21.250119055549622],[81.689321864464333,21.25004355858982],[81.689337561625621,21.249968315274153],[81.68937141643373,21.249881546507893],[81.689402092104046,21.249829137100086],[81.689461043146267,21.24975940102847],[81.689502058425518,21.249724252923997],[81.68960318986187,21.249671233950405],[81.689694262862005,21.249596963316588],[81.689770157028789,21.249550986318507],[81.689830413323108,21.249492274052052],[81.689865921031341,21.24944746580843],[81.689902252494676,21.249381859663242],[81.689920870977247,21.249326600110233],[81.689929533431567,21.24928219787812],[81.689948506748664,21.249161949928727],[81.689963685582015,21.248988651684019],[81.689963685582015,21.248864497754774],[81.689941325616303,21.248737992739567],[81.689925738947792,21.248666811067491],[81.689891586797316,21.248461681001306],[81.689857434646854,21.248320212372303],[81.689808103663012,21.248171670542433],[81.689747388329593,21.248019591189347],[81.689625958561081,21.247740188652369],[81.689588011926816,21.24759518278427],[81.689512117760046,21.247418346146198],[81.689455197808698,21.247266266015632],[81.689367919292337,21.247100038658214],[81.689345151491466,21.247015156210391],[81.689292026023878,21.246859539099667],[81.689261668357162,21.246756973681574],[81.689251867737411,21.2466839013663],[81.6892284522512,21.246560430370941],[81.689221226203074,21.246522324312856],[81.689211899893778,21.246436853777723],[81.68921034580832,21.24639194497135],[81.68921034580832,21.246347036988539],[81.68921034580832,21.246310820566293],[81.689218117133862,21.246273154841408],[81.68922588845939,21.246247079273157],[81.689230288407657,21.246229650904652],[81.68923210569946,21.246222452157294],[81.689239877923299,21.246189132619101],[81.689275626380038,21.246105110348882],[81.689295832185707,21.246071790784171],[81.689320701146073,21.246031228080497],[81.689371993152136,21.245950103476883],[81.689395308027031,21.245925476311378],[81.689455197808698,21.245865707652207],[81.689512117760046,21.24578436108337],[81.689561448743888,21.245667647709546],[81.689612209845635,21.245559882064093],[81.689637294401621,21.245461132822133],[81.689659622926328,21.245373236957317],[81.689670283233824,21.245340567780787],[81.689701851829525,21.245267990423343],[81.689762260837441,21.245158512279897],[81.689796714821838,21.245121353642869],[81.689918149980272,21.245016877213025],[81.690096499700147,21.244893089171708],[81.69027864480212,21.24477637509202],[81.690392485603127,21.244698565375149],[81.690451673800538,21.244652910871167],[81.690475696547892,21.244631494409457],[81.690545227947496,21.244540060592811],[81.690554820158098,21.244520264228409],[81.690579688220126,21.244475355675259],[81.690607666249647,21.244424651535319],[81.690629426140774,21.244379742953022],[81.690651186930197,21.244333385044207],[81.690671392735908,21.244288475596811],[81.690690044456133,21.24423052817264],[81.690702569666144,21.244199591891444],[81.690723750143903,21.244134312456993],[81.690733957700488,21.244058588879639],[81.690737802489892,21.244044253967775],[81.690768160156608,21.243800212784848],[81.690768160156608,21.243623371592921],[81.690768160156608,21.24358876122891],[81.690793939110321,21.243344611283302],[81.690799847329956,21.243288652853554],[81.690804465568831,21.243170280534645],[81.690823467632029,21.242915915114779],[81.690828875490041,21.242880633925452],[81.690878206473869,21.242696717465098],[81.690938920908962,21.242495116594867],[81.690992047274875,21.242304126306788],[81.691060351575814,21.242134356674978],[81.691143834710132,21.241975196891932],[81.69119696017772,21.241844332927172],[81.69126146999487,21.241734689807515],[81.691329774295838,21.241589677193094],[81.691386695145496,21.241423444270279],[81.691401873978862,21.241278431349656],[81.691439820613084,21.241044996535802],[81.691439820613084,21.240899983242866],[81.691432230747225,21.240733749542251],[81.691409462946368,21.240592272657658],[81.691382899763425,21.240415427616902],[81.6913639264463,21.240312856876926],[81.691314595462487,21.240114789472251],[81.691318389946233,21.240065272788801],[81.691288033177855,21.239966239372052],[81.69127285434449,21.239842447088893],[81.691265264478645,21.239746949419949],[81.69126146999487,21.239644379052152],[81.69126146999487,21.239524123238851],[81.691265264478645,21.239393256260794],[81.691276648828236,21.239241168686622],[81.691291827661587,21.239064321187719],[81.691314595462487,21.238926380292718],[81.691284237795784,21.238753070012134],[81.691227317844437,21.238657572474789],[81.691140040226358,21.238555000511727],[81.691048967226223,21.23845596524308],[81.690919947591865,21.238349857208785],[81.690794723339579,21.238279117639522],[81.690669498188967,21.238201304492794],[81.69054047855461,21.238116416920093],[81.690407664436478,21.23803860368745],[81.69033177116799,21.237932494515483],[81.690286234667937,21.237794552561436],[81.690236903684124,21.23758940820036],[81.690145830683988,21.237345356330746],[81.68988779231357,21.23739487392778],[81.689451402426627,21.237479761915953],[81.689117469889425,21.237539890668657],[81.688756974169294,21.237592944986837],[81.688415451766247,21.237600019396869],[81.688127055729126,21.237600019396869],[81.68766789804134,21.237603556183117],[81.687159409369684,21.237638925715402],[81.686787530198259,21.237706128808153],[81.686518106579939,21.237791015779809],[81.686119664225572,21.237914809785618],[81.685630149769366,21.23813763923647],[81.685170992081567,21.238374615422035],[81.684810496361422,21.238551463748315],[81.684351338673608,21.238763680287615],[81.683683473599217,21.239004193056726],[81.683133242911268,21.239142133878929],[81.682586807605418,21.239216409781626],[81.681918942531027,21.239301295883628],[81.681455989461142,21.239297759138157],[81.680594594935187,21.2392906856469],[81.679515126289203,21.239186494789326],[81.680093611687781,21.238012956199864],[81.680823677010736,21.236649103110768],[81.682042514781514,21.234656643654784],[81.683539766509938,21.231825055235795],[81.68452968569855,21.229962290710528],[81.6852567811912,21.228620624333448],[81.68600713945645,21.227153450499788],[81.686017172739824,21.2271355132672],[81.686904005758009,21.225549693683504],[81.687551412600101,21.224407306056062],[81.687757729569753,21.224007465533177],[81.688202779216027,21.223144947734347],[81.688828408200678,21.222087437496707],[81.689095686642105,21.2217293960862],[81.689450077411607,21.221365816921328],[81.690457814683839,21.220391346114166],[81.691180455430981,21.219660488157608],[81.692008027488185,21.218855802714259],[81.692681172859807,21.218158159192406],[81.693637433971332,21.21712276056002],[81.693852221155765,21.216842802885214],[81.695055103948761,21.215274936970207],[81.695451863758592,21.215507299622981],[81.696190941878825,21.215751448757153],[81.696959359874555,21.215751056839281],[81.697298964374454,21.215872630890392],[81.697511010798948,21.215948543125879],[81.698062561112039,21.216145932843904],[81.698412056961544,21.216617084801868],[81.698514714635579,21.217136944840281],[81.699350791043528,21.221326448252267],[81.699413387449184,21.221438938629589],[81.700058155040963,21.222597629827817],[81.700765519038399,21.223868800451474],[81.701835078368518,21.225530480932449],[81.702030142142576,21.225825956254205],[81.707918784781242,21.226379223428978],[81.708539542202118,21.226437547149711],[81.709160298724726,21.226495870010005],[81.713795053126859,21.226961134045389],[81.716080318700634,21.22647157621779],[81.716528128869797,21.226254558921216],[81.716908389322796,21.225951820243054],[81.71727902971746,21.225603831692283],[81.717529330000005,21.22535989815476],[81.717779747961885,21.225192613611018],[81.71811196831014,21.225142811395127],[81.718319326427178,21.225547206677447],[81.718904045235504,21.22668753141085],[81.71969612305918,21.228232235250829],[81.719832885272979,21.228929779222174],[81.719933504669655,21.229487263390141],[81.720130196190979,21.230577034652416],[81.720181184566499,21.230859535243248],[81.720321433141947,21.232126044381982],[81.720321973029442,21.232928209078395],[81.720558750972003,21.234846454851994],[81.720750649083001,21.238147981618894],[81.721001703950378,21.240053741584269],[81.721212831398375,21.240634962737875],[81.721324642006849,21.241024374136042]]]},"properties":{"objectid":2461,"id":"2424","name":"Pt Vidyacharan Shukla Ward","code":"51","town":"Raipur","district":"Raipur","state":"Chhattisgarh","st_area(shape)":10642626.417951018,"st_perimeter(shape)":15774.70734467205}},{"type":"Feature","id":2462,"geometry":{"type":"Polygon","coordinates":[[[81.675349758690984,21.296810297473186],[81.674953629498447,21.297055946475243],[81.674146062024349,21.297498886666805],[81.673398697843922,21.297947628196098],[81.672466569074189,21.298454394891746],[81.671858298235776,21.298812225530543],[81.671013361744158,21.299286107737181],[81.670278454501783,21.299727107006671],[81.669871556305651,21.299947605726707],[81.669196853255315,21.300336379816731],[81.66862387452943,21.300659390484647],[81.668096567949206,21.300964991946564],[81.667664757673606,21.301212568185363],[81.66715198313976,21.301506563433339],[81.666707716824419,21.30173866536634],[81.666203246317053,21.301990107806713],[81.665725763895779,21.302185459781111],[81.665350005798956,21.302355666501008],[81.664478081221233,21.302616779536393],[81.663772238071587,21.30284887887878],[81.662894085474022,21.303160279090875],[81.662130114138961,21.303417521555165],[81.661486550289638,21.30364188387297],[81.661169944457626,21.303759950621131],[81.661081907763148,21.303641508927569],[81.660927231345966,21.303548070491924],[81.660883344152765,21.303507768850288],[81.660777664546089,21.303440835159094],[81.66073495773918,21.30339547924898],[81.66062913170714,21.303331411166944],[81.660587123789512,21.303292969969576],[81.660535597323133,21.303269387686409],[81.66048890918286,21.303229440828407],[81.660443325970391,21.303137732074514],[81.660281450454505,21.302995027960723],[81.660270414651265,21.302936719496],[81.660308957766816,21.302913642664929],[81.66032271097383,21.302863889329558],[81.660326173979271,21.302741982832067],[81.660390831120154,21.302652287445238],[81.660407824550376,21.302596200914056],[81.660439099396996,21.302543851289634],[81.660447246218311,21.30248430314019],[81.660517056993967,21.302328593194023],[81.660529011773775,21.302268655780477],[81.660571636834021,21.302165366523656],[81.660611531914071,21.302122674201087],[81.66062528601941,21.302065414913798],[81.66070295795214,21.301964863149085],[81.660711543151294,21.301905609368475],[81.660764243715761,21.301741186237354],[81.660797712248325,21.301690309327682],[81.660804079507045,21.301629142184243],[81.660856436016743,21.30152715392547],[81.660903922759289,21.301482912234064],[81.661006950539218,21.301412549496185],[81.66112195376023,21.301358098718779],[81.661244993309737,21.301319282890745],[81.661294209309204,21.301289948804033],[81.66137880725276,21.301205691003524],[81.66147445357602,21.301130750875121],[81.661586067453428,21.301001134660218],[81.661649632242941,21.300903470472452],[81.661699443825455,21.300792993384132],[81.661738936460296,21.300743384122775],[81.661753064264744,21.300683985057503],[81.661787325111376,21.300653338508379],[81.661874075418368,21.300438082665057],[81.661910255964727,21.300400717028666],[81.661936966471401,21.300349099790697],[81.661973731821035,21.300306791937746],[81.66206939251731,21.300281736141837],[81.662092044435525,21.300230480424975],[81.662136502957253,21.300192038416348],[81.662245585382223,21.300055931646614],[81.662290749081436,21.300018443718031],[81.66231695383658,21.299968353784369],[81.66239947397689,21.299882569460493],[81.662620503554251,21.299563701686086],[81.662720041379302,21.299487272613678],[81.662770815057485,21.299464503240532],[81.662757061850485,21.299407242917503],[81.662694575039325,21.2993137281372],[81.66264708919509,21.299269485779433],[81.66259202156985,21.299173106844027],[81.662495747324229,21.29904801600777],[81.662409451564756,21.298971194970672],[81.662270266594646,21.298879958951872],[81.662145081868218,21.29884979746274],[81.662088089153343,21.298825550757936],[81.662022981956483,21.298820944971588],[81.661667947993266,21.298705618646377],[81.661521377074877,21.298626758595024],[81.661457778149398,21.298622711055028],[81.661292407288727,21.298551849792986],[81.661161668278936,21.298453645811385],[81.660969120685976,21.298242565699823],[81.660937893450068,21.29819893735025],[81.660900353752666,21.298086621931134],[81.660875038329635,21.298041329651578],[81.660859093233356,21.297929851913267],[81.660859093233356,21.297804713985727],[81.660911303317647,21.297644662760927],[81.660930206566164,21.297524537183438],[81.660996627099976,21.297369969464366],[81.661096952747542,21.297023195865386],[81.661161668278936,21.296873200824738],[81.661161668278936,21.296810624728689],[81.661198294389692,21.296762190067167],[81.661206879588846,21.296702934188843],[81.661271695731557,21.296543180563287],[81.661339129564965,21.296451573095343],[81.661354215871853,21.296394825499892],[81.661340462664853,21.296370698914178],[81.661393504589142,21.296261791929144],[81.661471667900329,21.2960333573408],[81.661477996531474,21.295910660093867],[81.661533010257827,21.295624266798054],[81.661531594512923,21.295499438263398],[81.661510728445521,21.295442872761651],[81.661491749738502,21.295262487898579],[81.661464242426192,21.295225546132048],[81.661449096830481,21.295166308047794],[81.661400208716088,21.29505798354587],[81.661261008474625,21.294879888192238],[81.661161668278936,21.294822603484583],[81.661124930777078,21.294784472255841],[81.661020514201681,21.294729841582448],[81.660793427284389,21.294643514347001],[81.660606601959813,21.294605070877047],[81.66055644722087,21.294579442449507],[81.660468861480666,21.294510584651171],[81.660398830617737,21.294438484344067],[81.66039147790714,21.294382764625343],[81.660369780898094,21.294328567360793],[81.660336464180816,21.2942863615609],[81.660291370550183,21.294178623974428],[81.660253471526673,21.294130938384967],[81.660205766493519,21.294105309037789],[81.660074703191853,21.294092494781001],[81.659943607550872,21.294099726340775],[81.659717436915187,21.294195010477988],[81.659531079612862,21.294241651489031],[81.65939737885752,21.294246267462682],[81.659333364910395,21.294258664050471],[81.65899769413312,21.294259082543061],[81.658868862246649,21.294233453218183],[81.658130155130621,21.294233453218183],[81.658082450097467,21.294207824725838],[81.658056554362773,21.294169381141945],[81.657805839058568,21.293690457160078],[81.657744400581336,21.293586744216952],[81.657692886691351,21.293551561380568],[81.657630216623872,21.293541473149524],[81.657428750556804,21.293541473149524],[81.657367292316636,21.293554287454338],[81.657300136960927,21.293554287454338],[81.657247681636562,21.293570838914331],[81.657140572810306,21.293635929866706],[81.657079894307785,21.293655412451606],[81.656692763539453,21.293836206062718],[81.65659168959526,21.293903866448282],[81.656476120435642,21.293951536208631],[81.656205513736111,21.294102348618139],[81.656088341982027,21.294155004238348],[81.656021881922328,21.294156566890738],[81.655971817014944,21.294195010477988],[81.655907908170661,21.294207824725838],[81.655856383500918,21.294242982295604],[81.655795079770996,21.294261657109381],[81.655688023047006,21.294322961236716],[81.655463154070134,21.294410015162768],[81.655117230820522,21.294563997595162],[81.655062301535835,21.294598417697511],[81.655003800549594,21.294617885926151],[81.654898363488059,21.294683668599632],[81.654724428987834,21.294772263196396],[81.65463134016818,21.294838426627564],[81.654511766319033,21.294893520111355],[81.654464280474798,21.294937763786383],[81.654206662515932,21.295092016847608],[81.654081296329821,21.295117646022781],[81.654027279733484,21.295152712144109],[81.653842241158017,21.295211160124953],[81.653776275171751,21.29522016016784],[81.653604674494574,21.295296071695144],[81.653417717117648,21.295365634698673],[81.653353218978594,21.29537871835165],[81.653242659723276,21.295448621129342],[81.653117959188805,21.29548737238661],[81.653006391125459,21.295546699061155],[81.652890852508577,21.295591776169214],[81.652487920374412,21.295591776169214],[81.652434519124029,21.295604590295294],[81.652285444600935,21.295673583171457],[81.652045533334643,21.295758361395201],[81.651992574953695,21.295796070535189],[81.651869045822338,21.295839476962399],[81.651464829097335,21.296034191804942],[81.651402461762075,21.29605308986347],[81.651352618738557,21.296092605119334],[81.651228303581334,21.296139578644098],[81.651178183876681,21.296179852175381],[81.651011610171864,21.296258141886515],[81.65076533434177,21.296347817740767],[81.650612662065967,21.296450472476252],[81.650390274235917,21.296555160145292],[81.650290775038414,21.296622236747016],[81.650232647751338,21.296642545027066],[81.650165493293954,21.296642545027066],[81.650121787560437,21.296607919508325],[81.650084026877479,21.296559922516391],[81.650062677516431,21.296505592975954],[81.650005518613213,21.296488775689149],[81.648400700816012,21.295052085343379],[81.647702921842665,21.294241639771272],[81.646747061379756,21.292905730733008],[81.645838993086613,21.29103543734999],[81.645110756733544,21.28966860341955],[81.644510346153822,21.288541675550277],[81.643640513752416,21.286849457899425],[81.642180637329687,21.283895803155506],[81.640114277715938,21.279882769564331],[81.637515015916051,21.274714306580854],[81.636297251632058,21.271956705236256],[81.636486836581199,21.271973268335003],[81.636843448884392,21.267128498391905],[81.639994646374589,21.267878482264294],[81.640407919015985,21.266768707096293],[81.640603678984391,21.266804180129743],[81.641019669927857,21.266791510831428],[81.641274226428223,21.26683030898441],[81.641826500783438,21.266941159837035],[81.641979456028565,21.266954524786271],[81.642506224517888,21.267000544905585],[81.643772209468025,21.267000544905585],[81.643835933259325,21.267234123598815],[81.644919242203173,21.267257877414384],[81.645310083013598,21.267182657124724],[81.645875103564407,21.267067846782336],[81.646801226198122,21.266901570615197],[81.647115598818331,21.26692532448444],[81.647808066951725,21.267028257594539],[81.648045969585041,21.267008462578094],[81.648938107154962,21.26688969326057],[81.64918488783826,21.26682777244644],[81.650301972538429,21.266249290797724],[81.650467823997786,21.266451989303658],[81.650568423631498,21.266788977641362],[81.650871335545304,21.266687043911581],[81.655033313799962,21.265245722684007],[81.656778129542587,21.264603223533562],[81.65874852393118,21.267165042039856],[81.658938824837605,21.267428366493849],[81.661916333965962,21.269713689846597],[81.663967585713266,21.271415503745267],[81.666202337221989,21.273195529637505],[81.666114755973368,21.273255985350822],[81.665929861128333,21.273313417418382],[81.664633782616178,21.273363473739629],[81.664440713102039,21.273359604644511],[81.664316152704785,21.273435051980869],[81.664241278125843,21.273507816362653],[81.661489145522495,21.276903628861199],[81.675349758690984,21.296810297473186]]]},"properties":{"objectid":2462,"id":"2425","name":"Veerangana Avanti Bai Ward","code":"6","town":"Raipur","district":"Raipur","state":"Chhattisgarh","st_area(shape)":10421741.154236374,"st_perimeter(shape)":16030.043143069099}},{"type":"Feature","id":2463,"geometry":{"type":"Polygon","coordinates":[[[81.641679221992604,21.247157932207148],[81.641614979873381,21.248175829149726],[81.641548546763175,21.250270647139242],[81.64147842427208,21.250710932658105],[81.641316034021543,21.251065224904618],[81.641061376909875,21.251505508886151],[81.6401054894975,21.253163441107478],[81.63985452266499,21.253517726618725],[81.639145910907629,21.254202218514617],[81.637304259472302,21.255959868975491],[81.636665771104347,21.256437973926918],[81.636230269651236,21.256585876173666],[81.635979115969135,21.253577204171368],[81.634003597590151,21.253831099091272],[81.633996533238786,21.253785008716061],[81.633572642510714,21.252514230811027],[81.633470203127288,21.251799825337645],[81.633338310680642,21.250296135093603],[81.633261625996411,21.249516700521173],[81.632957781631333,21.249391288664633],[81.632724862851219,21.249271393282719],[81.632710733250107,21.249195670670588],[81.632756654229127,21.248952043244099],[81.632989793994795,21.247875468893866],[81.633208804159381,21.246841687152635],[81.633311243542835,21.246314916431764],[81.633643291414543,21.245123090129699],[81.63395414443545,21.244197936608899],[81.634362453884933,21.243136663073436],[81.635605689000485,21.243652353799941],[81.636107185185921,21.243860370775753],[81.637592063519662,21.244382243875023],[81.639132624824597,21.245056928627015],[81.640271031038054,21.245443284892001],[81.640444267547338,21.245477883936097],[81.641168145274662,21.245469234175818],[81.641786844655215,21.245408684165263],[81.641736771662963,21.246246094657447],[81.641679221992604,21.247157932207148]]]},"properties":{"objectid":2463,"id":"2426","name":"Abdul Hamid Ward","code":"36","town":"Raipur","district":"Raipur","state":"Chhattisgarh","st_area(shape)":1054977.0573208302,"st_perimeter(shape)":4379.3515560885298}},{"type":"Feature","id":2464,"geometry":{"type":"Polygon","coordinates":[[[81.641979456028565,21.266954524786271],[81.641826500783438,21.266941159837035],[81.641274226428223,21.26683030898441],[81.641019669927857,21.266791510831428],[81.640603678984391,21.266804180129743],[81.640407919015985,21.266768707096293],[81.639994646374589,21.267878482264294],[81.636843448884392,21.267128498391905],[81.636486836581199,21.271973268335003],[81.636297251632058,21.271956705236256],[81.63629579636131,21.271956577995216],[81.631311013408705,21.260611600358626],[81.631136709700868,21.260214886949282],[81.629905781504675,21.257558121097496],[81.63135118427158,21.257215320749125],[81.632904962489263,21.25695735199989],[81.634595296308262,21.256830087060699],[81.636230269651236,21.256585876173666],[81.636491718026448,21.258195322272453],[81.636697305564056,21.259061200575168],[81.636737370425735,21.259229936872856],[81.636888540718388,21.259921144037278],[81.637143640699492,21.26124631447539],[81.637216864174945,21.261664555461397],[81.637299535232216,21.262324932577553],[81.637290086752046,21.262815812080987],[81.637209777365669,21.263643478706854],[81.637086508745725,21.264668699837291],[81.637721306834536,21.264675578727712],[81.639548196254808,21.264551760325496],[81.639640463115953,21.264551760325496],[81.63985452266499,21.264644624136928],[81.640153468516814,21.264648063164156],[81.641891780456817,21.264713412200621],[81.641979456028565,21.266954524786271]]]},"properties":{"objectid":2464,"id":"2427","name":"Raman Mandir Ward","code":"14","town":"Raipur","district":"Raipur","state":"Chhattisgarh","st_area(shape)":939919.66640607407,"st_perimeter(shape)":5640.3988746696104}},{"type":"Feature","id":2465,"geometry":{"type":"Polygon","coordinates":[[[81.648837908169853,21.252790262014987],[81.647139699719091,21.253776748748685],[81.647338239074998,21.254134483778639],[81.648189753929429,21.256145187938341],[81.648750077189575,21.257613107986373],[81.649667771829343,21.259196142244129],[81.6505148741591,21.260725707484852],[81.651441392949891,21.262621194747393],[81.651785528552054,21.263287282036739],[81.651595812448903,21.263316063642399],[81.650664882031762,21.263057029826186],[81.650078087216798,21.262880228493199],[81.649759061323437,21.262756727540772],[81.64940022658827,21.262720202890502],[81.648635011984823,21.262646522340361],[81.647934741084867,21.2625438950808],[81.646833507157865,21.262404427409415],[81.645831102285143,21.262272854092441],[81.644614097975904,21.26219391004582],[81.644060657607426,21.262114965956862],[81.642900127685152,21.261949183148563],[81.642767138395541,21.260509585331629],[81.642498283410788,21.258772630852391],[81.642343863013465,21.25736639937049],[81.641783539753277,21.256601601290729],[81.640526122036022,21.257267715808407],[81.639379003960926,21.257900933205903],[81.638717205209659,21.258266881936187],[81.638253945814256,21.258480695065604],[81.637923045989467,21.258628718327557],[81.636697305564056,21.259061200575168],[81.636491718026448,21.258195322272453],[81.636230269651236,21.256585876173666],[81.636665771104347,21.256437973926918],[81.637304259472302,21.255959868975491],[81.639145910907629,21.254202218514617],[81.63985452266499,21.253517726618725],[81.6401054894975,21.253163441107478],[81.641061376909875,21.251505508886151],[81.641316034021543,21.251065224904618],[81.64147842427208,21.250710932658105],[81.641548546763175,21.250270647139242],[81.641614979873381,21.248175829149726],[81.641679221992604,21.247157932207148],[81.642260849698047,21.247274601700756],[81.642652062411003,21.247367476405742],[81.642951007364516,21.247443152234037],[81.64308387178832,21.247501629212167],[81.643286859601474,21.247622022523608],[81.643526754698115,21.247814651114982],[81.644637650904329,21.248822508319481],[81.645715331004567,21.249857876962174],[81.646888968245193,21.250934515527437],[81.648837908169853,21.252790262014987]]]},"properties":{"objectid":2465,"id":"2428","name":"Shd Hemukalani Ward","code":"28","town":"Raipur","district":"Raipur","state":"Chhattisgarh","st_area(shape)":1472339.1870164261,"st_perimeter(shape)":6499.6064086576298}},{"type":"Feature","id":2466,"geometry":{"type":"Polygon","coordinates":[[[81.678327499584668,21.298626142592266],[81.677917325232684,21.29936567968435],[81.676535053369037,21.30185786267845],[81.676111610001968,21.302621306531613],[81.675823815836097,21.303140180945149],[81.675648056857497,21.30345706244966],[81.675472296980587,21.303773943270773],[81.67495632444431,21.304167269335831],[81.672680645691258,21.30590200563854],[81.672037905597051,21.306391959714272],[81.671395164604505,21.306881911319021],[81.670040053303481,21.307914887976025],[81.666118337556398,21.311037048264232],[81.663979659070691,21.311905544611847],[81.661852154728791,21.305369475718635],[81.661780570678772,21.305322716048529],[81.661766817471772,21.30526545800835],[81.661684297331433,21.305117111750342],[81.661615530398123,21.304966398521024],[81.661615530398123,21.304903832566634],[81.661601777191137,21.304846573526259],[81.661601777191137,21.304721442325732],[81.661574269878813,21.304669490998293],[81.661560516671813,21.304609950405769],[81.661509038714442,21.304510259906145],[81.66140780127688,21.304188590930718],[81.661307852921723,21.303984904962309],[81.661273255206879,21.303947917683285],[81.661189174692922,21.303785817646951],[81.661169944457626,21.303759950621131],[81.661486550289638,21.30364188387297],[81.662130114138961,21.303417521555165],[81.662894085474022,21.303160279090875],[81.663772238071587,21.30284887887878],[81.664478081221233,21.302616779536393],[81.665350005798956,21.302355666501008],[81.665725763895779,21.302185459781111],[81.666203246317053,21.301990107806713],[81.666707716824419,21.30173866536634],[81.66715198313976,21.301506563433339],[81.667664757673606,21.301212568185363],[81.668096567949206,21.300964991946564],[81.66862387452943,21.300659390484647],[81.669196853255315,21.300336379816731],[81.669871556305651,21.299947605726707],[81.670278454501783,21.299727107006671],[81.671013361744158,21.299286107737181],[81.671858298235776,21.298812225530543],[81.672466569074189,21.298454394891746],[81.673398697843922,21.297947628196098],[81.674146062024349,21.297498886666805],[81.674953629498447,21.297055946475243],[81.675349758690984,21.296810297473186],[81.661489145522495,21.276903628861199],[81.664241278125843,21.273507816362653],[81.664316152704785,21.273435051980869],[81.664440713102039,21.273359604644511],[81.664633782616178,21.273363473739629],[81.665929861128333,21.273313417418382],[81.666114755973368,21.273255985350822],[81.666202337221989,21.273195529637505],[81.666360324829313,21.273361957744129],[81.6666859695097,21.27436489961871],[81.666978497797146,21.275203251262624],[81.667315180975748,21.275784436678066],[81.667651865052648,21.276396479844099],[81.667938874091007,21.276890226309625],[81.668176208090756,21.277183387908114],[81.668457697879958,21.277347969088108],[81.66866743473588,21.277409687087793],[81.668900353515994,21.277407630379589],[81.669370165223057,21.277361547385098],[81.669854106531218,21.277289131460865],[81.670147297775358,21.277229881965724],[81.670316853886916,21.277183798915548],[81.670433422871469,21.277065300653621],[81.670754873317762,21.276594595561299],[81.670889104977405,21.27642013842717],[81.67095268863153,21.276344430613079],[81.671125776918785,21.276301638713118],[81.671503745769542,21.276219347142391],[81.67227381307211,21.276087681537955],[81.672937907917245,21.275962597849002],[81.673736233523755,21.275850681478929],[81.674446250246206,21.275748640180819],[81.675650804803936,21.275643306532661],[81.676491520112037,21.275547847979681],[81.676763515607021,21.27552480619298],[81.676971928346234,21.275485306337551],[81.677162679308594,21.275449097918177],[81.677374624223475,21.275435931294133],[81.677565375185836,21.275455681648342],[81.677650859766587,21.275504002786427],[81.677727725012204,21.275535603002435],[81.677791025697005,21.275541923044806],[81.677847544101425,21.275537709962283],[81.677915366905381,21.275504002786427],[81.678069097396559,21.275381816615891],[81.678733757282032,21.274962588325611],[81.678849055150437,21.27482986769305],[81.67889653111321,21.274707680125626],[81.678905574453154,21.27462551908766],[81.678925921294351,21.274435918191408],[81.678923660234773,21.274307410201729],[81.67889879217276,21.274225248940233],[81.678860359549986,21.27406935420337],[81.678833230428367,21.274025113458247],[81.678756365182807,21.273959806225403],[81.678636545195246,21.273791270972982],[81.6785506366097,21.273650122173862],[81.678530289768503,21.273549001000184],[81.67852350748808,21.273422599226087],[81.678530289768503,21.273334117333668],[81.67852350748808,21.273222462652484],[81.678507682766039,21.273053926555587],[81.678516726106039,21.272921203364486],[81.678516726106039,21.272847469322734],[81.678539333108461,21.272373459222599],[81.678518986267264,21.271895234408902],[81.678543854329277,21.271758296982071],[81.678559679949643,21.271667707910879],[81.678582286952093,21.271593972403949],[81.6785935913516,21.27153919750381],[81.678663674316823,21.27140436760186],[81.678738278502877,21.271242148812796],[81.678785754465608,21.271155773469104],[81.67885131621,21.271033582851061],[81.678919139013956,21.270869257463765],[81.678973396358813,21.270749173636272],[81.679002786539954,21.270696504613756],[81.679075524026828,21.270560127779103],[81.679310751477217,21.270654243479417],[81.679781295311244,21.270824581292107],[81.680539010778688,21.271098870454576],[81.682131024888136,21.271686569756156],[81.68329078585252,21.272117987347414],[81.684535580443423,21.272602230246864],[81.685662272625606,21.273002829606124],[81.686871635865046,21.273451852650677],[81.687790468670258,21.273799623572984],[81.688832128124261,21.274206823549065],[81.689455706255146,21.274429132675039],[81.690863481289725,21.274952161470107],[81.692103551640514,21.275443960683166],[81.693048366418694,21.275784436678066],[81.693291951794521,21.275880733004417],[81.693354392791591,21.27652145769137],[81.69346474723099,21.277156765338617],[81.693507074948869,21.277297631188695],[81.693588706655376,21.2775047041285],[81.693659757106147,21.277701915981865],[81.693726271963016,21.277892084394043],[81.693829067977603,21.278152685059311],[81.693904653123951,21.278345669648736],[81.693954539266628,21.278541471578215],[81.693990820424304,21.278740090836532],[81.693984772965806,21.278876729627598],[81.693956051131252,21.278992238083305],[81.693933374958519,21.279116199195126],[81.693900117530077,21.279273966970809],[81.693881976951218,21.279465542138709],[81.693865348237026,21.279686698209922],[81.693839649233354,21.279888132652413],[81.693829067977603,21.280059985747293],[81.693832090808542,21.280165633481143],[81.693847207658166,21.280258602955435],[81.693927328398345,21.280410735228386],[81.694083034284844,21.280616395009666],[81.694265950141343,21.280841775674482],[81.694618177767609,21.281167167081772],[81.694792023334628,21.281341836222005],[81.695082270799588,21.281668636126831],[81.695653695440015,21.282264480430694],[81.696259888475211,21.282889902829488],[81.69636117262516,21.283032171943347],[81.69647152706456,21.283236419307862],[81.696677119093735,21.283588569125975],[81.696802590382717,21.28378859031594],[81.696938643825789,21.283973116718517],[81.697036905144842,21.284075944154672],[81.697262148719147,21.284259060617856],[81.697699031781156,21.284591488158821],[81.698151030794477,21.284929549890169],[81.6987375722845,21.285361984988167],[81.699013458382993,21.285569750521962],[81.699289344481471,21.285777515762224],[81.699692970115052,21.28607331722489],[81.69977611368617,21.286143745897427],[81.699966587967424,21.286362074484281],[81.700195894621814,21.286648983017802],[81.700375410354923,21.286926295315425],[81.7005194938383,21.28719260188069],[81.70059358418797,21.287334306862896],[81.70084286218777,21.287911705375755],[81.700905357083741,21.288029815729534],[81.701643083239475,21.290195902013391],[81.700217005030979,21.290660964848449],[81.699503965477575,21.291391775261605],[81.697938557670227,21.292655916607679],[81.697919018414467,21.293999632816707],[81.697879296709246,21.296460608215114],[81.696730956027039,21.296884047122173],[81.695011819525092,21.297570296649464],[81.689164897343176,21.297836034885588],[81.685884917373826,21.297636732508984],[81.679184009072102,21.297081859040489],[81.678327499584668,21.298626142592266]]]},"properties":{"objectid":2466,"id":"2429","name":"Kushabhau Thakare Ward","code":"7","town":"Raipur","district":"Raipur","state":"Chhattisgarh","st_area(shape)":10515422.038042713,"st_perimeter(shape)":18089.846346374299}},{"type":"Feature","id":2467,"geometry":{"type":"Polygon","coordinates":[[[81.66966182933119,21.259794993435925],[81.669756683340381,21.259835792620891],[81.670579050558786,21.260213983633278],[81.671301981461795,21.260537073204574],[81.672043724883437,21.260857657238805],[81.67243609552483,21.261035481515709],[81.673347149817971,21.261468769588745],[81.674333453287574,21.261927101977502],[81.675499816869291,21.262500642075874],[81.67598356234474,21.262728554444418],[81.676494182718542,21.262936430630344],[81.676969865814314,21.263131783412945],[81.67711230178746,21.263199405179783],[81.677190238723171,21.263241982390003],[81.677278925797907,21.263314613679157],[81.67739179911338,21.263407280700946],[81.677515423466133,21.263487425421985],[81.677617547540891,21.263545029570249],[81.67774654651403,21.263610146365945],[81.677942732283867,21.263695300536508],[81.678208791711469,21.263830544358708],[81.67835660320327,21.263935733261206],[81.678445289379681,21.264058454668668],[81.678515163935742,21.264198706862921],[81.678832286299027,21.264952561583112],[81.679251531838759,21.26586419375829],[81.67967615289713,21.267169020963063],[81.679885776565328,21.267805151707023],[81.679969088121396,21.268080640249629],[81.680006712260436,21.268321066649339],[81.680076586816483,21.268929643329106],[81.680087336955523,21.269362908169271],[81.680084649196175,21.269643403153893],[81.680047025057149,21.269943932482835],[81.679991543308546,21.270209858763529],[81.679781295311244,21.270824581292107],[81.679310751477217,21.270654243479417],[81.679075524026828,21.270560127779103],[81.678441520947061,21.270306464287067],[81.677789598274018,21.270073144117454],[81.676918006072952,21.26975838058657],[81.675758245108554,21.269322553627465],[81.674777998978954,21.268948358190571],[81.67363713497484,21.268521332946523],[81.67243249507716,21.268074496522132],[81.671440438796523,21.267678286249097],[81.670717655217246,21.267394334325381],[81.670070456784273,21.267158807863098],[81.669392551239952,21.26696730457309],[81.66898628096618,21.266890263353506],[81.668412306008662,21.266844038100107],[81.667337577772415,21.266736179956247],[81.666258126194393,21.266667943677216],[81.66493302311541,21.266590901463825],[81.66420079105599,21.266518262582419],[81.663865381688467,21.266454427902321],[81.663626816098457,21.266359776255989],[81.663303216881971,21.266194687197604],[81.662989065247331,21.26600758520383],[81.662519019978291,21.265582753128935],[81.661439568400269,21.264594408302699],[81.660068002658178,21.263373375688563],[81.662620459536797,21.262363038733653],[81.664631750627009,21.261626893662246],[81.667791402162365,21.260476273210728],[81.668740624973623,21.260129847971044],[81.66966182933119,21.259794993435925]]]},"properties":{"objectid":2467,"id":"2430","name":"Rani Laxmi Bai Ward","code":"10","town":"Raipur","district":"Raipur","state":"Chhattisgarh","st_area(shape)":1471411.872120003,"st_perimeter(shape)":5528.2778249021467}},{"type":"Feature","id":2468,"geometry":{"type":"Polygon","coordinates":[[[81.65425264278376,21.249934852578196],[81.651675863120488,21.251246438389572],[81.651514358608821,21.250896047241955],[81.651261154971252,21.250443037151218],[81.651044122896934,21.249998453294733],[81.650612319807834,21.249303130575935],[81.650438242475474,21.249048177950687],[81.650329726887463,21.24887750684163],[81.650318423386253,21.248793224884249],[81.650277729703873,21.248203248995559],[81.65031164110583,21.248199203417418],[81.650868689108492,21.248193809033936],[81.651184108265966,21.24818571871424],[81.651386671176041,21.248191112260756],[81.651510882128662,21.248182843607271],[81.651846778383074,21.248125035023012],[81.652013169729884,21.248089973602447],[81.652081173095226,21.248044123395818],[81.652114451184929,21.247949726999469],[81.652192582156758,21.247709690152377],[81.652225376952828,21.247501363803568],[81.652247563543739,21.24736042255854],[81.652269266840975,21.247311875335647],[81.652293864510099,21.247298390551279],[81.65236765482247,21.247303784130274],[81.652403827284033,21.24732940655818],[81.652453020825618,21.247352331355824],[81.652509449398494,21.247395484152705],[81.652533606893144,21.247420251730805],[81.652553288082672,21.247440622897404],[81.652626554677241,21.247516458603098],[81.652629539778928,21.247519548896602],[81.652667158528089,21.247519548896602],[81.652684521165924,21.247510108891177],[81.652697543144271,21.247493926501772],[81.652877306812414,21.247032640582017],[81.652905566014596,21.246900948876945],[81.652909098190321,21.246749502014715],[81.652898500764891,21.246677071033684],[81.652870241562709,21.246584886630053],[81.652834917110766,21.246522332685398],[81.652792528307472,21.24644660866058],[81.652788996131775,21.246370885434096],[81.652810190982606,21.246288577134628],[81.652803125732859,21.246199684588451],[81.652721880301925,21.246074576345617],[81.652474610935158,21.245742050936641],[81.652227341568377,21.245498417800103],[81.652061317632487,21.245317338743508],[81.652033058430291,21.245208691202734],[81.65199420180268,21.244642406515304],[81.650697804388599,21.244695084018744],[81.650225902301855,21.24324334538202],[81.65174480971686,21.242888701092628],[81.653353428286053,21.242534054275346],[81.654553705066391,21.242280323253599],[81.655862253991302,21.241989108340103],[81.657712164537358,21.241579675827055],[81.658373267992602,21.241453494448873],[81.658618559269144,21.241406675949776],[81.660001352155675,21.241121226545676],[81.660329262387179,21.241034726363381],[81.660650985921365,21.240893442344074],[81.661486230489373,21.240385973378274],[81.662454494889744,21.239745868471879],[81.662723629250536,21.239607466864562],[81.662789032891425,21.239589647530938],[81.662909534700276,21.239945876382567],[81.663210532304205,21.240737829654194],[81.66331717131159,21.241050441418199],[81.663396290430242,21.241404734284156],[81.663432409891172,21.241574666352303],[81.663463369429138,21.241738185467639],[81.663461650053691,21.2418167385805],[81.663451330207707,21.241904910357849],[81.663413490472976,21.242217519646672],[81.663410049925446,21.242424322917053],[81.663430368020542,21.242503075774071],[81.66379048914321,21.243229487637844],[81.663946363014674,21.243505022149222],[81.663983987153742,21.243607721282491],[81.663997425052045,21.243705410941807],[81.664018924431744,21.244016012822573],[81.6638093016619,21.24416630371217],[81.664035049191114,21.244542029847022],[81.662057924624406,21.245633868389248],[81.661812507583733,21.245769396719112],[81.660006524655088,21.246731244822662],[81.657671108833924,21.248021212101776],[81.656260184305978,21.248805206679361],[81.65425264278376,21.249934852578196]]]},"properties":{"objectid":2468,"id":"2431","name":"Lal Bahadur Shastri Ward","code":"34","town":"Raipur","district":"Raipur","state":"Chhattisgarh","st_area(shape)":1058948.3763939256,"st_perimeter(shape)":5164.6356469303464}},{"type":"Feature","id":2469,"geometry":{"type":"Polygon","coordinates":[[[81.686017172739824,21.2271355132672],[81.685763634030664,21.227098911123555],[81.684524523080597,21.227057891021499],[81.684038143744743,21.227055731451433],[81.683713889656403,21.227047095682948],[81.683572608018423,21.227042778217214],[81.683489229088693,21.227034142447977],[81.683417429442997,21.226980168250829],[81.683359527633016,21.226911082053476],[81.683296993211172,21.226818246378173],[81.683252987440326,21.226747000530455],[81.683183504549731,21.226675755485648],[81.683123285984664,21.22663905274359],[81.683026010117516,21.226617463679158],[81.682928733352028,21.226608827885013],[81.682775871531703,21.226593715034738],[81.682646170076012,21.226585079239229],[81.682521101232254,21.2265742838661],[81.68240992842766,21.226559171012266],[81.682331181211538,21.226548376474579],[81.68220611236778,21.226509514960149],[81.682020824060672,21.226442587284108],[81.681840169263751,21.226403725741768],[81.681622456266425,21.226360546703507],[81.681476542016526,21.226336798017741],[81.681233351899436,21.22630657225989],[81.68113376017547,21.226297936447551],[81.680929943217279,21.226302254772442],[81.680804874373521,21.22628066482136],[81.680712230219967,21.22625475737831],[81.680631167147055,21.226220214113837],[81.680582312270317,21.226201525644999],[81.67999424094937,21.225906353367407],[81.678959461692102,21.227187183812372],[81.676561941742136,21.230038703131331],[81.673970077568612,21.229387384677246],[81.673747731959352,21.22934636521158],[81.672990368631545,21.229184445936419],[81.672603581019672,21.229123996418899],[81.672420609467636,21.229093771232176],[81.672198264756702,21.229059228632504],[81.672010660592775,21.229013890830167],[81.671827689040782,21.228962076899624],[81.671477958730989,21.228858448146532],[81.671070325712932,21.228741866235605],[81.670776182254642,21.228638237327836],[81.670382445275706,21.228562674937866],[81.670275905083017,21.228519495694229],[81.66983816323156,21.228418026180336],[81.669754784301844,21.228366212040434],[81.669261455598971,21.228264741583747],[81.668967311242326,21.228215086105802],[81.668182381313372,21.228046334392921],[81.66758797686964,21.227907816296593],[81.666989502159382,21.227767400605217],[81.666482629556938,21.227632678017748],[81.666419525603175,21.227583342200166],[81.665810872082432,21.227435336323062],[81.664921300999282,21.227179171889659],[81.664939622139485,21.226729459323973],[81.664510103466171,21.226691508915042],[81.663970661544795,21.22664976353764],[81.663730457427718,21.226647866058272],[81.663824096016285,21.226450523046097],[81.663968625962369,21.226146918927022],[81.664117736418078,21.225858256286003],[81.664219517336377,21.225612169439604],[81.664334021992417,21.225244521814574],[81.664369009576092,21.225060697239758],[81.664426261005772,21.224764205480419],[81.664419900035227,21.224618924124979],[81.664403996261441,21.224482537296577],[81.664353105802277,21.224328360984906],[81.664273588729969,21.224117851195448],[81.664178168782172,21.223916235809902],[81.664095471673761,21.223741304294848],[81.663926895624172,21.223510039023665],[81.663376257999403,21.222752197335218],[81.662822566102676,21.222038707773944],[81.662552845142002,21.221618392311957],[81.662383870240419,21.221377898083748],[81.662396193329499,21.221364171431262],[81.663368555844158,21.220303200831907],[81.66351099181729,21.220187959546852],[81.663639990790386,21.220115307003791],[81.663760927383834,21.220082738581915],[81.665316974745949,21.220000065571973],[81.664835917029833,21.214360623603802],[81.665569598071841,21.214212807123754],[81.665763096082358,21.21418274302069],[81.666088279926981,21.214157689317638],[81.666840773487678,21.214135141232511],[81.667974887550741,21.214100066705679],[81.668506000292794,21.214059667720875],[81.669660773810733,21.214231910806337],[81.671155681834591,21.214533336140956],[81.671747766828261,21.214744724675832],[81.672629594433644,21.214975686295858],[81.673372848821643,21.215230135077238],[81.673377048445573,21.215832981053996],[81.674134579758388,21.216640476633611],[81.674386987488589,21.216594178673837],[81.67457962581139,21.216616626729579],[81.675024133773547,21.216605402702115],[81.675956688344698,21.216612918605108],[81.677276238038601,21.216610413025034],[81.677286988177599,21.21740960633705],[81.677233238380907,21.217848033773006],[81.677571860123891,21.217830496533093],[81.678128167914693,21.217845528213868],[81.678284040887846,21.217848033773006],[81.678361977823599,21.217893128805407],[81.678413039860985,21.217980814109502],[81.678676412427563,21.218336565069215],[81.678853785678726,21.218552019671097],[81.678996221651857,21.218714862560255],[81.679055346068893,21.218727389444233],[81.679474592506963,21.218769978664533],[81.679807839629575,21.218800041833191],[81.679845463768643,21.218862674531458],[81.679834714527942,21.218957875043046],[81.67984277690762,21.219140759270701],[81.679856213907641,21.219205896523025],[81.679893838945006,21.219228443833483],[81.679920712945048,21.219256002210994],[81.679928776223022,21.219311118113158],[81.6799368386027,21.219443897133271],[81.679952963362027,21.219591707536846],[81.680181398650603,21.219644318622453],[81.680181398650603,21.219714465870009],[81.680173336270911,21.219824697311278],[81.680087336955523,21.220300696151902],[81.680081961436855,21.220365832892195],[81.680127648853883,21.220423453057837],[81.680313084484709,21.220453515889645],[81.680907016414594,21.220478568523969],[81.681113952323457,21.22047105281785],[81.681277888574598,21.22051614788613],[81.681503636103827,21.220663957215695],[81.681753571670356,21.220734103978533],[81.682231941627151,21.220809261725755],[81.682567876509125,21.220844334658096],[81.683137620401652,21.221157489358269],[81.6838363641656,21.221220121055936],[81.684484045892219,21.221215110052153],[81.685104852720457,21.221523253809494],[81.685653097233285,21.221841418051476],[81.686333028478572,21.222219706557421],[81.686448589553351,21.222365009535498],[81.686496964729741,21.222472733516142],[81.686531901109433,21.222618036244988],[81.686515776350092,21.222755822403652],[81.686467402072026,21.222893609271029],[81.686421714655012,21.223068973884338],[81.686402903034633,21.223254358484027],[81.686416340034654,21.223387134793178],[81.686480839072047,21.223522415608244],[81.686717337638584,21.223650179917701],[81.687647203552132,21.223970845028344],[81.687757729569753,21.224007465533177],[81.687551412600101,21.224407306056062],[81.686904005758009,21.225549693683504],[81.686017172739824,21.2271355132672]]]},"properties":{"objectid":2469,"id":"2432","name":"Dr Rajendra Prashad Ward","code":"52","town":"Raipur","district":"Raipur","state":"Chhattisgarh","st_area(shape)":3181894.6029948015,"st_perimeter(shape)":8356.5660005194459}},{"type":"Feature","id":2470,"geometry":{"type":"Polygon","coordinates":[[[81.66966182933119,21.259794993435925],[81.668740624973623,21.260129847971044],[81.667791402162365,21.260476273210728],[81.664631750627009,21.261626893662246],[81.662620459536797,21.262363038733653],[81.660068002658178,21.263373375688563],[81.65821568103388,21.261628233972722],[81.656588089147633,21.260066703705935],[81.655085980228435,21.258642738712169],[81.654471996104775,21.258064990934969],[81.655306575021172,21.257062896597613],[81.655688763258809,21.257428333372697],[81.656929636703495,21.256746028999096],[81.65702394274031,21.256704396782524],[81.65711823709907,21.256497930853186],[81.657541110934218,21.25640035181393],[81.657812840527868,21.256355055909026],[81.658068559448253,21.256252920725291],[81.658053486616083,21.256088616514678],[81.658334305363795,21.256010524774055],[81.659120071624272,21.255647836373445],[81.659165344917952,21.255770802453899],[81.659753902227493,21.257356236659454],[81.660087149350147,21.25720595922424],[81.660116711109495,21.2572685747711],[81.660372021296396,21.257917271007031],[81.66043114571346,21.257829609452624],[81.660608518964608,21.25757914805947],[81.660804704734488,21.257401320446153],[81.660920265809267,21.257341209006558],[81.661234700413189,21.257118297246414],[81.661820569963425,21.25676013579438],[81.661997943214573,21.256639913204467],[81.66210006728933,21.256517185614367],[81.66223175312345,21.256339358393262],[81.663403493122175,21.256289263632585],[81.66341693012221,21.256567278623155],[81.663430368020542,21.256725070568496],[81.663462617539238,21.257666809762945],[81.663465304400248,21.25831049533906],[81.664669293917669,21.25830298072427],[81.665819532740073,21.258312999373377],[81.66692139728444,21.258295466946343],[81.667174019711993,21.258292962911725],[81.667284206166443,21.258287953167986],[81.667787940055248,21.258026065730725],[81.66870336105903,21.259239231294384],[81.668846133002091,21.259415335439389],[81.669057939576376,21.2595352426574],[81.66966182933119,21.259794993435925]]]},"properties":{"objectid":2470,"id":"2433","name":"Kalimata Ward","code":"11","town":"Raipur","district":"Raipur","state":"Chhattisgarh","st_area(shape)":755497.49344014656,"st_perimeter(shape)":4509.3922802669613}},{"type":"Feature","id":2471,"geometry":{"type":"Polygon","coordinates":[[[81.658053486616083,21.256088616514678],[81.658068559448253,21.256252920725291],[81.657812840527868,21.256355055909026],[81.657541110934218,21.25640035181393],[81.65711823709907,21.256497930853186],[81.65702394274031,21.256704396782524],[81.656929636703495,21.256746028999096],[81.655688763258809,21.257428333372697],[81.655306575021172,21.257062896597613],[81.654471996104775,21.258064990934969],[81.653181586860384,21.256850724829519],[81.651657333571123,21.255412970095946],[81.651376915472056,21.255150160804259],[81.651680346612082,21.25486442574401],[81.651913829534195,21.254663108591252],[81.651978950205788,21.254589094148901],[81.652107604225833,21.254402579364069],[81.652206079343912,21.25422790588263],[81.652234173256105,21.254111611106289],[81.652241618493179,21.254007528681296],[81.652219282781957,21.25387800406212],[81.65214234836607,21.253676777654992],[81.65206789599533,21.253500993163133],[81.65171300666087,21.25272846504134],[81.651459868600327,21.252099337856741],[81.651224102160739,21.25157429220312],[81.651246680417088,21.251555508155228],[81.651634453480867,21.251267513974568],[81.651675863120488,21.251246438389572],[81.65425264278376,21.249934852578196],[81.654403139339919,21.250090147453975],[81.654693240379487,21.250365520947014],[81.654872669874322,21.250589176342636],[81.654990454279414,21.250714341033092],[81.655079617461254,21.250804623173075],[81.655194099659383,21.250887724320158],[81.655429669367933,21.251050848812799],[81.655613500607657,21.251183194871807],[81.655749998716786,21.251281684086745],[81.655880992848125,21.25135042229784],[81.656087941333396,21.25142634138853],[81.6561638956873,21.251471482247283],[81.656201322196978,21.251525856882754],[81.656213431487018,21.251579205056757],[81.656201322196978,21.251668461900358],[81.656184811162063,21.251800806567314],[81.656143707847903,21.251938428150321],[81.656136494376184,21.251956497158545],[81.656117556991703,21.251971205540581],[81.656095914779868,21.251977087888299],[81.656076526441069,21.251976667601038],[81.656058490965108,21.251971205540581],[81.656036397799028,21.251964061493386],[81.656011598907284,21.251956497158545],[81.655991309558274,21.251961539769411],[81.655969399648512,21.251972201839159],[81.655960800076286,21.251983422337641],[81.655945320307325,21.252041131452685],[81.655936719836774,21.252137311865436],[81.655947040581097,21.252225478304926],[81.655960800076286,21.252304025827467],[81.656019279502971,21.252416236381737],[81.656057119237673,21.252489975632344],[81.656108718467593,21.252547683711711],[81.656203317355235,21.252611804052464],[81.656432076037291,21.252752869206159],[81.656318556833142,21.252885918675837],[81.656208478176524,21.253026982729828],[81.656270397252413,21.253091103699184],[81.656516355078907,21.253286669636722],[81.65674683313641,21.253552768328859],[81.656937751185438,21.253709861916715],[81.657532865298222,21.254229232027832],[81.657624643475856,21.254292774797218],[81.657723715075278,21.25439228835512],[81.65782828975415,21.254503087454843],[81.657932864432993,21.254603626453815],[81.657996710395196,21.25467031111226],[81.658093580223834,21.254715450976974],[81.658199256237253,21.25478829075065],[81.65829832693835,21.254863182488251],[81.658521787356861,21.255071442334437],[81.658620858057958,21.255186344076996],[81.658663789443693,21.255293038591606],[81.658791480469759,21.25549001229744],[81.65884762068346,21.255523867218162],[81.658905962667873,21.255545411863451],[81.658998721805801,21.255542878479897],[81.659112435046055,21.255627097971477],[81.659120071624272,21.255647836373445],[81.658334305363795,21.256010524774055],[81.658053486616083,21.256088616514678]]]},"properties":{"objectid":2471,"id":"2434","name":"Guru Govind Sinh Ward","code":"29","town":"Raipur","district":"Raipur","state":"Chhattisgarh","st_area(shape)":452032.236121775,"st_perimeter(shape)":3017.8871734763793}},{"type":"Feature","id":2472,"geometry":{"type":"Polygon","coordinates":[[[81.66223175312345,21.256339358393262],[81.66210006728933,21.256517185614367],[81.661997943214573,21.256639913204467],[81.661820569963425,21.25676013579438],[81.661234700413189,21.257118297246414],[81.660920265809267,21.257341209006558],[81.660804704734488,21.257401320446153],[81.660608518964608,21.25757914805947],[81.66043114571346,21.257829609452624],[81.660372021296396,21.257917271007031],[81.660116711109495,21.2572685747711],[81.660087149350147,21.25720595922424],[81.659753902227493,21.257356236659454],[81.659165344917952,21.255770802453899],[81.659120071624272,21.255647836373445],[81.659112435046055,21.255627097971477],[81.658998721805801,21.255542878479897],[81.658905962667873,21.255545411863451],[81.65884762068346,21.255523867218162],[81.658791480469759,21.25549001229744],[81.658663789443693,21.255293038591606],[81.658620858057958,21.255186344076996],[81.658521787356861,21.255071442334437],[81.65829832693835,21.254863182488251],[81.658199256237253,21.25478829075065],[81.658093580223834,21.254715450976974],[81.657996710395196,21.25467031111226],[81.657932864432993,21.254603626453815],[81.65782828975415,21.254503087454843],[81.657723715075278,21.25439228835512],[81.657624643475856,21.254292774797218],[81.657532865298222,21.254229232027832],[81.656937751185438,21.253709861916715],[81.65674683313641,21.253552768328859],[81.656516355078907,21.253286669636722],[81.656270397252413,21.253091103699184],[81.656208478176524,21.253026982729828],[81.656318556833142,21.252885918675837],[81.656432076037291,21.252752869206159],[81.656203317355235,21.252611804052464],[81.656108718467593,21.252547683711711],[81.656057119237673,21.252489975632344],[81.656019279502971,21.252416236381737],[81.655960800076286,21.252304025827467],[81.655947040581097,21.252225478304926],[81.655936719836774,21.252137311865436],[81.655945320307325,21.252041131452685],[81.655960800076286,21.251983422337641],[81.655969399648512,21.251972201839159],[81.655991309558274,21.251961539769411],[81.656011598907284,21.251956497158545],[81.656036397799028,21.251964061493386],[81.656058490965108,21.251971205540581],[81.656076526441069,21.251976667601038],[81.656095914779868,21.251977087888299],[81.656117556991703,21.251971205540581],[81.656136494376184,21.251956497158545],[81.656143707847903,21.251938428150321],[81.656184811162063,21.251800806567314],[81.656201322196978,21.251668461900358],[81.656213431487018,21.251579205056757],[81.656201322196978,21.251525856882754],[81.6561638956873,21.251471482247283],[81.656087941333396,21.25142634138853],[81.655880992848125,21.25135042229784],[81.655749998716786,21.251281684086745],[81.655613500607657,21.251183194871807],[81.655429669367933,21.251050848812799],[81.655194099659383,21.250887724320158],[81.655079617461254,21.250804623173075],[81.654990454279414,21.250714341033092],[81.654872669874322,21.250589176342636],[81.654693240379487,21.250365520947014],[81.654403139339919,21.250090147453975],[81.65425264278376,21.249934852578196],[81.656260184305978,21.248805206679361],[81.657671108833924,21.248021212101776],[81.660006524655088,21.246731244822662],[81.661812507583733,21.245769396719112],[81.662057924624406,21.245633868389248],[81.663530254391929,21.247197550179486],[81.665290639735076,21.249039755292674],[81.666587765682834,21.250277473956338],[81.666795129189779,21.250413170485587],[81.667236328656728,21.250717458050978],[81.667652098614639,21.25093888085296],[81.667591062582645,21.25115593046813],[81.666974503887374,21.251174000409566],[81.666683674314143,21.251210141123007],[81.666179569421118,21.251380001603916],[81.66558627709172,21.251654667740535],[81.66484563141131,21.25199077234139],[81.664225194688981,21.252287122277579],[81.664132129225536,21.25240277048345],[81.663996409057461,21.252811154027771],[81.663926609959887,21.253056905796541],[81.663821911313562,21.253248448107644],[81.663647413569606,21.25353395271901],[81.663360461125151,21.253848369164221],[81.663089019890663,21.254141101113358],[81.662995954427245,21.254213381075544],[81.662813701527455,21.254354325811459],[81.662646958939348,21.254524181829805],[81.662573282713041,21.254647056755118],[81.662530627110058,21.254816912435921],[81.662499605588351,21.255044591394039],[81.662472461195421,21.255279498444875],[81.662367762549053,21.255810747131285],[81.66223175312345,21.256339358393262]]]},"properties":{"objectid":2472,"id":"2435","name":"Shankar Nagar Ward","code":"30","town":"Raipur","district":"Raipur","state":"Chhattisgarh","st_area(shape)":1003533.2426776926,"st_perimeter(shape)":4495.8905943214586}},{"type":"Feature","id":2473,"geometry":{"type":"Polygon","coordinates":[[[81.650301972538429,21.266249290797724],[81.64918488783826,21.26682777244644],[81.648938107154962,21.26688969326057],[81.648045969585041,21.267008462578094],[81.647808066951725,21.267028257594539],[81.647115598818331,21.26692532448444],[81.646801226198122,21.266901570615197],[81.645875103564407,21.267067846782336],[81.645310083013598,21.267182657124724],[81.644919242203173,21.267257877414384],[81.643835933259325,21.267234123598815],[81.643772209468025,21.267000544905585],[81.642506224517888,21.267000544905585],[81.641979456028565,21.266954524786271],[81.641891780456817,21.264713412200621],[81.640153468516814,21.264648063164156],[81.63985452266499,21.264644624136928],[81.639640463115953,21.264551760325496],[81.639548196254808,21.264551760325496],[81.637721306834536,21.264675578727712],[81.637086508745725,21.264668699837291],[81.637209777365669,21.263643478706854],[81.637290086752046,21.262815812080987],[81.637299535232216,21.262324932577553],[81.637216864174945,21.261664555461397],[81.637143640699492,21.26124631447539],[81.636888540718388,21.259921144037278],[81.636737370425735,21.259229936872856],[81.636697305564056,21.259061200575168],[81.637923045989467,21.258628718327557],[81.638253945814256,21.258480695065604],[81.638717205209659,21.258266881936187],[81.639379003960926,21.257900933205903],[81.640526122036022,21.257267715808407],[81.641783539753277,21.256601601290729],[81.642343863013465,21.25736639937049],[81.642498283410788,21.258772630852391],[81.642767138395541,21.260509585331629],[81.642900127685152,21.261949183148563],[81.644060657607426,21.262114965956862],[81.644614097975904,21.26219391004582],[81.645831102285143,21.262272854092441],[81.646833507157865,21.262404427409415],[81.647934741084867,21.2625438950808],[81.648635011984823,21.262646522340361],[81.64940022658827,21.262720202890502],[81.649434112837412,21.26293598274794],[81.649504704249054,21.263207022515601],[81.649524469880262,21.26342017046375],[81.649538588701574,21.26366489491609],[81.649504704249054,21.263970142112932],[81.649442583950545,21.264167499350634],[81.649403051789818,21.264304334171921],[81.649400228384891,21.264393802638359],[81.649451055063665,21.264538531614299],[81.649487762022801,21.264656945364106],[81.649496233135935,21.264756939978831],[81.649476467504726,21.264846408170254],[81.649448230760399,21.264970084845988],[81.649451055063665,21.265033238728442],[81.649473644099785,21.265227964214674],[81.649521646475321,21.265335851926661],[81.649626122339484,21.265443739559593],[81.649792719400523,21.265648989964507],[81.650301972538429,21.266249290797724]]]},"properties":{"objectid":2473,"id":"2436","name":"Dr Rajiv Gandhi Ward","code":"13","town":"Raipur","district":"Raipur","state":"Chhattisgarh","st_area(shape)":966378.87228921719,"st_perimeter(shape)":4945.9132678349106}},{"type":"Feature","id":2474,"geometry":{"type":"Polygon","coordinates":[[[81.656778129542587,21.264603223533562],[81.655033313799962,21.265245722684007],[81.650871335545304,21.266687043911581],[81.650568423631498,21.266788977641362],[81.650467823997786,21.266451989303658],[81.650301972538429,21.266249290797724],[81.649792719400523,21.265648989964507],[81.649626122339484,21.265443739559593],[81.649521646475321,21.265335851926661],[81.649473644099785,21.265227964214674],[81.649451055063665,21.265033238728442],[81.649448230760399,21.264970084845988],[81.649476467504726,21.264846408170254],[81.649496233135935,21.264756939978831],[81.649487762022801,21.264656945364106],[81.649451055063665,21.264538531614299],[81.649400228384891,21.264393802638359],[81.649403051789818,21.264304334171921],[81.649442583950545,21.264167499350634],[81.649504704249054,21.263970142112932],[81.649538588701574,21.26366489491609],[81.649524469880262,21.26342017046375],[81.649504704249054,21.263207022515601],[81.649434112837412,21.26293598274794],[81.64940022658827,21.262720202890502],[81.649759061323437,21.262756727540772],[81.650078087216798,21.262880228493199],[81.650664882031762,21.263057029826186],[81.651595812448903,21.263316063642399],[81.651785528552054,21.263287282036739],[81.651441392949891,21.262621194747393],[81.6505148741591,21.260725707484852],[81.649667771829343,21.259196142244129],[81.648750077189575,21.257613107986373],[81.648189753929429,21.256145187938341],[81.647338239074998,21.254134483778639],[81.647139699719091,21.253776748748685],[81.648837908169853,21.252790262014987],[81.648933608392028,21.252881386801104],[81.650343449551755,21.254181580374688],[81.651376915472056,21.255150160804259],[81.651657333571123,21.255412970095946],[81.653181586860384,21.256850724829519],[81.654471996104775,21.258064990934969],[81.655085980228435,21.258642738712169],[81.656588089147633,21.260066703705935],[81.65821568103388,21.261628233972722],[81.660068002658178,21.263373375688563],[81.659401067340113,21.263637365769075],[81.656778129542587,21.264603223533562]]]},"properties":{"objectid":2474,"id":"2437","name":"Mahatma Gandhi Ward","code":"12","town":"Raipur","district":"Raipur","state":"Chhattisgarh","st_area(shape)":1000684.5760657192,"st_perimeter(shape)":5191.699811789842}},{"type":"Feature","id":2475,"geometry":{"type":"Polygon","coordinates":[[[81.630399979776769,21.240635933157115],[81.63053884494667,21.241055162046514],[81.630916941358166,21.241823334699053],[81.631001906712697,21.242049034305857],[81.631031644541835,21.242250975722275],[81.63104438983909,21.242433118542749],[81.631040141706109,21.24263109910439],[81.630942431054365,21.242888474190472],[81.630742762516149,21.243450738328637],[81.630444152634254,21.244261687161021],[81.630338007700288,21.244448198875293],[81.630278844655649,21.244599030199069],[81.6302353419414,21.244717423976642],[81.630217941574344,21.244877985730799],[81.630226641757858,21.245111530016583],[81.630435017666102,21.246355470684783],[81.630603589224137,21.247252536749389],[81.630834695204001,21.248157199559341],[81.631030455172422,21.248998506029782],[81.631016860967208,21.249244308532138],[81.630190317481052,21.25019457172715],[81.629306677075419,21.251258858693582],[81.628882529429177,21.251811271900454],[81.628747376996344,21.251614391231172],[81.628555367494272,21.251168440363433],[81.628302296807362,21.250838691827596],[81.628098366661447,21.250628018114345],[81.627914092552302,21.250472302676656],[81.627759301150746,21.25036238633977],[81.627508688254466,21.250268498793254],[81.627146281817701,21.250219980994537],[81.627046466413219,21.249679698434253],[81.626965846209714,21.249264645956906],[81.626889525343188,21.248605997801459],[81.626864955521867,21.248269373921303],[81.626835471915896,21.248113655990899],[81.626754390876684,21.247777030148708],[81.626638912446907,21.247174766016261],[81.626530804694042,21.246533570344056],[81.626493505745131,21.246202054867275],[81.626462009014617,21.24592214066724],[81.626415325365969,21.245624440821942],[81.62632687364983,21.245356509274828],[81.626199110758549,21.244974077882929],[81.626083631430433,21.244632865016204],[81.626051690932201,21.244451953187028],[81.626005008181835,21.244133639291704],[81.62598289525279,21.243817614647959],[81.625923927142594,21.243542810823548],[81.625697883169352,21.242578701351661],[81.625525893521669,21.241751989765874],[81.625412871984196,21.241149701011391],[81.625080634567951,21.240007536376886],[81.625130778527094,21.239993638138401],[81.625772287031054,21.239807862630499],[81.627081018313987,21.239404716346723],[81.627266879746273,21.239367593937523],[81.627452742076869,21.239361407147481],[81.627625328205895,21.239373780727263],[81.627851017344611,21.239417090760167],[81.628528085659099,21.239726442385386],[81.630399979776769,21.240635933157115]]]},"properties":{"objectid":2475,"id":"2455","name":"Tatyapara Ward","code":"37","town":"Raipur","district":"Raipur","state":"Chhattisgarh","st_area(shape)":638926.7022565098,"st_perimeter(shape)":3625.710044625584}},{"type":"Feature","id":2476,"geometry":{"type":"Polygon","coordinates":[[[81.669887142974105,21.204028601251526],[81.669542220447752,21.203595960939481],[81.668454663370937,21.202819667280455],[81.660077072947601,21.199270848257207],[81.657461840000281,21.204365432463632],[81.651236813322001,21.203564938248949],[81.651193950208238,21.203125358703968],[81.648912617458777,21.203168207863712],[81.646125751494964,21.202613711323018],[81.645004207557676,21.20223348482984],[81.644094737892672,21.204273391628167],[81.6439316047354,21.204851328399446],[81.643743050153915,21.206202192071242],[81.642823887666992,21.206059229868604],[81.642247858262394,21.206006580441624],[81.641570176398588,21.205938135991012],[81.641245453389672,21.205888118743569],[81.640988499285811,21.205869691508646],[81.640711778652417,21.205869691508646],[81.640598831675135,21.205867059285598],[81.640067980342792,21.204793005360685],[81.639635958064801,21.203947971958897],[81.63943265404464,21.203434631487678],[81.639486303230044,21.202884434019733],[81.639576661171205,21.202028859694675],[81.639768670673291,21.201083773583072],[81.639389621149277,21.201021960806891],[81.638945061084826,21.200941088668479],[81.638735432026763,21.200909077151984],[81.638570981040957,21.200877064791015],[81.638420987541338,21.200831574278659],[81.638220392840068,21.200717004557241],[81.637736076036106,21.200337914719615],[81.637374646068068,21.200075078471926],[81.636926472081257,21.199731368118311],[81.636534319730487,21.199466846531145],[81.636243368884706,21.199364069769253],[81.636222134508017,21.199319947306147],[81.635894588094146,21.198601248131133],[81.635510568191663,21.197632446250694],[81.635219729635281,21.197045370501439],[81.635053132574271,21.196842657818042],[81.634988187972482,21.196784739498451],[81.634872417590259,21.196729454379636],[81.634293563882423,21.196479353218713],[81.633305277830999,21.196084456448059],[81.632813957761101,21.195873844405458],[81.632571122478524,21.195747476533278],[81.632316990881279,21.19557635430003],[81.632037447741283,21.195357843464798],[81.631794611560423,21.195126168559572],[81.631308939198703,21.194486429318264],[81.630814795723836,21.193859850330387],[81.630439246934472,21.193317515379196],[81.630235942016014,21.193027918320269],[81.630063698145108,21.192688298976844],[81.629976164507198,21.192427661125841],[81.62987998278804,21.191908356514091],[81.629734386541742,21.190575534140013],[81.629632911050621,21.189567681924647],[81.629540258812227,21.188814873284592],[81.629341719456335,21.188218383198656],[81.628913756665071,21.18677445570178],[81.628478869659617,21.185098715424694],[81.627943303968678,21.183035005193524],[81.629694197712567,21.183080707238158],[81.633681124861042,21.183184775202268],[81.636693130194601,21.183666228569528],[81.639705135528175,21.18406743893005],[81.644954630435464,21.185110580101604],[81.648138750282527,21.18575250921398],[81.649589191699846,21.185941774359531],[81.649357246693469,21.184934060582187],[81.649071510567921,21.184009647108702],[81.649049466809146,21.183932190654094],[81.649012202894554,21.183801251770987],[81.648858715846771,21.183261924643503],[81.64875863813424,21.182726059101672],[81.648759939793067,21.18271322343335],[81.64880143926429,21.182304003416469],[81.648982774085837,21.181985324295518],[81.649197858612609,21.181667097642652],[81.649379814170061,21.181476939141376],[81.649560476153482,21.18141101128327],[81.650532559292088,21.180956858943862],[81.651256475646946,21.180685209024059],[81.652128971553182,21.180363623181641],[81.653076203697779,21.180041393337088],[81.653866104005203,21.179854018718785],[81.654635564944954,21.179648194930039],[81.655251583752744,21.179418194967308],[81.655317854267878,21.179406520814961],[81.655400553172953,21.179406530028963],[81.655437775765037,21.179418172351085],[81.655499870012434,21.179449231103519],[81.655528756238709,21.179491879394607],[81.655557788890363,21.179538483831486],[81.655582649765861,21.179612184951569],[81.655611622230396,21.179732395757821],[81.655644667656446,21.179856612036371],[81.655690276021758,21.17994195695406],[81.65574398269932,21.179976878765441],[81.655880532910714,21.179976846097681],[81.656389292873556,21.179774988683299],[81.656578906568768,21.179695795266614],[81.656611968164498,21.179656969167471],[81.656636794903989,21.179579316938657],[81.656644973166365,21.179199047092954],[81.656636702377511,21.179071065073291],[81.656673833341472,21.178989500759037],[81.656768953251969,21.178900306334548],[81.657120320292208,21.178679844270757],[81.658191623252279,21.177857070252223],[81.658705889887798,21.177399719744184],[81.659178944513044,21.176953117401631],[81.659384230216716,21.176759309888084],[81.659542292384231,21.176616973407356],[81.659700354551717,21.176474637627319],[81.660078067382614,21.176509571146955],[81.660333264381791,21.176536655005911],[81.660612572163188,21.176554640267025],[81.660858104188208,21.17660879037275],[81.661089270355234,21.176753267063408],[81.661185544600855,21.176920299056821],[81.661257867964366,21.177109961665071],[81.661262701798918,21.1772680722883],[81.661248293720078,21.177502851027658],[81.661204994923381,21.177710627007002],[81.661223377149057,21.177869209420457],[81.661224359007647,21.177877679697954],[81.661349549123969,21.178058291161435],[81.661479591041129,21.178265990134829],[81.661545281244585,21.178420004285471],[81.661547006908265,21.178424049263544],[81.661556667390812,21.178536929989971],[81.661604907819878,21.178722072287801],[81.661681994051051,21.178853070953213],[81.661783058113755,21.178925282253076],[81.661850511710156,21.178929783731174],[81.661898675782425,21.178929802159267],[81.66204306469298,21.178866561153836],[81.662177911698592,21.178816854721457],[81.662356044026197,21.178807705171103],[81.66244751767492,21.178834848919319],[81.662534174557123,21.178916055646496],[81.662592035942907,21.179101272019611],[81.662669149123516,21.179250210049865],[81.662828051215811,21.179381224162519],[81.662962839830939,21.179466957180558],[81.663088132355156,21.179593371639914],[81.663102534145793,21.179670130941474],[81.663102587146398,21.179783021605978],[81.662987079072252,21.180013406312902],[81.662958185659434,21.180126248132609],[81.662963110223828,21.180221148610084],[81.662996781775632,21.180261721025023],[81.663146026978609,21.180311411894326],[81.66337235392119,21.180320408902592],[81.663569758704853,21.1803383702498],[81.66374313624965,21.180356420383873],[81.663969412886559,21.18047830836073],[81.664118741632862,21.18060473368234],[81.664157240731001,21.180639270027172],[81.664234334148674,21.180708525295991],[81.66439809522835,21.180780779246493],[81.664479874258532,21.18081686432707],[81.664609970074622,21.180825913237598],[81.664730287728844,21.180798727973364],[81.664966134118487,21.18066775867343],[81.665197308370352,21.180554786596524],[81.665346524827243,21.180532159670712],[81.665476506557255,21.180532189825435],[81.66564982571154,21.180577283686112],[81.665818409845969,21.180690154392568],[81.665929180205353,21.180839173747788],[81.665948549679513,21.18100623211842],[81.666006396692225,21.181236531156813],[81.666102719446869,21.181399058358767],[81.666251970039752,21.181534495742401],[81.666478322135148,21.181638352875769],[81.666743170633737,21.18173763567037],[81.666955023920451,21.181827846096184],[81.667200619725861,21.181940689881703],[81.667383626312201,21.181967733377689],[81.667812201754458,21.181981192302114],[81.668115499943838,21.181994667140149],[81.668351412808818,21.18203980076067],[81.668495961619499,21.182121005727794],[81.668573003833188,21.182224856585826],[81.668654905932598,21.182355800215539],[81.668664546652224,21.182536489971376],[81.668664603246086,21.182735136374355],[81.668650242777957,21.182933852032736],[81.668563657760998,21.183371943734493],[81.668546398429427,21.183521598648795],[81.66853969789571,21.18357969387711],[81.668549361971557,21.183800958606604],[81.668592743413242,21.183895799767892],[81.668636123956645,21.183990640868327],[81.668795046710187,21.184184763896905],[81.668806324160244,21.18419956447115],[81.668963634437873,21.18440601431907],[81.669021452704513,21.184564086149354],[81.669016661090751,21.184713103275271],[81.668934873077433,21.184893704714217],[81.668934988061764,21.185042758362545],[81.668983099133428,21.185146654911726],[81.669146843145128,21.185263987398137],[81.669329849731412,21.185345221585663],[81.669498387153453,21.185399385224283],[81.669691073086966,21.185516765253464],[81.669874051825474,21.185719912273814],[81.670033044647624,21.186004390001912],[81.670148758436,21.186333965988215],[81.670278068226196,21.186645274100616],[81.670287968558966,21.186892940264485],[81.670287989220213,21.187204763157116],[81.67027830717808,21.187470778344501],[81.670271248216565,21.187515954685598],[81.670194534786262,21.188006928219497],[81.67010675590825,21.188373914739952],[81.670058075304709,21.188814168038764],[81.670053917901583,21.189346673750919],[81.670089060893801,21.189529196800432],[81.670181074430033,21.190007089064736],[81.670337534901392,21.190502386259276],[81.67046454949606,21.190685773932515],[81.670591564090685,21.190869161378235],[81.670816177047712,21.191144260127871],[81.671021381903003,21.191428588379516],[81.671314480620637,21.191905439269618],[81.671424152340421,21.192036253714527],[81.671396525552183,21.192612154505305],[81.671274069009272,21.195164810522801],[81.679194390003516,21.195091609635497],[81.679838722810729,21.194963508204825],[81.69053342049142,21.192517550104167],[81.690741210698079,21.192941802863555],[81.690663196507217,21.19296288677835],[81.690095654385473,21.193074288998375],[81.689352621881355,21.193279685364949],[81.688650661250364,21.193455491368756],[81.687948700619359,21.193631296325854],[81.686761342511105,21.193962018668696],[81.68657838443383,21.194024681166496],[81.686399160653153,21.194122157413151],[81.686134058829666,21.194275333404711],[81.685958568447347,21.194386734635252],[81.685708402013759,21.194567760618174],[81.685476904368429,21.194828855346888],[81.685245406723041,21.195117799776234],[81.685040045560896,21.19544503711095],[81.684853354085305,21.195890636326425],[81.684793613423977,21.196155210381789],[81.684704001084484,21.196555550975038],[81.684535978397122,21.197338824076553],[81.684188731929069,21.198647750227074],[81.684043113224888,21.199135113891803],[81.683983371665249,21.199326577988039],[81.683684664765266,21.199848750164179],[81.683535311764473,21.200134203205309],[81.683315015212372,21.200370920494514],[81.683049913388871,21.200593712841496],[81.682736271997314,21.200847834651025],[81.681597452558819,21.201307342067214],[81.681298746557175,21.20137000228706],[81.680843218961428,21.201376964532088],[81.680066582279181,21.201394369724401],[81.678457300753337,21.201349115550055],[81.677770275512245,21.201390889021116],[81.676377556241832,21.201422218697896],[81.674585316638698,21.201373482990867],[81.673599585395976,21.201380445235699],[81.673229935843082,21.201429180940437],[81.672867753985159,21.201488359570099],[81.67265865942467,21.201592793127123],[81.672423428381023,21.201707669535789],[81.672012706955002,21.202069703338516],[81.671045644500509,21.20295737895691],[81.669887142974105,21.204028601251526]]]},"properties":{"objectid":2476,"id":"2438","name":"Kamred Sudhir Mukharjee Ward","code":"54","town":"Raipur","district":"Raipur","state":"Chhattisgarh","st_area(shape)":11920296.295880549,"st_perimeter(shape)":20376.184870181823}},{"type":"Feature","id":2477,"geometry":{"type":"Polygon","coordinates":[[[81.668957862762184,21.247379226398046],[81.668916470190496,21.247683804056869],[81.668886689242214,21.247843403928723],[81.668737784500706,21.248206551098189],[81.668057785881786,21.249837232352998],[81.667700414502178,21.250767059064827],[81.667652098614639,21.25093888085296],[81.667236328656728,21.250717458050978],[81.666795129189779,21.250413170485587],[81.666587765682834,21.250277473956338],[81.665290639735076,21.249039755292674],[81.663530254391929,21.247197550179486],[81.662057924624406,21.245633868389248],[81.664035049191114,21.244542029847022],[81.6638093016619,21.24416630371217],[81.664018924431744,21.244016012822573],[81.663997425052045,21.243705410941807],[81.663983987153742,21.243607721282491],[81.663946363014674,21.243505022149222],[81.66379048914321,21.243229487637844],[81.663430368020542,21.242503075774071],[81.663410049925446,21.242424322917053],[81.663413490472976,21.242217519646672],[81.663451330207707,21.241904910357849],[81.663461650053691,21.2418167385805],[81.663463369429138,21.241738185467639],[81.663432409891172,21.241574666352303],[81.663396290430242,21.241404734284156],[81.66331717131159,21.241050441418199],[81.663210532304205,21.240737829654194],[81.662909534700276,21.239945876382567],[81.662789032891425,21.239589647530938],[81.662924706347113,21.239552682579983],[81.663255710376475,21.239495015462918],[81.663481535160813,21.239466181477262],[81.663899157444831,21.239445998437557],[81.664443612863806,21.239529615903319],[81.664793177883553,21.239564216335626],[81.664984974484938,21.239569982794425],[81.665179864884138,21.239555566228294],[81.66569338591799,21.239523849442925],[81.666259495226882,21.239445998437557],[81.667057617814095,21.239324896791871],[81.667716532075019,21.239232628246409],[81.66857033763344,21.239114410082422],[81.669108213791276,21.239059077183736],[81.66914230934789,21.239245581247225],[81.669339260482346,21.240163076155913],[81.669444089384442,21.24057167280143],[81.66953303517397,21.240799656775081],[81.669561624956202,21.240931414216796],[81.669502782610152,21.241614542871943],[81.669409717146721,21.242380768444654],[81.669297263344504,21.243345772583343],[81.669200319853971,21.244126445465582],[81.669102601117388,21.245178757332248],[81.669033112836871,21.2460554131554],[81.669010777125678,21.246700757835477],[81.668963623658101,21.247336847217301],[81.668957862762184,21.247379226398046]]]},"properties":{"objectid":2477,"id":"2439","name":"Shahid Veernarayan Ward","code":"33","town":"Raipur","district":"Raipur","state":"Chhattisgarh","st_area(shape)":770902.73173238139,"st_perimeter(shape)":3947.310464498918}},{"type":"Feature","id":2478,"geometry":{"type":"Polygon","coordinates":[[[81.669108213791276,21.239059077183736],[81.66857033763344,21.239114410082422],[81.667716532075019,21.239232628246409],[81.667057617814095,21.239324896791871],[81.666259495226882,21.239445998437557],[81.66569338591799,21.239523849442925],[81.665179864884138,21.239555566228294],[81.664984974484938,21.239569982794425],[81.664793177883553,21.239564216335626],[81.664443612863806,21.239529615903319],[81.663899157444831,21.239445998437557],[81.663481535160813,21.239466181477262],[81.663255710376475,21.239495015462918],[81.662924706347113,21.239552682579983],[81.662789032891425,21.239589647530938],[81.662524339801408,21.238696282585757],[81.662213486780459,21.237952177053842],[81.662096916897625,21.237576830167797],[81.661994476615888,21.237359523595028],[81.661846115355146,21.237102706551717],[81.661245604164122,21.236226891734727],[81.660789922058157,21.235453140166346],[81.660231800568766,21.234610240822033],[81.659822040340117,21.233922089234596],[81.659447603665072,21.233332712801893],[81.659136750644151,21.232931013309553],[81.659099901751219,21.232901925165315],[81.658744652192325,21.232621505916555],[81.658069960820086,21.232042002373277],[81.657271939742472,21.231424181443046],[81.659799934597601,21.229025755328447],[81.66636441845209,21.234132484552319],[81.669492806818923,21.236473091490893],[81.671256462029703,21.237815597415278],[81.671844347399386,21.23821482360162],[81.672796337021751,21.238596830435789],[81.671914683689522,21.238724129544163],[81.670740803005486,21.238837650766342],[81.669495292457285,21.239019258583742],[81.669108213791276,21.239059077183736]]]},"properties":{"objectid":2478,"id":"2440","name":"Guru Ghasidas Ward","code":"49","town":"Raipur","district":"Raipur","state":"Chhattisgarh","st_area(shape)":856269.56069850107,"st_perimeter(shape)":4547.9813259508883}},{"type":"Feature","id":2479,"geometry":{"type":"Polygon","coordinates":[[[81.62542234382056,21.216567607962826],[81.624633647255607,21.216931693030059],[81.623414317208088,21.217769244302218],[81.622078305886617,21.21863398336437],[81.621142688958642,21.219272350157315],[81.620915142103911,21.218591867244456],[81.620808886677167,21.218231486819967],[81.620745585992367,21.217928008149642],[81.620702631250424,21.217700399156069],[81.620709413530818,21.21752969176179],[81.620711674590368,21.217342124346725],[81.620713935649931,21.21722410385458],[81.620707153369551,21.21711451361217],[81.620659677406778,21.216969095761492],[81.620628027064384,21.216817355206381],[81.620662047162526,21.216742341975589],[81.620699976728744,21.216710298712833],[81.620699567096977,21.216700013447074],[81.620698706510936,21.216678384406748],[81.620691327749185,21.21658552973166],[81.620670980908031,21.216362132605003],[81.620546639699654,21.216271509477739],[81.62044942761284,21.216145058567907],[81.620386126928054,21.21598910238027],[81.620200746094426,21.215639253845119],[81.620071882766936,21.215510694575393],[81.619479566906236,21.214857359084544],[81.61908167611746,21.214459034409721],[81.618846558261524,21.213852060931188],[81.618584311283996,21.213137599612153],[81.618466752356014,21.2125896324156],[81.618349193428045,21.212069062113553],[81.618272328182442,21.211843551118285],[81.617777224408542,21.210909890461647],[81.617612189517828,21.210389314236451],[81.61569220588801,21.209272652683968],[81.614168850914027,21.208361887365431],[81.612088035610725,21.207198982433919],[81.610339930237487,21.206070646482264],[81.609446228700691,21.205563489034752],[81.608280530770543,21.204862029049831],[81.607920224594935,21.204638088236472],[81.607298660486904,21.204494238449669],[81.6071064964746,21.204454192772026],[81.606860075117453,21.204428900406857],[81.606728951628696,21.20440360803736],[81.60660461042032,21.204365669474978],[81.605747787420867,21.204025541034238],[81.605200262458538,21.203870757942276],[81.603630128614469,21.203486681343406],[81.604009255393606,21.202642101932813],[81.604563214988303,21.201648636720972],[81.605111124429513,21.200808514111188],[81.605131601526423,21.200777115627893],[81.60531944643887,21.20024880771707],[81.605391783277113,21.199733974487508],[81.605401442861364,21.19916497502739],[81.605223326703481,21.198677200234812],[81.605016355760327,21.197575296259874],[81.604785407883938,21.196550195742621],[81.604775873165508,21.195926929616849],[81.604934851614601,21.194928953430438],[81.605214330075881,21.193610315525937],[81.605609288763603,21.192752334778618],[81.607323906739666,21.18991197039826],[81.608488573403847,21.188131947493556],[81.608508664225155,21.188101240677014],[81.609486268409512,21.186344611023092],[81.610004010626909,21.185403055602681],[81.610521752844264,21.18446149334763],[81.611480127691664,21.182451948153748],[81.612315425260263,21.180281025941884],[81.612905473773196,21.180419374282099],[81.613648853925284,21.180675277242617],[81.614689671657899,21.18069860440534],[81.616948361472311,21.181311326208551],[81.618862702783787,21.181830634545481],[81.623035733909703,21.182962655180983],[81.625333566914307,21.183585986031716],[81.626638435441507,21.183310496288119],[81.626969625422134,21.184995703353522],[81.626766969985596,21.187150632008564],[81.626761015951914,21.187213938990837],[81.626981785017804,21.188376958529712],[81.627141873784581,21.189410760417889],[81.627450192658102,21.190997383618331],[81.627598422764834,21.191644191125846],[81.627823731916166,21.192357333402395],[81.627906740739988,21.192650328928615],[81.627959354167885,21.192767376550314],[81.62798849731233,21.192821720895036],[81.628032212927309,21.192857950447042],[81.628100213597691,21.192903238212192],[81.628158499886595,21.192930410362049],[81.62823135774768,21.192948525125832],[81.628265358082899,21.192955317742918],[81.628309072799539,21.192968903813679],[81.628369788132957,21.192973432503663],[81.628428074421862,21.192973432503663],[81.628503361327503,21.192957582506903],[81.628590790760853,21.192916824287739],[81.628777793053558,21.192876065219757],[81.628896794675896,21.192867007833662],[81.628972081581523,21.192887387370323],[81.629035225061173,21.19290097344733],[81.629095940394592,21.192930410362049],[81.629163941064945,21.192971168577461],[81.629227084544596,21.193009662018522],[81.629273228305792,21.193048156287059],[81.629333942740914,21.193097971842487],[81.629372801165161,21.193147787381136],[81.629411658691083,21.193222511076357],[81.629435944644783,21.193274591332134],[81.629455373407765,21.193328935490324],[81.629482087507682,21.193399130417152],[81.629518516887373,21.193510082539877],[81.629579232220792,21.193700287540466],[81.629615660702228,21.193847469584039],[81.629622946937488,21.193924456837088],[81.629618089746742,21.194035409402911],[81.629618089746742,21.194184855857873],[81.629635089465197,21.194592434883749],[81.629649661037391,21.194698858311057],[81.629681233226393,21.194789431023882],[81.629722519796829,21.194882268415693],[81.629763805468983,21.194972841016092],[81.629812377376382,21.195074735543933],[81.62986094928381,21.195153986887874],[81.629902235854274,21.195226444839395],[81.629965379333896,21.195285316898826],[81.630079523765474,21.195303431373944],[81.630179096624843,21.195307959992377],[81.630278669484184,21.195323810574546],[81.630402528297239,21.195323810574546],[81.630497243067552,21.195378153979071],[81.630574959017707,21.195437025978059],[81.630616244689847,21.195532126849958],[81.630645387834306,21.195618171280763],[81.630669673788006,21.1956747784618],[81.630713389402985,21.195772143901529],[81.630757104119667,21.195855923473008],[81.630827532936252,21.196003103369339],[81.630890677314227,21.196114054374299],[81.63095867798458,21.196283876957462],[81.631135965895794,21.196555592852079],[81.631225824373658,21.19671862164644],[81.631279253471831,21.19676843596438],[81.631366682905167,21.196820514970312],[81.631417683857109,21.196834100685678],[81.63146382671998,21.196863536816821],[81.631497827055156,21.196933729226942],[81.63150997048119,21.197010715709393],[81.63150997048119,21.197096758441567],[81.631604686149785,21.197805479028265],[81.631738259344331,21.198711187126086],[81.631862117259061,21.199469713374896],[81.632106726714312,21.201062197530998],[81.63119434920273,21.201095527262162],[81.63085395688033,21.201110017937481],[81.630434099587902,21.201088643730227],[81.630567672782448,21.202107542827139],[81.630307812628615,21.202209431596497],[81.630186381961778,21.20223660203478],[81.630225240386011,21.202963411497748],[81.629520945033605,21.204297018239714],[81.629435944644783,21.204387585067764],[81.628724363955385,21.204604946066031],[81.628680649238746,21.204614002732445],[81.628770507716609,21.205304574005044],[81.629054653824127,21.206389103653095],[81.629333942740914,21.206420801600192],[81.629552517222592,21.207163438945319],[81.629622946937488,21.207154382435249],[81.630009094050578,21.206995893419162],[81.630234954767502,21.206991365159066],[81.630489957730589,21.206970987568166],[81.630752246928935,21.206952874523839],[81.630968392366043,21.206982308638434],[81.631162679995725,21.206986836898825],[81.63126953909034,21.206964195595546],[81.631352111332944,21.206907591903388],[81.631434683575549,21.20681249835523],[81.631580400196086,21.206697027117073],[81.631740687490549,21.206656272688672],[81.631898546638794,21.206615517411532],[81.6320394060686,21.206629103063491],[81.632143835220376,21.20664495159339],[81.632257979651968,21.20666306467545],[81.632376981274291,21.206681177755282],[81.632444981944673,21.206699290832926],[81.632585841374478,21.206751366337464],[81.632789843385595,21.206887214300899],[81.632814129339323,21.206941554288797],[81.632833558102277,21.207063817304025],[81.632765557431895,21.207265325064053],[81.632663556426323,21.207849470061959],[81.63265384204486,21.208132484825484],[81.632638298495479,21.208187276591211],[81.632638298495479,21.208245238175593],[81.632649178890219,21.20826987163268],[81.632681819176057,21.208285811271097],[81.632762643297113,21.208301750907808],[81.632897867595162,21.208324934688846],[81.633026875551423,21.208352466627943],[81.633204065546266,21.208394488522515],[81.633340844828055,21.208449552369668],[81.633493166760871,21.208497370384119],[81.633547567836175,21.208520554971887],[81.633567773641857,21.208539392237416],[81.633591087618427,21.208642273160606],[81.633642379624533,21.208774134697588],[81.633732141084366,21.209001904012236],[81.633761284228797,21.209140014421042],[81.633783142036279,21.209364160286402],[81.633800141754705,21.209755849233446],[81.633802570799276,21.210063765676413],[81.633831713943707,21.210570921066314],[81.633826856752961,21.210749783317198],[81.633766141419542,21.210942229769021],[81.633729712938148,21.21109392276643],[81.63358156817138,21.211406364543503],[81.633506281265738,21.211576169543349],[81.633426137169323,21.211764086804212],[81.633392136834161,21.211979172471537],[81.633362993689673,21.212366326385514],[81.633297421165523,21.212875737486598],[81.6332828495933,21.213242512323923],[81.633290178049393,21.213498238683027],[81.633303858492852,21.213593863051528],[81.633443383026176,21.215014704936149],[81.632492196497694,21.215115170371437],[81.629755997312515,21.215637286717314],[81.628274132826576,21.215909221582638],[81.626745595471732,21.216115892582593],[81.6258471427454,21.216371510122542],[81.62542234382056,21.216567607962826]]]},"properties":{"objectid":2479,"id":"2441","name":"Shyama Prasad Mukharji Ward","code":"61","town":"Raipur","district":"Raipur","state":"Chhattisgarh","st_area(shape)":9297509.8375379052,"st_perimeter(shape)":13992.914131303389}},{"type":"Feature","id":2480,"geometry":{"type":"Polygon","coordinates":[[[81.589221690446351,21.260298510209743],[81.588135907542224,21.262381210271663],[81.587990287939732,21.262676981749646],[81.587863337125455,21.262861404029032],[81.587736387209503,21.263031907408703],[81.587486220775915,21.263334636900098],[81.58728085961377,21.263553854072697],[81.58698215271383,21.263811347480555],[81.586717050890314,21.264075798886413],[81.586515424024796,21.264416802635637],[81.585809729995475,21.265624225451557],[81.585473684620737,21.266302744141424],[81.585201115102265,21.266939505647187],[81.585062963194716,21.267238747117098],[81.584644774073766,21.26790682012787],[81.584401097069801,21.268428122496488],[81.584038430121609,21.26821855635848],[81.583486489939688,21.267894516752563],[81.582691696508917,21.267601336649541],[81.581124185745466,21.267117845790811],[81.579788489732664,21.266721793674126],[81.578552143797026,21.266382318865613],[81.577161254394824,21.266017126155532],[81.575764845743564,21.265610784201094],[81.574451227625502,21.265250733028157],[81.572933391900619,21.264870106281919],[81.572044767641771,21.264602638363002],[81.571382439782795,21.264360888207833],[81.570863615993829,21.264067701067443],[81.570295117166282,21.263645922375016],[81.569831487665013,21.263280722877123],[81.569423051553073,21.262822936347018],[81.569185717553324,21.262509171121398],[81.568824196855445,21.261868780579217],[81.568462675259255,21.26122838725189],[81.567634764537218,21.259700689961974],[81.567237648994507,21.259064395274667],[81.567213176191203,21.254869746208804],[81.574365316344981,21.255314121132539],[81.582982013144104,21.25752942627183],[81.583737965218646,21.257864910503752],[81.583881696562401,21.257928697001855],[81.588851263850742,21.260134121771475],[81.589221690446351,21.260298510209743]]]},"properties":{"objectid":2480,"id":"2442","name":"Shd Bhagatsingh Ward","code":"21","town":"Raipur","district":"Raipur","state":"Chhattisgarh","st_area(shape)":2443617.7024662183,"st_perimeter(shape)":6510.8829209161204}},{"type":"Feature","id":2481,"geometry":{"type":"Polygon","coordinates":[[[81.613052312389541,21.258008467131397],[81.613018490819087,21.25802237287985],[81.612982679480268,21.258035351856307],[81.612943950413438,21.258054460745218],[81.612924508175723,21.258066930706672],[81.61291404100605,21.258076143156842],[81.612893111158243,21.258094348711495],[81.612880168231626,21.25810843947102],[81.612868282622088,21.258127132266662],[81.612858547579378,21.258149463490334],[81.612853790101624,21.258166353809624],[81.612849765649159,21.258191004881819],[81.612849179049277,21.258194598940019],[81.612848717315202,21.258204970053551],[81.612850020770694,21.258226842485218],[81.612853516115479,21.258240497056004],[81.612866292853752,21.258271754381486],[81.612881214768947,21.258305128953086],[81.612900114424207,21.258337575911156],[81.612910560034322,21.258360289698462],[81.612918036712429,21.258377065298667],[81.612921668601132,21.258385213661903],[81.612924272817153,21.258395974892199],[81.612925978717868,21.258429356133192],[81.612925567289466,21.258441619277235],[81.612926238330957,21.258453288016124],[81.612925407389355,21.258458412449112],[81.61292090593146,21.258465569576327],[81.612917719607111,21.258469177022818],[81.612910497152271,21.258474786187541],[81.612902618028883,21.258478150849079],[81.612890952506618,21.258480330888492],[81.612858334678634,21.258487760938138],[81.612758859735649,21.25850537538679],[81.612733584736816,21.258511557187092],[81.612728766173646,21.258471779842733],[81.612669742367885,21.258429226368879],[81.612628536645801,21.25842403747135],[81.612571739763652,21.258429226368879],[81.612520511537952,21.258426112862935],[81.612495759358623,21.258389385375921],[81.612474007552336,21.258341241964036],[81.612419629833227,21.258288030189444],[81.612359814611736,21.258252555941414],[81.612289122588749,21.258257623452472],[81.612232026567597,21.258260157626513],[81.612204837258915,21.258237352570049],[81.612199399756491,21.258186674933221],[81.612202118058548,21.258100522157115],[81.612226588166877,21.258024506043309],[81.612251058275234,21.257913014723265],[81.612275528383577,21.257834463494152],[81.612280966784311,21.257758447243013],[81.612267371680801,21.257659624969548],[81.612245620772811,21.257507590573169],[81.61222386986482,21.257398633050673],[81.612221150664482,21.257350489314959],[81.61222386986482,21.257269403594748],[81.61225921497801,21.257180716926687],[81.612321749399868,21.257122437182847],[81.612384284720079,21.257048953921903],[81.612414192330803,21.256985606571291],[81.61239244052453,21.256912123242071],[81.612362532913792,21.256818367961287],[81.612335344503407,21.256684070431213],[81.612324468600249,21.2565244340907],[81.612332625303026,21.256374932728995],[81.612367971314512,21.256227965424554],[81.612411473130464,21.256093667356144],[81.612487602655833,21.255941632180477],[81.612838339078749,21.255285342986202],[81.613015067339518,21.254976202348296],[81.613044974950284,21.254811495690099],[81.613074883459348,21.254684798199836],[81.613083040162124,21.254535294970882],[81.613061288355837,21.254036105308732],[81.613134698680881,21.25334179877283],[81.613167325491986,21.25318976075684],[81.613148292886052,21.253080799203079],[81.613096634367338,21.253002246234157],[81.613036819145833,21.252903420769616],[81.612979722226356,21.252860343261364],[81.612963408820804,21.25281980000814],[81.612974283825622,21.252769119670109],[81.613006910636742,21.252624683039009],[81.6130911968649,21.252067205158351],[81.61311294777289,21.251796067864223],[81.613134698680881,21.251692173853812],[81.613183638897553,21.251540133298086],[81.613213546508305,21.25082554225888],[81.613213546508305,21.250749522390684],[81.613232579114211,21.250678569417818],[81.613325021146863,21.250630423485703],[81.613569722230238,21.250605082942304],[81.613743731290668,21.250579743231764],[81.61385248672886,21.250546800596844],[81.613923177853522,21.250491052536031],[81.613928615355917,21.250437837925528],[81.613915360713918,21.250344237598707],[81.6138673718131,21.250098259437266],[81.613965484011828,21.250075877596068],[81.616728749436461,21.249453112992477],[81.618434039306649,21.249057396825595],[81.619888756704668,21.248856295281293],[81.621246027555657,21.2488498083192],[81.622373607273332,21.249005499517114],[81.62313924767821,21.249213088641415],[81.624204184277858,21.24961529131884],[81.625443129039596,21.250270490576224],[81.625740345634526,21.250504880294191],[81.625381848665867,21.250495280568305],[81.625078273795381,21.250481133823055],[81.624763314575304,21.250505889998433],[81.624482507505704,21.250541257271689],[81.624258620387437,21.250594306909822],[81.623909509016883,21.250749920076188],[81.623537628947133,21.250947973187614],[81.623294769410066,21.251188466072978],[81.623017756824211,21.251527984279726],[81.622865969388982,21.251871038147886],[81.622831817238506,21.252153969288468],[81.622630697921153,21.253016904278596],[81.622585162319368,21.253430687010066],[81.622497883803021,21.254187517053023],[81.622346855444178,21.254994562332477],[81.622091852481105,21.25504435697572],[81.621608560654877,21.25519374164174],[81.621433312817686,21.255273412787727],[81.621315185256137,21.255337150175791],[81.62125235888179,21.255363180600543],[81.621224983621815,21.255373267263309],[81.621202700911212,21.255376234322682],[81.621177235469517,21.255380386866161],[81.621143492950821,21.255373860842631],[81.621107204606602,21.25536792756094],[81.621077918630036,21.25536792756094],[81.621057546636024,21.25536792756094],[81.620993245227979,21.255375047164044],[81.620897748923369,21.255388100885142],[81.620539975996849,21.255492509682043],[81.620328686852147,21.255598889185762],[81.620246114609529,21.25533859854318],[81.619330531909057,21.2555151435364],[81.618703952506792,21.255650946589306],[81.61862866560115,21.255666790689265],[81.61857280835676,21.255727902434277],[81.618400377636291,21.255920290196354],[81.618317804495376,21.256060619629551],[81.618211238251533,21.256157040206418],[81.618099838173137,21.256348352442085],[81.618036087432401,21.256363912655988],[81.617895228002581,21.256395599863598],[81.617810226715434,21.256427287064419],[81.617764083852563,21.256454447516802],[81.617754369471086,21.256522349463104],[81.617754369471086,21.256640044644719],[81.617751940426572,21.256830168268909],[81.617793226996994,21.25701576408618],[81.61780779856926,21.25711761576849],[81.61780779856926,21.257201360506766],[81.617754369471086,21.257282841420693],[81.617703368519145,21.257339425780792],[81.617664510993237,21.257396009281948],[81.617560080943122,21.257457120309464],[81.61745907886413,21.2574893070869],[81.617377508243095,21.257496723791473],[81.617305886463811,21.257493942631942],[81.617258138311499,21.257474473676687],[81.617242221961291,21.25746798458248],[81.617194473808993,21.257438318593461],[81.617094003532699,21.257396600341526],[81.617030339030165,21.257377131373396],[81.616981595544559,21.257368787887934],[81.616938821363973,21.257368787887934],[81.616900025821792,21.257368787887934],[81.616833377115952,21.257368787887934],[81.616820445867432,21.257368787887934],[81.616743849218082,21.25738547485841],[81.616659295291981,21.257423485178109],[81.616614531343046,21.257455005556061],[81.616595630789462,21.257498578176818],[81.616569767394125,21.257568108821079],[81.616552856608891,21.257638566205753],[81.616536940258698,21.257679356778997],[81.616506102891634,21.257706242401156],[81.61645934917432,21.257728491643718],[81.616391706033454,21.257744251800901],[81.61634395788117,21.257752595265124],[81.616244482039846,21.257767428647298],[81.616156943910369,21.257781335255711],[81.616008725481734,21.25779245987173],[81.615923176222296,21.257798022179429],[81.615724225437987,21.257824906942748],[81.615546164077315,21.257842521470685],[81.615427787682435,21.257851792538364],[81.615210931677922,21.2578656983016],[81.615103497661522,21.25787682291126],[81.614920463227421,21.257894437432938],[81.61476030708701,21.257914833104159],[81.614541461314118,21.257938009923727],[81.614439995704473,21.257945426605666],[81.614272876722239,21.257946353376937],[81.614086858084789,21.257946353376937],[81.613816284622899,21.257950061299173],[81.61359246487828,21.257950061299173],[81.6135529390058,21.257951246762637],[81.613466130308325,21.257955624438104],[81.613366655365326,21.257968603420437],[81.613315922111326,21.257976019263626],[81.61319456241138,21.257976946871903],[81.613145703043074,21.257981401568216],[81.613091853533376,21.2579934646608],[81.613068091297492,21.258001258913293],[81.613052312389541,21.258008467131397]]]},"properties":{"objectid":2481,"id":"2443","name":"Sardar Vallabh Bhai Patel Ward","code":"24","town":"Raipur","district":"Raipur","state":"Chhattisgarh","st_area(shape)":992711.12304281176,"st_perimeter(shape)":4649.5839417066873}},{"type":"Feature","id":2482,"geometry":{"type":"Polygon","coordinates":[[[81.611978878625621,21.259979869727797],[81.611797003018239,21.261047407898726],[81.611783408813025,21.261184235573534],[81.6117181551908,21.261298257701611],[81.61165290156859,21.261402144936234],[81.61159036714669,21.261455355585582],[81.61148433090888,21.261485761662282],[81.61139884812475,21.261491132955371],[81.611362306455618,21.261531674658798],[81.611367526565715,21.261614378794999],[81.611379707720985,21.262131685039055],[81.611409289243284,21.262185199316647],[81.611437130728888,21.262251686319434],[81.61145279105925,21.262353849992326],[81.611447570949124,21.262421959347254],[81.611419729463506,21.262475473519341],[81.611397108088028,21.262517635704668],[81.611384927831097,21.262559798715067],[81.611414509353423,21.262648988628502],[81.611464972214492,21.262780341435192],[81.611545016597901,21.262853315352082],[81.611605919679221,21.262940883502299],[81.611611139789318,21.263030074022062],[81.611595478560659,21.263083587973117],[81.611511954103861,21.263167912820595],[81.61141092058385,21.263249298345428],[81.611353823664402,21.263322778512418],[81.611337510258835,21.263378522553644],[81.611345666961611,21.263452002656145],[81.611381012973112,21.263522948638506],[81.611375670692098,21.263561450461179],[81.611345601384599,21.263594661424932],[81.611286577578838,21.263633061095415],[81.611230894607658,21.263654856539276],[81.611193030618438,21.263691180876684],[81.611189689783899,21.26372127841719],[81.611186557358494,21.263793861751875],[81.611169156093098,21.263858727290113],[81.611116954093646,21.263946294842349],[81.611038649746959,21.264028997622308],[81.611012548298049,21.264058186778406],[81.610984706812445,21.264106835638124],[81.610988186885862,21.264158727625841],[81.610979486702348,21.264205754880848],[81.610908142502467,21.264231700859561],[81.61074805463403,21.264257646833656],[81.610671490324023,21.264285214373849],[81.610586225830517,21.264328998448214],[81.61048182003492,21.264397106052332],[81.610455718586067,21.26445224107529],[81.61043309721056,21.264497646668314],[81.610408736696698,21.264560889491722],[81.610387855357914,21.264598187215604],[81.610370526856101,21.2646033993359],[81.610339165771194,21.264606056462373],[81.61023368020065,21.264562882755722],[81.610177373798621,21.26454532260961],[81.610118349992902,21.264533906336879],[81.610074917347205,21.264547397914924],[81.610019234376026,21.264569192386297],[81.609946846333784,21.264584760103062],[81.609891163362605,21.264580608656306],[81.609843275971429,21.264565040939093],[81.609810979740345,21.264549474057372],[81.609743046443612,21.26454532260961],[81.609666204554188,21.264559852257744],[81.609555952522726,21.264612781319407],[81.609472428065942,21.264664673128745],[81.609377767194559,21.264747700320576],[81.609255263939247,21.264868088744638],[81.609172853393417,21.264989515138382],[81.609146125818754,21.265052823048332],[81.609133875493242,21.2651088661346],[81.609117170422223,21.265170098696718],[81.609132761582302,21.265211611318787],[81.609156148322398,21.265246898042967],[81.609168398647924,21.265293600136179],[81.609168398647924,21.265332000200669],[81.609148352742352,21.265399459387154],[81.60915169447523,21.265462766283679],[81.609170626469819,21.265765812241298],[81.609173271110009,21.265952840036345],[81.609129769294071,21.266089663152488],[81.609067233973889,21.26626955974001],[81.608249662860743,21.268371260284034],[81.607173206265927,21.268084648447768],[81.604969447532824,21.267497884914942],[81.603654198074196,21.266907742854418],[81.596947005158739,21.263898241148862],[81.589221690446351,21.260298510209743],[81.590533043013266,21.258360405230583],[81.590682066332391,21.258163653870252],[81.590905602209389,21.257969794744103],[81.591029788907534,21.257880098844083],[81.591259533939734,21.257773042861892],[81.591560686952221,21.257648625922499],[81.591905304051423,21.257544462277476],[81.592122630773147,21.257477913708577],[81.592371004169422,21.257472127020673],[81.592768400884793,21.257535782249459],[81.593513520175307,21.25764573174472],[81.594330047446093,21.257828017949841],[81.594879572956529,21.257958221406735],[81.595227294633332,21.258027663091706],[81.595370109695523,21.258053703924432],[81.595559494320369,21.258065277254303],[81.595761297255649,21.25803634309074],[81.596050031059349,21.257992942253292],[81.596310822766114,21.257952434737671],[81.596531254065482,21.257940860561749],[81.596779627461757,21.25794375389653],[81.5971180354057,21.257998728920739],[81.597481280868905,21.258056597256974],[81.598040121010541,21.258134719725991],[81.598813182397961,21.258250456268865],[81.599219892846222,21.258302537013723],[81.599670069177819,21.258366191883578],[81.600017791752919,21.258412486773775],[81.600408979313087,21.258450100838065],[81.600918144416127,21.258461674973976],[81.601408681155121,21.258461674973976],[81.601840229122644,21.258429847563129],[81.602377336322604,21.258380659352287],[81.602926861833055,21.258345938597103],[81.603178339806945,21.258351725250655],[81.603355305222976,21.258383552678389],[81.603526062382045,21.25844142086342],[81.60368129575474,21.258484821568697],[81.603951401194365,21.258554263842576],[81.604246344153282,21.258597664514561],[81.604898323420201,21.258690253297654],[81.605292616456268,21.258777055385885],[81.606984657972617,21.259124263227257],[81.607676998545244,21.259266038773632],[81.608387966583578,21.259399135102509],[81.609185864591993,21.259520657259333],[81.610104845619247,21.259708726906794],[81.610676104071331,21.259798421693056],[81.611017616592875,21.259844716133014],[81.611613712564292,21.259905477040132],[81.611978878625621,21.259979869727797]]]},"properties":{"objectid":2482,"id":"2444","name":"Ramkrishna Paramhans Ward","code":"20","town":"Raipur","district":"Raipur","state":"Chhattisgarh","st_area(shape)":1827337.5553524387,"st_perimeter(shape)":6305.769930479486}},{"type":"Feature","id":2483,"geometry":{"type":"Polygon","coordinates":[[[81.626493505745131,21.246202054867275],[81.625301127851088,21.246320814075951],[81.624923733922117,21.246370318610715],[81.624012396659637,21.246412007332172],[81.622980852235727,21.246396374063],[81.622144994118372,21.246414612876865],[81.621367840904824,21.246412007332172],[81.620682940179378,21.246412007332172],[81.620017608354104,21.246443273028234],[81.619469687234755,21.246422429510655],[81.618345891221054,21.246414612876865],[81.617384234827938,21.246339052899167],[81.617364665927795,21.245731968638022],[81.617347893483114,21.245273397472886],[81.617163389405235,21.244640253900908],[81.617096296931621,21.244254634002434],[81.616584718055378,21.244038373815162],[81.61632753038954,21.243772607919801],[81.615944545346281,21.243506841545237],[81.615750573025281,21.242533675825076],[81.616423806431797,21.242333808739691],[81.617306788372332,21.242086912105318],[81.618289585717349,21.241800653528106],[81.619034361851433,21.241603851585062],[81.619713874481803,21.241403469982668],[81.620585340020398,21.241163728083094],[81.621725538372871,21.240895359735063],[81.622781278020639,21.240644882113575],[81.625080634567951,21.240007536376886],[81.625412871984196,21.241149701011391],[81.625525893521669,21.241751989765874],[81.625697883169352,21.242578701351661],[81.625923927142594,21.243542810823548],[81.62598289525279,21.243817614647959],[81.626005008181835,21.244133639291704],[81.626051690932201,21.244451953187028],[81.626083631430433,21.244632865016204],[81.626199110758549,21.244974077882929],[81.62632687364983,21.245356509274828],[81.626415325365969,21.245624440821942],[81.626462009014617,21.24592214066724],[81.626493505745131,21.246202054867275]]]},"properties":{"objectid":2483,"id":"2456","name":"Shahid Chudamani Nayak Ward","code":"38","town":"Raipur","district":"Raipur","state":"Chhattisgarh","st_area(shape)":649078.28265525948,"st_perimeter(shape)":3384.6698973850757}},{"type":"Feature","id":2484,"geometry":{"type":"Polygon","coordinates":[[[81.679075524026828,21.270560127779103],[81.679002786539954,21.270696504613756],[81.678973396358813,21.270749173636272],[81.678919139013956,21.270869257463765],[81.67885131621,21.271033582851061],[81.678785754465608,21.271155773469104],[81.678738278502877,21.271242148812796],[81.678663674316823,21.27140436760186],[81.6785935913516,21.27153919750381],[81.678582286952093,21.271593972403949],[81.678559679949643,21.271667707910879],[81.678543854329277,21.271758296982071],[81.678518986267264,21.271895234408902],[81.678539333108461,21.272373459222599],[81.678516726106039,21.272847469322734],[81.678516726106039,21.272921203364486],[81.678507682766039,21.273053926555587],[81.67852350748808,21.273222462652484],[81.678530289768503,21.273334117333668],[81.67852350748808,21.273422599226087],[81.678530289768503,21.273549001000184],[81.6785506366097,21.273650122173862],[81.678636545195246,21.273791270972982],[81.678756365182807,21.273959806225403],[81.678833230428367,21.274025113458247],[81.678860359549986,21.27406935420337],[81.67889879217276,21.274225248940233],[81.678923660234773,21.274307410201729],[81.678925921294351,21.274435918191408],[81.678905574453154,21.27462551908766],[81.67889653111321,21.274707680125626],[81.678849055150437,21.27482986769305],[81.678733757282032,21.274962588325611],[81.678069097396559,21.275381816615891],[81.677915366905381,21.275504002786427],[81.677847544101425,21.275537709962283],[81.677791025697005,21.275541923044806],[81.677727725012204,21.275535603002435],[81.677650859766587,21.275504002786427],[81.677565375185836,21.275455681648342],[81.677374624223475,21.275435931294133],[81.677162679308594,21.275449097918177],[81.676971928346234,21.275485306337551],[81.676763515607021,21.27552480619298],[81.676491520112037,21.275547847979681],[81.675650804803936,21.275643306532661],[81.674446250246206,21.275748640180819],[81.673736233523755,21.275850681478929],[81.672937907917245,21.275962597849002],[81.67227381307211,21.276087681537955],[81.671503745769542,21.276219347142391],[81.671125776918785,21.276301638713118],[81.67095268863153,21.276344430613079],[81.670889104977405,21.27642013842717],[81.670754873317762,21.276594595561299],[81.670433422871469,21.277065300653621],[81.670316853886916,21.277183798915548],[81.670147297775358,21.277229881965724],[81.669854106531218,21.277289131460865],[81.669370165223057,21.277361547385098],[81.668900353515994,21.277407630379589],[81.66866743473588,21.277409687087793],[81.668457697879958,21.277347969088108],[81.668176208090756,21.277183387908114],[81.667938874091007,21.276890226309625],[81.667651865052648,21.276396479844099],[81.667315180975748,21.275784436678066],[81.666978497797146,21.275203251262624],[81.6666859695097,21.27436489961871],[81.666360324829313,21.273361957744129],[81.666202337221989,21.273195529637505],[81.663967585713266,21.271415503745267],[81.661916333965962,21.269713689846597],[81.658938824837605,21.267428366493849],[81.65874852393118,21.267165042039856],[81.656778129542587,21.264603223533562],[81.659401067340113,21.263637365769075],[81.660068002658178,21.263373375688563],[81.661439568400269,21.264594408302699],[81.662519019978291,21.265582753128935],[81.662989065247331,21.26600758520383],[81.663303216881971,21.266194687197604],[81.663626816098457,21.266359776255989],[81.663865381688467,21.266454427902321],[81.66420079105599,21.266518262582419],[81.66493302311541,21.266590901463825],[81.666258126194393,21.266667943677216],[81.667337577772415,21.266736179956247],[81.668412306008662,21.266844038100107],[81.66898628096618,21.266890263353506],[81.669392551239952,21.26696730457309],[81.670070456784273,21.267158807863098],[81.670717655217246,21.267394334325381],[81.671440438796523,21.267678286249097],[81.67243249507716,21.268074496522132],[81.67363713497484,21.268521332946523],[81.674777998978954,21.268948358190571],[81.675758245108554,21.269322553627465],[81.676918006072952,21.26975838058657],[81.677789598274018,21.270073144117454],[81.678441520947061,21.270306464287067],[81.679075524026828,21.270560127779103]]]},"properties":{"objectid":2484,"id":"2445","name":"Dr Bhimrao Ambedkar Ward","code":"9","town":"Raipur","district":"Raipur","state":"Chhattisgarh","st_area(shape)":1831496.2301435173,"st_perimeter(shape)":6570.7923079892216}},{"type":"Feature","id":2485,"geometry":{"type":"Polygon","coordinates":[[[81.651675863120488,21.251246438389572],[81.651634453480867,21.251267513974568],[81.651246680417088,21.251555508155228],[81.651224102160739,21.25157429220312],[81.651459868600327,21.252099337856741],[81.65171300666087,21.25272846504134],[81.65206789599533,21.253500993163133],[81.65214234836607,21.253676777654992],[81.652219282781957,21.25387800406212],[81.652241618493179,21.254007528681296],[81.652234173256105,21.254111611106289],[81.652206079343912,21.25422790588263],[81.652107604225833,21.254402579364069],[81.651978950205788,21.254589094148901],[81.651913829534195,21.254663108591252],[81.651680346612082,21.25486442574401],[81.651376915472056,21.255150160804259],[81.650343449551755,21.254181580374688],[81.648933608392028,21.252881386801104],[81.648837908169853,21.252790262014987],[81.646888968245193,21.250934515527437],[81.645715331004567,21.249857876962174],[81.644637650904329,21.248822508319481],[81.643526754698115,21.247814651114982],[81.643286859601474,21.247622022523608],[81.64308387178832,21.247501629212167],[81.642951007364516,21.247443152234037],[81.642652062411003,21.247367476405742],[81.642260849698047,21.247274601700756],[81.641679221992604,21.247157932207148],[81.641736771662963,21.246246094657447],[81.641786844655215,21.245408684165263],[81.642025043732588,21.245319304638237],[81.643888218802132,21.24478305396752],[81.644168837225521,21.244702287027064],[81.645966158598213,21.244321695092417],[81.647908874096274,21.243837304773201],[81.650225902301855,21.24324334538202],[81.650697804388599,21.244695084018744],[81.65199420180268,21.244642406515304],[81.652033058430291,21.245208691202734],[81.652061317632487,21.245317338743508],[81.652227341568377,21.245498417800103],[81.652474610935158,21.245742050936641],[81.652721880301925,21.246074576345617],[81.652803125732859,21.246199684588451],[81.652810190982606,21.246288577134628],[81.652788996131775,21.246370885434096],[81.652792528307472,21.24644660866058],[81.652834917110766,21.246522332685398],[81.652870241562709,21.246584886630053],[81.652898500764891,21.246677071033684],[81.652909098190321,21.246749502014715],[81.652905566014596,21.246900948876945],[81.652877306812414,21.247032640582017],[81.652697543144271,21.247493926501772],[81.652684521165924,21.247510108891177],[81.652667158528089,21.247519548896602],[81.652629539778928,21.247519548896602],[81.652626554677241,21.247516458603098],[81.652553288082672,21.247440622897404],[81.652533606893144,21.247420251730805],[81.652509449398494,21.247395484152705],[81.652453020825618,21.247352331355824],[81.652403827284033,21.24732940655818],[81.65236765482247,21.247303784130274],[81.652293864510099,21.247298390551279],[81.652269266840975,21.247311875335647],[81.652247563543739,21.24736042255854],[81.652225376952828,21.247501363803568],[81.652192582156758,21.247709690152377],[81.652114451184929,21.247949726999469],[81.652081173095226,21.248044123395818],[81.652013169729884,21.248089973602447],[81.651846778383074,21.248125035023012],[81.651510882128662,21.248182843607271],[81.651386671176041,21.248191112260756],[81.651184108265966,21.24818571871424],[81.650868689108492,21.248193809033936],[81.65031164110583,21.248199203417418],[81.650277729703873,21.248203248995559],[81.650318423386253,21.248793224884249],[81.650329726887463,21.24887750684163],[81.650438242475474,21.249048177950687],[81.650612319807834,21.249303130575935],[81.651044122896934,21.249998453294733],[81.651261154971252,21.250443037151218],[81.651514358608821,21.250896047241955],[81.651675863120488,21.251246438389572]]]},"properties":{"objectid":2485,"id":"2446","name":"Pt Ravishankar Shukla Ward","code":"35","town":"Raipur","district":"Raipur","state":"Chhattisgarh","st_area(shape)":870939.15076258313,"st_perimeter(shape)":4650.8833986149093}},{"type":"Feature","id":2486,"geometry":{"type":"Polygon","coordinates":[[[81.636230269651236,21.256585876173666],[81.634595296308262,21.256830087060699],[81.632904962489263,21.25695735199989],[81.63135118427158,21.257215320749125],[81.629905781504675,21.257558121097496],[81.628735382690692,21.2550319487118],[81.628046306595792,21.253462111962484],[81.627461635398191,21.252326888733808],[81.626779518551814,21.251464113798605],[81.627117967818265,21.251350083219997],[81.627509488653374,21.251225916210515],[81.627770502244019,21.251154964304316],[81.627949948806844,21.251122021798032],[81.628083138420763,21.251124238784474],[81.628124893013478,21.2511316039012],[81.628249027609314,21.251170168406702],[81.628431193372521,21.251256324399051],[81.628527022952085,21.251319033733065],[81.628590969525604,21.251386545386211],[81.628747376996344,21.251614391231172],[81.628882529429177,21.251811271900454],[81.629306677075419,21.251258858693582],[81.630190317481052,21.25019457172715],[81.631016860967208,21.249244308532138],[81.631030455172422,21.248998506029782],[81.630834695204001,21.248157199559341],[81.630603589224137,21.247252536749389],[81.630435017666102,21.246355470684783],[81.630226641757858,21.245111530016583],[81.630217941574344,21.244877985730799],[81.6302353419414,21.244717423976642],[81.630278844655649,21.244599030199069],[81.630338007700288,21.244448198875293],[81.630444152634254,21.244261687161021],[81.630742762516149,21.243450738328637],[81.630942431054365,21.242888474190472],[81.631040141706109,21.24263109910439],[81.63104438983909,21.242433118542749],[81.631031644541835,21.242250975722275],[81.631001906712697,21.242049034305857],[81.630916941358166,21.241823334699053],[81.63053884494667,21.241055162046514],[81.630399979776769,21.240635933157115],[81.632190818906366,21.241677709279831],[81.632670310858956,21.242026590957796],[81.633604546178034,21.242666686797385],[81.634362453884933,21.243136663073436],[81.63395414443545,21.244197936608899],[81.633643291414543,21.245123090129699],[81.633311243542835,21.246314916431764],[81.633208804159381,21.246841687152635],[81.632989793994795,21.247875468893866],[81.632756654229127,21.248952043244099],[81.632710733250107,21.249195670670588],[81.632724862851219,21.249271393282719],[81.632957781631333,21.249391288664633],[81.633261625996411,21.249516700521173],[81.633338310680642,21.250296135093603],[81.633470203127288,21.251799825337645],[81.633572642510714,21.252514230811027],[81.633996533238786,21.253785008716061],[81.634003597590151,21.253831099091272],[81.635979115969135,21.253577204171368],[81.636230269651236,21.256585876173666]]]},"properties":{"objectid":2486,"id":"2447","name":"Indira Gandhi Ward","code":"27","town":"Raipur","district":"Raipur","state":"Chhattisgarh","st_area(shape)":883852.81671590707,"st_perimeter(shape)":5720.1885444081527}},{"type":"Feature","id":2487,"geometry":{"type":"Polygon","coordinates":[[[81.6220815488048,21.264534495693482],[81.622045103255388,21.264586986932738],[81.621942214714338,21.264692459089765],[81.62175958631876,21.264901006410387],[81.621507508270241,21.265219819578675],[81.621327451751341,21.265536235300129],[81.62096219585851,21.266276932470806],[81.620758989754691,21.266626904451247],[81.620602083718964,21.266849831116847],[81.620509483582865,21.267010434880429],[81.620465755391464,21.267125493060902],[81.620429744626648,21.267240551988589],[81.620391161086886,21.267420331644683],[81.620324283310637,21.267777491903914],[81.620244544354406,21.268204166035588],[81.620185383106445,21.268443869788566],[81.619751939693643,21.270130070967987],[81.618236532115006,21.269957853846503],[81.613989363927004,21.269475187763355],[81.613876155539955,21.26946232197027],[81.611209124835057,21.269159228372089],[81.611940116321094,21.267522537773452],[81.612084945406139,21.267476451683425],[81.612501769986196,21.267443533756428],[81.613282434714151,21.26743036641615],[81.613692194942814,21.2674632843461],[81.6138864780809,21.267456701095551],[81.614091358644373,21.267400739268322],[81.614232655553735,21.267259190048016],[81.614416341266391,21.26701888413638],[81.614776647442014,21.266584357519971],[81.615101630064018,21.266179457020499],[81.615688011653972,21.265484868690351],[81.616253198393053,21.26476065024104],[81.616952616791792,21.263871831325826],[81.6175072061055,21.263249654976278],[81.617796865173915,21.262946795549809],[81.618411505067726,21.262354243460656],[81.619178040194598,21.261685972795647],[81.620064677380057,21.260928815439279],[81.620213014386266,21.26078193555966],[81.620347270300428,21.260648995358206],[81.620848871588777,21.259984008746628],[81.620906017915559,21.260007304957274],[81.621037716326128,21.260091685983145],[81.621079440376121,21.260116546027934],[81.621123912372596,21.260154096868551],[81.621169217107294,21.260163915305888],[81.621234539001506,21.260162933294758],[81.62172445590295,21.260123657866888],[81.62270539104037,21.260032535886989],[81.622767899411102,21.260033386461785],[81.622940753238069,21.260039522990212],[81.623085621849,21.260067138202199],[81.623306215743412,21.260103959034918],[81.623579489541072,21.26016225852835],[81.623846177789346,21.260237433848456],[81.623830229998106,21.260269747269373],[81.623765924098521,21.26038481155484],[81.623634740422617,21.260626925712661],[81.623369801194187,21.261087180361507],[81.623081711482584,21.261583390910971],[81.622814199479166,21.262197059470289],[81.622690733229902,21.262479921382219],[81.622628999206938,21.262707648769485],[81.622472093171183,21.263244605217398],[81.622387210461682,21.263613761220839],[81.622328049213706,21.26384388447557],[81.622271459842381,21.26403565302164],[81.622207153942767,21.264248995664659],[81.622101692626714,21.264505485782887],[81.6220815488048,21.264534495693482]]]},"properties":{"objectid":2487,"id":"2448","name":"Bal Gangadhar Tilak Ward","code":"18","town":"Raipur","district":"Raipur","state":"Chhattisgarh","st_area(shape)":735244.2037350426,"st_perimeter(shape)":4201.1845259541442}},{"type":"Feature","id":2488,"geometry":{"type":"Polygon","coordinates":[[[81.631311013408705,21.260611600358626],[81.63629579636131,21.271956577995216],[81.634592356122312,21.271807761156335],[81.629997958534318,21.271406381701091],[81.628377725646828,21.27018716522095],[81.627802703253678,21.27018716522095],[81.627111551152183,21.270192401419912],[81.626637672771807,21.270209856252151],[81.626197508164054,21.270206365453291],[81.626176904404701,21.269780475651274],[81.626214365050387,21.269229892840507],[81.626308017113686,21.269169892545214],[81.626199732392706,21.268597162820761],[81.626509954796305,21.268545344390876],[81.626768335424856,21.268502099846241],[81.626700006869399,21.267961423092935],[81.626688244329031,21.267801118387212],[81.626703229126321,21.267542787286263],[81.626703229126321,21.26745376776509],[81.626667640569721,21.267347293857597],[81.626605831088256,21.267237328166633],[81.626330493860408,21.266645608722598],[81.626184397252487,21.266387275593868],[81.626116967012337,21.266300000819733],[81.626062649480374,21.266259854724343],[81.626000839100612,21.266247635762976],[81.625942774695588,21.266231926744574],[81.625900444282777,21.26620644238518],[81.625842904493879,21.266111487532765],[81.625802147031109,21.265979667221966],[81.625639342657223,21.265418523788654],[81.625510102935635,21.264948981921464],[81.625482007226779,21.264781413308462],[81.625467022429532,21.264559732544704],[81.625455784505334,21.264425328221531],[81.625464112786318,21.264388916164016],[81.625480134239439,21.264318851286518],[81.625502610087835,21.264201902288132],[81.625571913315383,21.2639994216937],[81.625629976822069,21.263765521422247],[81.625680549277632,21.263597951462295],[81.625727374860134,21.263369286994667],[81.625783566277775,21.263098729731311],[81.625853693260424,21.262805899220947],[81.625887257912709,21.262716527737812],[81.625916027357974,21.262690833478718],[81.625959182424253,21.262683013522306],[81.626103032345654,21.262660670428687],[81.626294831641957,21.26260928188649],[81.626570242531642,21.262589033369384],[81.626877421443055,21.262555868222908],[81.62724828282326,21.262493028889345],[81.627718416127223,21.262477318633181],[81.628211025279541,21.262470336668656],[81.628654935862059,21.26260474361364],[81.628769190786386,21.262627434976444],[81.628896557520662,21.262650127172922],[81.629095100469812,21.26266932838832],[81.62924681603981,21.262667582899518],[81.629372946692229,21.262668965895923],[81.629390987558068,21.26266705967144],[81.62939854598288,21.262661022037964],[81.62939854598288,21.262653703541808],[81.629019579103854,21.261861909929358],[81.629012386293368,21.261836215521136],[81.629116677104591,21.26181387313617],[81.629310874004418,21.261790412288846],[81.629516534305552,21.261796557115769],[81.629686980647548,21.261819249440311],[81.629833077255469,21.261807030110358],[81.629982920736438,21.261768628289349],[81.630215177458226,21.261716261620869],[81.63039124366064,21.261658658431489],[81.63053172130644,21.261594073213487],[81.630662834015439,21.261515523110688],[81.630763978028241,21.261423008937935],[81.630825788407989,21.261339223067392],[81.630919440471288,21.261255436312016],[81.630941917218024,21.26117164950896],[81.630932551382841,21.261108809584677],[81.630883852813014,21.261007567614065],[81.630859503078909,21.26093076270784],[81.630861376066264,21.260848721230438],[81.630883852813014,21.260780644634828],[81.630932551382841,21.260719550055615],[81.631016838509339,21.260696857561616],[81.631129220446326,21.26067241955165],[81.631311013408705,21.260611600358626]]]},"properties":{"objectid":2488,"id":"2449","name":"Kanhaiya Lal Bajari Ward","code":"15","town":"Raipur","district":"Raipur","state":"Chhattisgarh","st_area(shape)":960493.17950902018,"st_perimeter(shape)":4493.334968223151}},{"type":"Feature","id":2489,"geometry":{"type":"Polygon","coordinates":[[[81.625464112786318,21.264388916164016],[81.62529258487271,21.26438432939101],[81.625083016900092,21.264410123813189],[81.624872131098911,21.264418721394826],[81.624691560743656,21.264432233075137],[81.624507036004545,21.264454342333753],[81.624334373518707,21.264480136743654],[81.624168301073823,21.264507159254606],[81.624035179731862,21.264516985773238],[81.623851972821242,21.264535409865989],[81.62358573013735,21.264568573729417],[81.623366936466752,21.264591911072458],[81.623170338370187,21.264631561190495],[81.62297969790059,21.264659075082832],[81.622804240755912,21.264659075082832],[81.622626253955403,21.264649641198755],[81.622461763443752,21.264633133365223],[81.622345354359354,21.264612694255401],[81.622255938750897,21.264593041230288],[81.622154713889728,21.264562382974709],[81.6220815488048,21.264534495693482],[81.622101692626714,21.264505485782887],[81.622207153942767,21.264248995664659],[81.622271459842381,21.26403565302164],[81.622328049213706,21.26384388447557],[81.622387210461682,21.263613761220839],[81.622472093171183,21.263244605217398],[81.622628999206938,21.262707648769485],[81.622690733229902,21.262479921382219],[81.622814199479166,21.262197059470289],[81.623081711482584,21.261583390910971],[81.623369801194187,21.261087180361507],[81.623634740422617,21.260626925712661],[81.623765924098521,21.26038481155484],[81.623830229998106,21.260269747269373],[81.623846177789346,21.260237433848456],[81.623579489541072,21.26016225852835],[81.623306215743412,21.260103959034918],[81.623085621849,21.260067138202199],[81.622940753238069,21.260039522990212],[81.622767899411102,21.260033386461785],[81.62270539104037,21.260032535886989],[81.62172445590295,21.260123657866888],[81.621234539001506,21.260162933294758],[81.621169217107294,21.260163915305888],[81.621123912372596,21.260154096868551],[81.621079440376121,21.260116546027934],[81.621037716326128,21.260091685983145],[81.620906017915559,21.260007304957274],[81.620848871588777,21.259984008746628],[81.621029026922372,21.259730523768784],[81.621512968230547,21.259305851902386],[81.622555031926439,21.258420292724729],[81.623529978894183,21.257613737556028],[81.624600301792256,21.256701830768158],[81.625186682483857,21.25620143199443],[81.625617637563337,21.255803086715503],[81.625921426232836,21.255566054835509],[81.626122773722329,21.255384988152098],[81.626327371316492,21.255055249054621],[81.626505970768022,21.254709706878273],[81.626619007576849,21.254452656347784],[81.626666483539623,21.254317810798241],[81.626677787040819,21.254193498940602],[81.626628050916793,21.254043903956752],[81.626492406207205,21.25370046668036],[81.626397454281673,21.253527693685875],[81.626273113073324,21.253390740012797],[81.626004084713728,21.253158971195521],[81.625875221386238,21.253030444633296],[81.625787052639382,21.252946165051661],[81.625671754770991,21.252762856418347],[81.625622017748654,21.252602725216018],[81.625588107244994,21.25242784364351],[81.625597149686641,21.252233999573249],[81.625640104428584,21.252073867796081],[81.625741837736214,21.251909521248887],[81.625888785946998,21.251770458771478],[81.626182683266919,21.251625075093965],[81.626467537246896,21.251532366332206],[81.626779518551814,21.251464113798605],[81.627461635398191,21.252326888733808],[81.628046306595792,21.253462111962484],[81.628735382690692,21.2550319487118],[81.629905781504675,21.257558121097496],[81.631136709700868,21.260214886949282],[81.631311013408705,21.260611600358626],[81.631129220446326,21.26067241955165],[81.631016838509339,21.260696857561616],[81.630932551382841,21.260719550055615],[81.630883852813014,21.260780644634828],[81.630861376066264,21.260848721230438],[81.630859503078909,21.26093076270784],[81.630883852813014,21.261007567614065],[81.630932551382841,21.261108809584677],[81.630941917218024,21.26117164950896],[81.630919440471288,21.261255436312016],[81.630825788407989,21.261339223067392],[81.630763978028241,21.261423008937935],[81.630662834015439,21.261515523110688],[81.63053172130644,21.261594073213487],[81.63039124366064,21.261658658431489],[81.630215177458226,21.261716261620869],[81.629982920736438,21.261768628289349],[81.629833077255469,21.261807030110358],[81.629686980647548,21.261819249440311],[81.629516534305552,21.261796557115769],[81.629310874004418,21.261790412288846],[81.629116677104591,21.26181387313617],[81.629012386293368,21.261836215521136],[81.629019579103854,21.261861909929358],[81.62939854598288,21.262653703541808],[81.62939854598288,21.262661022037964],[81.629390987558068,21.26266705967144],[81.629372946692229,21.262668965895923],[81.62924681603981,21.262667582899518],[81.629095100469812,21.26266932838832],[81.628896557520662,21.262650127172922],[81.628769190786386,21.262627434976444],[81.628654935862059,21.26260474361364],[81.628211025279541,21.262470336668656],[81.627718416127223,21.262477318633181],[81.62724828282326,21.262493028889345],[81.626877421443055,21.262555868222908],[81.626570242531642,21.262589033369384],[81.626294831641957,21.26260928188649],[81.626103032345654,21.262660670428687],[81.625959182424253,21.262683013522306],[81.625916027357974,21.262690833478718],[81.625887257912709,21.262716527737812],[81.625853693260424,21.262805899220947],[81.625783566277775,21.263098729731311],[81.625727374860134,21.263369286994667],[81.625680549277632,21.263597951462295],[81.625629976822069,21.263765521422247],[81.625571913315383,21.2639994216937],[81.625502610087835,21.264201902288132],[81.625480134239439,21.264318851286518],[81.625464112786318,21.264388916164016]]]},"properties":{"objectid":2489,"id":"2450","name":"Danveer Bhamashah Ward","code":"26","town":"Raipur","district":"Raipur","state":"Chhattisgarh","st_area(shape)":828019.1473783257,"st_perimeter(shape)":4946.7564030983685}},{"type":"Feature","id":2490,"geometry":{"type":"Polygon","coordinates":[[[81.636297251632058,21.271956705236256],[81.637515015916051,21.274714306580854],[81.640114277715938,21.279882769564331],[81.642180637329687,21.283895803155506],[81.643640513752416,21.286849457899425],[81.64256994830923,21.285584731766949],[81.641528059784804,21.28464954190714],[81.638956793980753,21.283135411028173],[81.634578950563338,21.280570261122346],[81.63237971125443,21.279317377438215],[81.632196384867882,21.278575986672106],[81.632020787586015,21.277880572892567],[81.631681298968815,21.27649791631665],[81.631388636832398,21.275415235022837],[81.631174993203288,21.274572538378088],[81.630841358008482,21.273244394798795],[81.629997958534318,21.271406381701091],[81.634592356122312,21.271807761156335],[81.63629579636131,21.271956577995216],[81.636297251632058,21.271956705236256]]]},"properties":{"objectid":2490,"id":"2451","name":"Veer Shivaji Ward","code":"16","town":"Raipur","district":"Raipur","state":"Chhattisgarh","st_area(shape)":978213.36452015117,"st_perimeter(shape)":5201.6082091962926}},{"type":"Feature","id":2491,"geometry":{"type":"Polygon","coordinates":[[[81.621262906001547,21.273069643216953],[81.621196217769793,21.273376556838716],[81.620984144395834,21.274374803329355],[81.620815572837842,21.275236227724779],[81.620562715949958,21.276627165725202],[81.620434927905876,21.277265624529353],[81.620307139861723,21.277904080562923],[81.620192946022826,21.278499462982268],[81.620010780259634,21.27944953737158],[81.619907462323866,21.279981576081681],[81.619795987685279,21.280432541580705],[81.619700826452288,21.280774563803259],[81.619570319207838,21.281187524371841],[81.619390872644971,21.281724623499219],[81.619064605432115,21.282702544998727],[81.618825342749432,21.283416981312165],[81.618577923364001,21.28417954913149],[81.618466448725457,21.284519029756499],[81.618316909773355,21.284947180426194],[81.618080366291068,21.285418397005738],[81.617876448721574,21.285752808206929],[81.617338108134732,21.286766170307061],[81.616799767547903,21.28766045731539],[81.615956910656166,21.289089277464793],[81.615048800142191,21.290497817291264],[81.614743954155571,21.290970278285904],[81.614575981773839,21.29079914855679],[81.614536332832159,21.290773518628729],[81.614510147839923,21.290725555723057],[81.614496394632937,21.290668291995726],[81.614496394632937,21.29054314788641],[81.614551408359247,21.290371152194606],[81.614552123418207,21.290246116643413],[81.614603229473047,21.290064814737921],[81.614607182060297,21.290002861826729],[81.614655636288404,21.289887291709316],[81.614687008153084,21.289704285206774],[81.614757709159193,21.289406770986801],[81.614812722885503,21.289242281141927],[81.614807597098505,21.289184484495983],[81.614597763224538,21.289039486806249],[81.61423181293398,21.288889742257364],[81.614103538002993,21.288863563751057],[81.613946259166411,21.288794261331013],[81.613918751854087,21.288675165585325],[81.613918751854087,21.288550020616626],[81.613932505061115,21.288489526826559],[81.613979949582813,21.288378437754574],[81.614081767332067,21.288226197377405],[81.614125052654046,21.28811469127044],[81.61421808757477,21.287761285038549],[81.614434596829611,21.287383898887072],[81.614529569416376,21.287295406977254],[81.614604543708282,21.287137593398786],[81.614622728304596,21.287078074163038],[81.614765449941984,21.286873380138967],[81.614798969678517,21.286765770207758],[81.614881489818814,21.286599820978577],[81.614963730583085,21.28650641439798],[81.614964009959152,21.286381374723451],[81.614936503545124,21.286274350353683],[81.614867736611828,21.286176401835291],[81.614765482281342,21.286099692093298],[81.614652425709579,21.286044810431417],[81.614581211765454,21.285957244310687],[81.614528760932615,21.285942289051643],[81.614441500382569,21.285855898064213],[81.614325103874549,21.285799611769441],[81.614259949965302,21.285791711011722],[81.6135883973067,21.285791711011722],[81.613534516355955,21.285764045382386],[81.613448941045363,21.285671926466385],[81.613384088970037,21.285568241348521],[81.613319619577041,21.285396788933014],[81.613259996594991,21.285287879678133],[81.613182443239907,21.285187995273674],[81.613169192191165,21.285064850368123],[81.61313234329819,21.285016498051899],[81.613118077153146,21.28489550502864],[81.613088043778262,21.284839536441027],[81.613061743801694,21.284717428335615],[81.612990451704121,21.2845507142512],[81.612943197625242,21.284379705955494],[81.612856107755064,21.284218460722858],[81.612808621012491,21.284174213822229],[81.612754841571402,21.28414412548695],[81.612630415023062,21.284109712144716],[81.612294638244592,21.284109712144716],[81.612202155787784,21.284070736909278],[81.612180666289547,21.284016456324512],[81.612180666289547,21.283828731629185],[81.612233928301052,21.283719676404338],[81.612266218243946,21.28366956417636],[81.612329788423352,21.283649567159411],[81.612412604109394,21.283553186354361],[81.612525578934466,21.283487965381557],[81.61254599135269,21.283433268569457],[81.612586296064521,21.283262023764085],[81.606024712870123,21.279774488212645],[81.605807838899267,21.279662378031173],[81.606969490817349,21.276290456062558],[81.607005328207293,21.276186431170885],[81.60680044764382,21.276137056362703],[81.606259987931224,21.276044889563341],[81.605778271749998,21.275944137517609],[81.60569176847973,21.275918988838587],[81.604822293607796,21.275613681875232],[81.604539700687411,21.275528098474911],[81.604398403778049,21.27550176523976],[81.604274769543835,21.275498472957207],[81.604133472634473,21.275518223303017],[81.603946254746106,21.275587348655385],[81.602841598237859,21.276162177380542],[81.601728116680249,21.276622780234096],[81.601430069143717,21.276679355486497],[81.600933322351153,21.276751359865134],[81.600442095706029,21.276895369353731],[81.600385515317868,21.276939306211549],[81.600308429086709,21.277018691026484],[81.600272257523443,21.277037650961709],[81.600219520128078,21.277066316872393],[81.600217999280304,21.277067143910411],[81.600143394195953,21.277100849891074],[81.600093658071927,21.277117702878527],[81.599973838084409,21.277126129790073],[81.599933145300326,21.277119809815716],[81.599842715493935,21.277105062928854],[81.599768110409613,21.277077676925575],[81.59964827784566,21.277006955955446],[81.599224848851634,21.27674147221904],[81.599228686454538,21.276533984684569],[81.599228686454538,21.27640877664907],[81.599148067149358,21.276212020112371],[81.599090480648059,21.275997376393835],[81.599082802747333,21.275825661695805],[81.599144227749818,21.275711184561061],[81.599263238355292,21.275589552717097],[81.599432156662999,21.275464343877935],[81.599574201869004,21.275289050821875],[81.599697050975664,21.275192460288405],[81.599846774082394,21.275103025172804],[81.599912038484433,21.274963505781695],[81.599935073084936,21.274781056632381],[81.599969624087393,21.274688043516182],[81.600034888489418,21.274512749535297],[81.600165415496846,21.274358920224827],[81.601482210956078,21.272638163121041],[81.601704876365559,21.272330499583006],[81.601908345675682,21.272065765832259],[81.602173240886685,21.271829650820727],[81.602484204400398,21.271636465986127],[81.602691513110059,21.271482633669017],[81.602864269918996,21.271378885812204],[81.602983280524469,21.271264405218147],[81.60304854492648,21.271174967715272],[81.603144520931451,21.271089107159128],[81.603263531536911,21.271035444599988],[81.603443967144869,21.270903076200817],[81.603693505656096,21.270752820126365],[81.60400062977024,21.270631185021188],[81.604507384693392,21.270452308354386],[81.604902807810078,21.270226923494906],[81.605390827469677,21.269967480765875],[81.605528419726795,21.269898791426584],[81.605707780051361,21.269775151539616],[81.605874855914422,21.269662960072466],[81.605978049882694,21.269530160993366],[81.607173206265927,21.268084648447768],[81.608249662860743,21.268371260284034],[81.611209124835057,21.269159228372089],[81.613876155539955,21.26946232197027],[81.613989363927004,21.269475187763355],[81.618236532115006,21.269957853846503],[81.619751939693643,21.270130070967987],[81.621772875096752,21.27035973785063],[81.621399474179256,21.272020205196753],[81.621402046954202,21.272216757223607],[81.621386612999302,21.272451660316964],[81.621355746886138,21.272653005885914],[81.621262906001547,21.273069643216953]]]},"properties":{"objectid":2491,"id":"2452","name":"Sant Kabeer Das Ward","code":"3","town":"Raipur","district":"Raipur","state":"Chhattisgarh","st_area(shape)":3213868.3864608053,"st_perimeter(shape)":9182.9003892987439}},{"type":"Feature","id":2492,"geometry":{"type":"Polygon","coordinates":[[[81.620213014386266,21.26078193555966],[81.620064677380057,21.260928815439279],[81.619178040194598,21.261685972795647],[81.618411505067726,21.262354243460656],[81.617796865173915,21.262946795549809],[81.6175072061055,21.263249654976278],[81.616952616791792,21.263871831325826],[81.616253198393053,21.26476065024104],[81.615688011653972,21.265484868690351],[81.615101630064018,21.266179457020499],[81.614776647442014,21.266584357519971],[81.614416341266391,21.26701888413638],[81.614232655553735,21.267259190048016],[81.614091358644373,21.267400739268322],[81.6138864780809,21.267456701095551],[81.613692194942814,21.2674632843461],[81.613282434714151,21.26743036641615],[81.612501769986196,21.267443533756428],[81.612084945406139,21.267476451683425],[81.611940116321094,21.267522537773452],[81.611209124835057,21.269159228372089],[81.608249662860743,21.268371260284034],[81.609067233973889,21.26626955974001],[81.609129769294071,21.266089663152488],[81.609173271110009,21.265952840036345],[81.609170626469819,21.265765812241298],[81.60915169447523,21.265462766283679],[81.609148352742352,21.265399459387154],[81.609168398647924,21.265332000200669],[81.609168398647924,21.265293600136179],[81.609156148322398,21.265246898042967],[81.609132761582302,21.265211611318787],[81.609117170422223,21.265170098696718],[81.609133875493242,21.2651088661346],[81.609146125818754,21.265052823048332],[81.609172853393417,21.264989515138382],[81.609255263939247,21.264868088744638],[81.609377767194559,21.264747700320576],[81.609472428065942,21.264664673128745],[81.609555952522726,21.264612781319407],[81.609666204554188,21.264559852257744],[81.609743046443612,21.26454532260961],[81.609810979740345,21.264549474057372],[81.609843275971429,21.264565040939093],[81.609891163362605,21.264580608656306],[81.609946846333784,21.264584760103062],[81.610019234376026,21.264569192386297],[81.610074917347205,21.264547397914924],[81.610118349992902,21.264533906336879],[81.610177373798621,21.26454532260961],[81.61023368020065,21.264562882755722],[81.610339165771194,21.264606056462373],[81.610370526856101,21.2646033993359],[81.610387855357914,21.264598187215604],[81.610408736696698,21.264560889491722],[81.61043309721056,21.264497646668314],[81.610455718586067,21.26445224107529],[81.61048182003492,21.264397106052332],[81.610586225830517,21.264328998448214],[81.610671490324023,21.264285214373849],[81.61074805463403,21.264257646833656],[81.610908142502467,21.264231700859561],[81.610979486702348,21.264205754880848],[81.610988186885862,21.264158727625841],[81.610984706812445,21.264106835638124],[81.611012548298049,21.264058186778406],[81.611038649746959,21.264028997622308],[81.611116954093646,21.263946294842349],[81.611169156093098,21.263858727290113],[81.611186557358494,21.263793861751875],[81.611189689783899,21.26372127841719],[81.611193030618438,21.263691180876684],[81.611230894607658,21.263654856539276],[81.611286577578838,21.263633061095415],[81.611345601384599,21.263594661424932],[81.611375670692098,21.263561450461179],[81.611381012973112,21.263522948638506],[81.611345666961611,21.263452002656145],[81.611337510258835,21.263378522553644],[81.611353823664402,21.263322778512418],[81.61141092058385,21.263249298345428],[81.611511954103861,21.263167912820595],[81.611595478560659,21.263083587973117],[81.611611139789318,21.263030074022062],[81.611605919679221,21.262940883502299],[81.611545016597901,21.262853315352082],[81.611464972214492,21.262780341435192],[81.611414509353423,21.262648988628502],[81.611384927831097,21.262559798715067],[81.611397108088028,21.262517635704668],[81.611419729463506,21.262475473519341],[81.611447570949124,21.262421959347254],[81.61145279105925,21.262353849992326],[81.611437130728888,21.262251686319434],[81.611409289243284,21.262185199316647],[81.611379707720985,21.262131685039055],[81.611367526565715,21.261614378794999],[81.611362306455618,21.261531674658798],[81.61139884812475,21.261491132955371],[81.61148433090888,21.261485761662282],[81.61159036714669,21.261455355585582],[81.61165290156859,21.261402144936234],[81.6117181551908,21.261298257701611],[81.611783408813025,21.261184235573534],[81.611797003018239,21.261047407898726],[81.611978878625621,21.259979869727797],[81.612430504838059,21.260071876639188],[81.612673358086923,21.260142362127219],[81.612860089986697,21.260190447184932],[81.613009966705334,21.260233952859252],[81.613132815812023,21.260256850533356],[81.613213896851249,21.260266010104299],[81.613326918388722,21.260266010104299],[81.61348908046719,21.260220214755396],[81.613786376113836,21.260133202548605],[81.61422617870052,21.260018714046339],[81.614533302814721,21.259963759031354],[81.614896938146771,21.259899645239848],[81.615103325184975,21.259869877604579],[81.615309713121491,21.259769127044841],[81.615447304480313,21.259668376416137],[81.615624207912589,21.259544727937293],[81.615776541523516,21.259421079354599],[81.615899391528515,21.259377573440098],[81.616071381176198,21.259338646908454],[81.616245827716142,21.259338646908454],[81.616597177688391,21.2593592550243],[81.617034522484445,21.259375283742905],[81.61735638885078,21.259400471247375],[81.617631572466692,21.259411920568272],[81.617874814686061,21.25944168745891],[81.618253191371934,21.259501222059331],[81.618466949985361,21.259574495638248],[81.618535745664786,21.259634030185019],[81.618560315486135,21.259698144092145],[81.618579971522848,21.259828661512888],[81.618631568956133,21.26015610023838],[81.618656138777482,21.260245402115341],[81.618715106887691,21.260325544371462],[81.618833042209758,21.260435453273789],[81.618997661180487,21.260488118432836],[81.61930232840237,21.260572839914161],[81.619764243019773,21.260659851024016],[81.619995200777637,21.260723964484516],[81.620213014386266,21.26078193555966]]]},"properties":{"objectid":2492,"id":"2453","name":"Dr APJ Abdul Kalam Ward","code":"19","town":"Raipur","district":"Raipur","state":"Chhattisgarh","st_area(shape)":734050.14757607237,"st_perimeter(shape)":4115.6677557678167}},{"type":"Feature","id":2493,"geometry":{"type":"Polygon","coordinates":[[[81.608399972567355,21.244363215265032],[81.607568906962044,21.244704449687763],[81.607116483045601,21.244957455650624],[81.60619075387396,21.245690523367301],[81.604485464003815,21.247150159986738],[81.604030717942393,21.247552125492465],[81.602194667502857,21.244890506206293],[81.60204766539313,21.24453759483875],[81.601824933508311,21.243811008571399],[81.60169574858395,21.242453322105465],[81.60157992789604,21.241714270127012],[81.601370558451066,21.240634749228878],[81.6028571121428,21.240488929221183],[81.60384271043489,21.240350340758166],[81.60402113830817,21.240306783998296],[81.60442897254886,21.240053363964925],[81.605321109220469,21.239534643868122],[81.605423067106898,21.239463369834723],[81.605457053967342,21.23942773196783],[81.605053467859648,21.237891358529332],[81.604556420131487,21.236545037657937],[81.604233551245315,21.235705561650935],[81.60427603437175,21.234755205038439],[81.603634545630726,21.234723526574566],[81.603668531592845,21.233373217037343],[81.603451869624436,21.233353418335994],[81.603417883662289,21.232711918040668],[81.603464613125055,21.232074373892356],[81.603919179523444,21.232145653172307],[81.607300802968879,21.233436575375791],[81.609339973273904,21.234236466300572],[81.611578812117202,21.235111589590598],[81.614306202422668,21.236160938079792],[81.614705539499056,21.23624013387332],[81.616587523494019,21.236461882371188],[81.618839106736218,21.236719268228534],[81.620461171288568,21.236906197256939],[81.621175656231259,21.236988533403089],[81.621241361706069,21.237018100520149],[81.621298855680905,21.237043970068097],[81.622620068156365,21.23779236468021],[81.623151101846702,21.238109144093674],[81.623397501644291,21.23816062072591],[81.6238393218471,21.238251695110041],[81.624247156087776,21.23837840589248],[81.624536038113476,21.23854471509441],[81.624833417303435,21.238813976097681],[81.625207265581963,21.239209948351451],[81.625534382601117,21.239570281709163],[81.625772287031054,21.239807862630499],[81.625130778527094,21.239993638138401],[81.625080634567951,21.240007536376886],[81.622781278020639,21.240644882113575],[81.621725538372871,21.240895359735063],[81.620585340020398,21.241163728083094],[81.619713874481803,21.241403469982668],[81.619034361851433,21.241603851585062],[81.618289585717349,21.241800653528106],[81.617306788372332,21.242086912105318],[81.616423806431797,21.242333808739691],[81.615750573025281,21.242533675825076],[81.615387261985049,21.242641534946728],[81.614488923344695,21.242902743907138],[81.613817088615079,21.243053027559174],[81.61275751046611,21.243303501088434],[81.612112549736509,21.243439472804859],[81.611333221701656,21.243611225270921],[81.610415687860382,21.243818760036092],[81.609878220435988,21.243954730439892],[81.60907969720013,21.244140795440313],[81.608718825984198,21.244248140976868],[81.608399972567355,21.244363215265032]]]},"properties":{"objectid":2493,"id":"2454","name":"Thakur Pyarelal Ward","code":"40","town":"Raipur","district":"Raipur","state":"Chhattisgarh","st_area(shape)":2173696.0835225014,"st_perimeter(shape)":7707.7066314772055}},{"type":"Feature","id":2494,"geometry":{"type":"Polygon","coordinates":[[[81.632787513155762,21.230006689551431],[81.632702024981739,21.230080578176178],[81.632540377637937,21.230305145241939],[81.632119161194453,21.230745585018756],[81.631753899013432,21.231170087152616],[81.631477233177307,21.231530840408137],[81.631183468808018,21.231852474773849],[81.63099384433302,21.232100220024829],[81.630849293725703,21.232310295567014],[81.630684537312703,21.23251022983084],[81.630597495951548,21.232646416649388],[81.630522889070576,21.232802886936895],[81.630409425561993,21.233043385984267],[81.630372122121486,21.233131762293912],[81.630334818681021,21.233209996782268],[81.630275755349402,21.233291129234576],[81.630199594382987,21.233375158808748],[81.630126541587458,21.233422968746392],[81.629848806756115,21.233506546086911],[81.629244831661353,21.233668613848149],[81.629112940113032,21.233483908852325],[81.62902308163514,21.233370721789871],[81.628955080964758,21.23329149179926],[81.628913795292618,21.233239425659878],[81.628840936533209,21.233123975099286],[81.628719506764654,21.232920238496892],[81.628539790707237,21.232666700262847],[81.628389216895954,21.2324697538278],[81.628289644036585,21.232309027838198],[81.628204643647763,21.232193577386557],[81.628112356125385,21.232078126007178],[81.62807835579018,21.232032851095973],[81.628027355736563,21.231942300394479],[81.628022497647493,21.231876652126875],[81.628027355736563,21.231815530491271],[81.62805406983648,21.231752145498795],[81.628073498599434,21.231672913801244],[81.628085642025482,21.231530296973297],[81.628056498880994,21.231383152495741],[81.628020069501304,21.231188468524106],[81.62797149759389,21.23091681637219],[81.627930211023425,21.230751561159035],[81.627903496923508,21.230645164557252],[81.627859782206841,21.230536502853834],[81.627801495019611,21.23044368788198],[81.627714065586275,21.230341818601893],[81.627626636152925,21.230203728034784],[81.627568349864063,21.230074692442518],[81.627378918526844,21.2297192779317],[81.627296346284226,21.229574395849607],[81.627204059660158,21.229406874927435],[81.627111772137738,21.229225771919008],[81.626992770515415,21.229103526425252],[81.626921564656115,21.229044667850836],[81.626871826735467,21.229040321136125],[81.626829860140333,21.229057707156908],[81.62669929899694,21.229208385918021],[81.626596714086446,21.229354716982346],[81.626424186347904,21.22961840376361],[81.626290516135327,21.229785018430949],[81.626184823952244,21.229954530981136],[81.626127314706096,21.23006464089173],[81.626091565351032,21.230111003287327],[81.626016958470061,21.230132735864572],[81.625894168652181,21.2301472236894],[81.625629936397871,21.230173302942795],[81.625348607407105,21.230179098238768],[81.625051734866929,21.230171853490774],[81.624826361036909,21.230138531162137],[81.624583889572023,21.230121145268754],[81.624297897426587,21.230092168775215],[81.624131586029861,21.230070436191969],[81.623996361731812,21.230063192275964],[81.623830051233384,21.230063192275964],[81.623673066145884,21.230063192275964],[81.623531624607793,21.230087822091331],[81.623362205040138,21.230151570371508],[81.623273609593568,21.230180546853404],[81.62311973357528,21.230231255054964],[81.622995389671956,21.23030224717775],[81.622936325442026,21.230376137329152],[81.622836850499056,21.230513774729783],[81.622746700068731,21.230660105336337],[81.622171607606973,21.230384829842407],[81.622065137482849,21.230335028542175],[81.622045708719895,21.230170404876063],[81.622041045565283,21.229973365510816],[81.622014622519515,21.22971257743999],[81.6220037430231,21.22953292259054],[81.62199286262836,21.229421363660922],[81.621964884598853,21.229338780456828],[81.621914564569877,21.229218980133204],[81.621861135471747,21.22899939200839],[81.621834420473505,21.228818287662289],[81.621814991710551,21.228632656335016],[81.621780991375374,21.2283791098927],[81.621759133567863,21.228216115222025],[81.621717847895724,21.228075759276784],[81.621686275706736,21.227958040446879],[81.621610988801095,21.227792781918591],[81.621535702793764,21.227568664041783],[81.62151141684005,21.227457736674413],[81.621504130604805,21.227367184001398],[81.621523559367759,21.226366570751605],[81.621499273414059,21.225655723841001],[81.621494416223285,21.225542530770934],[81.621496844369503,21.225447449228376],[81.621501701560248,21.225361423018001],[81.621508987795536,21.225241438590555],[81.621516274030796,21.225130509473153],[81.621545417175227,21.224999205170356],[81.621569703128955,21.224899595566864],[81.621562416893667,21.224582654634681],[81.621363369091341,21.222971044457623],[81.621347825541974,21.222720386497603],[81.621349380525743,21.222659533220355],[81.621372694502313,21.22264359513413],[81.621596514246932,21.222639248230799],[81.62161751595994,21.222620152335626],[81.621496086191428,21.221703979396313],[81.621161697310072,21.221680349708823],[81.62057154728754,21.221680349708823],[81.61999596883723,21.221646390714422],[81.61964382116102,21.221653182848904],[81.619510248864756,21.221657710659233],[81.619454390722083,21.221673557575613],[81.619425247577652,21.221691668813627],[81.619415533196161,21.22178448929219],[81.619382442854345,21.222139073801959],[81.618232652291269,21.221951594310465],[81.617910103205361,21.221884384038869],[81.617602780563516,21.221731820351806],[81.618198621413356,21.221195539166619],[81.620707289913469,21.219569419041466],[81.621142688958642,21.219272350157315],[81.622078305886617,21.21863398336437],[81.623414317208088,21.217769244302218],[81.624633647255607,21.216931693030059],[81.62542234382056,21.216567607962826],[81.625681325422036,21.216885308069457],[81.625948471811114,21.217202265535295],[81.626237476007688,21.217519222320444],[81.626499764307709,21.217793163525819],[81.626737767552356,21.217996921020525],[81.626917484508098,21.218153134685984],[81.627206487806347,21.218347835022882],[81.627444491050994,21.218497256874919],[81.627624207108411,21.218612718045673],[81.627853378117166,21.218735662261814],[81.62845222742493,21.219072823356932],[81.630570101826976,21.220276717878924],[81.631417850045437,21.220754752662931],[81.631344825097656,21.220872131393513],[81.631267110045798,21.220994382870899],[81.631179680612462,21.221177760315744],[81.631148108423503,21.221309068019533],[81.631097108369858,21.221465278178787],[81.63105825084395,21.221637335092922],[81.631036393036425,21.221798072710673],[81.631043679271727,21.222013143755664],[81.63105339365319,21.222298395676884],[81.631084964943867,21.222511202519232],[81.631118965279043,21.222705897943342],[81.631179680612462,21.222862106623804],[81.631322968188471,21.223122453777886],[81.631478398292202,21.223434870091324],[81.631519684862667,21.223591077999952],[81.631570685814609,21.223910284514272],[81.631643543675722,21.224227227728299],[81.631713973390632,21.224501155643104],[81.631823259733153,21.224978830902892],[81.631934976018513,21.225451976922272],[81.632066120168545,21.226036049944035],[81.632197264318535,21.22664049469401],[81.63225555150575,21.226948375909576],[81.63228469465021,21.227070623189455],[81.632362409702068,21.227251728843999],[81.632442553798441,21.227416987978462],[81.632612555474395,21.22765468980235],[81.632770414622641,21.227838058968771],[81.63287727371727,21.228028218910879],[81.632947702533869,21.228200269008425],[81.633027846630242,21.22834515244028],[81.633122562298837,21.228544367764073],[81.63317599139701,21.22868245988478],[81.633134704826531,21.228752638004107],[81.632998703485796,21.228924686419294],[81.632852986865231,21.22913521949404],[81.632770414622641,21.229275575268503],[81.632726699905987,21.229418194276768],[81.632695127717,21.229549493808722],[81.632699984907731,21.229671738095522],[81.632721842715242,21.229775872875031],[81.632787513155762,21.230006689551431]]]},"properties":{"objectid":2494,"id":"2457","name":"Mahamaya Mandir Ward","code":"65","town":"Raipur","district":"Raipur","state":"Chhattisgarh","st_area(shape)":1800720.3612899403,"st_perimeter(shape)":6529.2050760377642}},{"type":"Feature","id":2495,"geometry":{"type":"Polygon","coordinates":[[[81.649657820292603,21.227810700649272],[81.649611260611422,21.227913235705877],[81.649012846088269,21.229053281731126],[81.648886173751762,21.229187643795683],[81.648427535290196,21.229468582034038],[81.648292127735843,21.229517440767058],[81.648147984065361,21.22949708303339],[81.647859696724367,21.229317934520878],[81.647042882891014,21.228760128167597],[81.64641389241055,21.229403437589742],[81.645793638046214,21.23001010007987],[81.645055447461488,21.23082847976514],[81.64441772086488,21.231549138837835],[81.643905268826231,21.232065405156877],[81.643315415247741,21.232693391162744],[81.642703198110254,21.233386518045421],[81.642519703738728,21.233669181557669],[81.639844436380983,21.231801572029386],[81.639914324411762,21.231036127144787],[81.63997795837156,21.230054478810025],[81.640001683776532,21.229688446623911],[81.64004973196613,21.229167286016473],[81.640145827447029,21.228650194803066],[81.640228819202846,21.22815753178525],[81.640263762769109,21.227892876913415],[81.640263762769109,21.227579363045262],[81.640255027551262,21.226923830981484],[81.640338019307109,21.226080999283298],[81.640534578776098,21.225042722070683],[81.640986054071604,21.222003975945594],[81.641065835248625,21.221466971399462],[81.641386609263535,21.21948832426212],[81.641902620427359,21.217007832500251],[81.643617848359483,21.217508190131124],[81.644673822467567,21.21779643699978],[81.645356413624398,21.218003105357077],[81.646173189728486,21.218269596839409],[81.646698259503623,21.218470825517581],[81.647310841357111,21.218797141030773],[81.648267636067914,21.219444331749287],[81.649411121356025,21.220417830721431],[81.652197382753641,21.22277757281238],[81.651148792797201,21.224041083168721],[81.650974073169422,21.224256883654284],[81.65062463391375,21.224798420832858],[81.65039749848745,21.22523409143994],[81.650235882584681,21.225698262493736],[81.650161626944964,21.226195005865865],[81.649960699867052,21.227143699364575],[81.649657820292603,21.227810700649272]]]},"properties":{"objectid":2495,"id":"2458","name":"Shd Pankaj Vikram Ward","code":"58","town":"Raipur","district":"Raipur","state":"Chhattisgarh","st_area(shape)":1619022.3146766424,"st_perimeter(shape)":5400.8177005589623}},{"type":"Feature","id":2496,"geometry":{"type":"Polygon","coordinates":[[[81.617602780563516,21.221731820351806],[81.617352675215372,21.221956927686762],[81.616588406537971,21.222663927854477],[81.613992225959507,21.225073139847144],[81.612265328911832,21.226807966003829],[81.611554926812104,21.227330325681347],[81.61132915323175,21.227174317675821],[81.610943372631311,21.226955426546592],[81.610571568918346,21.226720900574385],[81.610350723495642,21.226556731753281],[81.610090741170936,21.226436862180471],[81.609735710800976,21.226324810209597],[81.60968539167034,21.225717643535294],[81.609637868096897,21.225105263356987],[81.609618299196711,21.224756074518112],[81.609598730296568,21.224096784289699],[81.609595934739417,21.223943036315937],[81.609565184508938,21.223872676708041],[81.609500887592446,21.223758016844499],[81.609266064383931,21.223382766139661],[81.609101129206167,21.223109145145102],[81.608944580699927,21.22279904101697],[81.608835555767172,21.222468088495745],[81.608796417966857,21.22216580094004],[81.608799213524023,21.221871330700385],[81.608217746617044,21.221814000002112],[81.607854330473899,21.221774910305914],[81.607376297385358,21.221728003494199],[81.606696987774228,21.221652431702982],[81.606014882605947,21.221571647068398],[81.605458575713442,21.221498681182066],[81.605106340900633,21.221501287167012],[81.605067203998658,21.220458905426216],[81.604600353138778,21.220484965457256],[81.603962975986803,21.220508418643821],[81.603149481428446,21.22059180986156],[81.602341577984404,21.220716895343646],[81.601818816879529,21.220758590480788],[81.601653881701793,21.220729925336951],[81.601298851331862,21.220714289344858],[81.600769267522395,21.220673115060134],[81.600853358816153,21.220129407255794],[81.600858726249982,21.22008937921775],[81.600858726249982,21.220031006092693],[81.600856936805926,21.219972632107122],[81.600858726249982,21.219904251075409],[81.600869461117597,21.219820860306534],[81.600881984530986,21.219744140288601],[81.600889141408842,21.219710783783047],[81.600910611144144,21.219647406987892],[81.600933869425148,21.219599039895041],[81.600932080879431,21.219549004665975],[81.600881984530986,21.219445599588674],[81.600864093683768,21.219390561615928],[81.600833678524921,21.219343861724195],[81.600808630799847,21.219303834310491],[81.60078179363073,21.219263806048534],[81.600738854160127,21.219228782147788],[81.600608248100954,21.219228782147788],[81.600542050349389,21.219218775078215],[81.600475852597782,21.219190421989921],[81.600443647994837,21.21914539015982],[81.600416811724045,21.219112033518901],[81.600414595580247,21.219065360336245],[81.600462643769831,21.218002602905898],[81.60043643631974,21.216903189603318],[81.600530085688121,21.216654151805042],[81.600946617417364,21.215590887950967],[81.600924252960056,21.215554402696345],[81.600885116058066,21.215523130451174],[81.600854364929262,21.21549446345297],[81.600818023584424,21.215452766828548],[81.60080125024146,21.215431918093206],[81.600748135553644,21.215338100422557],[81.600695020865857,21.215306828131574],[81.6006279283922,21.215296403753964],[81.600577609261606,21.215293797659466],[81.600490948786145,21.215293797659466],[81.600454606542996,21.215285979375633],[81.600390309626519,21.215262525359083],[81.60031483137972,21.215226040023243],[81.600253330020436,21.215199979901037],[81.600163873089485,21.215192161612226],[81.600124736187496,21.215223433927523],[81.600068825942515,21.215262525359083],[81.600015711254741,21.21530161594287],[81.59995980100976,21.21534070651629],[81.599892708536146,21.215385009265336],[81.599800456946355,21.215400645822118],[81.599705408901102,21.215411070192335],[81.599671863113414,21.215411070192335],[81.599610361754131,21.215390221451127],[81.599571224852156,21.21536416135784],[81.599512519050009,21.215319858602573],[81.599473381249737,21.215272948901642],[81.59943983546205,21.215228646118973],[81.599378334102781,21.215173918936763],[81.59932801497213,21.215142646610996],[81.599246944712675,21.215085313298665],[81.599168670908711,21.215046222657588],[81.599068032647423,21.21499410150756],[81.598989757945176,21.214970646607199],[81.598875141898034,21.214973252707434],[81.598668274261144,21.21497585880762],[81.598589999558897,21.214973252707434],[81.598545271542591,21.214970646607199],[81.598444632382993,21.214970646607199],[81.598330016335865,21.214970646607199],[81.598257333646245,21.21497585880762],[81.598184650058286,21.21497585880762],[81.598075625125531,21.214957616105412],[81.597980577978561,21.214921131531671],[81.59789112104761,21.21486901033747],[81.597838006359822,21.214835131844488],[81.59777091388618,21.214741312957099],[81.597715003641241,21.214663131482393],[81.597692640082229,21.21462404072949],[81.597659093396246,21.214574525537678],[81.597580819592281,21.21442597902508],[81.597547272906311,21.214350403494585],[81.597519318233012,21.214287857650024],[81.597482975989877,21.214199251480039],[81.597432656859212,21.214110644419431],[81.597354383055261,21.213995976970828],[81.597253743895678,21.213873491911926],[81.597203424765013,21.213803127502917],[81.59714471896288,21.21373276306036],[81.59709439983223,21.213675429200428],[81.597030102915781,21.213628519814346],[81.596940646883155,21.21359724716115],[81.596853985509398,21.213594641036625],[81.596680663660152,21.213620701442306],[81.596484978251937,21.213659793298355],[81.596387134649476,21.213680641446544],[81.59631165640269,21.213704096551876],[81.596278109716707,21.21371973328673],[81.596238972814731,21.213758824279079],[81.596208222584252,21.213818764227241],[81.59618585812693,21.213870885792279],[81.596171880341117,21.213904764506577],[81.596143925667775,21.213946461568298],[81.596054468736853,21.213912582863568],[81.596034900735006,21.213881310270583],[81.596009740720547,21.213769248765299],[81.59602651406351,21.213704096551876],[81.596048877622522,21.213641550433472],[81.596048877622522,21.213592034912093],[81.596079628751326,21.213485185440209],[81.596068446522651,21.213417426973795],[81.596057264294018,21.213323608022783],[81.596043286508177,21.213250637221055],[81.595953830475565,21.213211546094119],[81.595889533559102,21.21320893996279],[81.595839214428466,21.213237607404857],[81.595791690854981,21.213253243351659],[81.595668688136385,21.213281910785128],[81.595640733463071,21.213279304655046],[81.595562458760782,21.213258455612714],[81.595473001829859,21.213219364487834],[81.595417091584878,21.213172454956823],[81.595336022223762,21.213104696346864],[81.595277316421601,21.213000452657315],[81.59522979284813,21.212896208894129],[81.595193450605024,21.212791965057356],[81.595176678160342,21.212700751849177],[81.595165495931681,21.212635599164152],[81.595148722588704,21.212562628022372],[81.595092812343722,21.212533961286642],[81.595048084327416,21.212541779716261],[81.594978196296637,21.212570446450428],[81.594905512708678,21.212588689447674],[81.594821647790383,21.212583477162983],[81.594498972940315,21.212489677780706],[81.594212324126403,21.2124069645071],[81.59372775040427,21.212196999641883],[81.592862572174369,21.21172049061726],[81.593995916381203,21.210543470774599],[81.594954485264708,21.209667563605127],[81.595585405326418,21.209301927217222],[81.596437861615271,21.209008466424439],[81.597415571800823,21.208832542423441],[81.59820054035734,21.208679088412421],[81.59884587119285,21.208588859205175],[81.599943952033215,21.208209767799062],[81.601003510419261,21.207704105057584],[81.60152366640979,21.207333824173158],[81.602144986176043,21.206737874494795],[81.602727781691343,21.206015353951614],[81.602997628416176,21.205338036777306],[81.603411864051566,21.204285798300639],[81.603599802388786,21.203554245042106],[81.603630128614469,21.203486681343406],[81.605200262458538,21.203870757942276],[81.605747787420867,21.204025541034238],[81.60660461042032,21.204365669474978],[81.606728951628696,21.20440360803736],[81.606860075117453,21.204428900406857],[81.6071064964746,21.204454192772026],[81.607298660486904,21.204494238449669],[81.607920224594935,21.204638088236472],[81.608280530770543,21.204862029049831],[81.609446228700691,21.205563489034752],[81.610339930237487,21.206070646482264],[81.612088035610725,21.207198982433919],[81.614168850914027,21.208361887365431],[81.61569220588801,21.209272652683968],[81.617612189517828,21.210389314236451],[81.617777224408542,21.210909890461647],[81.618272328182442,21.211843551118285],[81.618349193428045,21.212069062113553],[81.618466752356014,21.2125896324156],[81.618584311283996,21.213137599612153],[81.618846558261524,21.213852060931188],[81.61908167611746,21.214459034409721],[81.619479566906236,21.214857359084544],[81.620071882766936,21.215510694575393],[81.620200746094426,21.215639253845119],[81.620386126928054,21.21598910238027],[81.62044942761284,21.216145058567907],[81.620546639699654,21.216271509477739],[81.620670980908031,21.216362132605003],[81.620691327749185,21.21658552973166],[81.620698706510936,21.216678384406748],[81.620699567096977,21.216700013447074],[81.620699976728744,21.216710298712833],[81.620662047162526,21.216742341975589],[81.620628027064384,21.216817355206381],[81.620659677406778,21.216969095761492],[81.620707153369551,21.21711451361217],[81.620713935649931,21.21722410385458],[81.620711674590368,21.217342124346725],[81.620709413530818,21.21752969176179],[81.620702631250424,21.217700399156069],[81.620745585992367,21.217928008149642],[81.620808886677167,21.218231486819967],[81.620915142103911,21.218591867244456],[81.621142688958642,21.219272350157315],[81.620707289913469,21.219569419041466],[81.618198621413356,21.221195539166619],[81.617602780563516,21.221731820351806]]]},"properties":{"objectid":2496,"id":"2459","name":"Bhaktmata Karma Ward","code":"67","town":"Raipur","district":"Raipur","state":"Chhattisgarh","st_area(shape)":4492198.6022001086,"st_perimeter(shape)":9715.5678439853218}},{"type":"Feature","id":2497,"geometry":{"type":"Polygon","coordinates":[[[81.618776847198816,21.23378822048355],[81.618819023101423,21.234395867215042],[81.618827528350536,21.234451100547506],[81.618879660281422,21.234653919002248],[81.618893755746541,21.234691549179278],[81.619016814160659,21.234916076567934],[81.619123043536305,21.235132350138159],[81.619199957290917,21.235258371137288],[81.619215257396846,21.235274837047051],[81.619242240991312,21.235292893863875],[81.619253473525632,21.235305364076936],[81.619260529792186,21.235324436559512],[81.619262220421561,21.235337230812853],[81.619261343665826,21.235361751733112],[81.619257908508203,21.235396971922924],[81.619257908508203,21.235447134910416],[81.619260351925774,21.235465730939868],[81.619275294502216,21.235521064349847],[81.619291966335553,21.235555359264193],[81.619315548908389,21.235584447722303],[81.619409053648013,21.235673401095902],[81.619481191958585,21.235764121156407],[81.619589970752969,21.23592421455507],[81.619672413638199,21.236045885857184],[81.619745696402404,21.236183565692933],[81.6198430252702,21.236306304357317],[81.619946079101283,21.236404494545368],[81.620044552422712,21.236500550355707],[81.620221931962107,21.236635145106451],[81.620311921594009,21.236694905786106],[81.620352415850363,21.236729273273557],[81.620375614842587,21.236756171091525],[81.620401348880534,21.236796995914357],[81.620461171288568,21.236906197256939],[81.618839106736218,21.236719268228534],[81.616587523494019,21.236461882371188],[81.614705539499056,21.23624013387332],[81.614306202422668,21.236160938079792],[81.611578812117202,21.235111589590598],[81.609339973273904,21.234236466300572],[81.607300802968879,21.233436575375791],[81.603919179523444,21.232145653172307],[81.603464613125055,21.232074373892356],[81.601781132553356,21.231323140972417],[81.60320495239722,21.230810496088097],[81.604295931156955,21.230440701061667],[81.605171048347188,21.23008178228557],[81.606034497320167,21.229728300400382],[81.60695628648098,21.229369379890603],[81.608496492053064,21.22883099706965],[81.609791665063426,21.228357871099369],[81.610614274826958,21.227944564777879],[81.61132603697601,21.227498627711164],[81.611554926812104,21.227330325681347],[81.612020343960808,21.227502002290887],[81.612347943375255,21.227734084432303],[81.612444038856125,21.227758514506796],[81.612535766728115,21.227762585766783],[81.612797580717668,21.227702782111209],[81.613015854263708,21.227677765872887],[81.613361155879133,21.227636072691176],[81.61365815148848,21.227654417659082],[81.613906840193437,21.227674430653252],[81.614362285144153,21.227698091200505],[81.61461388079735,21.227703302951323],[81.614924183151004,21.227784084228411],[81.615191503813264,21.227860304346908],[81.615141338294549,21.228406563565763],[81.615148352340299,21.22863871127257],[81.615097970327582,21.229123283829363],[81.615264788374134,21.229133690483035],[81.615327408135968,21.229145364892016],[81.615347088427214,21.229208737607117],[81.615341720993399,21.229288788723885],[81.615314883824283,21.229582306322506],[81.615282680119662,21.229660688393128],[81.615193223188712,21.229724061724202],[81.615223638347601,21.230169339767432],[81.615259420940319,21.230773048299501],[81.615842677291354,21.230743029437892],[81.615926765890151,21.230758038869453],[81.615946446181397,21.230776383449065],[81.615960759038813,21.230849762582018],[81.61596970536074,21.231046550410372],[81.6159756216652,21.231056735869409],[81.615993209780143,21.231063566088423],[81.616248966429765,21.231060833833396],[81.616272416950224,21.231077911473257],[81.616279012381057,21.231105918128527],[81.616270218772726,21.23123707046026],[81.616234496367156,21.231892070064873],[81.6162327069231,21.232734249766526],[81.616243441790758,21.232749258995426],[81.616402674463075,21.232734249766526],[81.616425932744107,21.232734249766526],[81.616483185072084,21.232954382458715],[81.616578008538539,21.233262901938655],[81.616597688829771,21.233473028576373],[81.616599478273827,21.233748193639752],[81.616885739015515,21.233776543930137],[81.617096855683712,21.233786550012162],[81.617461838488722,21.233763202765434],[81.617678322590706,21.233741523474922],[81.617723050607012,21.233736520432448],[81.617773146955471,21.233926634252249],[81.617819663517523,21.234046705395169],[81.617825460346054,21.234063915824333],[81.618399341878785,21.233873268803279],[81.618776847198816,21.23378822048355]]]},"properties":{"objectid":2497,"id":"2460","name":"Pt Sundar Lal Sharma Ward","code":"42","town":"Raipur","district":"Raipur","state":"Chhattisgarh","st_area(shape)":1072620.6930689553,"st_perimeter(shape)":5394.3517012776565}},{"type":"Feature","id":2498,"geometry":{"type":"Polygon","coordinates":[[[81.611554926812104,21.227330325681347],[81.61132603697601,21.227498627711164],[81.610614274826958,21.227944564777879],[81.609791665063426,21.228357871099369],[81.608496492053064,21.22883099706965],[81.60695628648098,21.229369379890603],[81.606034497320167,21.229728300400382],[81.605171048347188,21.23008178228557],[81.604295931156955,21.230440701061667],[81.60320495239722,21.230810496088097],[81.601781132553356,21.231323140972417],[81.600604670111196,21.230666315099807],[81.598604424705727,21.229558958410191],[81.598983791335044,21.229028290842518],[81.599558813728194,21.228259460351843],[81.599694003890249,21.228086360272183],[81.599738731906569,21.228017983000992],[81.599769147065459,21.227981293153338],[81.599810297091963,21.227964616251327],[81.599863970531899,21.22797628991546],[81.599930168283478,21.227984628366066],[81.599982053177669,21.227984628366066],[81.600123394104486,21.228001306103145],[81.600259368495756,21.228019651025633],[81.600670438468086,21.228079422733032],[81.600675451965685,21.228060301583838],[81.600798454684281,21.227476594969161],[81.600832001370264,21.227098747837005],[81.60092145740289,21.226210152251884],[81.601003645166529,21.225579741235446],[81.601009012600358,21.225411297174489],[81.601007224054626,21.225294554274864],[81.601001856620812,21.225241185702526],[81.600957128604506,21.225221172378252],[81.600903454266259,21.225212833771469],[81.600899092945582,21.22515738093572],[81.600896298286713,21.22474304571773],[81.60087113827224,21.22469874494077],[81.600829205813085,21.224680504277885],[81.600770500010981,21.224638810249051],[81.600773295568104,21.224594509440792],[81.600742544439299,21.223932612548374],[81.600750931110809,21.223846617275342],[81.600792863569964,21.223758016844499],[81.600857160486441,21.223718928500723],[81.600968980976361,21.22366159852038],[81.601005323219511,21.223588632830211],[81.600996936548015,21.223523485789173],[81.600971776533541,21.22347136763323],[81.60083479692743,21.223406219703033],[81.600750931110809,21.223351495553391],[81.600725771994661,21.223307195195972],[81.600745339996479,21.222864189215272],[81.600714589766,21.221931266516354],[81.600566427032916,21.221931266516354],[81.60055524570258,21.221279781631818],[81.600661475078184,21.221071305727282],[81.600769267522395,21.220673115060134],[81.601298851331862,21.220714289344858],[81.601653881701793,21.220729925336951],[81.601818816879529,21.220758590480788],[81.602341577984404,21.220716895343646],[81.603149481428446,21.22059180986156],[81.603962975986803,21.220508418643821],[81.604600353138778,21.220484965457256],[81.605067203998658,21.220458905426216],[81.605106340900633,21.221501287167012],[81.605458575713442,21.221498681182066],[81.606014882605947,21.221571647068398],[81.606696987774228,21.221652431702982],[81.607376297385358,21.221728003494199],[81.607854330473899,21.221774910305914],[81.608217746617044,21.221814000002112],[81.608799213524023,21.221871330700385],[81.608796417966857,21.22216580094004],[81.608835555767172,21.222468088495745],[81.608944580699927,21.22279904101697],[81.609101129206167,21.223109145145102],[81.609266064383931,21.223382766139661],[81.609500887592446,21.223758016844499],[81.609565184508938,21.223872676708041],[81.609595934739417,21.223943036315937],[81.609598730296568,21.224096784289699],[81.609618299196711,21.224756074518112],[81.609637868096897,21.225105263356987],[81.60968539167034,21.225717643535294],[81.609735710800976,21.226324810209597],[81.610090741170936,21.226436862180471],[81.610350723495642,21.226556731753281],[81.610571568918346,21.226720900574385],[81.610943372631311,21.226955426546592],[81.61132915323175,21.227174317675821],[81.611554926812104,21.227330325681347]]]},"properties":{"objectid":2498,"id":"2461","name":"Dr Khubchand Baghel Ward","code":"68","town":"Raipur","district":"Raipur","state":"Chhattisgarh","st_area(shape)":1102806.0043011482,"st_perimeter(shape)":4694.6865341620942}},{"type":"Feature","id":2499,"geometry":{"type":"Polygon","coordinates":[[[81.662789032891425,21.239589647530938],[81.662723629250536,21.239607466864562],[81.662454494889744,21.239745868471879],[81.661486230489373,21.240385973378274],[81.660650985921365,21.240893442344074],[81.660329262387179,21.241034726363381],[81.660001352155675,21.241121226545676],[81.658618559269144,21.241406675949776],[81.658373267992602,21.241453494448873],[81.658150679838243,21.241169803438282],[81.657975960210436,21.240978454748191],[81.657683305260534,21.240762677893642],[81.657491113400468,21.240591685717103],[81.657312026163723,21.240457334043839],[81.657119834303643,21.240274126258139],[81.656744186699598,21.239866999077027],[81.656254972280692,21.23934180266594],[81.655468734404678,21.238519399266501],[81.65514550259914,21.238189622427711],[81.654931471796189,21.237937199334841],[81.65480916796686,21.237749918270289],[81.654686864137574,21.237562636130573],[81.654625712222938,21.237375354590224],[81.654612608497871,21.237131073780656],[81.65464318445521,21.236850149302619],[81.654708703978784,21.236642510109959],[81.65489652733163,21.236320871120473],[81.655184814672623,21.235791591038353],[81.655451262172392,21.235286737883701],[81.655770125470724,21.234696382212594],[81.65591863675013,21.23431366777988],[81.65608462026178,21.233849523839169],[81.656110591454976,21.233829909414094],[81.656146373149355,21.233823238415656],[81.65628592553044,21.233828241455178],[81.656430845345326,21.233836580412241],[81.656577553705972,21.233843250572729],[81.656823335462661,21.233806040518321],[81.65704418088535,21.233761743300743],[81.657242661850745,21.233693994983302],[81.657497053959446,21.233605399630164],[81.657784991855749,21.23348293085003],[81.658011428392811,21.233329191822495],[81.658179159127684,21.233243202865015],[81.658492256140207,21.233115521387354],[81.658808149608191,21.233008686053672],[81.659099901751219,21.232901925165315],[81.659136750644151,21.232931013309553],[81.659447603665072,21.233332712801893],[81.659822040340117,21.233922089234596],[81.660231800568766,21.234610240822033],[81.660789922058157,21.235453140166346],[81.661245604164122,21.236226891734727],[81.661846115355146,21.237102706551717],[81.661994476615888,21.237359523595028],[81.662096916897625,21.237576830167797],[81.662213486780459,21.237952177053842],[81.662524339801408,21.238696282585757],[81.662789032891425,21.239589647530938]]]},"properties":{"objectid":2499,"id":"2462","name":"Mothar Teresa Warad","code":"48","town":"Raipur","district":"Raipur","state":"Chhattisgarh","st_area(shape)":577007.08542411588,"st_perimeter(shape)":2914.7698309614925}},{"type":"Feature","id":2500,"geometry":{"type":"Polygon","coordinates":[[[81.645859155773152,21.237929058213801],[81.645016135388047,21.237949413946122],[81.643876090647481,21.238055268565269],[81.643465499477202,21.238095981666881],[81.643154279943658,21.238179444159844],[81.642437657010561,21.238395733038409],[81.641527650153023,21.238680068248481],[81.641291059958334,21.237307922761318],[81.641336192216542,21.235418976687441],[81.641797451962105,21.234777973537646],[81.642152481433726,21.234277676991134],[81.642437623772906,21.233795618285093],[81.642519703738728,21.233669181557669],[81.642703198110254,21.233386518045421],[81.643315415247741,21.232693391162744],[81.643905268826231,21.232065405156877],[81.64441772086488,21.231549138837835],[81.645055447461488,21.23082847976514],[81.645793638046214,21.23001010007987],[81.64641389241055,21.229403437589742],[81.647042882891014,21.228760128167597],[81.647859696724367,21.229317934520878],[81.648147984065361,21.22949708303339],[81.648292127735843,21.229517440767058],[81.648427535290196,21.229468582034038],[81.648886173751762,21.229187643795683],[81.649012846088269,21.229053281731126],[81.649611260611422,21.227913235705877],[81.649657820292603,21.227810700649272],[81.649775846344539,21.227849229387946],[81.650019056224536,21.227896134253406],[81.650460747069957,21.227948250846168],[81.651017053962477,21.228016002640427],[81.651408425677275,21.228081148534876],[81.652034620600574,21.228174958103455],[81.652576950605592,21.228271373477686],[81.653306579347344,21.228380818106508],[81.654089322776898,21.228482445069524],[81.654802179073982,21.228625765713588],[81.654824207561376,21.228646716417135],[81.654784846978885,21.228793475928356],[81.654387240956027,21.229970701898328],[81.654368874900044,21.230025082790831],[81.654162006364857,21.230637443381752],[81.653999866744272,21.231132541486037],[81.653904819597315,21.231346214794364],[81.653709133290761,21.231687569780295],[81.653451946523248,21.232054981963316],[81.653177985514404,21.232411970899946],[81.652822956042783,21.232776775492461],[81.652448356772666,21.233211934369159],[81.651836139635179,21.233865972322377],[81.651307787415973,21.234488739986887],[81.651226718054858,21.2346893796731],[81.650975121503336,21.234957767691576],[81.65021753718996,21.235713420718554],[81.649163629207038,21.236794778712373],[81.648347339091515,21.237696339017258],[81.648227131930085,21.23780317095445],[81.648162835013608,21.237818805135078],[81.648042627852163,21.23782141083165],[81.647701575268044,21.237818805135078],[81.646348547160159,21.23782141083165],[81.646082973721136,21.237850073491281],[81.645932015430915,21.23789958087113],[81.645859155773152,21.237929058213801]]]},"properties":{"objectid":2500,"id":"2463","name":"Bhagwaticharan Shukla Ward","code":"57","town":"Raipur","district":"Raipur","state":"Chhattisgarh","st_area(shape)":1111439.9361815464,"st_perimeter(shape)":4527.1216107629079}},{"type":"Feature","id":2501,"geometry":{"type":"Polygon","coordinates":[[[81.650225902301855,21.24324334538202],[81.647908874096274,21.243837304773201],[81.645966158598213,21.244321695092417],[81.644168837225521,21.244702287027064],[81.643888218802132,21.24478305396752],[81.644142538147264,21.243856799811496],[81.644627384957261,21.242248679060662],[81.645068551186554,21.240620183729217],[81.645452934906743,21.239313304406696],[81.645859155773152,21.237929058213801],[81.645932015430915,21.23789958087113],[81.646082973721136,21.237850073491281],[81.646348547160159,21.23782141083165],[81.647701575268044,21.237818805135078],[81.648042627852163,21.23782141083165],[81.648162835013608,21.237818805135078],[81.648227131930085,21.23780317095445],[81.648347339091515,21.237696339017258],[81.649163629207038,21.236794778712373],[81.65021753718996,21.235713420718554],[81.650975121503336,21.234957767691576],[81.651226718054858,21.2346893796731],[81.651307787415973,21.234488739986887],[81.651836139635179,21.233865972322377],[81.652448356772666,21.233211934369159],[81.652822956042783,21.232776775492461],[81.653177985514404,21.232411970899946],[81.653451946523248,21.232054981963316],[81.653709133290761,21.231687569780295],[81.653904819597315,21.231346214794364],[81.653999866744272,21.231132541486037],[81.654162006364857,21.230637443381752],[81.654368874900044,21.230025082790831],[81.654387240956027,21.229970701898328],[81.654492766052456,21.229995060427584],[81.654576226728892,21.23001593306304],[81.654639330682627,21.230044395438526],[81.654655616240419,21.230095627030629],[81.654657651822859,21.2301430645735],[81.654680043229618,21.230218963605552],[81.654696328787423,21.230273990002566],[81.654735005751959,21.230298657463408],[81.654794038540857,21.230321427488061],[81.654987424261975,21.23035558209973],[81.655632719164871,21.230465635608621],[81.656170125503778,21.230564303624458],[81.656463255662487,21.230623125586526],[81.656532467261854,21.23063261272743],[81.65658539420177,21.230653485272686],[81.656634249078479,21.230697126944243],[81.656683103955231,21.23077871796999],[81.656741701061193,21.230864371751537],[81.656785483151523,21.230938075730684],[81.656802910468016,21.230967413791063],[81.656835274971073,21.231016766898335],[81.656875267069225,21.231064825454521],[81.656890738753361,21.231080415970318],[81.657000662899733,21.231192366359249],[81.657061731271043,21.231260675171324],[81.657135088595481,21.231325658862804],[81.657271939742472,21.231424181443046],[81.658069960820086,21.232042002373277],[81.658744652192325,21.232621505916555],[81.659099901751219,21.232901925165315],[81.658808149608191,21.233008686053672],[81.658492256140207,21.233115521387354],[81.658179159127684,21.233243202865015],[81.658011428392811,21.233329191822495],[81.657784991855749,21.23348293085003],[81.657497053959446,21.233605399630164],[81.657242661850745,21.233693994983302],[81.65704418088535,21.233761743300743],[81.656823335462661,21.233806040518321],[81.656577553705972,21.233843250572729],[81.656430845345326,21.233836580412241],[81.65628592553044,21.233828241455178],[81.656146373149355,21.233823238415656],[81.656110591454976,21.233829909414094],[81.65608462026178,21.233849523839169],[81.65591863675013,21.23431366777988],[81.655770125470724,21.234696382212594],[81.655451262172392,21.235286737883701],[81.655184814672623,21.235791591038353],[81.65489652733163,21.236320871120473],[81.654708703978784,21.236642510109959],[81.65464318445521,21.236850149302619],[81.654612608497871,21.237131073780656],[81.654625712222938,21.237375354590224],[81.654686864137574,21.237562636130573],[81.65480916796686,21.237749918270289],[81.654931471796189,21.237937199334841],[81.65514550259914,21.238189622427711],[81.655468734404678,21.238519399266501],[81.656254972280692,21.23934180266594],[81.656744186699598,21.239866999077027],[81.657119834303643,21.240274126258139],[81.657312026163723,21.240457334043839],[81.657491113400468,21.240591685717103],[81.657683305260534,21.240762677893642],[81.657975960210436,21.240978454748191],[81.658150679838243,21.241169803438282],[81.658373267992602,21.241453494448873],[81.657712164537358,21.241579675827055],[81.655862253991302,21.241989108340103],[81.654553705066391,21.242280323253599],[81.653353428286053,21.242534054275346],[81.65174480971686,21.242888701092628],[81.650225902301855,21.24324334538202]]]},"properties":{"objectid":2501,"id":"2464","name":"Civil Line Ward","code":"47","town":"Raipur","district":"Raipur","state":"Chhattisgarh","st_area(shape)":1307573.2104033108,"st_perimeter(shape)":6074.4539634566536}},{"type":"Feature","id":2502,"geometry":{"type":"Polygon","coordinates":[[[81.659799934597601,21.229025755328447],[81.657271939742472,21.231424181443046],[81.657135088595481,21.231325658862804],[81.657061731271043,21.231260675171324],[81.657000662899733,21.231192366359249],[81.656890738753361,21.231080415970318],[81.656875267069225,21.231064825454521],[81.656835274971073,21.231016766898335],[81.656802910468016,21.230967413791063],[81.656785483151523,21.230938075730684],[81.656741701061193,21.230864371751537],[81.656683103955231,21.23077871796999],[81.656634249078479,21.230697126944243],[81.65658539420177,21.230653485272686],[81.656532467261854,21.23063261272743],[81.656463255662487,21.230623125586526],[81.656170125503778,21.230564303624458],[81.655632719164871,21.230465635608621],[81.654987424261975,21.23035558209973],[81.654794038540857,21.230321427488061],[81.654735005751959,21.230298657463408],[81.654696328787423,21.230273990002566],[81.654680043229618,21.230218963605552],[81.654657651822859,21.2301430645735],[81.654655616240419,21.230095627030629],[81.654639330682627,21.230044395438526],[81.654576226728892,21.23001593306304],[81.654492766052456,21.229995060427584],[81.654387240956027,21.229970701898328],[81.654784846978885,21.228793475928356],[81.654824207561376,21.228646716417135],[81.654802179073982,21.228625765713588],[81.654089322776898,21.228482445069524],[81.653306579347344,21.228380818106508],[81.652576950605592,21.228271373477686],[81.652034620600574,21.228174958103455],[81.651408425677275,21.228081148534876],[81.651017053962477,21.228016002640427],[81.650460747069957,21.227948250846168],[81.650019056224536,21.227896134253406],[81.649775846344539,21.227849229387946],[81.649657820292603,21.227810700649272],[81.649960699867052,21.227143699364575],[81.650161626944964,21.226195005865865],[81.650235882584681,21.225698262493736],[81.65039749848745,21.22523409143994],[81.65062463391375,21.224798420832858],[81.650974073169422,21.224256883654284],[81.651148792797201,21.224041083168721],[81.652197382753641,21.22277757281238],[81.649411121356025,21.220417830721431],[81.653798374626049,21.21781275328583],[81.653895582221267,21.217755978732455],[81.654134494560935,21.218029058632222],[81.654299380331352,21.218165688415016],[81.654492766052456,21.218294727724246],[81.654730934587107,21.218442742770964],[81.654950782879865,21.218611631918208],[81.655148238867497,21.218725489350728],[81.655337552525438,21.21884693701443],[81.655561471983034,21.219010132966389],[81.655760963553121,21.219108809481458],[81.656029666722617,21.219209383505639],[81.656308547804244,21.219334625918023],[81.656595572113915,21.219469356920385],[81.657124836123145,21.219666709270417],[81.657369111405103,21.219786258591878],[81.657700919426631,21.219922886747778],[81.658126366036768,21.220114544963742],[81.658439853816418,21.220218913426653],[81.658785910915014,21.220387800541129],[81.658922297632998,21.220439035486869],[81.65903425736181,21.220461807033352],[81.659146217090623,21.220476987504142],[81.659272425896461,21.220476987504142],[81.659335530748535,21.220476987504142],[81.659463775136828,21.220446626561039],[81.659598127170725,21.220399185900064],[81.659674992416299,21.220345142283126],[81.659758372244355,21.220255271917278],[81.659986362866832,21.220040310522663],[81.660157030194426,21.219895789069135],[81.660254739947845,21.219796201979939],[81.660348542029823,21.219709974846037],[81.660413682464352,21.219637106016048],[81.660467097189468,21.21958852705519],[81.660525723041502,21.219548449463261],[81.660606496856914,21.219507157615833],[81.660670334734277,21.21948408277952],[81.660768044487739,21.219442790076663],[81.660865755139483,21.219411213837969],[81.661020789086166,21.2193711361979],[81.661119801396779,21.219341988435804],[81.661151069056885,21.219354133407162],[81.66117712469169,21.219388138986652],[81.661237053999258,21.219537519589664],[81.661342580892324,21.219782842802633],[81.661445970693293,21.22001432745456],[81.661585920129724,21.220236703279333],[81.661744954274369,21.220503554161663],[81.661926252265019,21.220758544423635],[81.662196609232893,21.221111378718614],[81.662383870240419,21.221377898083748],[81.657278657344165,21.227064325351019],[81.659799934597601,21.229025755328447]]]},"properties":{"objectid":2502,"id":"2465","name":"LT Arvind Dikshit Ward","code":"56","town":"Raipur","district":"Raipur","state":"Chhattisgarh","st_area(shape)":1270547.7463100462,"st_perimeter(shape)":5712.208543605193}},{"type":"Feature","id":2503,"geometry":{"type":"Polygon","coordinates":[[[81.686017172739824,21.2271355132672],[81.68600713945645,21.227153450499788],[81.6852567811912,21.228620624333448],[81.68452968569855,21.229962290710528],[81.683539766509938,21.231825055235795],[81.682042514781514,21.234656643654784],[81.680823677010736,21.236649103110768],[81.680093611687781,21.238012956199864],[81.679515126289203,21.239186494789326],[81.67941661883178,21.239182670010408],[81.675404362785514,21.238885691702155],[81.67311047607997,21.238702202304662],[81.672796337021751,21.238596830435789],[81.671844347399386,21.23821482360162],[81.671256462029703,21.237815597415278],[81.669492806818923,21.236473091490893],[81.66636441845209,21.234132484552319],[81.659799934597601,21.229025755328447],[81.657278657344165,21.227064325351019],[81.662383870240419,21.221377898083748],[81.662552845142002,21.221618392311957],[81.662822566102676,21.222038707773944],[81.663376257999403,21.222752197335218],[81.663926895624172,21.223510039023665],[81.664095471673761,21.223741304294848],[81.664178168782172,21.223916235809902],[81.664273588729969,21.224117851195448],[81.664353105802277,21.224328360984906],[81.664403996261441,21.224482537296577],[81.664419900035227,21.224618924124979],[81.664426261005772,21.224764205480419],[81.664369009576092,21.225060697239758],[81.664334021992417,21.225244521814574],[81.664219517336377,21.225612169439604],[81.664117736418078,21.225858256286003],[81.663968625962369,21.226146918927022],[81.663824096016285,21.226450523046097],[81.663730457427718,21.226647866058272],[81.663970661544795,21.22664976353764],[81.664510103466171,21.226691508915042],[81.664939622139485,21.226729459323973],[81.664921300999282,21.227179171889659],[81.665810872082432,21.227435336323062],[81.666419525603175,21.227583342200166],[81.666482629556938,21.227632678017748],[81.666989502159382,21.227767400605217],[81.66758797686964,21.227907816296593],[81.668182381313372,21.228046334392921],[81.668967311242326,21.228215086105802],[81.669261455598971,21.228264741583747],[81.669754784301844,21.228366212040434],[81.66983816323156,21.228418026180336],[81.670275905083017,21.228519495694229],[81.670382445275706,21.228562674937866],[81.670776182254642,21.228638237327836],[81.671070325712932,21.228741866235605],[81.671477958730989,21.228858448146532],[81.671827689040782,21.228962076899624],[81.672010660592775,21.229013890830167],[81.672198264756702,21.229059228632504],[81.672420609467636,21.229093771232176],[81.672603581019672,21.229123996418899],[81.672990368631545,21.229184445936419],[81.673747731959352,21.22934636521158],[81.673970077568612,21.229387384677246],[81.676561941742136,21.230038703131331],[81.678959461692102,21.227187183812372],[81.67999424094937,21.225906353367407],[81.680582312270317,21.226201525644999],[81.680631167147055,21.226220214113837],[81.680712230219967,21.22625475737831],[81.680804874373521,21.22628066482136],[81.680929943217279,21.226302254772442],[81.68113376017547,21.226297936447551],[81.681233351899436,21.22630657225989],[81.681476542016526,21.226336798017741],[81.681622456266425,21.226360546703507],[81.681840169263751,21.226403725741768],[81.682020824060672,21.226442587284108],[81.68220611236778,21.226509514960149],[81.682331181211538,21.226548376474579],[81.68240992842766,21.226559171012266],[81.682521101232254,21.2265742838661],[81.682646170076012,21.226585079239229],[81.682775871531703,21.226593715034738],[81.682928733352028,21.226608827885013],[81.683026010117516,21.226617463679158],[81.683123285984664,21.22663905274359],[81.683183504549731,21.226675755485648],[81.683252987440326,21.226747000530455],[81.683296993211172,21.226818246378173],[81.683359527633016,21.226911082053476],[81.683417429442997,21.226980168250829],[81.683489229088693,21.227034142447977],[81.683572608018423,21.227042778217214],[81.683713889656403,21.227047095682948],[81.684038143744743,21.227055731451433],[81.684524523080597,21.227057891021499],[81.685763634030664,21.227098911123555],[81.686017172739824,21.2271355132672]]]},"properties":{"objectid":2503,"id":"2466","name":"Rani Durgavati Ward","code":"50","town":"Raipur","district":"Raipur","state":"Chhattisgarh","st_area(shape)":2873051.1293057478,"st_perimeter(shape)":9036.5993500029472}},{"type":"Feature","id":2504,"geometry":{"type":"Polygon","coordinates":[[[81.641786844655215,21.245408684165263],[81.641168145274662,21.245469234175818],[81.640444267547338,21.245477883936097],[81.640271031038054,21.245443284892001],[81.639132624824597,21.245056928627015],[81.637592063519662,21.244382243875023],[81.636107185185921,21.243860370775753],[81.635605689000485,21.243652353799941],[81.635710996704617,21.24320602383068],[81.636029750408468,21.242077766475163],[81.636636901047723,21.239881352815626],[81.637134005369774,21.238052751627102],[81.637433785756485,21.237058860797543],[81.637565414098432,21.236465970974546],[81.637678069123282,21.236051477454549],[81.637737360626971,21.235891206682865],[81.637944883135702,21.235531977130112],[81.638585237304511,21.234448758548787],[81.63888077674477,21.233902698385851],[81.63882734764664,21.233861950633216],[81.638766633211517,21.233809885532615],[81.638783632929957,21.233694435418638],[81.638858919835599,21.233492963746571],[81.638523772776153,21.23329149179926],[81.638637917207731,21.232899865323578],[81.637885049947897,21.232754985528722],[81.637930890078508,21.232022097988494],[81.638006784245292,21.231976115508374],[81.638063704196654,21.231923058331855],[81.638094061863356,21.231870001973576],[81.638101651729201,21.231763888362433],[81.63808647289585,21.231587032732392],[81.637752541256944,21.230119118882175],[81.637801870444164,21.230104970181305],[81.638242054814839,21.230051913168968],[81.638671751354593,21.230024850007421],[81.638803668954054,21.230016540979442],[81.639338720808638,21.230002393106098],[81.63997795837156,21.230054478810025],[81.639914324411762,21.231036127144787],[81.639844436380983,21.231801572029386],[81.642519703738728,21.233669181557669],[81.642437623772906,21.233795618285093],[81.642152481433726,21.234277676991134],[81.641797451962105,21.234777973537646],[81.641336192216542,21.235418976687441],[81.641291059958334,21.237307922761318],[81.641527650153023,21.238680068248481],[81.642437657010561,21.238395733038409],[81.643154279943658,21.238179444159844],[81.643465499477202,21.238095981666881],[81.643876090647481,21.238055268565269],[81.645016135388047,21.237949413946122],[81.645859155773152,21.237929058213801],[81.645452934906743,21.239313304406696],[81.645068551186554,21.240620183729217],[81.644627384957261,21.242248679060662],[81.644142538147264,21.243856799811496],[81.643888218802132,21.24478305396752],[81.642025043732588,21.245319304638237],[81.641786844655215,21.245408684165263]]]},"properties":{"objectid":2504,"id":"2467","name":"Maulana Abdul Rauf Ward","code":"46","town":"Raipur","district":"Raipur","state":"Chhattisgarh","st_area(shape)":1104124.841451098,"st_perimeter(shape)":5576.1288037275453}},{"type":"Feature","id":2505,"geometry":{"type":"Polygon","coordinates":[[[81.637752541256944,21.230119118882175],[81.63808647289585,21.231587032732392],[81.638101651729201,21.231763888362433],[81.638094061863356,21.231870001973576],[81.638063704196654,21.231923058331855],[81.638006784245292,21.231976115508374],[81.637930890078508,21.232022097988494],[81.637885049947897,21.232754985528722],[81.638637917207731,21.232899865323578],[81.638523772776153,21.23329149179926],[81.638858919835599,21.233492963746571],[81.638783632929957,21.233694435418638],[81.638766633211517,21.233809885532615],[81.63882734764664,21.233861950633216],[81.63888077674477,21.233902698385851],[81.638585237304511,21.234448758548787],[81.637944883135702,21.235531977130112],[81.637737360626971,21.235891206682865],[81.637678069123282,21.236051477454549],[81.637565414098432,21.236465970974546],[81.637433785756485,21.237058860797543],[81.637134005369774,21.238052751627102],[81.636636901047723,21.239881352815626],[81.636029750408468,21.242077766475163],[81.635710996704617,21.24320602383068],[81.635605689000485,21.243652353799941],[81.634362453884933,21.243136663073436],[81.633604546178034,21.242666686797385],[81.632670310858956,21.242026590957796],[81.632190818906366,21.241677709279831],[81.630399979776769,21.240635933157115],[81.630343702120854,21.240560716855107],[81.63023665976992,21.24039755981806],[81.630146439270987,21.240249301380551],[81.629992094332138,21.239939924059147],[81.629829377993161,21.239559633813432],[81.629627804128233,21.239192924403167],[81.629520945033605,21.238977878409397],[81.629467515935431,21.238860168282358],[81.629329085550182,21.238235400342685],[81.629151797638954,21.237345780846312],[81.62899879568144,21.236510484243947],[81.628889509338933,21.235958144305531],[81.628797221816512,21.235283562764383],[81.628709792383191,21.234871568678447],[81.6284891787258,21.233890229728832],[81.6285227900905,21.233880060374741],[81.629207655781627,21.23367858895633],[81.629244831661353,21.233668613848149],[81.629848806756115,21.233506546086911],[81.630126541587458,21.233422968746392],[81.630199594382987,21.233375158808748],[81.630275755349402,21.233291129234576],[81.630334818681021,21.233209996782268],[81.630372122121486,21.233131762293912],[81.630409425561993,21.233043385984267],[81.630522889070576,21.232802886936895],[81.630597495951548,21.232646416649388],[81.630684537312703,21.23251022983084],[81.630849293725703,21.232310295567014],[81.63099384433302,21.232100220024829],[81.631183468808018,21.231852474773849],[81.631477233177307,21.231530840408137],[81.631753899013432,21.231170087152616],[81.632119161194453,21.230745585018756],[81.632540377637937,21.230305145241939],[81.632702024981739,21.230080578176178],[81.632787513155762,21.230006689551431],[81.632893205338817,21.229937145066021],[81.633020658311338,21.229858908004115],[81.633204065546266,21.229741554008118],[81.63335327930821,21.229683600866188],[81.633549121921618,21.229640136413447],[81.633762061271526,21.229615505685938],[81.634010749976454,21.22961695514347],[81.634278091299933,21.229632891638961],[81.634551648965214,21.229682152246681],[81.634916910247952,21.229777774500928],[81.635142284976311,21.229813994984831],[81.635373876046458,21.229861806076979],[81.635810636039267,21.229899475157655],[81.63630335029454,21.229964672135946],[81.636770322426997,21.230029416916281],[81.637195327065996,21.23007242824788],[81.637591189458888,21.230115440404294],[81.637752541256944,21.230119118882175]]]},"properties":{"objectid":2505,"id":"2468","name":"Swami Vivekanand Sadar Bazar Ward","code":"45","town":"Raipur","district":"Raipur","state":"Chhattisgarh","st_area(shape)":1236281.4494873767,"st_perimeter(shape)":4580.9463472766547}},{"type":"Feature","id":2506,"geometry":{"type":"Polygon","coordinates":[[[81.638529096192528,21.221935144498651],[81.638520522671456,21.221953324371022],[81.638513595762305,21.221962439428232],[81.638506261916305,21.221969276767545],[81.638505059072145,21.221970733836766],[81.638499491314008,21.221975584872215],[81.63849667509561,21.22197701681948],[81.638484259480052,21.221983329948216],[81.638480986917472,21.221984637123381],[81.638478555178025,21.221985608502745],[81.638473257812777,21.221985988680551],[81.638462257043813,21.221984848984569],[81.638456188924053,21.221984374181048],[81.638451175426468,21.22198348235429],[81.638445551074454,21.221981430734022],[81.63844179521827,21.221979874852192],[81.638439077814539,21.221978164052082],[81.63843670895713,21.221975723042569],[81.638435038090691,21.221973314691478],[81.638434550305519,21.221972314840578],[81.638432919863277,21.221969276767545],[81.638429660775401,21.221963579124381],[81.638425993852408,21.221959401355036],[81.638423548638215,21.221957502140558],[81.638415400020278,21.221952564015265],[81.63841010265503,21.221949905282347],[81.63840480618812,21.221947246549366],[81.638396656671873,21.221943068779549],[81.638392989748894,21.221941169564829],[81.638384433295812,21.221938891009604],[81.638376691614681,21.221936232276402],[81.63836283869469,21.221932054506269],[81.638347763167602,21.221927875898643],[81.638331737222913,21.221916938664734],[81.638319284776443,21.221904657408682],[81.638137430728619,21.221903208712778],[81.637787712096966,21.221917698183265],[81.63779519236833,21.222006352475173],[81.637790335177598,21.222968508839447],[81.637562046314429,21.222984356452404],[81.637112754823406,21.223034161909101],[81.63672175051957,21.223065856281867],[81.636376888180322,21.223167731424102],[81.635845024446695,21.223206217831159],[81.635451591098317,21.223262814435923],[81.634681724120028,21.223312620635994],[81.634293147962438,21.223348842707413],[81.633712749152323,21.223459661791871],[81.633433423404625,21.223061328514756],[81.633090990109892,21.222536105748244],[81.632682985189291,21.221947491069049],[81.632457125370664,21.221603376926041],[81.632398839081759,21.221512819822195],[81.632342980939072,21.22144263909621],[81.632291979987173,21.221372457499392],[81.63220212150928,21.221279636761622],[81.63212197831119,21.221207191593972],[81.632010262025872,21.221141537711365],[81.631461398573762,21.220779310340987],[81.631417850045437,21.220754752662931],[81.630570101826976,21.220276717878924],[81.62845222742493,21.219072823356932],[81.627853378117166,21.218735662261814],[81.627624207108411,21.218612718045673],[81.627444491050994,21.218497256874919],[81.627206487806347,21.218347835022882],[81.626917484508098,21.218153134685984],[81.626737767552356,21.217996921020525],[81.626499764307709,21.217793163525819],[81.626237476007688,21.217519222320444],[81.625948471811114,21.217202265535295],[81.625681325422036,21.216885308069457],[81.62542234382056,21.216567607962826],[81.6258471427454,21.216371510122542],[81.626745595471732,21.216115892582593],[81.628274132826576,21.215909221582638],[81.629755997312515,21.215637286717314],[81.632492196497694,21.215115170371437],[81.633443383026176,21.215014704936149],[81.633676520995209,21.214990079303966],[81.634639149365455,21.214979201851214],[81.635403418042898,21.215115170371437],[81.639067240946616,21.216246420957233],[81.641902620427359,21.217007832500251],[81.641386609263535,21.21948832426212],[81.641065835248625,21.221466971399462],[81.640986054071604,21.222003975945594],[81.640840367095478,21.222007529853769],[81.640485986207452,21.222013325470549],[81.640166358442826,21.222042129372738],[81.639915679969533,21.222052329689223],[81.639709765445161,21.222047693029563],[81.639588405745215,21.222051402692262],[81.639476277133156,21.222047804403175],[81.639414522448945,21.222035935156722],[81.639314848079977,21.221975363799658],[81.639277046972808,21.221957745822827],[81.639188514408303,21.221910453029491],[81.639159665911251,21.22189098021158],[81.639128828544187,21.221865015892085],[81.639088044131967,21.221829778235161],[81.639052232793176,21.221814942073721],[81.638990558059035,21.221810305406603],[81.638887103579322,21.22182699640264],[81.63866726247312,21.221877070216948],[81.638580718778655,21.221898398707353],[81.638542488276784,21.221917405094526],[81.63853400997715,21.221924762459032],[81.638529096192528,21.221935144498651]]]},"properties":{"objectid":2506,"id":"2469","name":"Shd Rajiv Pandey Ward","code":"62","town":"Raipur","district":"Raipur","state":"Chhattisgarh","st_area(shape)":1151317.8912728713,"st_perimeter(shape)":4716.5993121727461}},{"type":"Feature","id":2507,"geometry":{"type":"Polygon","coordinates":[[[81.638671751354593,21.230024850007421],[81.638242054814839,21.230051913168968],[81.637801870444164,21.230104970181305],[81.637752541256944,21.230119118882175],[81.637591189458888,21.230115440404294],[81.637195327065996,21.23007242824788],[81.636770322426997,21.230029416916281],[81.63630335029454,21.229964672135946],[81.635810636039267,21.229899475157655],[81.635373876046458,21.229861806076979],[81.635142284976311,21.229813994984831],[81.634916910247952,21.229777774500928],[81.634551648965214,21.229682152246681],[81.634278091299933,21.229632891638961],[81.634010749976454,21.22961695514347],[81.633762061271526,21.229615505685938],[81.633549121921618,21.229640136413447],[81.63335327930821,21.229683600866188],[81.633204065546266,21.229741554008118],[81.633020658311338,21.229858908004115],[81.632893205338817,21.229937145066021],[81.632787513155762,21.230006689551431],[81.632721842715242,21.229775872875031],[81.632699984907731,21.229671738095522],[81.632695127717,21.229549493808722],[81.632726699905987,21.229418194276768],[81.632770414622641,21.229275575268503],[81.632852986865231,21.22913521949404],[81.632998703485796,21.228924686419294],[81.633134704826531,21.228752638004107],[81.63317599139701,21.22868245988478],[81.633122562298837,21.228544367764073],[81.633027846630242,21.22834515244028],[81.632947702533869,21.228200269008425],[81.63287727371727,21.228028218910879],[81.632770414622641,21.227838058968771],[81.632612555474395,21.22765468980235],[81.632442553798441,21.227416987978462],[81.632362409702068,21.227251728843999],[81.63228469465021,21.227070623189455],[81.63225555150575,21.226948375909576],[81.632197264318535,21.22664049469401],[81.632066120168545,21.226036049944035],[81.631934976018513,21.225451976922272],[81.631823259733153,21.224978830902892],[81.631713973390632,21.224501155643104],[81.631643543675722,21.224227227728299],[81.631570685814609,21.223910284514272],[81.631519684862667,21.223591077999952],[81.631478398292202,21.223434870091324],[81.631322968188471,21.223122453777886],[81.631179680612462,21.222862106623804],[81.631118965279043,21.222705897943342],[81.631084964943867,21.222511202519232],[81.63105339365319,21.222298395676884],[81.631043679271727,21.222013143755664],[81.631036393036425,21.221798072710673],[81.63105825084395,21.221637335092922],[81.631097108369858,21.221465278178787],[81.631148108423503,21.221309068019533],[81.631179680612462,21.221177760315744],[81.631267110045798,21.220994382870899],[81.631344825097656,21.220872131393513],[81.631417850045437,21.220754752662931],[81.631461398573762,21.220779310340987],[81.632010262025872,21.221141537711365],[81.63212197831119,21.221207191593972],[81.63220212150928,21.221279636761622],[81.632291979987173,21.221372457499392],[81.632342980939072,21.22144263909621],[81.632398839081759,21.221512819822195],[81.632457125370664,21.221603376926041],[81.632682985189291,21.221947491069049],[81.633090990109892,21.222536105748244],[81.633433423404625,21.223061328514756],[81.633712749152323,21.223459661791871],[81.633800141754705,21.223584285954715],[81.634400007057053,21.224478517026323],[81.635058157749981,21.225429338451391],[81.63552444895943,21.226169616741213],[81.635908168824628,21.226749159267648],[81.636039312974631,21.226998180027984],[81.636226315267336,21.227315115770558],[81.636435175367524,21.227595829812426],[81.636697463667545,21.227930874742928],[81.636872323432542,21.228152728682645],[81.637088468869692,21.228392692704013],[81.637455188118125,21.228768484158376],[81.638312484529749,21.229615143949594],[81.638671751354593,21.230024850007421]]]},"properties":{"objectid":2507,"id":"2470","name":"Dr Vipin Bihari Sur Ward","code":"64","town":"Raipur","district":"Raipur","state":"Chhattisgarh","st_area(shape)":368723.83085328812,"st_perimeter(shape)":3226.1895760518482}},{"type":"Feature","id":2508,"geometry":{"type":"Polygon","coordinates":[[[81.630146439270987,21.240249301380551],[81.63023665976992,21.24039755981806],[81.630343702120854,21.240560716855107],[81.630399979776769,21.240635933157115],[81.628528085659099,21.239726442385386],[81.627851017344611,21.239417090760167],[81.627625328205895,21.239373780727263],[81.627452742076869,21.239361407147481],[81.627266879746273,21.239367593937523],[81.627081018313987,21.239404716346723],[81.625772287031054,21.239807862630499],[81.625534382601117,21.239570281709163],[81.625207265581963,21.239209948351451],[81.624833417303435,21.238813976097681],[81.624536038113476,21.23854471509441],[81.624247156087776,21.23837840589248],[81.6238393218471,21.238251695110041],[81.623397501644291,21.23816062072591],[81.623151101846702,21.238109144093674],[81.622620068156365,21.23779236468021],[81.621298855680905,21.237043970068097],[81.621241361706069,21.237018100520149],[81.621727562277201,21.236595513409892],[81.622217076733392,21.236241812690011],[81.622403017217437,21.236132165403447],[81.623284295952175,21.235693292428078],[81.623842873785748,21.235437494012405],[81.624348023419458,21.235220179262583],[81.625013460347631,21.234923633404186],[81.625232034829295,21.2348353494367],[81.625647325086859,21.234690471543463],[81.626147617529824,21.234547857633853],[81.627077771802561,21.234287530645837],[81.628058927027226,21.234020411633541],[81.6284891787258,21.233890229728832],[81.628709792383191,21.234871568678447],[81.628797221816512,21.235283562764383],[81.628889509338933,21.235958144305531],[81.62899879568144,21.236510484243947],[81.629151797638954,21.237345780846312],[81.629329085550182,21.238235400342685],[81.629467515935431,21.238860168282358],[81.629520945033605,21.238977878409397],[81.629627804128233,21.239192924403167],[81.629829377993161,21.239559633813432],[81.629992094332138,21.239939924059147],[81.630146439270987,21.240249301380551]]]},"properties":{"objectid":2508,"id":"2471","name":"Bramhanpara Ward","code":"44","town":"Raipur","district":"Raipur","state":"Chhattisgarh","st_area(shape)":398264.83888395113,"st_perimeter(shape)":2915.6126293281436}},{"type":"Feature","id":2509,"geometry":{"type":"Polygon","coordinates":[[[81.6284891787258,21.233890229728832],[81.628058927027226,21.234020411633541],[81.627077771802561,21.234287530645837],[81.626147617529824,21.234547857633853],[81.625647325086859,21.234690471543463],[81.625232034829295,21.2348353494367],[81.625013460347631,21.234923633404186],[81.624348023419458,21.235220179262583],[81.623842873785748,21.235437494012405],[81.623284295952175,21.235693292428078],[81.622403017217437,21.236132165403447],[81.622217076733392,21.236241812690011],[81.621727562277201,21.236595513409892],[81.621241361706069,21.237018100520149],[81.621175656231259,21.236988533403089],[81.620461171288568,21.236906197256939],[81.620401348880534,21.236796995914357],[81.620375614842587,21.236756171091525],[81.620352415850363,21.236729273273557],[81.620311921594009,21.236694905786106],[81.620221931962107,21.236635145106451],[81.620044552422712,21.236500550355707],[81.619946079101283,21.236404494545368],[81.6198430252702,21.236306304357317],[81.619745696402404,21.236183565692933],[81.619672413638199,21.236045885857184],[81.619589970752969,21.23592421455507],[81.619481191958585,21.235764121156407],[81.619409053648013,21.235673401095902],[81.619315548908389,21.235584447722303],[81.619291966335553,21.235555359264193],[81.619275294502216,21.235521064349847],[81.619260351925774,21.235465730939868],[81.619257908508203,21.235447134910416],[81.619257908508203,21.235396971922924],[81.619261343665826,21.235361751733112],[81.619262220421561,21.235337230812853],[81.619260529792186,21.235324436559512],[81.619253473525632,21.235305364076936],[81.619242240991312,21.235292893863875],[81.619215257396846,21.235274837047051],[81.619199957290917,21.235258371137288],[81.619123043536305,21.235132350138159],[81.619016814160659,21.234916076567934],[81.618893755746541,21.234691549179278],[81.618879660281422,21.234653919002248],[81.618827528350536,21.234451100547506],[81.618819023101423,21.234395867215042],[81.618776847198816,21.23378822048355],[81.618747667223445,21.233567666184324],[81.618720953123528,21.233427315331962],[81.618730667504991,21.233275645293631],[81.618752524414177,21.233164722218532],[81.618757381604922,21.233069645589474],[81.618757381604922,21.232877227995854],[81.618771953177173,21.232705183354192],[81.618776810367905,21.232582941581796],[81.618776810367905,21.232422215715559],[81.618750096267988,21.23230450035479],[81.618746689856437,21.232294067967388],[81.618737937570614,21.232255676038591],[81.618724141244499,21.232218450511482],[81.618721527147002,21.232211140551286],[81.618698727905098,21.232173780201496],[81.618668956838263,21.232149414496057],[81.618644269337636,21.232132493562506],[81.618612319856226,21.232112865511656],[81.618568026624516,21.232091884318955],[81.618531721212321,21.232079024471638],[81.618498350596141,21.232060493327495],[81.618497594214659,21.232060073820755],[81.618468549884895,21.232036384666383],[81.618443861485929,21.232007957843571],[81.618443816570178,21.232007844802816],[81.618431816874619,21.231977738271926],[81.618422234545477,21.231944564560418],[81.61830095659225,21.230455148663534],[81.621411843980681,21.230314653337022],[81.621749419186372,21.230310125792382],[81.621873277999441,21.230314653337022],[81.621994707767968,21.230323708425868],[81.622065137482849,21.230335028542175],[81.622171607606973,21.230384829842407],[81.622746700068731,21.230660105336337],[81.622836850499056,21.230513774729783],[81.622936325442026,21.230376137329152],[81.622995389671956,21.23030224717775],[81.62311973357528,21.230231255054964],[81.623273609593568,21.230180546853404],[81.623362205040138,21.230151570371508],[81.623531624607793,21.230087822091331],[81.623673066145884,21.230063192275964],[81.623830051233384,21.230063192275964],[81.623996361731812,21.230063192275964],[81.624131586029861,21.230070436191969],[81.624297897426587,21.230092168775215],[81.624583889572023,21.230121145268754],[81.624826361036909,21.230138531162137],[81.625051734866929,21.230171853490774],[81.625348607407105,21.230179098238768],[81.625629936397871,21.230173302942795],[81.625894168652181,21.2301472236894],[81.626016958470061,21.230132735864572],[81.626091565351032,21.230111003287327],[81.626127314706096,21.23006464089173],[81.626184823952244,21.229954530981136],[81.626290516135327,21.229785018430949],[81.626424186347904,21.22961840376361],[81.626596714086446,21.229354716982346],[81.62669929899694,21.229208385918021],[81.626829860140333,21.229057707156908],[81.626871826735467,21.229040321136125],[81.626921564656115,21.229044667850836],[81.626992770515415,21.229103526425252],[81.627111772137738,21.229225771919008],[81.627204059660158,21.229406874927435],[81.627296346284226,21.229574395849607],[81.627378918526844,21.2297192779317],[81.627568349864063,21.230074692442518],[81.627626636152925,21.230203728034784],[81.627714065586275,21.230341818601893],[81.627801495019611,21.23044368788198],[81.627859782206841,21.230536502853834],[81.627903496923508,21.230645164557252],[81.627930211023425,21.230751561159035],[81.62797149759389,21.23091681637219],[81.628020069501304,21.231188468524106],[81.628056498880994,21.231383152495741],[81.628085642025482,21.231530296973297],[81.628073498599434,21.231672913801244],[81.62805406983648,21.231752145498795],[81.628027355736563,21.231815530491271],[81.628022497647493,21.231876652126875],[81.628027355736563,21.231942300394479],[81.62807835579018,21.232032851095973],[81.628112356125385,21.232078126007178],[81.628204643647763,21.232193577386557],[81.628289644036585,21.232309027838198],[81.628389216895954,21.2324697538278],[81.628539790707237,21.232666700262847],[81.628719506764654,21.232920238496892],[81.628840936533209,21.233123975099286],[81.628913795292618,21.233239425659878],[81.628955080964758,21.23329149179926],[81.62902308163514,21.233370721789871],[81.629112940113032,21.233483908852325],[81.629244831661353,21.233668613848149],[81.629207655781627,21.23367858895633],[81.6285227900905,21.233880060374741],[81.6284891787258,21.233890229728832]]]},"properties":{"objectid":2509,"id":"2472","name":"Mahant Laxminarayan Das Ward","code":"43","town":"Raipur","district":"Raipur","state":"Chhattisgarh","st_area(shape)":679478.96894986148,"st_perimeter(shape)":3620.3801735945467}},{"type":"Feature","id":2510,"geometry":{"type":"Polygon","coordinates":[[[81.618776847198816,21.23378822048355],[81.618399341878785,21.233873268803279],[81.617825460346054,21.234063915824333],[81.617819663517523,21.234046705395169],[81.617773146955471,21.233926634252249],[81.617723050607012,21.233736520432448],[81.617678322590706,21.233741523474922],[81.617461838488722,21.233763202765434],[81.617096855683712,21.233786550012162],[81.616885739015515,21.233776543930137],[81.616599478273827,21.233748193639752],[81.616597688829771,21.233473028576373],[81.616578008538539,21.233262901938655],[81.616483185072084,21.232954382458715],[81.616425932744107,21.232734249766526],[81.616402674463075,21.232734249766526],[81.616243441790758,21.232749258995426],[81.6162327069231,21.232734249766526],[81.616234496367156,21.231892070064873],[81.616270218772726,21.23123707046026],[81.616279012381057,21.231105918128527],[81.616272416950224,21.231077911473257],[81.616248966429765,21.231060833833396],[81.615993209780143,21.231063566088423],[81.6159756216652,21.231056735869409],[81.61596970536074,21.231046550410372],[81.615960759038813,21.230849762582018],[81.615946446181397,21.230776383449065],[81.615926765890151,21.230758038869453],[81.615842677291354,21.230743029437892],[81.615259420940319,21.230773048299501],[81.615223638347601,21.230169339767432],[81.615193223188712,21.229724061724202],[81.615282680119662,21.229660688393128],[81.615314883824283,21.229582306322506],[81.615341720993399,21.229288788723885],[81.615347088427214,21.229208737607117],[81.615327408135968,21.229145364892016],[81.615264788374134,21.229133690483035],[81.615097970327582,21.229123283829363],[81.615148352340299,21.22863871127257],[81.615141338294549,21.228406563565763],[81.615191503813264,21.227860304346908],[81.614924183151004,21.227784084228411],[81.61461388079735,21.227703302951323],[81.614362285144153,21.227698091200505],[81.613906840193437,21.227674430653252],[81.61365815148848,21.227654417659082],[81.613361155879133,21.227636072691176],[81.613015854263708,21.227677765872887],[81.612797580717668,21.227702782111209],[81.612535766728115,21.227762585766783],[81.612444038856125,21.227758514506796],[81.612347943375255,21.227734084432303],[81.612020343960808,21.227502002290887],[81.611554926812104,21.227330325681347],[81.612265328911832,21.226807966003829],[81.613992225959507,21.225073139847144],[81.616588406537971,21.222663927854477],[81.617352675215372,21.221956927686762],[81.617602780563516,21.221731820351806],[81.617910103205361,21.221884384038869],[81.618232652291269,21.221951594310465],[81.619382442854345,21.222139073801959],[81.619415533196161,21.22178448929219],[81.619425247577652,21.221691668813627],[81.619454390722083,21.221673557575613],[81.619510248864756,21.221657710659233],[81.61964382116102,21.221653182848904],[81.61999596883723,21.221646390714422],[81.62057154728754,21.221680349708823],[81.621161697310072,21.221680349708823],[81.621496086191428,21.221703979396313],[81.62161751595994,21.222620152335626],[81.621596514246932,21.222639248230799],[81.621372694502313,21.22264359513413],[81.621349380525743,21.222659533220355],[81.621347825541974,21.222720386497603],[81.621363369091341,21.222971044457623],[81.621562416893667,21.224582654634681],[81.621569703128955,21.224899595566864],[81.621545417175227,21.224999205170356],[81.621516274030796,21.225130509473153],[81.621508987795536,21.225241438590555],[81.621501701560248,21.225361423018001],[81.621496844369503,21.225447449228376],[81.621494416223285,21.225542530770934],[81.621499273414059,21.225655723841001],[81.621523559367759,21.226366570751605],[81.621504130604805,21.227367184001398],[81.62151141684005,21.227457736674413],[81.621535702793764,21.227568664041783],[81.621610988801095,21.227792781918591],[81.621686275706736,21.227958040446879],[81.621717847895724,21.228075759276784],[81.621759133567863,21.228216115222025],[81.621780991375374,21.2283791098927],[81.621814991710551,21.228632656335016],[81.621834420473505,21.228818287662289],[81.621861135471747,21.22899939200839],[81.621914564569877,21.229218980133204],[81.621964884598853,21.229338780456828],[81.62199286262836,21.229421363660922],[81.6220037430231,21.22953292259054],[81.622014622519515,21.22971257743999],[81.622041045565283,21.229973365510816],[81.622045708719895,21.230170404876063],[81.622065137482849,21.230335028542175],[81.621994707767968,21.230323708425868],[81.621873277999441,21.230314653337022],[81.621749419186372,21.230310125792382],[81.621411843980681,21.230314653337022],[81.61830095659225,21.230455148663534],[81.618422234545477,21.231944564560418],[81.618431816874619,21.231977738271926],[81.618443816570178,21.232007844802816],[81.618443861485929,21.232007957843571],[81.618468549884895,21.232036384666383],[81.618497594214659,21.232060073820755],[81.618498350596141,21.232060493327495],[81.618531721212321,21.232079024471638],[81.618568026624516,21.232091884318955],[81.618612319856226,21.232112865511656],[81.618644269337636,21.232132493562506],[81.618668956838263,21.232149414496057],[81.618698727905098,21.232173780201496],[81.618721527147002,21.232211140551286],[81.618724141244499,21.232218450511482],[81.618737937570614,21.232255676038591],[81.618746689856437,21.232294067967388],[81.618750096267988,21.23230450035479],[81.618776810367905,21.232422215715559],[81.618776810367905,21.232582941581796],[81.618771953177173,21.232705183354192],[81.618757381604922,21.232877227995854],[81.618757381604922,21.233069645589474],[81.618752524414177,21.233164722218532],[81.618730667504991,21.233275645293631],[81.618720953123528,21.233427315331962],[81.618747667223445,21.233567666184324],[81.618776847198816,21.23378822048355]]]},"properties":{"objectid":2510,"id":"2473","name":"Vamanrao Lakhe Ward","code":"66","town":"Raipur","district":"Raipur","state":"Chhattisgarh","st_area(shape)":901661.22476539365,"st_perimeter(shape)":4911.8253801967539}},{"type":"Feature","id":2511,"geometry":{"type":"Polygon","coordinates":[[[81.620848871588777,21.259984008746628],[81.620347270300428,21.260648995358206],[81.620213014386266,21.26078193555966],[81.619995200777637,21.260723964484516],[81.619764243019773,21.260659851024016],[81.61930232840237,21.260572839914161],[81.618997661180487,21.260488118432836],[81.618833042209758,21.260435453273789],[81.618715106887691,21.260325544371462],[81.618656138777482,21.260245402115341],[81.618631568956133,21.26015610023838],[81.618579971522848,21.259828661512888],[81.618560315486135,21.259698144092145],[81.618535745664786,21.259634030185019],[81.618466949985361,21.259574495638248],[81.618253191371934,21.259501222059331],[81.617874814686061,21.25944168745891],[81.617631572466692,21.259411920568272],[81.61735638885078,21.259400471247375],[81.617034522484445,21.259375283742905],[81.616597177688391,21.2593592550243],[81.616245827716142,21.259338646908454],[81.616071381176198,21.259338646908454],[81.615899391528515,21.259377573440098],[81.615776541523516,21.259421079354599],[81.615624207912589,21.259544727937293],[81.615447304480313,21.259668376416137],[81.615309713121491,21.259769127044841],[81.615103325184975,21.259869877604579],[81.614896938146771,21.259899645239848],[81.614533302814721,21.259963759031354],[81.61422617870052,21.260018714046339],[81.613786376113836,21.260133202548605],[81.61348908046719,21.260220214755396],[81.613326918388722,21.260266010104299],[81.613213896851249,21.260266010104299],[81.613132815812023,21.260256850533356],[81.613009966705334,21.260233952859252],[81.612860089986697,21.260190447184932],[81.612673358086923,21.260142362127219],[81.612430504838059,21.260071876639188],[81.612452578241246,21.259815826689628],[81.612448123495724,21.259749403049991],[81.612445896572126,21.259716191218939],[81.612462601643145,21.259694396029222],[81.612470397223191,21.259678827795398],[81.612637446136816,21.259477481224405],[81.612836790383184,21.259283398625204],[81.612844586861556,21.259259527991588],[81.612830944147333,21.259159178025808],[81.612790016902977,21.258858907976101],[81.612738704235639,21.258549064903175],[81.612733584736816,21.258511557187092],[81.612758859735649,21.25850537538679],[81.612858334678634,21.258487760938138],[81.612890952506618,21.258480330888492],[81.612902618028883,21.258478150849079],[81.612910497152271,21.258474786187541],[81.612917719607111,21.258469177022818],[81.61292090593146,21.258465569576327],[81.612925407389355,21.258458412449112],[81.612926238330957,21.258453288016124],[81.612925567289466,21.258441619277235],[81.612925978717868,21.258429356133192],[81.612924272817153,21.258395974892199],[81.612921668601132,21.258385213661903],[81.612918036712429,21.258377065298667],[81.612910560034322,21.258360289698462],[81.612900114424207,21.258337575911156],[81.612881214768947,21.258305128953086],[81.612866292853752,21.258271754381486],[81.612853516115479,21.258240497056004],[81.612850020770694,21.258226842485218],[81.612848717315202,21.258204970053551],[81.612849179049277,21.258194598940019],[81.612849765649159,21.258191004881819],[81.612853790101624,21.258166353809624],[81.612858547579378,21.258149463490334],[81.612868282622088,21.258127132266662],[81.612880168231626,21.25810843947102],[81.612893111158243,21.258094348711495],[81.61291404100605,21.258076143156842],[81.612924508175723,21.258066930706672],[81.612943950413438,21.258054460745218],[81.612982679480268,21.258035351856307],[81.613018490819087,21.25802237287985],[81.613052312389541,21.258008467131397],[81.613068091297492,21.258001258913293],[81.613091853533376,21.2579934646608],[81.613145703043074,21.257981401568216],[81.61319456241138,21.257976946871903],[81.613315922111326,21.257976019263626],[81.613366655365326,21.257968603420437],[81.613466130308325,21.257955624438104],[81.6135529390058,21.257951246762637],[81.61359246487828,21.257950061299173],[81.613816284622899,21.257950061299173],[81.614086858084789,21.257946353376937],[81.614272876722239,21.257946353376937],[81.614439995704473,21.257945426605666],[81.614541461314118,21.257938009923727],[81.61476030708701,21.257914833104159],[81.614920463227421,21.257894437432938],[81.615103497661522,21.25787682291126],[81.615210931677922,21.2578656983016],[81.615427787682435,21.257851792538364],[81.615546164077315,21.257842521470685],[81.615724225437987,21.257824906942748],[81.615923176222296,21.257798022179429],[81.616008725481734,21.25779245987173],[81.616156943910369,21.257781335255711],[81.616244482039846,21.257767428647298],[81.61634395788117,21.257752595265124],[81.616391706033454,21.257744251800901],[81.61645934917432,21.257728491643718],[81.616506102891634,21.257706242401156],[81.616536940258698,21.257679356778997],[81.616552856608891,21.257638566205753],[81.616569767394125,21.257568108821079],[81.616595630789462,21.257498578176818],[81.616614531343046,21.257455005556061],[81.616659295291981,21.257423485178109],[81.616743849218082,21.25738547485841],[81.616820445867432,21.257368787887934],[81.616833377115952,21.257368787887934],[81.616900025821792,21.257368787887934],[81.616938821363973,21.257368787887934],[81.616981595544559,21.257368787887934],[81.617030339030165,21.257377131373396],[81.617094003532699,21.257396600341526],[81.617194473808993,21.257438318593461],[81.617242221961291,21.25746798458248],[81.617258138311499,21.257474473676687],[81.617305886463811,21.257493942631942],[81.617377508243095,21.257496723791473],[81.61745907886413,21.2574893070869],[81.617560080943122,21.257457120309464],[81.617664510993237,21.257396009281948],[81.617703368519145,21.257339425780792],[81.617754369471086,21.257282841420693],[81.61780779856926,21.257201360506766],[81.61780779856926,21.25711761576849],[81.617793226996994,21.25701576408618],[81.617751940426572,21.256830168268909],[81.617754369471086,21.256640044644719],[81.617754369471086,21.256522349463104],[81.617764083852563,21.256454447516802],[81.617810226715434,21.256427287064419],[81.617895228002581,21.256395599863598],[81.618036087432401,21.256363912655988],[81.618099838173137,21.256348352442085],[81.618211238251533,21.256157040206418],[81.618317804495376,21.256060619629551],[81.618400377636291,21.255920290196354],[81.61857280835676,21.255727902434277],[81.61862866560115,21.255666790689265],[81.618703952506792,21.255650946589306],[81.619330531909057,21.2555151435364],[81.620246114609529,21.25533859854318],[81.620328686852147,21.255598889185762],[81.620539975996849,21.255492509682043],[81.620897748923369,21.255388100885142],[81.620993245227979,21.255375047164044],[81.621057546636024,21.25536792756094],[81.621077918630036,21.25536792756094],[81.621107204606602,21.25536792756094],[81.621143492950821,21.255373860842631],[81.621177235469517,21.255380386866161],[81.621202700911212,21.255376234322682],[81.621224983621815,21.255373267263309],[81.62125235888179,21.255363180600543],[81.621315185256137,21.255337150175791],[81.621433312817686,21.255273412787727],[81.621608560654877,21.25519374164174],[81.622091852481105,21.25504435697572],[81.622346855444178,21.254994562332477],[81.622497883803021,21.254187517053023],[81.622585162319368,21.253430687010066],[81.622630697921153,21.253016904278596],[81.622831817238506,21.252153969288468],[81.622865969388982,21.251871038147886],[81.623017756824211,21.251527984279726],[81.623294769410066,21.251188466072978],[81.623537628947133,21.250947973187614],[81.623909509016883,21.250749920076188],[81.624258620387437,21.250594306909822],[81.624482507505704,21.250541257271689],[81.624763314575304,21.250505889998433],[81.625078273795381,21.250481133823055],[81.625381848665867,21.250495280568305],[81.625740345634526,21.250504880294191],[81.62598603755967,21.250698638730061],[81.626779518551814,21.251464113798605],[81.626467537246896,21.251532366332206],[81.626182683266919,21.251625075093965],[81.625888785946998,21.251770458771478],[81.625741837736214,21.251909521248887],[81.625640104428584,21.252073867796081],[81.625597149686641,21.252233999573249],[81.625588107244994,21.25242784364351],[81.625622017748654,21.252602725216018],[81.625671754770991,21.252762856418347],[81.625787052639382,21.252946165051661],[81.625875221386238,21.253030444633296],[81.626004084713728,21.253158971195521],[81.626273113073324,21.253390740012797],[81.626397454281673,21.253527693685875],[81.626492406207205,21.25370046668036],[81.626628050916793,21.254043903956752],[81.626677787040819,21.254193498940602],[81.626666483539623,21.254317810798241],[81.626619007576849,21.254452656347784],[81.626505970768022,21.254709706878273],[81.626327371316492,21.255055249054621],[81.626122773722329,21.255384988152098],[81.625921426232836,21.255566054835509],[81.625617637563337,21.255803086715503],[81.625186682483857,21.25620143199443],[81.624600301792256,21.256701830768158],[81.623529978894183,21.257613737556028],[81.622555031926439,21.258420292724729],[81.621512968230547,21.259305851902386],[81.621029026922372,21.259730523768784],[81.620848871588777,21.259984008746628]]]},"properties":{"objectid":2511,"id":"2474","name":"Sant Ramdas Ward","code":"25","town":"Raipur","district":"Raipur","state":"Chhattisgarh","st_area(shape)":700408.44072998408,"st_perimeter(shape)":4988.5434341073642}},{"type":"Feature","id":2512,"geometry":{"type":"Polygon","coordinates":[[[81.679859330163382,21.25607629708216],[81.678611217195822,21.256529452266406],[81.676347685462019,21.257352230680834],[81.674077515178269,21.258193564172736],[81.670340364594537,21.259548347077896],[81.66966182933119,21.259794993435925],[81.669057939576376,21.2595352426574],[81.668846133002091,21.259415335439389],[81.66870336105903,21.259239231294384],[81.667787940055248,21.258026065730725],[81.667284206166443,21.258287953167986],[81.667174019711993,21.258292962911725],[81.66692139728444,21.258295466946343],[81.665819532740073,21.258312999373377],[81.664669293917669,21.25830298072427],[81.663465304400248,21.25831049533906],[81.663462617539238,21.257666809762945],[81.663430368020542,21.256725070568496],[81.66341693012221,21.256567278623155],[81.663403493122175,21.256289263632585],[81.66223175312345,21.256339358393262],[81.662367762549053,21.255810747131285],[81.662472461195421,21.255279498444875],[81.662499605588351,21.255044591394039],[81.662530627110058,21.254816912435921],[81.662573282713041,21.254647056755118],[81.662646958939348,21.254524181829805],[81.662813701527455,21.254354325811459],[81.662995954427245,21.254213381075544],[81.663089019890663,21.254141101113358],[81.663360461125151,21.253848369164221],[81.663647413569606,21.25353395271901],[81.663821911313562,21.253248448107644],[81.663926609959887,21.253056905796541],[81.663996409057461,21.252811154027771],[81.664132129225536,21.25240277048345],[81.664225194688981,21.252287122277579],[81.66484563141131,21.25199077234139],[81.66558627709172,21.251654667740535],[81.666179569421118,21.251380001603916],[81.666683674314143,21.251210141123007],[81.666974503887374,21.251174000409566],[81.667591062582645,21.25115593046813],[81.667652098614639,21.25093888085296],[81.667700414502178,21.250767059064827],[81.668057785881786,21.249837232352998],[81.668737784500706,21.248206551098189],[81.668886689242214,21.247843403928723],[81.668916470190496,21.247683804056869],[81.668957862762184,21.247379226398046],[81.669269915033965,21.247464426791659],[81.669384865254358,21.247497391046988],[81.669498045793659,21.247518817976449],[81.669683733851087,21.247518817976449],[81.669809294073289,21.247518817976449],[81.669918937945283,21.247530356132195],[81.669975528214934,21.24755672786015],[81.670076330867886,21.247622657159454],[81.670297387394697,21.247762757555016],[81.670472464552006,21.247891320528066],[81.670631625359121,21.24794571239255],[81.670911040938321,21.248016586305646],[81.671047212060685,21.248052847520047],[81.671216982869595,21.248075922909756],[81.671436271511922,21.248092404969952],[81.671646717138586,21.248079219154491],[81.671758129793361,21.248098998295848],[81.671927901500609,21.248176464620418],[81.672095904425049,21.248277007099691],[81.672216160095488,21.248347880853441],[81.672306350950038,21.248435237432169],[81.672410689371958,21.248502814874605],[81.672532712926909,21.248514352116068],[81.6727237055361,21.248544020739512],[81.672930615393781,21.248562151282908],[81.672997816563552,21.248580281824086],[81.673047332600362,21.248657747895624],[81.673073859850675,21.248720381309173],[81.673151671920593,21.248853887369229],[81.673169356155285,21.248928057071197],[81.673160514037917,21.249109361932419],[81.673155208587858,21.24917199431674],[81.673188809172757,21.249191773311448],[81.673553111054758,21.249335168431735],[81.673569027404966,21.249363188363315],[81.673561953172097,21.249475267199021],[81.673570795289436,21.249587345949514],[81.673717577311933,21.249651626654074],[81.673919180821258,21.249679645688225],[81.674115478880495,21.249701073137569],[81.674271103020331,21.249692832197685],[81.674389589907975,21.249686238943095],[81.674490391662658,21.249656571386893],[81.674564666166958,21.249613717309348],[81.674617719769344,21.249588994473626],[81.674660163369865,21.249585697425402],[81.674759196341753,21.249584049738516],[81.674861766879204,21.24960053163003],[81.675095203088915,21.249617013519686],[81.675238447545809,21.249631847721144],[81.675394071685645,21.249653274340183],[81.675445356505207,21.249671404747108],[81.675471883755549,21.249687887466099],[81.67548956799024,21.249732389207324],[81.675503715557625,21.249793372805037],[81.675517863125052,21.249844467762227],[81.675537316142538,21.249890617976863],[81.675592138527691,21.249915340761966],[81.67569294028236,21.249915340761966],[81.675993577661828,21.249915340761966],[81.676219939638699,21.24993347113665],[81.676462217965778,21.249966435676853],[81.676798223814686,21.249999399372467],[81.676891952234769,21.250042253337835],[81.676941468271551,21.250099940607839],[81.676994521873922,21.250169165804383],[81.677095324526888,21.250261465178603],[81.677222652633574,21.250360357719707],[81.677190820831498,21.250337282687735],[81.677335834071172,21.25046584341441],[81.677438404608637,21.250521882004936],[81.677546279697836,21.25056638433151],[81.677638239335167,21.250607588782078],[81.677746115322677,21.250624071396302],[81.677831000727139,21.25063396079651],[81.677915887029926,21.25063396079651],[81.677991930317035,21.250635608471629],[81.67810950182141,21.250642913332033],[81.67819066191241,21.250639770358315],[81.678199354011085,21.250639770358315],[81.678231950279468,21.250639770358315],[81.678255854449205,21.250639770358315],[81.678287001735015,21.250641119978376],[81.678304385932421,21.25064314524564],[81.678323944052792,21.250648546237283],[81.678329676202608,21.250651217848485],[81.678338431183377,21.250655297685881],[81.678347848222501,21.250660697839855],[81.678359437387982,21.250669474554815],[81.678377546525795,21.25069242813597],[81.678386238624469,21.250712005990643],[81.67839927767082,21.250734284755573],[81.678408693811633,21.250749812073163],[81.67842028387544,21.250772090832392],[81.678429700016252,21.250788967764688],[81.678449258136581,21.25081259697367],[81.678477508355641,21.250845676855224],[81.678499238602356,21.250872006128219],[81.678514450673418,21.250893609222853],[81.678525315796762,21.250907111260066],[81.678540526969456,21.250926014277482],[81.678555014100056,21.250948967818651],[81.67857674524511,21.250969221285022],[81.678589783393136,21.250980022406992],[81.678603546481597,21.250992174819448],[81.678618033612196,21.251007702109877],[81.678631071760236,21.251023904206914],[81.678644110806573,21.251045507279283],[81.678646283831242,21.251051583901557],[81.678657872996723,21.251078587945763],[81.678666565993709,21.251101541463168],[81.678670187102639,21.25112449497701],[81.678670187102639,21.251137321348072],[81.67867467149253,21.251215512790814],[81.67867339678314,21.25126070143628],[81.678671016247634,21.251293241204131],[81.678681627147782,21.251392133052676],[81.678718764399918,21.251444875121503],[81.678759439217686,21.251486080163591],[81.678824871604675,21.251522340524115],[81.678897378224505,21.25152893369652],[81.679143194117174,21.251547063872636],[81.679205089836884,21.251552008541868],[81.679243995871857,21.251556953210887],[81.679500421766306,21.251561897042553],[81.679564085370501,21.251571786379785],[81.679622444422932,21.2515948612184],[81.679684341040939,21.25166408571253],[81.679712636175793,21.25170693835647],[81.679755078878017,21.251741550999881],[81.679804595813081,21.251772866635871],[81.679838196397995,21.251807478426588],[81.67986825941729,21.251845386369627],[81.679898323334882,21.251904721431796],[81.679924850585238,21.251962407972545],[81.679961987837402,21.252062947868307],[81.679995588422273,21.252107448892165],[81.680050410807439,21.252183265451315],[81.680055716257499,21.252227767276022],[81.680052178691923,21.252283805196367],[81.680048642024644,21.252346436231218],[81.680038031124511,21.252414011879733],[81.680034494457232,21.252468402074591],[81.68001150477248,21.252531033030959],[81.679969062070256,21.25259860859477],[81.679942534819929,21.252633220191473],[81.679924507428808,21.252649462296414],[81.679910289792787,21.25265494526225],[81.679874071517162,21.252675873294738],[81.679845097255992,21.252690049969239],[81.679815398952684,21.252699501363875],[81.679784251666845,21.252715703274887],[81.679756001447814,21.252727855544165],[81.679726302246195,21.252737306936371],[81.679708194006707,21.252746758327994],[81.679666180699158,21.252765660272178],[81.679647942203957,21.252780298246847],[81.679644561843546,21.252783010843249],[81.679640103504781,21.252786588288942],[81.679629962423547,21.252806841502661],[81.679620546282734,21.252830469550755],[81.679612578226156,21.252854773232219],[81.679603161187046,21.252879751709404],[81.679593020105813,21.252905404981973],[81.679580705999896,21.252932408686384],[81.679580260435515,21.252943917115484],[81.679578532975228,21.252988442152578],[81.679579257915634,21.253016120640901],[81.679577808933089,21.253046499994465],[81.679575635908421,21.253074178471884],[81.679575077156315,21.253077375812882],[81.67957056581696,21.253103208216011],[81.679564770785063,21.253147764182053],[81.679556802728499,21.253197046234522],[81.679548110629781,21.253217974190029],[81.679530725534093,21.253262530121354],[81.679516238403536,21.253289533760295],[81.679505373280179,21.253310461702636],[81.679489437167035,21.253330714007099],[81.679472777011767,21.253358393268318],[81.679459013923307,21.253386071687139],[81.67943945670126,21.253429952770379],[81.679436558736128,21.253450205895653],[81.679432212686791,21.253481259956693],[81.679432212686791,21.25351636446678],[81.679431807546607,21.253536017295716],[81.679431488644667,21.253551469805732],[81.679430764602543,21.253586574299078],[81.679425693612771,21.253621678784064],[81.679426417654881,21.253637881430841],[81.679432937627226,21.253667585022804],[81.679453943831803,21.253722267780351],[81.679477847103215,21.25376479833486],[81.679493059174234,21.253791801881693],[81.679500031897462,21.253801279159337],[81.679505479281374,21.253808682654125],[81.679510443371626,21.253815429771837],[81.679525655442646,21.253839058495416],[81.679545212664692,21.253873488125016],[81.679569116834415,21.25392816996888],[81.679643725512008,21.254105044003101],[81.679659661625152,21.254145549227957],[81.679668353723841,21.254167826636429],[81.679684289836985,21.254218458772112],[81.679700949992252,21.254260314389906],[81.679720507214299,21.254299469148368],[81.679737892309987,21.254331873453825],[81.679750930458027,21.254360227319918],[81.679753828423117,21.254367653391377],[81.679766866571171,21.254395331620522],[81.679778456634949,21.254420985466393],[81.679795840832355,21.254449338478139],[81.679818296019491,21.254471616677868],[81.679841475248764,21.254504695737761],[81.679850892287902,21.254516172230009],[81.679868276485266,21.254537099998117],[81.679881315531631,21.254554652128366],[81.679892904697084,21.254572205093755],[81.679904494760919,21.254593132853913],[81.679914635842138,21.254612034561159],[81.679921878958268,21.25462958751973],[81.679934193064184,21.254668067388458],[81.679937574322921,21.254697677005158],[81.679940140809691,21.254720153586124],[81.679947088380089,21.254794613358165],[81.679946706596084,21.254845394301668],[81.679940929530517,21.254906769271102],[81.679935942982354,21.254941759581083],[81.679911219549112,21.255044226371243],[81.679903045778346,21.255054891566726],[81.679892904697084,21.255067042805813],[81.679881315531631,21.255075819258259],[81.679862504809577,21.255078792184065],[81.679829071311332,21.255078181859425],[81.679778139529674,21.255076072095104],[81.679717021750974,21.25507923674154],[81.679678539720868,21.25507923674154],[81.679663417481351,21.255083328177214],[81.679656853491565,21.255085103895446],[81.679643454220781,21.255088729843301],[81.679624213205727,21.255101387590425],[81.67961087142713,21.255120816673358],[81.67960936674902,21.255123007646198],[81.679606104067901,21.255127757963184],[81.679599313702681,21.255154128331206],[81.679597049948157,21.255200540602864],[81.679587835928288,21.255301094195506],[81.679581770503503,21.25533312656092],[81.679574771729108,21.255398352475837],[81.679576870193628,21.25547627458824],[81.679581035681608,21.255503446936892],[81.679599014563678,21.255554103729647],[81.679628745206358,21.255611252192871],[81.679665227586668,21.255687755130875],[81.679681178971165,21.2557332237051],[81.679730750703499,21.255874521961015],[81.679736277139099,21.255885027190498],[81.679807133553766,21.255993448348477],[81.679853374333021,21.256064206204897],[81.679859330163382,21.25607629708216]]]},"properties":{"objectid":2512,"id":"2475","name":"Netaji Subhashchandra Bose Ward","code":"31","town":"Raipur","district":"Raipur","state":"Chhattisgarh","st_area(shape)":1799365.6945438255,"st_perimeter(shape)":5889.1971177885853}},{"type":"Feature","id":2513,"geometry":{"type":"Polygon","coordinates":[[[81.689801596267102,21.252415298691762],[81.689537239146972,21.252508288204737],[81.686211639134214,21.25378269967598],[81.684432675732694,21.25440752812348],[81.681286300398909,21.255558196826534],[81.679859330163382,21.25607629708216],[81.679853374333021,21.256064206204897],[81.679807133553766,21.255993448348477],[81.679736277139099,21.255885027190498],[81.679730750703499,21.255874521961015],[81.679681178971165,21.2557332237051],[81.679665227586668,21.255687755130875],[81.679628745206358,21.255611252192871],[81.679599014563678,21.255554103729647],[81.679581035681608,21.255503446936892],[81.679576870193628,21.25547627458824],[81.679574771729108,21.255398352475837],[81.679581770503503,21.25533312656092],[81.679587835928288,21.255301094195506],[81.679597049948157,21.255200540602864],[81.679599313702681,21.255154128331206],[81.679606104067901,21.255127757963184],[81.67960936674902,21.255123007646198],[81.67961087142713,21.255120816673358],[81.679624213205727,21.255101387590425],[81.679643454220781,21.255088729843301],[81.679656853491565,21.255085103895446],[81.679663417481351,21.255083328177214],[81.679678539720868,21.25507923674154],[81.679717021750974,21.25507923674154],[81.679778139529674,21.255076072095104],[81.679829071311332,21.255078181859425],[81.679862504809577,21.255078792184065],[81.679881315531631,21.255075819258259],[81.679892904697084,21.255067042805813],[81.679903045778346,21.255054891566726],[81.679911219549112,21.255044226371243],[81.679935942982354,21.254941759581083],[81.679940929530517,21.254906769271102],[81.679946706596084,21.254845394301668],[81.679947088380089,21.254794613358165],[81.679940140809691,21.254720153586124],[81.679937574322921,21.254697677005158],[81.679934193064184,21.254668067388458],[81.679921878958268,21.25462958751973],[81.679914635842138,21.254612034561159],[81.679904494760919,21.254593132853913],[81.679892904697084,21.254572205093755],[81.679881315531631,21.254554652128366],[81.679868276485266,21.254537099998117],[81.679850892287902,21.254516172230009],[81.679841475248764,21.254504695737761],[81.679818296019491,21.254471616677868],[81.679795840832355,21.254449338478139],[81.679778456634949,21.254420985466393],[81.679766866571171,21.254395331620522],[81.679753828423117,21.254367653391377],[81.679750930458027,21.254360227319918],[81.679737892309987,21.254331873453825],[81.679720507214299,21.254299469148368],[81.679700949992252,21.254260314389906],[81.679684289836985,21.254218458772112],[81.679668353723841,21.254167826636429],[81.679659661625152,21.254145549227957],[81.679643725512008,21.254105044003101],[81.679569116834415,21.25392816996888],[81.679545212664692,21.253873488125016],[81.679525655442646,21.253839058495416],[81.679510443371626,21.253815429771837],[81.679505479281374,21.253808682654125],[81.679500031897462,21.253801279159337],[81.679493059174234,21.253791801881693],[81.679477847103215,21.25376479833486],[81.679453943831803,21.253722267780351],[81.679432937627226,21.253667585022804],[81.679426417654881,21.253637881430841],[81.679425693612771,21.253621678784064],[81.679430764602543,21.253586574299078],[81.679431488644667,21.253551469805732],[81.679431807546607,21.253536017295716],[81.679432212686791,21.25351636446678],[81.679432212686791,21.253481259956693],[81.679436558736128,21.253450205895653],[81.67943945670126,21.253429952770379],[81.679459013923307,21.253386071687139],[81.679472777011767,21.253358393268318],[81.679489437167035,21.253330714007099],[81.679505373280179,21.253310461702636],[81.679516238403536,21.253289533760295],[81.679530725534093,21.253262530121354],[81.679548110629781,21.253217974190029],[81.679556802728499,21.253197046234522],[81.679564770785063,21.253147764182053],[81.67957056581696,21.253103208216011],[81.679575077156315,21.253077375812882],[81.679575635908421,21.253074178471884],[81.679577808933089,21.253046499994465],[81.679579257915634,21.253016120640901],[81.679578532975228,21.252988442152578],[81.679580260435515,21.252943917115484],[81.679580705999896,21.252932408686384],[81.679593020105813,21.252905404981973],[81.679603161187046,21.252879751709404],[81.679612578226156,21.252854773232219],[81.679620546282734,21.252830469550755],[81.679629962423547,21.252806841502661],[81.679640103504781,21.252786588288942],[81.679644561843546,21.252783010843249],[81.679647942203957,21.252780298246847],[81.679666180699158,21.252765660272178],[81.679708194006707,21.252746758327994],[81.679726302246195,21.252737306936371],[81.679756001447814,21.252727855544165],[81.679784251666845,21.252715703274887],[81.679815398952684,21.252699501363875],[81.679845097255992,21.252690049969239],[81.679874071517162,21.252675873294738],[81.679910289792787,21.25265494526225],[81.679924507428808,21.252649462296414],[81.679942534819929,21.252633220191473],[81.679969062070256,21.25259860859477],[81.68001150477248,21.252531033030959],[81.680034494457232,21.252468402074591],[81.680038031124511,21.252414011879733],[81.680048642024644,21.252346436231218],[81.680052178691923,21.252283805196367],[81.680055716257499,21.252227767276022],[81.680050410807439,21.252183265451315],[81.679995588422273,21.252107448892165],[81.679961987837402,21.252062947868307],[81.679924850585238,21.251962407972545],[81.679898323334882,21.251904721431796],[81.67986825941729,21.251845386369627],[81.679838196397995,21.251807478426588],[81.679804595813081,21.251772866635871],[81.679755078878017,21.251741550999881],[81.679712636175793,21.25170693835647],[81.679684341040939,21.25166408571253],[81.679622444422932,21.2515948612184],[81.679564085370501,21.251571786379785],[81.679500421766306,21.251561897042553],[81.679243995871857,21.251556953210887],[81.679205089836884,21.251552008541868],[81.679143194117174,21.251547063872636],[81.678897378224505,21.25152893369652],[81.678824871604675,21.251522340524115],[81.678759439217686,21.251486080163591],[81.678718764399918,21.251444875121503],[81.678681627147782,21.251392133052676],[81.678671016247634,21.251293241204131],[81.67867339678314,21.25126070143628],[81.67867467149253,21.251215512790814],[81.678670187102639,21.251137321348072],[81.678670187102639,21.25112449497701],[81.678666565993709,21.251101541463168],[81.678657872996723,21.251078587945763],[81.678646283831242,21.251051583901557],[81.678644110806573,21.251045507279283],[81.678631071760236,21.251023904206914],[81.678618033612196,21.251007702109877],[81.678603546481597,21.250992174819448],[81.678589783393136,21.250980022406992],[81.67857674524511,21.250969221285022],[81.678555014100056,21.250948967818651],[81.678540526969456,21.250926014277482],[81.678525315796762,21.250907111260066],[81.678514450673418,21.250893609222853],[81.678499238602356,21.250872006128219],[81.678477508355641,21.250845676855224],[81.678449258136581,21.25081259697367],[81.678429700016252,21.250788967764688],[81.67842028387544,21.250772090832392],[81.678408693811633,21.250749812073163],[81.67839927767082,21.250734284755573],[81.678386238624469,21.250712005990643],[81.678377546525795,21.25069242813597],[81.678359437387982,21.250669474554815],[81.678347848222501,21.250660697839855],[81.678338431183377,21.250655297685881],[81.678329676202608,21.250651217848485],[81.678323944052792,21.250648546237283],[81.678304385932421,21.25064314524564],[81.678287001735015,21.250641119978376],[81.678255854449205,21.250639770358315],[81.678231950279468,21.250639770358315],[81.678199354011085,21.250639770358315],[81.67819066191241,21.250639770358315],[81.67810950182141,21.250642913332033],[81.677991930317035,21.250635608471629],[81.677915887029926,21.25063396079651],[81.677831000727139,21.25063396079651],[81.677746115322677,21.250624071396302],[81.677638239335167,21.250607588782078],[81.677546279697836,21.25056638433151],[81.677438404608637,21.250521882004936],[81.677335834071172,21.25046584341441],[81.677190820831498,21.250337282687735],[81.677222652633574,21.250360357719707],[81.677095324526888,21.250261465178603],[81.676994521873922,21.250169165804383],[81.676941468271551,21.250099940607839],[81.676891952234769,21.250042253337835],[81.676798223814686,21.249999399372467],[81.676462217965778,21.249966435676853],[81.676219939638699,21.24993347113665],[81.675993577661828,21.249915340761966],[81.67569294028236,21.249915340761966],[81.675592138527691,21.249915340761966],[81.675537316142538,21.249890617976863],[81.675517863125052,21.249844467762227],[81.675503715557625,21.249793372805037],[81.67548956799024,21.249732389207324],[81.675471883755549,21.249687887466099],[81.675445356505207,21.249671404747108],[81.675394071685645,21.249653274340183],[81.675238447545809,21.249631847721144],[81.675095203088915,21.249617013519686],[81.674861766879204,21.24960053163003],[81.674759196341753,21.249584049738516],[81.674660163369865,21.249585697425402],[81.674617719769344,21.249588994473626],[81.674564666166958,21.249613717309348],[81.674490391662658,21.249656571386893],[81.674389589907975,21.249686238943095],[81.674271103020331,21.249692832197685],[81.674115478880495,21.249701073137569],[81.673919180821258,21.249679645688225],[81.673717577311933,21.249651626654074],[81.673570795289436,21.249587345949514],[81.673561953172097,21.249475267199021],[81.673569027404966,21.249363188363315],[81.673553111054758,21.249335168431735],[81.673188809172757,21.249191773311448],[81.673155208587858,21.24917199431674],[81.673160514037917,21.249109361932419],[81.673169356155285,21.248928057071197],[81.673151671920593,21.248853887369229],[81.673073859850675,21.248720381309173],[81.673047332600362,21.248657747895624],[81.672997816563552,21.248580281824086],[81.672930615393781,21.248562151282908],[81.6727237055361,21.248544020739512],[81.672532712926909,21.248514352116068],[81.672410689371958,21.248502814874605],[81.672306350950038,21.248435237432169],[81.672216160095488,21.248347880853441],[81.672095904425049,21.248277007099691],[81.671927901500609,21.248176464620418],[81.671758129793361,21.248098998295848],[81.671646717138586,21.248079219154491],[81.671436271511922,21.248092404969952],[81.671216982869595,21.248075922909756],[81.671047212060685,21.248052847520047],[81.670911040938321,21.248016586305646],[81.670631625359121,21.24794571239255],[81.670472464552006,21.247891320528066],[81.670297387394697,21.247762757555016],[81.670076330867886,21.247622657159454],[81.669975528214934,21.24755672786015],[81.669918937945283,21.247530356132195],[81.669809294073289,21.247518817976449],[81.669683733851087,21.247518817976449],[81.669498045793659,21.247518817976449],[81.669384865254358,21.247497391046988],[81.669269915033965,21.247464426791659],[81.668957862762184,21.247379226398046],[81.668963623658101,21.247336847217301],[81.669010777125678,21.246700757835477],[81.669033112836871,21.2460554131554],[81.669102601117388,21.245178757332248],[81.669200319853971,21.244126445465582],[81.669297263344504,21.243345772583343],[81.669409717146721,21.242380768444654],[81.669502782610152,21.241614542871943],[81.669561624956202,21.240931414216796],[81.66953303517397,21.240799656775081],[81.669444089384442,21.24057167280143],[81.669339260482346,21.240163076155913],[81.66914230934789,21.239245581247225],[81.669108213791276,21.239059077183736],[81.669495292457285,21.239019258583742],[81.670740803005486,21.238837650766342],[81.671914683689522,21.238724129544163],[81.672796337021751,21.238596830435789],[81.67311047607997,21.238702202304662],[81.675404362785514,21.238885691702155],[81.67941661883178,21.239182670010408],[81.679515126289203,21.239186494789326],[81.680594594935187,21.2392906856469],[81.681455989461142,21.239297759138157],[81.681918942531027,21.239301295883628],[81.682586807605418,21.239216409781626],[81.683133242911268,21.239142133878929],[81.683683473599217,21.239004193056726],[81.684351338673608,21.238763680287615],[81.684810496361422,21.238551463748315],[81.685170992081567,21.238374615422035],[81.685630149769366,21.23813763923647],[81.686119664225572,21.237914809785618],[81.686518106579939,21.237791015779809],[81.686787530198259,21.237706128808153],[81.687159409369684,21.237638925715402],[81.68766789804134,21.237603556183117],[81.688127055729126,21.237600019396869],[81.688415451766247,21.237600019396869],[81.688756974169294,21.237592944986837],[81.689117469889425,21.237539890668657],[81.689451402426627,21.237479761915953],[81.68988779231357,21.23739487392778],[81.690145830683988,21.237345356330746],[81.690236903684124,21.23758940820036],[81.690286234667937,21.237794552561436],[81.69033177116799,21.237932494515483],[81.690407664436478,21.23803860368745],[81.69054047855461,21.238116416920093],[81.690669498188967,21.238201304492794],[81.690794723339579,21.238279117639522],[81.690919947591865,21.238349857208785],[81.691048967226223,21.23845596524308],[81.691140040226358,21.238555000511727],[81.691227317844437,21.238657572474789],[81.691284237795784,21.238753070012134],[81.691314595462487,21.238926380292718],[81.691291827661587,21.239064321187719],[81.691276648828236,21.239241168686622],[81.691265264478645,21.239393256260794],[81.69126146999487,21.239524123238851],[81.69126146999487,21.239644379052152],[81.691265264478645,21.239746949419949],[81.69127285434449,21.239842447088893],[81.691288033177855,21.239966239372052],[81.691318389946233,21.240065272788801],[81.691314595462487,21.240114789472251],[81.6913639264463,21.240312856876926],[81.691382899763425,21.240415427616902],[81.691409462946368,21.240592272657658],[81.691432230747225,21.240733749542251],[81.691439820613084,21.240899983242866],[81.691439820613084,21.241044996535802],[81.691401873978862,21.241278431349656],[81.691386695145496,21.241423444270279],[81.691329774295838,21.241589677193094],[81.69126146999487,21.241734689807515],[81.69119696017772,21.241844332927172],[81.691143834710132,21.241975196891932],[81.691060351575814,21.242134356674978],[81.690992047274875,21.242304126306788],[81.690938920908962,21.242495116594867],[81.690878206473869,21.242696717465098],[81.690828875490041,21.242880633925452],[81.690823467632029,21.242915915114779],[81.690804465568831,21.243170280534645],[81.690799847329956,21.243288652853554],[81.690793939110321,21.243344611283302],[81.690768160156608,21.24358876122891],[81.690768160156608,21.243623371592921],[81.690768160156608,21.243800212784848],[81.690737802489892,21.244044253967775],[81.690733957700488,21.244058588879639],[81.690723750143903,21.244134312456993],[81.690702569666144,21.244199591891444],[81.690690044456133,21.24423052817264],[81.690671392735908,21.244288475596811],[81.690651186930197,21.244333385044207],[81.690629426140774,21.244379742953022],[81.690607666249647,21.244424651535319],[81.690579688220126,21.244475355675259],[81.690554820158098,21.244520264228409],[81.690545227947496,21.244540060592811],[81.690475696547892,21.244631494409457],[81.690451673800538,21.244652910871167],[81.690392485603127,21.244698565375149],[81.69027864480212,21.24477637509202],[81.690096499700147,21.244893089171708],[81.689918149980272,21.245016877213025],[81.689796714821838,21.245121353642869],[81.689762260837441,21.245158512279897],[81.689701851829525,21.245267990423343],[81.689670283233824,21.245340567780787],[81.689659622926328,21.245373236957317],[81.689637294401621,21.245461132822133],[81.689612209845635,21.245559882064093],[81.689561448743888,21.245667647709546],[81.689512117760046,21.24578436108337],[81.689455197808698,21.245865707652207],[81.689395308027031,21.245925476311378],[81.689371993152136,21.245950103476883],[81.689320701146073,21.246031228080497],[81.689295832185707,21.246071790784171],[81.689275626380038,21.246105110348882],[81.689239877923299,21.246189132619101],[81.68923210569946,21.246222452157294],[81.689230288407657,21.246229650904652],[81.68922588845939,21.246247079273157],[81.689218117133862,21.246273154841408],[81.68921034580832,21.246310820566293],[81.68921034580832,21.246347036988539],[81.68921034580832,21.24639194497135],[81.689211899893778,21.246436853777723],[81.689221226203074,21.246522324312856],[81.6892284522512,21.246560430370941],[81.689251867737411,21.2466839013663],[81.689261668357162,21.246756973681574],[81.689292026023878,21.246859539099667],[81.689345151491466,21.247015156210391],[81.689367919292337,21.247100038658214],[81.689455197808698,21.247266266015632],[81.689512117760046,21.247418346146198],[81.689588011926816,21.24759518278427],[81.689625958561081,21.247740188652369],[81.689747388329593,21.248019591189347],[81.689808103663012,21.248171670542433],[81.689857434646854,21.248320212372303],[81.689891586797316,21.248461681001306],[81.689925738947792,21.248666811067491],[81.689941325616303,21.248737992739567],[81.689963685582015,21.248864497754774],[81.689963685582015,21.248988651684019],[81.689948506748664,21.249161949928727],[81.689929533431567,21.24928219787812],[81.689920870977247,21.249326600110233],[81.689902252494676,21.249381859663242],[81.689865921031341,21.24944746580843],[81.689830413323108,21.249492274052052],[81.689770157028789,21.249550986318507],[81.689694262862005,21.249596963316588],[81.68960318986187,21.249671233950405],[81.689502058425518,21.249724252923997],[81.689461043146267,21.24975940102847],[81.689402092104046,21.249829137100086],[81.68937141643373,21.249881546507893],[81.689337561625621,21.249968315274153],[81.689321864464333,21.25004355858982],[81.68931351192883,21.250119055549622],[81.689319716592522,21.25017688511965],[81.689334957409599,21.25023298912447],[81.689379303641914,21.250343203613522],[81.689454954365274,21.250484217356494],[81.689519164145139,21.250562196488506],[81.689644931878163,21.250696870494082],[81.689796719313435,21.250827726597731],[81.689871750199202,21.250914437874979],[81.689975745464707,21.251081827191641],[81.689986454281211,21.251110659741961],[81.690039579748799,21.251202612750319],[81.690065249108045,21.251256440773997],[81.690079164011792,21.251299888806717],[81.69008764231144,21.251413714303094],[81.690085116248866,21.251467861233753],[81.690062946725959,21.251533603755504],[81.690043374232559,21.25159164375173],[81.690016811947913,21.251658839645181],[81.689963685582015,21.251775549110651],[81.689910560114441,21.251860428816059],[81.689880202447725,21.251966527123226],[81.68986502361436,21.252062016873911],[81.689849844781023,21.252136285427863],[81.689804309179252,21.252267141090204],[81.689800513797181,21.252334336675549],[81.689800513797181,21.25238738650528],[81.689801596267102,21.252415298691762]]]},"properties":{"objectid":2513,"id":"2476","name":"Mahrshi Valmiki Ward","code":"32","town":"Raipur","district":"Raipur","state":"Chhattisgarh","st_area(shape)":3689003.5806161095,"st_perimeter(shape)":8657.7129212725758}},{"type":"Feature","id":2514,"geometry":{"type":"Polygon","coordinates":[[[81.640986054071604,21.222003975945594],[81.640534578776098,21.225042722070683],[81.640338019307109,21.226080999283298],[81.640255027551262,21.226923830981484],[81.640263762769109,21.227579363045262],[81.640263762769109,21.227892876913415],[81.640228819202846,21.22815753178525],[81.640145827447029,21.228650194803066],[81.64004973196613,21.229167286016473],[81.640001683776532,21.229688446623911],[81.63997795837156,21.230054478810025],[81.639338720808638,21.230002393106098],[81.638803668954054,21.230016540979442],[81.638671751354593,21.230024850007421],[81.638312484529749,21.229615143949594],[81.637455188118125,21.228768484158376],[81.637088468869692,21.228392692704013],[81.636872323432542,21.228152728682645],[81.636697463667545,21.227930874742928],[81.636435175367524,21.227595829812426],[81.636226315267336,21.227315115770558],[81.636039312974631,21.226998180027984],[81.635908168824628,21.226749159267648],[81.63552444895943,21.226169616741213],[81.635058157749981,21.225429338451391],[81.634400007057053,21.224478517026323],[81.633800141754705,21.223584285954715],[81.633712749152323,21.223459661791871],[81.634293147962438,21.223348842707413],[81.634681724120028,21.223312620635994],[81.635451591098317,21.223262814435923],[81.635845024446695,21.223206217831159],[81.636376888180322,21.223167731424102],[81.63672175051957,21.223065856281867],[81.637112754823406,21.223034161909101],[81.637562046314429,21.222984356452404],[81.637790335177598,21.222968508839447],[81.63779519236833,21.222006352475173],[81.637787712096966,21.221917698183265],[81.638137430728619,21.221903208712778],[81.638319284776443,21.221904657408682],[81.638331737222913,21.221916938664734],[81.638347763167602,21.221927875898643],[81.63836283869469,21.221932054506269],[81.638376691614681,21.221936232276402],[81.638384433295812,21.221938891009604],[81.638392989748894,21.221941169564829],[81.638396656671873,21.221943068779549],[81.63840480618812,21.221947246549366],[81.63841010265503,21.221949905282347],[81.638415400020278,21.221952564015265],[81.638423548638215,21.221957502140558],[81.638425993852408,21.221959401355036],[81.638429660775401,21.221963579124381],[81.638432919863277,21.221969276767545],[81.638434550305519,21.221972314840578],[81.638435038090691,21.221973314691478],[81.63843670895713,21.221975723042569],[81.638439077814539,21.221978164052082],[81.63844179521827,21.221979874852192],[81.638445551074454,21.221981430734022],[81.638451175426468,21.22198348235429],[81.638456188924053,21.221984374181048],[81.638462257043813,21.221984848984569],[81.638473257812777,21.221985988680551],[81.638478555178025,21.221985608502745],[81.638480986917472,21.221984637123381],[81.638484259480052,21.221983329948216],[81.63849667509561,21.22197701681948],[81.638499491314008,21.221975584872215],[81.638505059072145,21.221970733836766],[81.638506261916305,21.221969276767545],[81.638513595762305,21.221962439428232],[81.638520522671456,21.221953324371022],[81.638529096192528,21.221935144498651],[81.63853400997715,21.221924762459032],[81.638542488276784,21.221917405094526],[81.638580718778655,21.221898398707353],[81.63866726247312,21.221877070216948],[81.638887103579322,21.22182699640264],[81.638990558059035,21.221810305406603],[81.639052232793176,21.221814942073721],[81.639088044131967,21.221829778235161],[81.639128828544187,21.221865015892085],[81.639159665911251,21.22189098021158],[81.639188514408303,21.221910453029491],[81.639277046972808,21.221957745822827],[81.639314848079977,21.221975363799658],[81.639414522448945,21.222035935156722],[81.639476277133156,21.222047804403175],[81.639588405745215,21.222051402692262],[81.639709765445161,21.222047693029563],[81.639915679969533,21.222052329689223],[81.640166358442826,21.222042129372738],[81.640485986207452,21.222013325470549],[81.640840367095478,21.222007529853769],[81.640986054071604,21.222003975945594]]]},"properties":{"objectid":2514,"id":"2477","name":"Brigedier Usman Ward","code":"63","town":"Raipur","district":"Raipur","state":"Chhattisgarh","st_area(shape)":454261.1697344234,"st_perimeter(shape)":3035.8198409909855}},{"type":"Feature","id":2515,"geometry":{"type":"Polygon","coordinates":[[[81.642807576058061,21.212190676882567],[81.64261042639589,21.21286138949451],[81.642068717126747,21.212740430162743],[81.641273994662868,21.212546894858253],[81.640875011522695,21.21246222365852],[81.640579828713598,21.212425936106271],[81.640271670638555,21.212419888040422],[81.639707255552267,21.21240779190806],[81.639240153164096,21.212410815941244],[81.639058502135555,21.212447103497219],[81.638883338740001,21.212534799573735],[81.638743857325807,21.212558990979254],[81.638212398732364,21.212660234401078],[81.638031785257979,21.212675717155893],[81.637903072847436,21.212695070597128],[81.637805500536231,21.212697005941131],[81.637724536277972,21.212693135253129],[81.63754184679695,21.212673781811663],[81.637381994287082,21.212648622333923],[81.637230445803723,21.212611849944409],[81.637139101512375,21.212606043909009],[81.63683392764068,21.212598302528175],[81.636570273901398,21.212559595617787],[81.636464397563699,21.212565401655006],[81.636416649411416,21.212592496492256],[81.636333609146561,21.212594431837591],[81.636223580795601,21.212567337000685],[81.635902318097166,21.212516655388903],[81.635788786316638,21.212667854348631],[81.63565579163712,21.212749502241703],[81.635483872058046,21.212803933866162],[81.635483872058046,21.212891628893274],[81.635548876846983,21.213370504944056],[81.634957214061501,21.213403405637791],[81.634247218898594,21.213426629652503],[81.633290178049393,21.213498238683027],[81.6332828495933,21.213242512323923],[81.633297421165523,21.212875737486598],[81.633362993689673,21.212366326385514],[81.633392136834161,21.211979172471537],[81.633426137169323,21.211764086804212],[81.633506281265738,21.211576169543349],[81.63358156817138,21.211406364543503],[81.633729712938148,21.21109392276643],[81.633766141419542,21.210942229769021],[81.633826856752961,21.210749783317198],[81.633831713943707,21.210570921066314],[81.633802570799276,21.210063765676413],[81.633800141754705,21.209755849233446],[81.633783142036279,21.209364160286402],[81.633761284228797,21.209140014421042],[81.633732141084366,21.209001904012236],[81.633642379624533,21.208774134697588],[81.633591087618427,21.208642273160606],[81.633567773641857,21.208539392237416],[81.633547567836175,21.208520554971887],[81.633493166760871,21.208497370384119],[81.633340844828055,21.208449552369668],[81.633204065546266,21.208394488522515],[81.633026875551423,21.208352466627943],[81.632897867595162,21.208324934688846],[81.632762643297113,21.208301750907808],[81.632681819176057,21.208285811271097],[81.632649178890219,21.20826987163268],[81.632638298495479,21.208245238175593],[81.632638298495479,21.208187276591211],[81.63265384204486,21.208132484825484],[81.632663556426323,21.207849470061959],[81.632765557431895,21.207265325064053],[81.632833558102277,21.207063817304025],[81.632814129339323,21.206941554288797],[81.632789843385595,21.206887214300899],[81.632585841374478,21.206751366337464],[81.632444981944673,21.206699290832926],[81.632376981274291,21.206681177755282],[81.632257979651968,21.20666306467545],[81.632143835220376,21.20664495159339],[81.6320394060686,21.206629103063491],[81.631898546638794,21.206615517411532],[81.631740687490549,21.206656272688672],[81.631580400196086,21.206697027117073],[81.631434683575549,21.20681249835523],[81.631352111332944,21.206907591903388],[81.63126953909034,21.206964195595546],[81.631162679995725,21.206986836898825],[81.630968392366043,21.206982308638434],[81.630752246928935,21.206952874523839],[81.630489957730589,21.206970987568166],[81.630234954767502,21.206991365159066],[81.630009094050578,21.206995893419162],[81.629622946937488,21.207154382435249],[81.629552517222592,21.207163438945319],[81.629333942740914,21.206420801600192],[81.629054653824127,21.206389103653095],[81.628770507716609,21.205304574005044],[81.628680649238746,21.204614002732445],[81.628724363955385,21.204604946066031],[81.629435944644783,21.204387585067764],[81.629520945033605,21.204297018239714],[81.630225240386011,21.202963411497748],[81.630186381961778,21.20223660203478],[81.630307812628615,21.202209431596497],[81.630567672782448,21.202107542827139],[81.630434099587902,21.201088643730227],[81.63085395688033,21.201110017937481],[81.63119434920273,21.201095527262162],[81.632106726714312,21.201062197530998],[81.631862117259061,21.199469713374896],[81.631738259344331,21.198711187126086],[81.631604686149785,21.197805479028265],[81.63150997048119,21.197096758441567],[81.63150997048119,21.197010715709393],[81.631497827055156,21.196933729226942],[81.63146382671998,21.196863536816821],[81.631417683857109,21.196834100685678],[81.631366682905167,21.196820514970312],[81.631279253471831,21.19676843596438],[81.631225824373658,21.19671862164644],[81.631135965895794,21.196555592852079],[81.63095867798458,21.196283876957462],[81.630890677314227,21.196114054374299],[81.630827532936252,21.196003103369339],[81.630757104119667,21.195855923473008],[81.630713389402985,21.195772143901529],[81.630669673788006,21.1956747784618],[81.630645387834306,21.195618171280763],[81.630616244689847,21.195532126849958],[81.630574959017707,21.195437025978059],[81.630497243067552,21.195378153979071],[81.630402528297239,21.195323810574546],[81.630278669484184,21.195323810574546],[81.630179096624843,21.195307959992377],[81.630079523765474,21.195303431373944],[81.629965379333896,21.195285316898826],[81.629902235854274,21.195226444839395],[81.62986094928381,21.195153986887874],[81.629812377376382,21.195074735543933],[81.629763805468983,21.194972841016092],[81.629722519796829,21.194882268415693],[81.629681233226393,21.194789431023882],[81.629649661037391,21.194698858311057],[81.629635089465197,21.194592434883749],[81.629618089746742,21.194184855857873],[81.629618089746742,21.194035409402911],[81.629622946937488,21.193924456837088],[81.629615660702228,21.193847469584039],[81.629579232220792,21.193700287540466],[81.629518516887373,21.193510082539877],[81.629482087507682,21.193399130417152],[81.629455373407765,21.193328935490324],[81.629435944644783,21.193274591332134],[81.629411658691083,21.193222511076357],[81.629372801165161,21.193147787381136],[81.629333942740914,21.193097971842487],[81.629273228305792,21.193048156287059],[81.629227084544596,21.193009662018522],[81.629163941064945,21.192971168577461],[81.629095940394592,21.192930410362049],[81.629035225061173,21.19290097344733],[81.628972081581523,21.192887387370323],[81.628896794675896,21.192867007833662],[81.628777793053558,21.192876065219757],[81.628590790760853,21.192916824287739],[81.628503361327503,21.192957582506903],[81.628428074421862,21.192973432503663],[81.628369788132957,21.192973432503663],[81.628309072799539,21.192968903813679],[81.628265358082899,21.192955317742918],[81.62823135774768,21.192948525125832],[81.628158499886595,21.192930410362049],[81.628100213597691,21.192903238212192],[81.628032212927309,21.192857950447042],[81.62798849731233,21.192821720895036],[81.627959354167885,21.192767376550314],[81.627906740739988,21.192650328928615],[81.627823731916166,21.192357333402395],[81.627598422764834,21.191644191125846],[81.627450192658102,21.190997383618331],[81.627141873784581,21.189410760417889],[81.626981785017804,21.188376958529712],[81.626761015951914,21.187213938990837],[81.626766969985596,21.187150632008564],[81.626969625422134,21.184995703353522],[81.626638435441507,21.183310496288119],[81.627943303968678,21.183035005193524],[81.628478869659617,21.185098715424694],[81.628913756665071,21.18677445570178],[81.629341719456335,21.188218383198656],[81.629540258812227,21.188814873284592],[81.629632911050621,21.189567681924647],[81.629734386541742,21.190575534140013],[81.62987998278804,21.191908356514091],[81.629976164507198,21.192427661125841],[81.630063698145108,21.192688298976844],[81.630235942016014,21.193027918320269],[81.630439246934472,21.193317515379196],[81.630814795723836,21.193859850330387],[81.631308939198703,21.194486429318264],[81.631794611560423,21.195126168559572],[81.632037447741283,21.195357843464798],[81.632316990881279,21.19557635430003],[81.632571122478524,21.195747476533278],[81.632813957761101,21.195873844405458],[81.633305277830999,21.196084456448059],[81.634293563882423,21.196479353218713],[81.634872417590259,21.196729454379636],[81.634988187972482,21.196784739498451],[81.635053132574271,21.196842657818042],[81.635219729635281,21.197045370501439],[81.635510568191663,21.197632446250694],[81.635894588094146,21.198601248131133],[81.636222134508017,21.199319947306147],[81.636243368884706,21.199364069769253],[81.636534319730487,21.199466846531145],[81.636926472081257,21.199731368118311],[81.637374646068068,21.200075078471926],[81.637736076036106,21.200337914719615],[81.638220392840068,21.200717004557241],[81.638420987541338,21.200831574278659],[81.638570981040957,21.200877064791015],[81.638735432026763,21.200909077151984],[81.638945061084826,21.200941088668479],[81.639389621149277,21.201021960806891],[81.639768670673291,21.201083773583072],[81.639576661171205,21.202028859694675],[81.639486303230044,21.202884434019733],[81.63943265404464,21.203434631487678],[81.639635958064801,21.203947971958897],[81.640067980342792,21.204793005360685],[81.640598831675135,21.205867059285598],[81.640711778652417,21.205869691508646],[81.640988499285811,21.205869691508646],[81.641245453389672,21.205888118743569],[81.641570176398588,21.205938135991012],[81.642247858262394,21.206006580441624],[81.642823887666992,21.206059229868604],[81.643743050153915,21.206202192071242],[81.643409576655799,21.208450708919589],[81.642807576058061,21.212190676882567]]]},"properties":{"objectid":2515,"id":"2478","name":"Chandra Sekhar Azad Ward","code":"60","town":"Raipur","district":"Raipur","state":"Chhattisgarh","st_area(shape)":2223616.9755229531,"st_perimeter(shape)":10489.746073747654}}]}