{"type": "FeatureCollection", "features": [{"type": "Feature", "properties": {"ward_no": 2, "ward_name": "WARD 2", "ulb": "Ranchi Municipal Corporation", "district": "Ranchi", "state": "Jharkhand"}, "geometry": {"type": "Polygon", "coordinates": [[[85.321366, 23.388277, 0.0], [85.321456, 23.38824, 0.0], [85.321459, 23.38824, 0.0], [85.321545, 23.388226, 0.0], [85.321547, 23.38823, 0.0], [85.321778, 23.388597, 0.0], [85.322115, 23.389007, 0.0], [85.322993, 23.390076, 0.0], [85.323564, 23.390705, 0.0], [85.324196, 23.391414, 0.0], [85.324281, 23.391541, 0.0], [85.324396, 23.391713, 0.0], [85.324458, 23.391779, 0.0], [85.324497, 23.391821, 0.0], [85.324681, 23.39202, 0.0], [85.324988, 23.392205, 0.0], [85.325668, 23.392457, 0.0], [85.326032, 23.392596, 0.0], [85.326142, 23.392624, 0.0], [85.327349, 23.392338, 0.0], [85.327363, 23.392405, 0.0], [85.32755, 23.392981, 0.0], [85.327785, 23.393566, 0.0], [85.328011, 23.394017, 0.0], [85.328153, 23.394256, 0.0], [85.328321, 23.394447, 0.0], [85.3285, 23.394697, 0.0], [85.328655, 23.3949, 0.0], [85.328786, 23.395159, 0.0], [85.328728, 23.395406, 0.0], [85.328343, 23.395599, 0.0], [85.328099, 23.395698, 0.0], [85.328072, 23.395932, 0.0], [85.328118, 23.396118, 0.0], [85.328192, 23.396473, 0.0], [85.328245, 23.396663, 0.0], [85.328391, 23.397058, 0.0], [85.328486, 23.397251, 0.0], [85.328628, 23.397589, 0.0], [85.328874, 23.397817, 0.0], [85.329054, 23.397959, 0.0], [85.329234, 23.398173, 0.0], [85.329365, 23.398366, 0.0], [85.329329, 23.398763, 0.0], [85.329402, 23.399225, 0.0], [85.329478, 23.399539, 0.0], [85.329536, 23.399743, 0.0], [85.329544, 23.400041, 0.0], [85.329548, 23.400253, 0.0], [85.329628, 23.400609, 0.0], [85.329674, 23.400851, 0.0], [85.32973, 23.401176, 0.0], [85.329744, 23.401497, 0.0], [85.329758, 23.401879, 0.0], [85.329778, 23.40217, 0.0], [85.329811, 23.402491, 0.0], [85.329826, 23.402737, 0.0], [85.329835, 23.402979, 0.0], [85.32985, 23.403243, 0.0], [85.329896, 23.403451, 0.0], [85.329977, 23.4038, 0.0], [85.330074, 23.404284, 0.0], [85.330101, 23.404576, 0.0], [85.330138, 23.404942, 0.0], [85.330154, 23.405184, 0.0], [85.330126, 23.405429, 0.0], [85.3301, 23.405625, 0.0], [85.330243, 23.40579, 0.0], [85.3302, 23.406299, 0.0], [85.330175, 23.406843, 0.0], [85.330121, 23.40728, 0.0], [85.330062, 23.407679, 0.0], [85.329995, 23.408099, 0.0], [85.329938, 23.408373, 0.0], [85.329885, 23.408671, 0.0], [85.329834, 23.408916, 0.0], [85.329799, 23.409237, 0.0], [85.329774, 23.409803, 0.0], [85.329807, 23.410067, 0.0], [85.329881, 23.410457, 0.0], [85.329957, 23.410703, 0.0], [85.33002, 23.410797, 0.0], [85.329958, 23.410875, 0.0], [85.329882, 23.410944, 0.0], [85.329756, 23.411036, 0.0], [85.329689, 23.411146, 0.0], [85.32963, 23.411239, 0.0], [85.329516, 23.411288, 0.0], [85.329409, 23.411328, 0.0], [85.329329, 23.411357, 0.0], [85.329107, 23.411416, 0.0], [85.328803, 23.411466, 0.0], [85.32843, 23.411527, 0.0], [85.328114, 23.411592, 0.0], [85.327844, 23.411633, 0.0], [85.327778, 23.411642, 0.0], [85.327671, 23.411659, 0.0], [85.327142, 23.411746, 0.0], [85.326752, 23.411821, 0.0], [85.326009, 23.411931, 0.0], [85.325904, 23.411952, 0.0], [85.325803, 23.411958, 0.0], [85.325717, 23.411978, 0.0], [85.325581, 23.412041, 0.0], [85.325366, 23.412103, 0.0], [85.32507, 23.412186, 0.0], [85.324901, 23.412253, 0.0], [85.324694, 23.41234, 0.0], [85.324638, 23.412301, 0.0], [85.324633, 23.412234, 0.0], [85.32452, 23.411822, 0.0], [85.323776, 23.412087, 0.0], [85.32362, 23.412104, 0.0], [85.323465, 23.412078, 0.0], [85.323362, 23.412039, 0.0], [85.323259, 23.412043, 0.0], [85.323139, 23.412075, 0.0], [85.323046, 23.412083, 0.0], [85.322953, 23.412054, 0.0], [85.322875, 23.412024, 0.0], [85.322886, 23.411857, 0.0], [85.322739, 23.411859, 0.0], [85.322434, 23.411888, 0.0], [85.3224, 23.411864, 0.0], [85.32238, 23.411774, 0.0], [85.32237, 23.41173, 0.0], [85.322318, 23.411725, 0.0], [85.322107, 23.411724, 0.0], [85.321828, 23.411763, 0.0], [85.321667, 23.411783, 0.0], [85.32139, 23.411849, 0.0], [85.321305, 23.411825, 0.0], [85.321188, 23.411839, 0.0], [85.321057, 23.41188, 0.0], [85.320966, 23.411827, 0.0], [85.320906, 23.411796, 0.0], [85.320834, 23.411777, 0.0], [85.320748, 23.411782, 0.0], [85.320569, 23.411823, 0.0], [85.320224, 23.411931, 0.0], [85.319707, 23.412131, 0.0], [85.319687, 23.412138, 0.0], [85.319625, 23.412159, 0.0], [85.319427, 23.412226, 0.0], [85.319304, 23.41222, 0.0], [85.319183, 23.412185, 0.0], [85.319087, 23.412135, 0.0], [85.319005, 23.41207, 0.0], [85.318861, 23.411886, 0.0], [85.318801, 23.411809, 0.0], [85.318368, 23.411261, 0.0], [85.318268, 23.411146, 0.0], [85.318158, 23.411315, 0.0], [85.317824, 23.41166, 0.0], [85.317592, 23.411942, 0.0], [85.317442, 23.412125, 0.0], [85.317281, 23.412285, 0.0], [85.317165, 23.412363, 0.0], [85.317037, 23.412393, 0.0], [85.317018, 23.412398, 0.0], [85.316798, 23.412391, 0.0], [85.316081, 23.412339, 0.0], [85.316017, 23.411737, 0.0], [85.315965, 23.411298, 0.0], [85.315929, 23.410948, 0.0], [85.315902, 23.410668, 0.0], [85.31588, 23.410306, 0.0], [85.31586, 23.41001, 0.0], [85.315869, 23.409563, 0.0], [85.315894, 23.40918, 0.0], [85.315938, 23.408905, 0.0], [85.315985, 23.4087, 0.0], [85.316018, 23.408488, 0.0], [85.316038, 23.408278, 0.0], [85.315989, 23.408077, 0.0], [85.315881, 23.407807, 0.0], [85.315755, 23.407569, 0.0], [85.315602, 23.407346, 0.0], [85.315503, 23.407198, 0.0], [85.315454, 23.407017, 0.0], [85.315383, 23.406784, 0.0], [85.315297, 23.406356, 0.0], [85.31522, 23.40596, 0.0], [85.31512, 23.405559, 0.0], [85.31502, 23.40519, 0.0], [85.314979, 23.405003, 0.0], [85.314957, 23.404844, 0.0], [85.314922, 23.404611, 0.0], [85.314909, 23.404374, 0.0], [85.314918, 23.40413, 0.0], [85.314936, 23.403806, 0.0], [85.314997, 23.403551, 0.0], [85.315051, 23.403297, 0.0], [85.315063, 23.403159, 0.0], [85.315061, 23.403024, 0.0], [85.315067, 23.402841, 0.0], [85.315032, 23.402637, 0.0], [85.315007, 23.402481, 0.0], [85.31494, 23.402131, 0.0], [85.314901, 23.401794, 0.0], [85.314844, 23.401459, 0.0], [85.314828, 23.401353, 0.0], [85.31481, 23.401183, 0.0], [85.314799, 23.400971, 0.0], [85.314815, 23.400761, 0.0], [85.314828, 23.400533, 0.0], [85.314822, 23.400208, 0.0], [85.314816, 23.399894, 0.0], [85.314807, 23.399571, 0.0], [85.314799, 23.399382, 0.0], [85.31479, 23.399147, 0.0], [85.314772, 23.398948, 0.0], [85.314752, 23.398681, 0.0], [85.31475, 23.398552, 0.0], [85.31473, 23.398297, 0.0], [85.314717, 23.39794, 0.0], [85.314711, 23.39762, 0.0], [85.314705, 23.397331, 0.0], [85.314658, 23.397059, 0.0], [85.314643, 23.397005, 0.0], [85.314564, 23.39672, 0.0], [85.314477, 23.396364, 0.0], [85.31444, 23.396251, 0.0], [85.314382, 23.396072, 0.0], [85.314341, 23.395895, 0.0], [85.314348, 23.395823, 0.0], [85.314321, 23.395566, 0.0], [85.314317, 23.395428, 0.0], [85.314299, 23.395306, 0.0], [85.314251, 23.394967, 0.0], [85.314231, 23.39475, 0.0], [85.314224, 23.394513, 0.0], [85.314219, 23.394201, 0.0], [85.314204, 23.393867, 0.0], [85.314174, 23.393625, 0.0], [85.31412, 23.393238, 0.0], [85.314067, 23.392829, 0.0], [85.314057, 23.392599, 0.0], [85.314043, 23.392409, 0.0], [85.314027, 23.392181, 0.0], [85.314007, 23.391957, 0.0], [85.313975, 23.391649, 0.0], [85.313946, 23.391408, 0.0], [85.313939, 23.391134, 0.0], [85.313958, 23.390931, 0.0], [85.314005, 23.390566, 0.0], [85.314104, 23.39019, 0.0], [85.314172, 23.389963, 0.0], [85.314271, 23.389707, 0.0], [85.314296, 23.389644, 0.0], [85.314377, 23.389369, 0.0], [85.314602, 23.388798, 0.0], [85.314793, 23.388306, 0.0], [85.314948, 23.387867, 0.0], [85.315062, 23.387557, 0.0], [85.315244, 23.387087, 0.0], [85.315475, 23.386484, 0.0], [85.31562, 23.386089, 0.0], [85.315691, 23.38585, 0.0], [85.315736, 23.385634, 0.0], [85.315735, 23.38548, 0.0], [85.315711, 23.385002, 0.0], [85.315666, 23.3845, 0.0], [85.315643, 23.38426, 0.0], [85.315619, 23.38387, 0.0], [85.315627, 23.383732, 0.0], [85.315621, 23.383664, 0.0], [85.316115, 23.383627, 0.0], [85.317066, 23.383616, 0.0], [85.317801, 23.383615, 0.0], [85.318792, 23.383579, 0.0], [85.319309, 23.383568, 0.0], [85.319619, 23.383587, 0.0], [85.319639, 23.383701, 0.0], [85.319661, 23.383893, 0.0], [85.31961, 23.384116, 0.0], [85.319545, 23.384408, 0.0], [85.31949, 23.384923, 0.0], [85.31945, 23.385227, 0.0], [85.319423, 23.385428, 0.0], [85.319369, 23.38582, 0.0], [85.319341, 23.386122, 0.0], [85.319315, 23.386314, 0.0], [85.319286, 23.386627, 0.0], [85.31921, 23.386951, 0.0], [85.319083, 23.387365, 0.0], [85.31897, 23.387635, 0.0], [85.318893, 23.387971, 0.0], [85.318878, 23.38816, 0.0], [85.319059, 23.388275, 0.0], [85.319289, 23.388334, 0.0], [85.319727, 23.388282, 0.0], [85.319934, 23.388262, 0.0], [85.320299, 23.388232, 0.0], [85.320517, 23.388234, 0.0], [85.320748, 23.388237, 0.0], [85.321027, 23.388251, 0.0], [85.321366, 23.388277, 0.0]]]}}, {"type": "Feature", "properties": {"ward_no": 3, "ward_name": "WARD 3", "ulb": "Ranchi Municipal Corporation", "district": "Ranchi", "state": "Jharkhand"}, "geometry": {"type": "Polygon", "coordinates": [[[85.333114, 23.392636, 0.0], [85.333224, 23.392812, 0.0], [85.333226, 23.392812, 0.0], [85.33339, 23.392727, 0.0], [85.333483, 23.392688, 0.0], [85.333636, 23.392734, 0.0], [85.333786, 23.392793, 0.0], [85.333986, 23.392862, 0.0], [85.334145, 23.392901, 0.0], [85.334313, 23.392928, 0.0], [85.334538, 23.392948, 0.0], [85.334791, 23.392968, 0.0], [85.335039, 23.39298, 0.0], [85.335186, 23.392983, 0.0], [85.335362, 23.392987, 0.0], [85.335468, 23.392989, 0.0], [85.335567, 23.392991, 0.0], [85.335718, 23.393012, 0.0], [85.335968, 23.393055, 0.0], [85.336065, 23.393104, 0.0], [85.336213, 23.393257, 0.0], [85.336249, 23.393211, 0.0], [85.336261, 23.393199, 0.0], [85.336274, 23.393189, 0.0], [85.336289, 23.393182, 0.0], [85.336305, 23.393177, 0.0], [85.336783, 23.393071, 0.0], [85.336863, 23.393056, 0.0], [85.336921, 23.393045, 0.0], [85.337078, 23.393015, 0.0], [85.3371, 23.39316, 0.0], [85.337129, 23.393275, 0.0], [85.337128, 23.393351, 0.0], [85.337139, 23.393462, 0.0], [85.337138, 23.393523, 0.0], [85.337125, 23.393605, 0.0], [85.33712, 23.393698, 0.0], [85.337185, 23.393749, 0.0], [85.337251, 23.393818, 0.0], [85.337311, 23.393922, 0.0], [85.337384, 23.394042, 0.0], [85.337467, 23.3942, 0.0], [85.337563, 23.394318, 0.0], [85.337572, 23.394416, 0.0], [85.337632, 23.394745, 0.0], [85.337634, 23.394766, 0.0], [85.33767, 23.395081, 0.0], [85.337677, 23.395144, 0.0], [85.337677, 23.395295, 0.0], [85.337648, 23.395437, 0.0], [85.337603, 23.395703, 0.0], [85.337576, 23.395821, 0.0], [85.337537, 23.395995, 0.0], [85.337503, 23.396167, 0.0], [85.337513, 23.39637, 0.0], [85.337558, 23.396632, 0.0], [85.337601, 23.396876, 0.0], [85.337675, 23.397125, 0.0], [85.337694, 23.397254, 0.0], [85.337706, 23.397417, 0.0], [85.337725, 23.397564, 0.0], [85.337765, 23.397718, 0.0], [85.337815, 23.397851, 0.0], [85.337909, 23.398079, 0.0], [85.337183, 23.398215, 0.0], [85.337409, 23.398472, 0.0], [85.337869, 23.399109, 0.0], [85.338407, 23.399707, 0.0], [85.338861, 23.400244, 0.0], [85.339261, 23.400709, 0.0], [85.339599, 23.401114, 0.0], [85.34003, 23.401595, 0.0], [85.340105, 23.401784, 0.0], [85.34021, 23.402159, 0.0], [85.340312, 23.40272, 0.0], [85.340354, 23.403082, 0.0], [85.340428, 23.403385, 0.0], [85.340596, 23.403733, 0.0], [85.340826, 23.404008, 0.0], [85.340916, 23.404312, 0.0], [85.340881, 23.404614, 0.0], [85.340795, 23.405317, 0.0], [85.340708, 23.405964, 0.0], [85.340589, 23.406771, 0.0], [85.340536, 23.407274, 0.0], [85.340624, 23.407749, 0.0], [85.340759, 23.408139, 0.0], [85.340989, 23.408516, 0.0], [85.341218, 23.408864, 0.0], [85.341446, 23.409356, 0.0], [85.341475, 23.409573, 0.0], [85.341472, 23.409761, 0.0], [85.341592, 23.410137, 0.0], [85.341788, 23.410714, 0.0], [85.341862, 23.411045, 0.0], [85.342164, 23.411888, 0.0], [85.342421, 23.412509, 0.0], [85.342681, 23.4129, 0.0], [85.34294, 23.413393, 0.0], [85.343139, 23.41377, 0.0], [85.343383, 23.414233, 0.0], [85.343563, 23.414752, 0.0], [85.343854, 23.415215, 0.0], [85.34419, 23.415797, 0.0], [85.344541, 23.416462, 0.0], [85.344801, 23.416853, 0.0], [85.34503, 23.417201, 0.0], [85.345354, 23.417579, 0.0], [85.345583, 23.41797, 0.0], [85.345798, 23.418245, 0.0], [85.345981, 23.41855, 0.0], [85.346165, 23.418827, 0.0], [85.346271, 23.419086, 0.0], [85.346361, 23.419389, 0.0], [85.346456, 23.419736, 0.0], [85.346495, 23.41988, 0.0], [85.346534, 23.419991, 0.0], [85.346601, 23.420184, 0.0], [85.346665, 23.420356, 0.0], [85.346439, 23.420629, 0.0], [85.346093, 23.420874, 0.0], [85.345549, 23.42104, 0.0], [85.344746, 23.421388, 0.0], [85.344204, 23.421394, 0.0], [85.343748, 23.421323, 0.0], [85.343534, 23.421348, 0.0], [85.343219, 23.421462, 0.0], [85.342819, 23.421458, 0.0], [85.342589, 23.421614, 0.0], [85.342473, 23.42177, 0.0], [85.342202, 23.421781, 0.0], [85.341933, 23.421661, 0.0], [85.341747, 23.421684, 0.0], [85.341373, 23.421892, 0.0], [85.341228, 23.422087, 0.0], [85.341223, 23.422495, 0.0], [85.34122, 23.422705, 0.0], [85.340718, 23.422937, 0.0], [85.340391, 23.422895, 0.0], [85.340006, 23.422877, 0.0], [85.33968, 23.422716, 0.0], [85.339351, 23.422563, 0.0], [85.339249, 23.422522, 0.0], [85.339057, 23.422389, 0.0], [85.338879, 23.422118, 0.0], [85.338832, 23.421912, 0.0], [85.338835, 23.421851, 0.0], [85.338881, 23.421601, 0.0], [85.338656, 23.42131, 0.0], [85.338259, 23.421082, 0.0], [85.337817, 23.421077, 0.0], [85.337388, 23.42119, 0.0], [85.337072, 23.42141, 0.0], [85.336683, 23.421684, 0.0], [85.336407, 23.422076, 0.0], [85.336034, 23.422296, 0.0], [85.335734, 23.422306, 0.0], [85.335421, 23.422262, 0.0], [85.335121, 23.422245, 0.0], [85.334679, 23.422202, 0.0], [85.334294, 23.422212, 0.0], [85.333949, 23.422456, 0.0], [85.333701, 23.422903, 0.0], [85.333697, 23.422937, 0.0], [85.333082, 23.421715, 0.0], [85.332855, 23.420063, 0.0], [85.332838, 23.418272, 0.0], [85.332824, 23.417925, 0.0], [85.332822, 23.417599, 0.0], [85.332802, 23.417267, 0.0], [85.332716, 23.416835, 0.0], [85.332622, 23.416575, 0.0], [85.332576, 23.416389, 0.0], [85.332519, 23.41612, 0.0], [85.33248, 23.415794, 0.0], [85.332388, 23.415371, 0.0], [85.33235, 23.415046, 0.0], [85.332287, 23.414754, 0.0], [85.332213, 23.414371, 0.0], [85.332282, 23.414198, 0.0], [85.332377, 23.413901, 0.0], [85.332409, 23.413694, 0.0], [85.332359, 23.413373, 0.0], [85.332264, 23.413182, 0.0], [85.332128, 23.412917, 0.0], [85.332016, 23.412588, 0.0], [85.331906, 23.412189, 0.0], [85.331759, 23.411818, 0.0], [85.331652, 23.411643, 0.0], [85.331479, 23.411354, 0.0], [85.331361, 23.411134, 0.0], [85.331363, 23.410942, 0.0], [85.331317, 23.410745, 0.0], [85.331073, 23.410772, 0.0], [85.330623, 23.410828, 0.0], [85.330082, 23.41089, 0.0], [85.329957, 23.410703, 0.0], [85.329881, 23.410457, 0.0], [85.329807, 23.410067, 0.0], [85.329774, 23.409803, 0.0], [85.329799, 23.409237, 0.0], [85.329834, 23.408916, 0.0], [85.329885, 23.408671, 0.0], [85.329938, 23.408373, 0.0], [85.329995, 23.408099, 0.0], [85.330062, 23.407679, 0.0], [85.330121, 23.40728, 0.0], [85.330175, 23.406843, 0.0], [85.3302, 23.406299, 0.0], [85.330243, 23.40579, 0.0], [85.3301, 23.405625, 0.0], [85.330126, 23.405429, 0.0], [85.330154, 23.405184, 0.0], [85.330138, 23.404942, 0.0], [85.330101, 23.404576, 0.0], [85.330074, 23.404284, 0.0], [85.329977, 23.4038, 0.0], [85.329896, 23.403451, 0.0], [85.32985, 23.403243, 0.0], [85.329835, 23.402979, 0.0], [85.329826, 23.402737, 0.0], [85.329811, 23.402491, 0.0], [85.329778, 23.40217, 0.0], [85.329758, 23.401879, 0.0], [85.329744, 23.401497, 0.0], [85.32973, 23.401176, 0.0], [85.329674, 23.400851, 0.0], [85.329628, 23.400609, 0.0], [85.329548, 23.400253, 0.0], [85.329544, 23.400041, 0.0], [85.329536, 23.399743, 0.0], [85.329478, 23.399539, 0.0], [85.329402, 23.399225, 0.0], [85.329329, 23.398763, 0.0], [85.329365, 23.398366, 0.0], [85.329234, 23.398173, 0.0], [85.329054, 23.397959, 0.0], [85.328874, 23.397817, 0.0], [85.328628, 23.397589, 0.0], [85.328486, 23.397251, 0.0], [85.328391, 23.397058, 0.0], [85.328245, 23.396663, 0.0], [85.328192, 23.396473, 0.0], [85.328118, 23.396118, 0.0], [85.328072, 23.395932, 0.0], [85.328099, 23.395698, 0.0], [85.328343, 23.395599, 0.0], [85.328728, 23.395406, 0.0], [85.328786, 23.395159, 0.0], [85.328655, 23.3949, 0.0], [85.3285, 23.394697, 0.0], [85.328321, 23.394447, 0.0], [85.328153, 23.394256, 0.0], [85.328011, 23.394017, 0.0], [85.327785, 23.393566, 0.0], [85.32755, 23.392981, 0.0], [85.327363, 23.392405, 0.0], [85.327349, 23.392338, 0.0], [85.326142, 23.392624, 0.0], [85.326032, 23.392596, 0.0], [85.325668, 23.392457, 0.0], [85.324988, 23.392205, 0.0], [85.324681, 23.39202, 0.0], [85.324497, 23.391821, 0.0], [85.324458, 23.391779, 0.0], [85.324396, 23.391713, 0.0], [85.324281, 23.391541, 0.0], [85.324196, 23.391414, 0.0], [85.323564, 23.390705, 0.0], [85.322993, 23.390076, 0.0], [85.322115, 23.389007, 0.0], [85.321778, 23.388597, 0.0], [85.321547, 23.38823, 0.0], [85.321497, 23.388247, 0.0], [85.321439, 23.388247, 0.0], [85.321366, 23.388277, 0.0], [85.321027, 23.388251, 0.0], [85.320748, 23.388237, 0.0], [85.320517, 23.388234, 0.0], [85.320299, 23.388232, 0.0], [85.319934, 23.388262, 0.0], [85.319727, 23.388282, 0.0], [85.319289, 23.388334, 0.0], [85.319059, 23.388275, 0.0], [85.318878, 23.38816, 0.0], [85.318893, 23.387971, 0.0], [85.31897, 23.387635, 0.0], [85.319083, 23.387365, 0.0], [85.31921, 23.386951, 0.0], [85.319286, 23.386627, 0.0], [85.319315, 23.386314, 0.0], [85.319341, 23.386122, 0.0], [85.319369, 23.38582, 0.0], [85.319423, 23.385428, 0.0], [85.31945, 23.385227, 0.0], [85.31949, 23.384923, 0.0], [85.319545, 23.384408, 0.0], [85.31961, 23.384116, 0.0], [85.319661, 23.383893, 0.0], [85.319639, 23.383701, 0.0], [85.319619, 23.383587, 0.0], [85.319594, 23.383443, 0.0], [85.319645, 23.383251, 0.0], [85.319721, 23.382984, 0.0], [85.319823, 23.382635, 0.0], [85.321082, 23.382985, 0.0], [85.322359, 23.383414, 0.0], [85.323601, 23.383795, 0.0], [85.324654, 23.384127, 0.0], [85.326239, 23.38483, 0.0], [85.327021, 23.385216, 0.0], [85.327666, 23.385606, 0.0], [85.328307, 23.386247, 0.0], [85.328551, 23.386539, 0.0], [85.3295, 23.387556, 0.0], [85.330051, 23.388115, 0.0], [85.330362, 23.388225, 0.0], [85.330424, 23.388232, 0.0], [85.330972, 23.388303, 0.0], [85.331247, 23.388279, 0.0], [85.331292, 23.388253, 0.0], [85.331343, 23.388386, 0.0], [85.331453, 23.388816, 0.0], [85.331638, 23.389299, 0.0], [85.331778, 23.389691, 0.0], [85.331923, 23.389966, 0.0], [85.33202, 23.390247, 0.0], [85.332643, 23.391579, 0.0], [85.333114, 23.392636, 0.0]]]}}, {"type": "Feature", "properties": {"ward_no": 4, "ward_name": "WARD 4", "ulb": "Ranchi Municipal Corporation", "district": "Ranchi", "state": "Jharkhand"}, "geometry": {"type": "Polygon", "coordinates": [[[85.336255, 23.388302, 0.0], [85.336288, 23.388306, 0.0], [85.336672, 23.388366, 0.0], [85.337005, 23.388429, 0.0], [85.337326, 23.388486, 0.0], [85.337723, 23.388538, 0.0], [85.338073, 23.388605, 0.0], [85.338411, 23.388678, 0.0], [85.338789, 23.388766, 0.0], [85.339019, 23.388807, 0.0], [85.339283, 23.388868, 0.0], [85.339547, 23.388923, 0.0], [85.339851, 23.388985, 0.0], [85.340034, 23.389045, 0.0], [85.340327, 23.389119, 0.0], [85.340458, 23.389145, 0.0], [85.340946, 23.389272, 0.0], [85.341416, 23.389406, 0.0], [85.341762, 23.389515, 0.0], [85.342077, 23.389613, 0.0], [85.342232, 23.389658, 0.0], [85.342524, 23.389736, 0.0], [85.342897, 23.389834, 0.0], [85.343269, 23.389956, 0.0], [85.343636, 23.390093, 0.0], [85.34403, 23.390298, 0.0], [85.344293, 23.390418, 0.0], [85.344767, 23.390683, 0.0], [85.345087, 23.390894, 0.0], [85.345446, 23.391099, 0.0], [85.34576, 23.391303, 0.0], [85.346034, 23.391466, 0.0], [85.346433, 23.39173, 0.0], [85.346597, 23.391838, 0.0], [85.346727, 23.391925, 0.0], [85.34711, 23.392168, 0.0], [85.347811, 23.392684, 0.0], [85.348426, 23.393117, 0.0], [85.348871, 23.393449, 0.0], [85.34935, 23.393795, 0.0], [85.349714, 23.394076, 0.0], [85.350068, 23.394344, 0.0], [85.350569, 23.394722, 0.0], [85.350808, 23.394898, 0.0], [85.351002, 23.39504, 0.0], [85.351388, 23.395293, 0.0], [85.351672, 23.395531, 0.0], [85.351911, 23.395723, 0.0], [85.352082, 23.395878, 0.0], [85.352498, 23.396212, 0.0], [85.352771, 23.396427, 0.0], [85.353124, 23.39674, 0.0], [85.353323, 23.396927, 0.0], [85.353664, 23.3972, 0.0], [85.354052, 23.397517, 0.0], [85.354296, 23.397732, 0.0], [85.354724, 23.398001, 0.0], [85.355067, 23.398196, 0.0], [85.355573, 23.398685, 0.0], [85.356005, 23.399118, 0.0], [85.356392, 23.399504, 0.0], [85.35677, 23.399849, 0.0], [85.357193, 23.400088, 0.0], [85.35756, 23.400223, 0.0], [85.358365, 23.400441, 0.0], [85.358859, 23.400602, 0.0], [85.359934, 23.400851, 0.0], [85.361179, 23.401046, 0.0], [85.362241, 23.401137, 0.0], [85.363119, 23.401225, 0.0], [85.364055, 23.40118, 0.0], [85.364215, 23.401171, 0.0], [85.365062, 23.401114, 0.0], [85.366241, 23.400969, 0.0], [85.367106, 23.400939, 0.0], [85.367176, 23.401197, 0.0], [85.367342, 23.401675, 0.0], [85.367476, 23.401945, 0.0], [85.367631, 23.402297, 0.0], [85.36805, 23.403062, 0.0], [85.36843, 23.403692, 0.0], [85.36863, 23.404037, 0.0], [85.368791, 23.404436, 0.0], [85.368867, 23.404759, 0.0], [85.368958, 23.405122, 0.0], [85.369052, 23.405531, 0.0], [85.369179, 23.406031, 0.0], [85.369236, 23.406274, 0.0], [85.369222, 23.40654, 0.0], [85.369265, 23.407337, 0.0], [85.369233, 23.407687, 0.0], [85.36929, 23.407934, 0.0], [85.36928, 23.408173, 0.0], [85.369292, 23.408369, 0.0], [85.369323, 23.408672, 0.0], [85.369341, 23.408925, 0.0], [85.369431, 23.409375, 0.0], [85.369446, 23.409574, 0.0], [85.36948, 23.409952, 0.0], [85.369534, 23.410144, 0.0], [85.369629, 23.410457, 0.0], [85.369695, 23.410751, 0.0], [85.369804, 23.411054, 0.0], [85.369855, 23.411251, 0.0], [85.369908, 23.411828, 0.0], [85.369908, 23.412038, 0.0], [85.369905, 23.412286, 0.0], [85.369917, 23.412516, 0.0], [85.369904, 23.413236, 0.0], [85.369806, 23.413504, 0.0], [85.369525, 23.413718, 0.0], [85.369449, 23.413911, 0.0], [85.369386, 23.414134, 0.0], [85.369451, 23.414627, 0.0], [85.369536, 23.41482, 0.0], [85.369738, 23.415294, 0.0], [85.369796, 23.415479, 0.0], [85.369824, 23.41573, 0.0], [85.369926, 23.416083, 0.0], [85.370034, 23.416401, 0.0], [85.370168, 23.416714, 0.0], [85.370321, 23.416893, 0.0], [85.370468, 23.417006, 0.0], [85.370758, 23.417228, 0.0], [85.370797, 23.417244, 0.0], [85.370921, 23.417284, 0.0], [85.371195, 23.417329, 0.0], [85.371216, 23.41735, 0.0], [85.371356, 23.417494, 0.0], [85.371661, 23.417856, 0.0], [85.371952, 23.418509, 0.0], [85.372337, 23.419305, 0.0], [85.372553, 23.419777, 0.0], [85.37302, 23.42076, 0.0], [85.372866, 23.420706, 0.0], [85.372144, 23.420493, 0.0], [85.37165, 23.420143, 0.0], [85.371042, 23.419825, 0.0], [85.370472, 23.419509, 0.0], [85.369978, 23.419193, 0.0], [85.369445, 23.419192, 0.0], [85.369065, 23.419226, 0.0], [85.368266, 23.419364, 0.0], [85.367961, 23.419643, 0.0], [85.36758, 23.420206, 0.0], [85.367275, 23.420731, 0.0], [85.367046, 23.421187, 0.0], [85.367083, 23.421574, 0.0], [85.366892, 23.421994, 0.0], [85.366434, 23.422836, 0.0], [85.3659, 23.423713, 0.0], [85.365519, 23.424133, 0.0], [85.365289, 23.424729, 0.0], [85.364945, 23.425396, 0.0], [85.364717, 23.425782, 0.0], [85.363976, 23.425702, 0.0], [85.3631, 23.425555, 0.0], [85.361964, 23.425319, 0.0], [85.361385, 23.425277, 0.0], [85.360791, 23.424996, 0.0], [85.360648, 23.424477, 0.0], [85.360559, 23.424131, 0.0], [85.360284, 23.423733, 0.0], [85.359523, 23.423364, 0.0], [85.358887, 23.423407, 0.0], [85.358253, 23.423384, 0.0], [85.357546, 23.423101, 0.0], [85.357232, 23.422838, 0.0], [85.356623, 23.422247, 0.0], [85.356236, 23.421846, 0.0], [85.355625, 23.421374, 0.0], [85.35514, 23.421317, 0.0], [85.354691, 23.421383, 0.0], [85.354315, 23.421618, 0.0], [85.353885, 23.421631, 0.0], [85.353495, 23.421523, 0.0], [85.353102, 23.421519, 0.0], [85.352428, 23.421686, 0.0], [85.351773, 23.421799, 0.0], [85.351157, 23.421792, 0.0], [85.350502, 23.421889, 0.0], [85.349963, 23.421624, 0.0], [85.349331, 23.421446, 0.0], [85.348806, 23.42163, 0.0], [85.348394, 23.421677, 0.0], [85.347908, 23.42174, 0.0], [85.347573, 23.421583, 0.0], [85.347243, 23.421164, 0.0], [85.346941, 23.421028, 0.0], [85.346935, 23.420865, 0.0], [85.346737, 23.420547, 0.0], [85.346665, 23.420356, 0.0], [85.346601, 23.420184, 0.0], [85.346534, 23.419991, 0.0], [85.346495, 23.41988, 0.0], [85.346456, 23.419736, 0.0], [85.346361, 23.419389, 0.0], [85.346271, 23.419086, 0.0], [85.346165, 23.418827, 0.0], [85.345981, 23.41855, 0.0], [85.345798, 23.418245, 0.0], [85.345583, 23.41797, 0.0], [85.345354, 23.417579, 0.0], [85.34503, 23.417201, 0.0], [85.344801, 23.416853, 0.0], [85.344541, 23.416462, 0.0], [85.34419, 23.415797, 0.0], [85.343854, 23.415215, 0.0], [85.343563, 23.414752, 0.0], [85.343383, 23.414233, 0.0], [85.343139, 23.41377, 0.0], [85.34294, 23.413393, 0.0], [85.342681, 23.4129, 0.0], [85.342421, 23.412509, 0.0], [85.342164, 23.411888, 0.0], [85.341862, 23.411045, 0.0], [85.341788, 23.410714, 0.0], [85.341592, 23.410137, 0.0], [85.341472, 23.409761, 0.0], [85.341475, 23.409573, 0.0], [85.341446, 23.409356, 0.0], [85.341218, 23.408864, 0.0], [85.340989, 23.408516, 0.0], [85.340759, 23.408139, 0.0], [85.340624, 23.407749, 0.0], [85.340536, 23.407274, 0.0], [85.340589, 23.406771, 0.0], [85.340708, 23.405964, 0.0], [85.340795, 23.405317, 0.0], [85.340881, 23.404614, 0.0], [85.340916, 23.404312, 0.0], [85.340826, 23.404008, 0.0], [85.340596, 23.403733, 0.0], [85.340428, 23.403385, 0.0], [85.340354, 23.403082, 0.0], [85.340312, 23.40272, 0.0], [85.34021, 23.402159, 0.0], [85.340105, 23.401784, 0.0], [85.34003, 23.401595, 0.0], [85.339599, 23.401114, 0.0], [85.339261, 23.400709, 0.0], [85.338861, 23.400244, 0.0], [85.338407, 23.399707, 0.0], [85.337869, 23.399109, 0.0], [85.337409, 23.398472, 0.0], [85.337183, 23.398215, 0.0], [85.337909, 23.398079, 0.0], [85.337815, 23.397851, 0.0], [85.337765, 23.397718, 0.0], [85.337725, 23.397564, 0.0], [85.337706, 23.397417, 0.0], [85.337694, 23.397254, 0.0], [85.337675, 23.397125, 0.0], [85.337601, 23.396876, 0.0], [85.337558, 23.396632, 0.0], [85.337513, 23.39637, 0.0], [85.337503, 23.396167, 0.0], [85.337537, 23.395995, 0.0], [85.337576, 23.395821, 0.0], [85.337603, 23.395703, 0.0], [85.337648, 23.395437, 0.0], [85.337677, 23.395295, 0.0], [85.337677, 23.395144, 0.0], [85.33767, 23.395081, 0.0], [85.337634, 23.394766, 0.0], [85.337632, 23.394745, 0.0], [85.337572, 23.394416, 0.0], [85.337563, 23.394318, 0.0], [85.337467, 23.3942, 0.0], [85.337384, 23.394042, 0.0], [85.337311, 23.393922, 0.0], [85.337251, 23.393818, 0.0], [85.337185, 23.393749, 0.0], [85.33712, 23.393698, 0.0], [85.337125, 23.393605, 0.0], [85.337138, 23.393523, 0.0], [85.337139, 23.393462, 0.0], [85.337128, 23.393351, 0.0], [85.337129, 23.393275, 0.0], [85.3371, 23.39316, 0.0], [85.337078, 23.393015, 0.0], [85.336921, 23.393045, 0.0], [85.336863, 23.393056, 0.0], [85.336844, 23.392992, 0.0], [85.336689, 23.392499, 0.0], [85.336684, 23.392479, 0.0], [85.336655, 23.392363, 0.0], [85.336619, 23.392148, 0.0], [85.336596, 23.392009, 0.0], [85.336518, 23.391688, 0.0], [85.336368, 23.391178, 0.0], [85.336281, 23.390812, 0.0], [85.336178, 23.390416, 0.0], [85.336161, 23.390356, 0.0], [85.336146, 23.390304, 0.0], [85.336058, 23.389999, 0.0], [85.336012, 23.389772, 0.0], [85.335976, 23.389423, 0.0], [85.33603, 23.389191, 0.0], [85.336138, 23.388847, 0.0], [85.33618, 23.388576, 0.0], [85.336239, 23.388345, 0.0], [85.336255, 23.388302, 0.0]]]}}, {"type": "Feature", "properties": {"ward_no": 5, "ward_name": "WARD 5", "ulb": "Ranchi Municipal Corporation", "district": "Ranchi", "state": "Jharkhand"}, "geometry": {"type": "Polygon", "coordinates": [[[85.37302, 23.42076, 0.0], [85.372553, 23.419777, 0.0], [85.372337, 23.419305, 0.0], [85.371952, 23.418509, 0.0], [85.371661, 23.417856, 0.0], [85.371356, 23.417494, 0.0], [85.371216, 23.41735, 0.0], [85.371195, 23.417329, 0.0], [85.370921, 23.417284, 0.0], [85.370797, 23.417244, 0.0], [85.370758, 23.417228, 0.0], [85.370468, 23.417006, 0.0], [85.370321, 23.416893, 0.0], [85.370168, 23.416714, 0.0], [85.370034, 23.416401, 0.0], [85.369926, 23.416083, 0.0], [85.369824, 23.41573, 0.0], [85.369796, 23.415479, 0.0], [85.369738, 23.415294, 0.0], [85.369536, 23.41482, 0.0], [85.369451, 23.414627, 0.0], [85.369386, 23.414134, 0.0], [85.369449, 23.413911, 0.0], [85.369525, 23.413718, 0.0], [85.369806, 23.413504, 0.0], [85.369904, 23.413236, 0.0], [85.369917, 23.412516, 0.0], [85.369905, 23.412286, 0.0], [85.369908, 23.412038, 0.0], [85.369908, 23.411828, 0.0], [85.369855, 23.411251, 0.0], [85.369804, 23.411054, 0.0], [85.369695, 23.410751, 0.0], [85.369629, 23.410457, 0.0], [85.369534, 23.410144, 0.0], [85.36948, 23.409952, 0.0], [85.369446, 23.409574, 0.0], [85.369431, 23.409375, 0.0], [85.369341, 23.408925, 0.0], [85.369323, 23.408672, 0.0], [85.369292, 23.408369, 0.0], [85.36928, 23.408173, 0.0], [85.36929, 23.407934, 0.0], [85.369233, 23.407687, 0.0], [85.369265, 23.407337, 0.0], [85.369222, 23.40654, 0.0], [85.369236, 23.406274, 0.0], [85.369179, 23.406031, 0.0], [85.369052, 23.405531, 0.0], [85.368958, 23.405122, 0.0], [85.368867, 23.404759, 0.0], [85.368791, 23.404436, 0.0], [85.36863, 23.404037, 0.0], [85.36843, 23.403692, 0.0], [85.36805, 23.403062, 0.0], [85.367631, 23.402297, 0.0], [85.367476, 23.401945, 0.0], [85.367342, 23.401675, 0.0], [85.367176, 23.401197, 0.0], [85.367106, 23.400939, 0.0], [85.367638, 23.400879, 0.0], [85.36866, 23.400784, 0.0], [85.369782, 23.40064, 0.0], [85.370989, 23.400481, 0.0], [85.372423, 23.400288, 0.0], [85.37271, 23.400307, 0.0], [85.373058, 23.400168, 0.0], [85.373818, 23.400032, 0.0], [85.374509, 23.399865, 0.0], [85.375011, 23.399678, 0.0], [85.375391, 23.399472, 0.0], [85.375687, 23.399241, 0.0], [85.375792, 23.39914, 0.0], [85.376059, 23.398888, 0.0], [85.376499, 23.398423, 0.0], [85.376861, 23.398061, 0.0], [85.377319, 23.397664, 0.0], [85.377775, 23.397391, 0.0], [85.378269, 23.397179, 0.0], [85.378658, 23.397, 0.0], [85.379188, 23.396805, 0.0], [85.379643, 23.396627, 0.0], [85.380165, 23.396413, 0.0], [85.380667, 23.396235, 0.0], [85.381311, 23.395992, 0.0], [85.381681, 23.395855, 0.0], [85.382204, 23.395477, 0.0], [85.382443, 23.395272, 0.0], [85.382699, 23.395168, 0.0], [85.383035, 23.395088, 0.0], [85.383439, 23.39516, 0.0], [85.38386, 23.395327, 0.0], [85.384153, 23.3954, 0.0], [85.38457, 23.395562, 0.0], [85.385102, 23.396065, 0.0], [85.385377, 23.396311, 0.0], [85.385753, 23.396611, 0.0], [85.386153, 23.397015, 0.0], [85.386445, 23.397286, 0.0], [85.386939, 23.397761, 0.0], [85.387163, 23.397967, 0.0], [85.387511, 23.398307, 0.0], [85.387856, 23.39864, 0.0], [85.388156, 23.398923, 0.0], [85.388403, 23.39916, 0.0], [85.388919, 23.399667, 0.0], [85.38944, 23.400133, 0.0], [85.389795, 23.400488, 0.0], [85.389862, 23.400557, 0.0], [85.390312, 23.400963, 0.0], [85.390461, 23.401098, 0.0], [85.39179, 23.402426, 0.0], [85.393101, 23.403609, 0.0], [85.394199, 23.404442, 0.0], [85.395497, 23.405094, 0.0], [85.397404, 23.406118, 0.0], [85.399154, 23.407066, 0.0], [85.401485, 23.408971, 0.0], [85.403537, 23.411094, 0.0], [85.403079, 23.41138, 0.0], [85.402345, 23.411519, 0.0], [85.401078, 23.411524, 0.0], [85.400084, 23.411916, 0.0], [85.399839, 23.412589, 0.0], [85.399811, 23.413299, 0.0], [85.400437, 23.413906, 0.0], [85.400985, 23.414368, 0.0], [85.401282, 23.416033, 0.0], [85.401211, 23.416962, 0.0], [85.400807, 23.417653, 0.0], [85.40012, 23.418852, 0.0], [85.39946, 23.419392, 0.0], [85.398604, 23.419839, 0.0], [85.39759, 23.42023, 0.0], [85.396865, 23.421264, 0.0], [85.396348, 23.421516, 0.0], [85.396025, 23.422059, 0.0], [85.395694, 23.423207, 0.0], [85.395211, 23.423913, 0.0], [85.394294, 23.42447, 0.0], [85.393846, 23.42452, 0.0], [85.393778, 23.424564, 0.0], [85.393131, 23.424774, 0.0], [85.392369, 23.425053, 0.0], [85.391608, 23.425158, 0.0], [85.390848, 23.425085, 0.0], [85.389935, 23.425084, 0.0], [85.389136, 23.425049, 0.0], [85.388376, 23.425046, 0.0], [85.387539, 23.425292, 0.0], [85.38693, 23.4255, 0.0], [85.386397, 23.425676, 0.0], [85.385446, 23.425675, 0.0], [85.384571, 23.425639, 0.0], [85.384115, 23.425426, 0.0], [85.383431, 23.425356, 0.0], [85.382822, 23.425284, 0.0], [85.38191, 23.424652, 0.0], [85.381227, 23.424053, 0.0], [85.380354, 23.423105, 0.0], [85.379671, 23.422366, 0.0], [85.379063, 23.421944, 0.0], [85.378569, 23.421768, 0.0], [85.378074, 23.421731, 0.0], [85.37758, 23.421627, 0.0], [85.376743, 23.421658, 0.0], [85.376325, 23.421553, 0.0], [85.375641, 23.421306, 0.0], [85.375223, 23.42113, 0.0], [85.374425, 23.420989, 0.0], [85.373588, 23.420953, 0.0], [85.37302, 23.42076, 0.0]]]}}, {"type": "Feature", "properties": {"ward_no": 7, "ward_name": "WARD 7", "ulb": "Ranchi Municipal Corporation", "district": "Ranchi", "state": "Jharkhand"}, "geometry": {"type": "Polygon", "coordinates": [[[85.364206, 23.380702, 0.0], [85.364187, 23.380518, 0.0], [85.364287, 23.380479, 0.0], [85.364354, 23.380435, 0.0], [85.364572, 23.3804, 0.0], [85.365, 23.380335, 0.0], [85.365033, 23.380357, 0.0], [85.365076, 23.380461, 0.0], [85.365091, 23.380527, 0.0], [85.365319, 23.380501, 0.0], [85.365625, 23.380467, 0.0], [85.365984, 23.380426, 0.0], [85.366209, 23.380365, 0.0], [85.366193, 23.380265, 0.0], [85.366165, 23.380043, 0.0], [85.366136, 23.379864, 0.0], [85.366046, 23.379563, 0.0], [85.365744, 23.379476, 0.0], [85.365693, 23.379428, 0.0], [85.365569, 23.379369, 0.0], [85.365529, 23.379283, 0.0], [85.3655, 23.37913, 0.0], [85.365502, 23.378986, 0.0], [85.365523, 23.378698, 0.0], [85.365572, 23.378526, 0.0], [85.365535, 23.378368, 0.0], [85.365536, 23.378303, 0.0], [85.365548, 23.378228, 0.0], [85.365584, 23.378168, 0.0], [85.365639, 23.378082, 0.0], [85.365671, 23.378022, 0.0], [85.365708, 23.377911, 0.0], [85.365713, 23.377779, 0.0], [85.365703, 23.377671, 0.0], [85.365681, 23.377552, 0.0], [85.365628, 23.377423, 0.0], [85.365572, 23.377279, 0.0], [85.36553, 23.377214, 0.0], [85.365464, 23.377077, 0.0], [85.365685, 23.377032, 0.0], [85.36563, 23.376751, 0.0], [85.365554, 23.376642, 0.0], [85.365503, 23.37657, 0.0], [85.365121, 23.375503, 0.0], [85.364562, 23.374117, 0.0], [85.364512, 23.373967, 0.0], [85.364482, 23.373788, 0.0], [85.36447, 23.373716, 0.0], [85.364426, 23.373602, 0.0], [85.364392, 23.373207, 0.0], [85.36435, 23.372986, 0.0], [85.364273, 23.372925, 0.0], [85.364189, 23.372913, 0.0], [85.36406, 23.372857, 0.0], [85.363932, 23.372772, 0.0], [85.363704, 23.372364, 0.0], [85.363577, 23.372106, 0.0], [85.363563, 23.371998, 0.0], [85.363529, 23.371848, 0.0], [85.363533, 23.371788, 0.0], [85.363533, 23.371745, 0.0], [85.363797, 23.371702, 0.0], [85.364191, 23.371713, 0.0], [85.3642, 23.371535, 0.0], [85.364171, 23.371341, 0.0], [85.364317, 23.37128, 0.0], [85.364461, 23.371148, 0.0], [85.36457, 23.37091, 0.0], [85.364686, 23.370747, 0.0], [85.364884, 23.370452, 0.0], [85.364879, 23.370411, 0.0], [85.36486, 23.370306, 0.0], [85.364866, 23.370241, 0.0], [85.364888, 23.3702, 0.0], [85.364927, 23.370176, 0.0], [85.364978, 23.370159, 0.0], [85.365239, 23.370079, 0.0], [85.365301, 23.370047, 0.0], [85.365341, 23.370013, 0.0], [85.365397, 23.36998, 0.0], [85.365475, 23.369952, 0.0], [85.365618, 23.369921, 0.0], [85.365716, 23.369902, 0.0], [85.365917, 23.369854, 0.0], [85.366062, 23.369821, 0.0], [85.36613, 23.369812, 0.0], [85.366163, 23.369811, 0.0], [85.366183, 23.369809, 0.0], [85.366254, 23.369833, 0.0], [85.366302, 23.369869, 0.0], [85.366373, 23.369883, 0.0], [85.366431, 23.369861, 0.0], [85.366473, 23.369837, 0.0], [85.366542, 23.369832, 0.0], [85.367034, 23.369826, 0.0], [85.367435, 23.369798, 0.0], [85.367649, 23.369803, 0.0], [85.367816, 23.369823, 0.0], [85.367933, 23.369827, 0.0], [85.368636, 23.369703, 0.0], [85.368862, 23.369496, 0.0], [85.368948, 23.369085, 0.0], [85.369088, 23.36903, 0.0], [85.369014, 23.368694, 0.0], [85.369148, 23.36837, 0.0], [85.369652, 23.368136, 0.0], [85.369816, 23.368064, 0.0], [85.369871, 23.368009, 0.0], [85.369855, 23.367934, 0.0], [85.369813, 23.367772, 0.0], [85.369745, 23.367517, 0.0], [85.369679, 23.367242, 0.0], [85.369685, 23.367118, 0.0], [85.369766, 23.367019, 0.0], [85.369795, 23.366964, 0.0], [85.369719, 23.366662, 0.0], [85.369711, 23.366529, 0.0], [85.369758, 23.366406, 0.0], [85.369861, 23.366269, 0.0], [85.369905, 23.366172, 0.0], [85.369961, 23.366044, 0.0], [85.370045, 23.365945, 0.0], [85.370066, 23.365934, 0.0], [85.370168, 23.36588, 0.0], [85.370247, 23.365849, 0.0], [85.3703, 23.365793, 0.0], [85.37036, 23.365728, 0.0], [85.370442, 23.365636, 0.0], [85.370447, 23.365601, 0.0], [85.370453, 23.365444, 0.0], [85.370461, 23.365336, 0.0], [85.370404, 23.365252, 0.0], [85.37038, 23.36512, 0.0], [85.370336, 23.365006, 0.0], [85.370254, 23.364868, 0.0], [85.37019, 23.364439, 0.0], [85.370066, 23.364044, 0.0], [85.369888, 23.363719, 0.0], [85.369709, 23.36355, 0.0], [85.369595, 23.36337, 0.0], [85.369494, 23.363178, 0.0], [85.369419, 23.362926, 0.0], [85.369421, 23.362771, 0.0], [85.369438, 23.362496, 0.0], [85.369576, 23.362155, 0.0], [85.369758, 23.362161, 0.0], [85.369817, 23.362162, 0.0], [85.370185, 23.362087, 0.0], [85.370331, 23.362063, 0.0], [85.370421, 23.362046, 0.0], [85.370455, 23.362019, 0.0], [85.37046, 23.361975, 0.0], [85.370452, 23.361902, 0.0], [85.37028, 23.361345, 0.0], [85.37076, 23.36122, 0.0], [85.370637, 23.360729, 0.0], [85.370666, 23.360454, 0.0], [85.370501, 23.359936, 0.0], [85.370336, 23.359462, 0.0], [85.370309, 23.359132, 0.0], [85.370393, 23.358631, 0.0], [85.370756, 23.358133, 0.0], [85.371056, 23.35772, 0.0], [85.371169, 23.357406, 0.0], [85.37122, 23.357034, 0.0], [85.371382, 23.356534, 0.0], [85.37156, 23.356282, 0.0], [85.371709, 23.356345, 0.0], [85.372394, 23.356253, 0.0], [85.373118, 23.355978, 0.0], [85.37333, 23.356312, 0.0], [85.373779, 23.3564, 0.0], [85.374481, 23.356408, 0.0], [85.375293, 23.356646, 0.0], [85.37537, 23.356778, 0.0], [85.375564, 23.357159, 0.0], [85.375478, 23.357283, 0.0], [85.37529, 23.357895, 0.0], [85.375205, 23.358957, 0.0], [85.375666, 23.35956, 0.0], [85.376405, 23.359518, 0.0], [85.377106, 23.359575, 0.0], [85.37755, 23.360079, 0.0], [85.378039, 23.36133, 0.0], [85.378479, 23.362014, 0.0], [85.378976, 23.362223, 0.0], [85.37903, 23.362386, 0.0], [85.379148, 23.362549, 0.0], [85.379733, 23.362738, 0.0], [85.380403, 23.363513, 0.0], [85.380544, 23.364201, 0.0], [85.381112, 23.364412, 0.0], [85.381499, 23.365265, 0.0], [85.381769, 23.365518, 0.0], [85.382191, 23.3655, 0.0], [85.382548, 23.364702, 0.0], [85.382936, 23.363447, 0.0], [85.383864, 23.362655, 0.0], [85.385014, 23.361888, 0.0], [85.385243, 23.36168, 0.0], [85.385544, 23.361631, 0.0], [85.386196, 23.36155, 0.0], [85.386788, 23.361441, 0.0], [85.387232, 23.361387, 0.0], [85.387859, 23.361274, 0.0], [85.388841, 23.361514, 0.0], [85.390327, 23.361757, 0.0], [85.391192, 23.362019, 0.0], [85.391815, 23.361865, 0.0], [85.391997, 23.361725, 0.0], [85.392331, 23.361902, 0.0], [85.392655, 23.362452, 0.0], [85.392654, 23.362951, 0.0], [85.392599, 23.3636, 0.0], [85.392759, 23.364449, 0.0], [85.393029, 23.365099, 0.0], [85.393622, 23.365749, 0.0], [85.394108, 23.366149, 0.0], [85.394323, 23.366849, 0.0], [85.394376, 23.367597, 0.0], [85.394482, 23.368844, 0.0], [85.394535, 23.369793, 0.0], [85.394587, 23.370841, 0.0], [85.394639, 23.371941, 0.0], [85.395016, 23.372938, 0.0], [85.395392, 23.374287, 0.0], [85.396201, 23.375686, 0.0], [85.396686, 23.376834, 0.0], [85.397008, 23.378034, 0.0], [85.396844, 23.379082, 0.0], [85.396464, 23.379529, 0.0], [85.396193, 23.380529, 0.0], [85.395866, 23.381575, 0.0], [85.39554, 23.382473, 0.0], [85.395485, 23.383271, 0.0], [85.395483, 23.384021, 0.0], [85.395374, 23.384521, 0.0], [85.395157, 23.385368, 0.0], [85.394885, 23.386166, 0.0], [85.394829, 23.386866, 0.0], [85.394936, 23.388212, 0.0], [85.395097, 23.388812, 0.0], [85.39515, 23.389113, 0.0], [85.395204, 23.389461, 0.0], [85.39477, 23.390109, 0.0], [85.394606, 23.390297, 0.0], [85.394673, 23.390384, 0.0], [85.394863, 23.390553, 0.0], [85.395105, 23.391158, 0.0], [85.395443, 23.392078, 0.0], [85.395469, 23.392336, 0.0], [85.395208, 23.392322, 0.0], [85.394, 23.392278, 0.0], [85.394014, 23.392558, 0.0], [85.394134, 23.393234, 0.0], [85.394395, 23.394158, 0.0], [85.39456, 23.394514, 0.0], [85.394812, 23.394815, 0.0], [85.394901, 23.395084, 0.0], [85.395066, 23.395434, 0.0], [85.395099, 23.395535, 0.0], [85.394784, 23.395684, 0.0], [85.394293, 23.39592, 0.0], [85.393925, 23.396108, 0.0], [85.393516, 23.396287, 0.0], [85.393294, 23.396377, 0.0], [85.393086, 23.396535, 0.0], [85.392725, 23.396687, 0.0], [85.392375, 23.396801, 0.0], [85.391796, 23.397107, 0.0], [85.391579, 23.397308, 0.0], [85.391286, 23.397497, 0.0], [85.390987, 23.397708, 0.0], [85.390799, 23.397889, 0.0], [85.39067, 23.398059, 0.0], [85.390562, 23.398327, 0.0], [85.390415, 23.398443, 0.0], [85.390228, 23.398585, 0.0], [85.390138, 23.398767, 0.0], [85.390117, 23.399051, 0.0], [85.39017, 23.399481, 0.0], [85.390275, 23.399947, 0.0], [85.39031, 23.400392, 0.0], [85.390404, 23.400822, 0.0], [85.390397, 23.400928, 0.0], [85.390312, 23.400963, 0.0], [85.389862, 23.400557, 0.0], [85.389795, 23.400488, 0.0], [85.38944, 23.400133, 0.0], [85.388919, 23.399667, 0.0], [85.388403, 23.39916, 0.0], [85.388156, 23.398923, 0.0], [85.387856, 23.39864, 0.0], [85.387511, 23.398307, 0.0], [85.387163, 23.397967, 0.0], [85.386939, 23.397761, 0.0], [85.386445, 23.397286, 0.0], [85.386153, 23.397015, 0.0], [85.385753, 23.396611, 0.0], [85.385377, 23.396311, 0.0], [85.385102, 23.396065, 0.0], [85.38457, 23.395562, 0.0], [85.384339, 23.395472, 0.0], [85.384345, 23.395387, 0.0], [85.384304, 23.395245, 0.0], [85.384197, 23.395119, 0.0], [85.383628, 23.394552, 0.0], [85.382863, 23.39382, 0.0], [85.3824, 23.393458, 0.0], [85.382327, 23.393401, 0.0], [85.38213, 23.393247, 0.0], [85.381134, 23.39237, 0.0], [85.380065, 23.391541, 0.0], [85.380005, 23.391501, 0.0], [85.378815, 23.390707, 0.0], [85.378746, 23.390661, 0.0], [85.377584, 23.389886, 0.0], [85.377473, 23.389795, 0.0], [85.376785, 23.389354, 0.0], [85.375194, 23.388292, 0.0], [85.374365, 23.387746, 0.0], [85.37381, 23.387375, 0.0], [85.373624, 23.387251, 0.0], [85.373513, 23.387177, 0.0], [85.372259, 23.386341, 0.0], [85.371778, 23.38602, 0.0], [85.370508, 23.385153, 0.0], [85.370483, 23.385136, 0.0], [85.370152, 23.384908, 0.0], [85.369719, 23.384609, 0.0], [85.368509, 23.383772, 0.0], [85.368399, 23.383694, 0.0], [85.367531, 23.383066, 0.0], [85.366813, 23.382531, 0.0], [85.36674, 23.382479, 0.0], [85.365884, 23.381871, 0.0], [85.365878, 23.38188, 0.0], [85.364206, 23.380702, 0.0]]]}}, {"type": "Feature", "properties": {"ward_no": 9, "ward_name": "WARD 9", "ulb": "Ranchi Municipal Corporation", "district": "Ranchi", "state": "Jharkhand"}, "geometry": {"type": "Polygon", "coordinates": [[[85.363875, 23.381391, 0.0], [85.36391, 23.38157, 0.0], [85.363972, 23.381738, 0.0], [85.364027, 23.381989, 0.0], [85.364098, 23.382231, 0.0], [85.364165, 23.382357, 0.0], [85.364207, 23.382519, 0.0], [85.364267, 23.382813, 0.0], [85.364421, 23.383276, 0.0], [85.364473, 23.38345, 0.0], [85.364481, 23.383477, 0.0], [85.3645, 23.383523, 0.0], [85.364566, 23.383684, 0.0], [85.364691, 23.384049, 0.0], [85.364728, 23.384155, 0.0], [85.364815, 23.384389, 0.0], [85.364831, 23.384458, 0.0], [85.364831, 23.3845, 0.0], [85.364825, 23.384558, 0.0], [85.364847, 23.384627, 0.0], [85.364928, 23.384796, 0.0], [85.365026, 23.385042, 0.0], [85.365086, 23.385186, 0.0], [85.365152, 23.385326, 0.0], [85.365212, 23.385426, 0.0], [85.365259, 23.385492, 0.0], [85.365319, 23.385605, 0.0], [85.365383, 23.385804, 0.0], [85.365389, 23.385859, 0.0], [85.365379, 23.385911, 0.0], [85.365323, 23.386006, 0.0], [85.365305, 23.386021, 0.0], [85.365355, 23.386048, 0.0], [85.365417, 23.386049, 0.0], [85.365535, 23.386044, 0.0], [85.3656, 23.386043, 0.0], [85.365643, 23.386047, 0.0], [85.365668, 23.386069, 0.0], [85.36568, 23.386114, 0.0], [85.365681, 23.386186, 0.0], [85.365714, 23.386238, 0.0], [85.365785, 23.386347, 0.0], [85.365835, 23.386477, 0.0], [85.365863, 23.386586, 0.0], [85.365883, 23.386785, 0.0], [85.365926, 23.387019, 0.0], [85.365968, 23.387157, 0.0], [85.366004, 23.387276, 0.0], [85.366043, 23.387335, 0.0], [85.366096, 23.38738, 0.0], [85.366124, 23.387422, 0.0], [85.366164, 23.387515, 0.0], [85.366368, 23.387862, 0.0], [85.366255, 23.38801, 0.0], [85.366032, 23.388312, 0.0], [85.365902, 23.388399, 0.0], [85.365752, 23.388488, 0.0], [85.365713, 23.388542, 0.0], [85.365811, 23.388929, 0.0], [85.365848, 23.389177, 0.0], [85.365889, 23.389573, 0.0], [85.365894, 23.389792, 0.0], [85.365902, 23.390187, 0.0], [85.365915, 23.390494, 0.0], [85.365933, 23.390686, 0.0], [85.365929, 23.391021, 0.0], [85.365845, 23.391408, 0.0], [85.365781, 23.39161, 0.0], [85.365595, 23.392155, 0.0], [85.365514, 23.392341, 0.0], [85.365428, 23.392589, 0.0], [85.365342, 23.392805, 0.0], [85.36526, 23.393063, 0.0], [85.365173, 23.393381, 0.0], [85.365103, 23.393685, 0.0], [85.364962, 23.394051, 0.0], [85.364827, 23.394204, 0.0], [85.364729, 23.39441, 0.0], [85.364676, 23.39464, 0.0], [85.364611, 23.394876, 0.0], [85.364529, 23.395128, 0.0], [85.364476, 23.395381, 0.0], [85.364407, 23.39561, 0.0], [85.364255, 23.396144, 0.0], [85.364142, 23.396556, 0.0], [85.364114, 23.396824, 0.0], [85.364126, 23.397217, 0.0], [85.364119, 23.397761, 0.0], [85.364107, 23.398084, 0.0], [85.3641, 23.398652, 0.0], [85.364109, 23.399242, 0.0], [85.364131, 23.400195, 0.0], [85.364142, 23.400572, 0.0], [85.364188, 23.400909, 0.0], [85.364215, 23.401171, 0.0], [85.364055, 23.40118, 0.0], [85.363119, 23.401225, 0.0], [85.362241, 23.401137, 0.0], [85.361179, 23.401046, 0.0], [85.359934, 23.400851, 0.0], [85.358859, 23.400602, 0.0], [85.358365, 23.400441, 0.0], [85.35756, 23.400223, 0.0], [85.357193, 23.400088, 0.0], [85.35677, 23.399849, 0.0], [85.356392, 23.399504, 0.0], [85.356005, 23.399118, 0.0], [85.355573, 23.398685, 0.0], [85.355067, 23.398196, 0.0], [85.354724, 23.398001, 0.0], [85.354296, 23.397732, 0.0], [85.354052, 23.397517, 0.0], [85.353664, 23.3972, 0.0], [85.353323, 23.396927, 0.0], [85.353124, 23.39674, 0.0], [85.352771, 23.396427, 0.0], [85.352498, 23.396212, 0.0], [85.352082, 23.395878, 0.0], [85.351911, 23.395723, 0.0], [85.351672, 23.395531, 0.0], [85.351388, 23.395293, 0.0], [85.351002, 23.39504, 0.0], [85.350808, 23.394898, 0.0], [85.350569, 23.394722, 0.0], [85.350068, 23.394344, 0.0], [85.349714, 23.394076, 0.0], [85.34935, 23.393795, 0.0], [85.348871, 23.393449, 0.0], [85.348426, 23.393117, 0.0], [85.347811, 23.392684, 0.0], [85.34711, 23.392168, 0.0], [85.346727, 23.391925, 0.0], [85.346597, 23.391838, 0.0], [85.346866, 23.3914, 0.0], [85.346982, 23.391149, 0.0], [85.347064, 23.390908, 0.0], [85.34714, 23.390733, 0.0], [85.347234, 23.390467, 0.0], [85.347272, 23.390262, 0.0], [85.347309, 23.390055, 0.0], [85.347426, 23.389767, 0.0], [85.347569, 23.389457, 0.0], [85.347736, 23.389267, 0.0], [85.347992, 23.389003, 0.0], [85.34823, 23.388773, 0.0], [85.348493, 23.38855, 0.0], [85.348584, 23.388271, 0.0], [85.348571, 23.387957, 0.0], [85.348531, 23.387659, 0.0], [85.348465, 23.387353, 0.0], [85.348432, 23.387159, 0.0], [85.348342, 23.3867, 0.0], [85.348243, 23.386265, 0.0], [85.34817, 23.385838, 0.0], [85.348149, 23.385499, 0.0], [85.348281, 23.385349, 0.0], [85.348431, 23.385166, 0.0], [85.348418, 23.38482, 0.0], [85.34838, 23.384359, 0.0], [85.348365, 23.384158, 0.0], [85.348351, 23.383984, 0.0], [85.348437, 23.383962, 0.0], [85.348619, 23.383915, 0.0], [85.348992, 23.383828, 0.0], [85.349429, 23.383729, 0.0], [85.349727, 23.383658, 0.0], [85.349909, 23.383615, 0.0], [85.349919, 23.383606, 0.0], [85.349818, 23.383257, 0.0], [85.349961, 23.383223, 0.0], [85.350318, 23.383138, 0.0], [85.350327, 23.383091, 0.0], [85.35035, 23.383046, 0.0], [85.350949, 23.382801, 0.0], [85.350988, 23.382913, 0.0], [85.351013, 23.382984, 0.0], [85.351216, 23.38294, 0.0], [85.351413, 23.3829, 0.0], [85.351539, 23.382889, 0.0], [85.351643, 23.382898, 0.0], [85.351704, 23.382926, 0.0], [85.351754, 23.382968, 0.0], [85.351799, 23.382989, 0.0], [85.351871, 23.38299, 0.0], [85.352406, 23.382863, 0.0], [85.352589, 23.382812, 0.0], [85.35271, 23.382778, 0.0], [85.352927, 23.382734, 0.0], [85.353054, 23.382718, 0.0], [85.353198, 23.382709, 0.0], [85.353413, 23.382668, 0.0], [85.353646, 23.382592, 0.0], [85.353887, 23.382537, 0.0], [85.354099, 23.382515, 0.0], [85.35438, 23.382489, 0.0], [85.354602, 23.382468, 0.0], [85.354688, 23.38246, 0.0], [85.354869, 23.382452, 0.0], [85.35496, 23.382447, 0.0], [85.355027, 23.382468, 0.0], [85.355171, 23.38249, 0.0], [85.355344, 23.382495, 0.0], [85.355569, 23.382486, 0.0], [85.355751, 23.382464, 0.0], [85.355852, 23.382452, 0.0], [85.355989, 23.382437, 0.0], [85.356038, 23.382431, 0.0], [85.356187, 23.382439, 0.0], [85.356391, 23.382457, 0.0], [85.356518, 23.38247, 0.0], [85.356636, 23.382455, 0.0], [85.356662, 23.382445, 0.0], [85.35677, 23.382406, 0.0], [85.35695, 23.382333, 0.0], [85.357159, 23.38226, 0.0], [85.357241, 23.382248, 0.0], [85.357302, 23.382249, 0.0], [85.357419, 23.382245, 0.0], [85.357613, 23.382197, 0.0], [85.35786, 23.382138, 0.0], [85.357946, 23.38212, 0.0], [85.358125, 23.382083, 0.0], [85.358213, 23.38207, 0.0], [85.358209, 23.382051, 0.0], [85.358231, 23.38196, 0.0], [85.358306, 23.381983, 0.0], [85.358432, 23.382005, 0.0], [85.358508, 23.38202, 0.0], [85.358583, 23.382042, 0.0], [85.35867, 23.38205, 0.0], [85.358999, 23.382091, 0.0], [85.359216, 23.382117, 0.0], [85.359628, 23.382099, 0.0], [85.359692, 23.382136, 0.0], [85.359838, 23.382317, 0.0], [85.36002, 23.382301, 0.0], [85.360194, 23.382326, 0.0], [85.360414, 23.38237, 0.0], [85.360555, 23.382456, 0.0], [85.360703, 23.382523, 0.0], [85.360929, 23.382585, 0.0], [85.361097, 23.382587, 0.0], [85.361207, 23.382558, 0.0], [85.361339, 23.382344, 0.0], [85.361399, 23.382261, 0.0], [85.361531, 23.382048, 0.0], [85.361623, 23.381899, 0.0], [85.361748, 23.381769, 0.0], [85.361982, 23.381682, 0.0], [85.362962, 23.381447, 0.0], [85.36324, 23.381426, 0.0], [85.363875, 23.381391, 0.0]]]}}, {"type": "Feature", "properties": {"ward_no": 13, "ward_name": "WARD 13", "ulb": "Ranchi Municipal Corporation", "district": "Ranchi", "state": "Jharkhand"}, "geometry": {"type": "Polygon", "coordinates": [[[85.354723, 23.357269, 0.0], [85.354734, 23.357382, 0.0], [85.354741, 23.3575, 0.0], [85.354747, 23.357619, 0.0], [85.354748, 23.35778, 0.0], [85.354749, 23.35794, 0.0], [85.354749, 23.358102, 0.0], [85.354747, 23.358283, 0.0], [85.354745, 23.358466, 0.0], [85.354743, 23.358599, 0.0], [85.354742, 23.358732, 0.0], [85.35474, 23.358865, 0.0], [85.354738, 23.359064, 0.0], [85.354689, 23.359111, 0.0], [85.354493, 23.359138, 0.0], [85.354344, 23.35917, 0.0], [85.354196, 23.359203, 0.0], [85.354047, 23.359246, 0.0], [85.353898, 23.359292, 0.0], [85.353774, 23.359325, 0.0], [85.35365, 23.359357, 0.0], [85.353489, 23.359401, 0.0], [85.353328, 23.359444, 0.0], [85.353167, 23.359501, 0.0], [85.352981, 23.35956, 0.0], [85.352736, 23.359632, 0.0], [85.352645, 23.359685, 0.0], [85.352681, 23.359803, 0.0], [85.352742, 23.359883, 0.0], [85.352803, 23.359965, 0.0], [85.352863, 23.360067, 0.0], [85.352924, 23.360171, 0.0], [85.352996, 23.360319, 0.0], [85.353068, 23.360469, 0.0], [85.353108, 23.360614, 0.0], [85.353147, 23.360759, 0.0], [85.353187, 23.360903, 0.0], [85.353242, 23.361055, 0.0], [85.353298, 23.361207, 0.0], [85.353353, 23.361359, 0.0], [85.352822, 23.361559, 0.0], [85.351943, 23.361872, 0.0], [85.350905, 23.362259, 0.0], [85.35065, 23.362374, 0.0], [85.349757, 23.362707, 0.0], [85.349102, 23.36296, 0.0], [85.348164, 23.363314, 0.0], [85.347523, 23.36351, 0.0], [85.346329, 23.363897, 0.0], [85.345171, 23.364433, 0.0], [85.345052, 23.364502, 0.0], [85.34497, 23.364449, 0.0], [85.344916, 23.364399, 0.0], [85.344738, 23.364235, 0.0], [85.344452, 23.364006, 0.0], [85.344409, 23.363949, 0.0], [85.3439, 23.363569, 0.0], [85.343346, 23.363116, 0.0], [85.343028, 23.362864, 0.0], [85.342418, 23.362325, 0.0], [85.341865, 23.361859, 0.0], [85.341424, 23.36152, 0.0], [85.3414, 23.361501, 0.0], [85.340431, 23.360694, 0.0], [85.339782, 23.360154, 0.0], [85.339104, 23.35956, 0.0], [85.338484, 23.359037, 0.0], [85.337863, 23.358524, 0.0], [85.337617, 23.358323, 0.0], [85.337352, 23.358106, 0.0], [85.337827, 23.357863, 0.0], [85.338083, 23.357752, 0.0], [85.338532, 23.357507, 0.0], [85.339026, 23.357252, 0.0], [85.339448, 23.357017, 0.0], [85.339675, 23.35688, 0.0], [85.33984, 23.356606, 0.0], [85.339891, 23.356367, 0.0], [85.340312, 23.356239, 0.0], [85.34057, 23.356183, 0.0], [85.340981, 23.356135, 0.0], [85.341449, 23.356079, 0.0], [85.341797, 23.356017, 0.0], [85.34221, 23.355954, 0.0], [85.342879, 23.355848, 0.0], [85.34338, 23.355759, 0.0], [85.344178, 23.355722, 0.0], [85.345024, 23.35565, 0.0], [85.345806, 23.355597, 0.0], [85.346483, 23.355561, 0.0], [85.346951, 23.355566, 0.0], [85.347552, 23.355498, 0.0], [85.348077, 23.355443, 0.0], [85.348432, 23.355381, 0.0], [85.348852, 23.355272, 0.0], [85.349281, 23.355069, 0.0], [85.349768, 23.354776, 0.0], [85.350182, 23.354537, 0.0], [85.350651, 23.354377, 0.0], [85.351263, 23.354302, 0.0], [85.35128, 23.354302, 0.0], [85.351638, 23.353992, 0.0], [85.351761, 23.353736, 0.0], [85.351798, 23.353041, 0.0], [85.351871, 23.352586, 0.0], [85.352041, 23.352168, 0.0], [85.352161, 23.351885, 0.0], [85.352292, 23.35143, 0.0], [85.352307, 23.351046, 0.0], [85.352283, 23.350626, 0.0], [85.352173, 23.350079, 0.0], [85.352418, 23.349831, 0.0], [85.352544, 23.349719, 0.0], [85.352846, 23.34942, 0.0], [85.353104, 23.349125, 0.0], [85.353289, 23.348853, 0.0], [85.353557, 23.348538, 0.0], [85.353734, 23.348359, 0.0], [85.353973, 23.348113, 0.0], [85.354232, 23.347965, 0.0], [85.354544, 23.347787, 0.0], [85.354809, 23.347673, 0.0], [85.355073, 23.347569, 0.0], [85.355331, 23.347473, 0.0], [85.355887, 23.347278, 0.0], [85.356097, 23.347169, 0.0], [85.356335, 23.347052, 0.0], [85.356681, 23.346875, 0.0], [85.356933, 23.346729, 0.0], [85.357157, 23.346582, 0.0], [85.357422, 23.346411, 0.0], [85.357736, 23.346195, 0.0], [85.357994, 23.346011, 0.0], [85.358267, 23.345815, 0.0], [85.358498, 23.345648, 0.0], [85.358778, 23.345414, 0.0], [85.358975, 23.34526, 0.0], [85.359166, 23.345102, 0.0], [85.359445, 23.344904, 0.0], [85.359691, 23.344665, 0.0], [85.359861, 23.344561, 0.0], [85.360125, 23.344439, 0.0], [85.36013, 23.344448, 0.0], [85.36027, 23.344739, 0.0], [85.360341, 23.345044, 0.0], [85.360446, 23.345307, 0.0], [85.360531, 23.345502, 0.0], [85.360608, 23.345821, 0.0], [85.360619, 23.346032, 0.0], [85.360892, 23.346335, 0.0], [85.36114, 23.346468, 0.0], [85.361548, 23.346734, 0.0], [85.36183, 23.346886, 0.0], [85.362004, 23.346994, 0.0], [85.362381, 23.347034, 0.0], [85.362812, 23.347158, 0.0], [85.363125, 23.347455, 0.0], [85.363298, 23.347638, 0.0], [85.363525, 23.347825, 0.0], [85.363811, 23.348153, 0.0], [85.364098, 23.348461, 0.0], [85.364284, 23.348682, 0.0], [85.364472, 23.348801, 0.0], [85.364727, 23.348903, 0.0], [85.36515, 23.349021, 0.0], [85.365507, 23.349142, 0.0], [85.365796, 23.349197, 0.0], [85.366179, 23.3493, 0.0], [85.366489, 23.349346, 0.0], [85.366732, 23.349355, 0.0], [85.367037, 23.349289, 0.0], [85.36728, 23.349262, 0.0], [85.367537, 23.349233, 0.0], [85.367834, 23.34918, 0.0], [85.368124, 23.349194, 0.0], [85.368367, 23.349242, 0.0], [85.368588, 23.349312, 0.0], [85.368884, 23.349446, 0.0], [85.369197, 23.349742, 0.0], [85.36929, 23.349906, 0.0], [85.369335, 23.350091, 0.0], [85.369202, 23.350458, 0.0], [85.36903, 23.35075, 0.0], [85.36902, 23.350987, 0.0], [85.369004, 23.351185, 0.0], [85.368925, 23.35141, 0.0], [85.368273, 23.351394, 0.0], [85.36777, 23.351385, 0.0], [85.36667, 23.35154, 0.0], [85.365562, 23.352359, 0.0], [85.364953, 23.353398, 0.0], [85.364597, 23.353808, 0.0], [85.364181, 23.3543, 0.0], [85.363855, 23.354764, 0.0], [85.363617, 23.355091, 0.0], [85.363409, 23.355554, 0.0], [85.363053, 23.356182, 0.0], [85.362726, 23.356757, 0.0], [85.362311, 23.35722, 0.0], [85.361658, 23.357739, 0.0], [85.361639, 23.357759, 0.0], [85.361601, 23.357797, 0.0], [85.36124, 23.358161, 0.0], [85.360568, 23.358631, 0.0], [85.36052, 23.35866, 0.0], [85.360514, 23.358658, 0.0], [85.360501, 23.358653, 0.0], [85.360344, 23.358594, 0.0], [85.359853, 23.358439, 0.0], [85.359828, 23.358432, 0.0], [85.359158, 23.358251, 0.0], [85.358671, 23.358111, 0.0], [85.358131, 23.357981, 0.0], [85.357852, 23.357911, 0.0], [85.357292, 23.35777, 0.0], [85.356276, 23.357544, 0.0], [85.355827, 23.357445, 0.0], [85.355399, 23.357351, 0.0], [85.354905, 23.357217, 0.0], [85.354714, 23.357164, 0.0], [85.354723, 23.357269, 0.0]]]}}, {"type": "Feature", "properties": {"ward_no": 14, "ward_name": "WARD 14", "ulb": "Ranchi Municipal Corporation", "district": "Ranchi", "state": "Jharkhand"}, "geometry": {"type": "Polygon", "coordinates": [[[85.334615, 23.349215, 0.0], [85.336153, 23.349185, 0.0], [85.337334, 23.349197, 0.0], [85.339438, 23.349314, 0.0], [85.34144, 23.34943, 0.0], [85.343107, 23.349543, 0.0], [85.343467, 23.349547, 0.0], [85.344777, 23.349536, 0.0], [85.346062, 23.349454, 0.0], [85.347964, 23.34931, 0.0], [85.350096, 23.349237, 0.0], [85.351508, 23.349275, 0.0], [85.352516, 23.349376, 0.0], [85.352846, 23.34942, 0.0], [85.352544, 23.349719, 0.0], [85.352418, 23.349831, 0.0], [85.352173, 23.350079, 0.0], [85.352283, 23.350626, 0.0], [85.352307, 23.351046, 0.0], [85.352292, 23.35143, 0.0], [85.352161, 23.351885, 0.0], [85.352041, 23.352168, 0.0], [85.351871, 23.352586, 0.0], [85.351798, 23.353041, 0.0], [85.351761, 23.353736, 0.0], [85.351638, 23.353992, 0.0], [85.35128, 23.354302, 0.0], [85.351263, 23.354302, 0.0], [85.350651, 23.354377, 0.0], [85.350182, 23.354537, 0.0], [85.349768, 23.354776, 0.0], [85.349281, 23.355069, 0.0], [85.348852, 23.355272, 0.0], [85.348432, 23.355381, 0.0], [85.348077, 23.355443, 0.0], [85.347552, 23.355498, 0.0], [85.346951, 23.355566, 0.0], [85.346483, 23.355561, 0.0], [85.345806, 23.355597, 0.0], [85.345024, 23.35565, 0.0], [85.344178, 23.355722, 0.0], [85.34338, 23.355759, 0.0], [85.342879, 23.355848, 0.0], [85.34221, 23.355954, 0.0], [85.341797, 23.356017, 0.0], [85.341449, 23.356079, 0.0], [85.340981, 23.356135, 0.0], [85.34057, 23.356183, 0.0], [85.340312, 23.356239, 0.0], [85.339891, 23.356367, 0.0], [85.33984, 23.356606, 0.0], [85.339675, 23.35688, 0.0], [85.339448, 23.357017, 0.0], [85.339026, 23.357252, 0.0], [85.338532, 23.357507, 0.0], [85.338083, 23.357752, 0.0], [85.337827, 23.357863, 0.0], [85.337352, 23.358106, 0.0], [85.336935, 23.357765, 0.0], [85.336725, 23.357618, 0.0], [85.336694, 23.357598, 0.0], [85.336148, 23.357066, 0.0], [85.335667, 23.356612, 0.0], [85.334982, 23.355963, 0.0], [85.334539, 23.355527, 0.0], [85.334003, 23.354968, 0.0], [85.333244, 23.354199, 0.0], [85.332851, 23.353819, 0.0], [85.333022, 23.353754, 0.0], [85.333288, 23.353684, 0.0], [85.333591, 23.353637, 0.0], [85.333902, 23.353611, 0.0], [85.334197, 23.353629, 0.0], [85.33446, 23.353653, 0.0], [85.334511, 23.353628, 0.0], [85.334663, 23.353555, 0.0], [85.33476, 23.353305, 0.0], [85.33479, 23.353097, 0.0], [85.334812, 23.352867, 0.0], [85.334796, 23.352634, 0.0], [85.334786, 23.352365, 0.0], [85.334774, 23.352048, 0.0], [85.334761, 23.351782, 0.0], [85.334755, 23.351514, 0.0], [85.334748, 23.351266, 0.0], [85.334733, 23.350952, 0.0], [85.334697, 23.350545, 0.0], [85.334674, 23.350141, 0.0], [85.334671, 23.350078, 0.0], [85.334636, 23.349785, 0.0], [85.334615, 23.349215, 0.0]]]}}, {"type": "Feature", "properties": {"ward_no": 15, "ward_name": "WARD 15", "ulb": "Ranchi Municipal Corporation", "district": "Ranchi", "state": "Jharkhand"}, "geometry": {"type": "Polygon", "coordinates": [[[85.333591, 23.353637, 0.0], [85.333288, 23.353684, 0.0], [85.333022, 23.353754, 0.0], [85.332851, 23.353819, 0.0], [85.333244, 23.354199, 0.0], [85.334003, 23.354968, 0.0], [85.334539, 23.355527, 0.0], [85.334982, 23.355963, 0.0], [85.335667, 23.356612, 0.0], [85.336148, 23.357066, 0.0], [85.336694, 23.357598, 0.0], [85.336725, 23.357618, 0.0], [85.336612, 23.358094, 0.0], [85.336445, 23.358469, 0.0], [85.336328, 23.358671, 0.0], [85.336262, 23.358686, 0.0], [85.335684, 23.358856, 0.0], [85.33518, 23.358993, 0.0], [85.334676, 23.359148, 0.0], [85.334247, 23.359283, 0.0], [85.3338, 23.359454, 0.0], [85.333318, 23.359621, 0.0], [85.33284, 23.359884, 0.0], [85.331787, 23.360356, 0.0], [85.330661, 23.360859, 0.0], [85.329939, 23.361253, 0.0], [85.329468, 23.361566, 0.0], [85.329427, 23.361609, 0.0], [85.32958, 23.361945, 0.0], [85.329744, 23.362447, 0.0], [85.329858, 23.363018, 0.0], [85.329995, 23.363723, 0.0], [85.330141, 23.364405, 0.0], [85.330141, 23.364414, 0.0], [85.330145, 23.364467, 0.0], [85.330097, 23.364489, 0.0], [85.329945, 23.36456, 0.0], [85.329791, 23.364656, 0.0], [85.329638, 23.364744, 0.0], [85.329457, 23.364845, 0.0], [85.329279, 23.364948, 0.0], [85.329119, 23.36505, 0.0], [85.328974, 23.365134, 0.0], [85.328824, 23.365221, 0.0], [85.328653, 23.365323, 0.0], [85.328492, 23.36541, 0.0], [85.328355, 23.365491, 0.0], [85.328208, 23.365573, 0.0], [85.328048, 23.365669, 0.0], [85.327884, 23.365763, 0.0], [85.327752, 23.365839, 0.0], [85.327602, 23.365926, 0.0], [85.327463, 23.366004, 0.0], [85.327287, 23.366072, 0.0], [85.327062, 23.366147, 0.0], [85.326841, 23.366216, 0.0], [85.326588, 23.366296, 0.0], [85.326279, 23.366377, 0.0], [85.326, 23.36644, 0.0], [85.325747, 23.366491, 0.0], [85.32554, 23.366518, 0.0], [85.325227, 23.366546, 0.0], [85.325128, 23.366555, 0.0], [85.324841, 23.366549, 0.0], [85.324839, 23.366382, 0.0], [85.324885, 23.366044, 0.0], [85.324929, 23.365742, 0.0], [85.324966, 23.365374, 0.0], [85.325026, 23.364905, 0.0], [85.325119, 23.364191, 0.0], [85.325149, 23.364067, 0.0], [85.325226, 23.363754, 0.0], [85.325363, 23.363371, 0.0], [85.32555, 23.362802, 0.0], [85.325731, 23.362301, 0.0], [85.325887, 23.361797, 0.0], [85.325995, 23.361349, 0.0], [85.326035, 23.36104, 0.0], [85.325992, 23.360604, 0.0], [85.32592, 23.360176, 0.0], [85.325886, 23.360024, 0.0], [85.325722, 23.359637, 0.0], [85.32556, 23.359213, 0.0], [85.325408, 23.358827, 0.0], [85.325209, 23.358417, 0.0], [85.325058, 23.358042, 0.0], [85.324824, 23.357548, 0.0], [85.324673, 23.357113, 0.0], [85.324434, 23.356516, 0.0], [85.324248, 23.356054, 0.0], [85.324108, 23.355718, 0.0], [85.324052, 23.355393, 0.0], [85.324056, 23.354885, 0.0], [85.324211, 23.35432, 0.0], [85.324466, 23.353573, 0.0], [85.324685, 23.352882, 0.0], [85.324862, 23.352421, 0.0], [85.325072, 23.352001, 0.0], [85.325151, 23.351727, 0.0], [85.325321, 23.351288, 0.0], [85.32565, 23.350524, 0.0], [85.325854, 23.350009, 0.0], [85.325867, 23.349951, 0.0], [85.326062, 23.34954, 0.0], [85.326188, 23.349257, 0.0], [85.326961, 23.349258, 0.0], [85.328159, 23.349287, 0.0], [85.328881, 23.349157, 0.0], [85.330428, 23.349099, 0.0], [85.333815, 23.34923, 0.0], [85.334615, 23.349215, 0.0], [85.334636, 23.349785, 0.0], [85.334671, 23.350078, 0.0], [85.334674, 23.350141, 0.0], [85.334697, 23.350545, 0.0], [85.334733, 23.350952, 0.0], [85.334748, 23.351266, 0.0], [85.334755, 23.351514, 0.0], [85.334761, 23.351782, 0.0], [85.334774, 23.352048, 0.0], [85.334786, 23.352365, 0.0], [85.334796, 23.352634, 0.0], [85.334812, 23.352867, 0.0], [85.33479, 23.353097, 0.0], [85.33476, 23.353305, 0.0], [85.334663, 23.353555, 0.0], [85.334511, 23.353628, 0.0], [85.33446, 23.353653, 0.0], [85.334197, 23.353629, 0.0], [85.333902, 23.353611, 0.0], [85.333591, 23.353637, 0.0]]]}}, {"type": "Feature", "properties": {"ward_no": 16, "ward_name": "WARD 16", "ulb": "Ranchi Municipal Corporation", "district": "Ranchi", "state": "Jharkhand"}, "geometry": {"type": "Polygon", "coordinates": [[[85.344409, 23.363949, 0.0], [85.344452, 23.364006, 0.0], [85.344738, 23.364235, 0.0], [85.344916, 23.364399, 0.0], [85.34497, 23.364449, 0.0], [85.344879, 23.364507, 0.0], [85.344699, 23.364643, 0.0], [85.343959, 23.365161, 0.0], [85.343279, 23.365626, 0.0], [85.34289, 23.365908, 0.0], [85.342422, 23.366224, 0.0], [85.342045, 23.366493, 0.0], [85.341626, 23.366775, 0.0], [85.341043, 23.36725, 0.0], [85.340448, 23.367675, 0.0], [85.339918, 23.367764, 0.0], [85.33927, 23.367838, 0.0], [85.338127, 23.367876, 0.0], [85.336743, 23.367936, 0.0], [85.335654, 23.368022, 0.0], [85.335649, 23.368011, 0.0], [85.335635, 23.367901, 0.0], [85.335621, 23.367783, 0.0], [85.335607, 23.367678, 0.0], [85.335587, 23.367563, 0.0], [85.335566, 23.367439, 0.0], [85.335546, 23.367333, 0.0], [85.335529, 23.367242, 0.0], [85.335512, 23.367159, 0.0], [85.335493, 23.367022, 0.0], [85.335472, 23.366886, 0.0], [85.335457, 23.366783, 0.0], [85.33544, 23.366697, 0.0], [85.335416, 23.36656, 0.0], [85.335402, 23.366448, 0.0], [85.335375, 23.366328, 0.0], [85.335354, 23.366189, 0.0], [85.33535, 23.366072, 0.0], [85.335328, 23.365945, 0.0], [85.335301, 23.36584, 0.0], [85.335272, 23.365694, 0.0], [85.335261, 23.365587, 0.0], [85.335258, 23.365553, 0.0], [85.335257, 23.365448, 0.0], [85.335228, 23.365297, 0.0], [85.335203, 23.365179, 0.0], [85.335194, 23.365081, 0.0], [85.335182, 23.365014, 0.0], [85.33516, 23.364923, 0.0], [85.335143, 23.36482, 0.0], [85.335131, 23.364718, 0.0], [85.335117, 23.364598, 0.0], [85.335101, 23.364485, 0.0], [85.335074, 23.364304, 0.0], [85.335053, 23.36416, 0.0], [85.335029, 23.364, 0.0], [85.334984, 23.363796, 0.0], [85.334975, 23.363755, 0.0], [85.334963, 23.363748, 0.0], [85.334941, 23.363749, 0.0], [85.334355, 23.363793, 0.0], [85.333829, 23.363812, 0.0], [85.333362, 23.36385, 0.0], [85.332984, 23.363843, 0.0], [85.33269, 23.363854, 0.0], [85.332304, 23.363881, 0.0], [85.33191, 23.36397, 0.0], [85.331503, 23.364076, 0.0], [85.331109, 23.364176, 0.0], [85.330655, 23.364281, 0.0], [85.330141, 23.364414, 0.0], [85.330141, 23.364405, 0.0], [85.329995, 23.363723, 0.0], [85.329858, 23.363018, 0.0], [85.329744, 23.362447, 0.0], [85.32958, 23.361945, 0.0], [85.329427, 23.361609, 0.0], [85.329468, 23.361566, 0.0], [85.329939, 23.361253, 0.0], [85.330661, 23.360859, 0.0], [85.331787, 23.360356, 0.0], [85.33284, 23.359884, 0.0], [85.333318, 23.359621, 0.0], [85.3338, 23.359454, 0.0], [85.334247, 23.359283, 0.0], [85.334676, 23.359148, 0.0], [85.33518, 23.358993, 0.0], [85.335684, 23.358856, 0.0], [85.336262, 23.358686, 0.0], [85.336328, 23.358671, 0.0], [85.336445, 23.358469, 0.0], [85.336612, 23.358094, 0.0], [85.336725, 23.357618, 0.0], [85.336935, 23.357765, 0.0], [85.337352, 23.358106, 0.0], [85.337617, 23.358323, 0.0], [85.337863, 23.358524, 0.0], [85.338484, 23.359037, 0.0], [85.339104, 23.35956, 0.0], [85.339782, 23.360154, 0.0], [85.340431, 23.360694, 0.0], [85.3414, 23.361501, 0.0], [85.341424, 23.36152, 0.0], [85.341865, 23.361859, 0.0], [85.342418, 23.362325, 0.0], [85.343028, 23.362864, 0.0], [85.343346, 23.363116, 0.0], [85.3439, 23.363569, 0.0], [85.344409, 23.363949, 0.0]]]}}, {"type": "Feature", "properties": {"ward_no": 18, "ward_name": "WARD 18", "ulb": "Ranchi Municipal Corporation", "district": "Ranchi", "state": "Jharkhand"}, "geometry": {"type": "Polygon", "coordinates": [[[85.325838, 23.379048, 0.0], [85.325662, 23.379049, 0.0], [85.325335, 23.379033, 0.0], [85.325293, 23.379031, 0.0], [85.325002, 23.379034, 0.0], [85.324999, 23.37903, 0.0], [85.324997, 23.379034, 0.0], [85.324861, 23.379036, 0.0], [85.324641, 23.379037, 0.0], [85.324405, 23.379019, 0.0], [85.324092, 23.37898, 0.0], [85.323788, 23.378947, 0.0], [85.323689, 23.378946, 0.0], [85.323457, 23.378944, 0.0], [85.32341, 23.378943, 0.0], [85.323032, 23.378885, 0.0], [85.322877, 23.378842, 0.0], [85.32277, 23.378829, 0.0], [85.322664, 23.378816, 0.0], [85.322302, 23.3788, 0.0], [85.322033, 23.378813, 0.0], [85.321865, 23.378822, 0.0], [85.321447, 23.378862, 0.0], [85.321188, 23.378916, 0.0], [85.32108, 23.378928, 0.0], [85.320993, 23.378938, 0.0], [85.320872, 23.378926, 0.0], [85.320819, 23.378921, 0.0], [85.320609, 23.378895, 0.0], [85.320273, 23.378853, 0.0], [85.319959, 23.378813, 0.0], [85.319724, 23.378775, 0.0], [85.319443, 23.37873, 0.0], [85.319079, 23.378595, 0.0], [85.318703, 23.378397, 0.0], [85.318498, 23.37828, 0.0], [85.318879, 23.377561, 0.0], [85.319038, 23.37726, 0.0], [85.319882, 23.375691, 0.0], [85.320148, 23.375102, 0.0], [85.320356, 23.37474, 0.0], [85.320831, 23.374582, 0.0], [85.320946, 23.374544, 0.0], [85.32119, 23.374475, 0.0], [85.321365, 23.374371, 0.0], [85.321495, 23.374287, 0.0], [85.321655, 23.374189, 0.0], [85.321777, 23.374079, 0.0], [85.321953, 23.373953, 0.0], [85.322067, 23.373823, 0.0], [85.322144, 23.373703, 0.0], [85.322189, 23.373644, 0.0], [85.322266, 23.373545, 0.0], [85.322395, 23.373384, 0.0], [85.322548, 23.37324, 0.0], [85.322693, 23.373081, 0.0], [85.322815, 23.372925, 0.0], [85.322945, 23.372791, 0.0], [85.323082, 23.372599, 0.0], [85.323189, 23.372477, 0.0], [85.323318, 23.372295, 0.0], [85.323387, 23.372169, 0.0], [85.323486, 23.372004, 0.0], [85.323517, 23.371926, 0.0], [85.323486, 23.371791, 0.0], [85.323481, 23.371766, 0.0], [85.323459, 23.371653, 0.0], [85.323428, 23.371521, 0.0], [85.323398, 23.371384, 0.0], [85.323367, 23.371282, 0.0], [85.323334, 23.371153, 0.0], [85.323297, 23.371007, 0.0], [85.32324, 23.370933, 0.0], [85.323753, 23.370671, 0.0], [85.324634, 23.370211, 0.0], [85.325038, 23.370035, 0.0], [85.324979, 23.369763, 0.0], [85.324937, 23.369517, 0.0], [85.324857, 23.368617, 0.0], [85.325272, 23.368642, 0.0], [85.325488, 23.368624, 0.0], [85.327136, 23.368511, 0.0], [85.328826, 23.368398, 0.0], [85.330679, 23.368266, 0.0], [85.330726, 23.368262, 0.0], [85.33074, 23.368261, 0.0], [85.330734, 23.368312, 0.0], [85.330762, 23.368421, 0.0], [85.33084, 23.368721, 0.0], [85.330889, 23.36892, 0.0], [85.330946, 23.36913, 0.0], [85.331002, 23.369322, 0.0], [85.331021, 23.369387, 0.0], [85.331072, 23.369595, 0.0], [85.331129, 23.369861, 0.0], [85.331155, 23.369957, 0.0], [85.331171, 23.370017, 0.0], [85.331212, 23.370208, 0.0], [85.331222, 23.370268, 0.0], [85.331236, 23.370362, 0.0], [85.331278, 23.370544, 0.0], [85.331322, 23.370728, 0.0], [85.331369, 23.370932, 0.0], [85.331403, 23.371061, 0.0], [85.331412, 23.3712, 0.0], [85.331419, 23.371297, 0.0], [85.331432, 23.371298, 0.0], [85.331657, 23.371311, 0.0], [85.331847, 23.371331, 0.0], [85.331921, 23.371338, 0.0], [85.331967, 23.371343, 0.0], [85.332349, 23.37139, 0.0], [85.332666, 23.37142, 0.0], [85.332685, 23.371422, 0.0], [85.333073, 23.371469, 0.0], [85.333554, 23.371527, 0.0], [85.333572, 23.371529, 0.0], [85.333946, 23.371574, 0.0], [85.334324, 23.371617, 0.0], [85.334686, 23.371663, 0.0], [85.334885, 23.371685, 0.0], [85.334984, 23.371696, 0.0], [85.335068, 23.371706, 0.0], [85.335456, 23.371767, 0.0], [85.335884, 23.371834, 0.0], [85.336298, 23.371891, 0.0], [85.336753, 23.371948, 0.0], [85.337171, 23.372015, 0.0], [85.337543, 23.372071, 0.0], [85.337977, 23.372133, 0.0], [85.338184, 23.372159, 0.0], [85.338223, 23.372164, 0.0], [85.33807, 23.372438, 0.0], [85.337306, 23.373369, 0.0], [85.336627, 23.374037, 0.0], [85.336091, 23.374596, 0.0], [85.335093, 23.37526, 0.0], [85.335065, 23.37528, 0.0], [85.333985, 23.375792, 0.0], [85.333593, 23.375939, 0.0], [85.332672, 23.376343, 0.0], [85.331365, 23.376798, 0.0], [85.330812, 23.377054, 0.0], [85.329042, 23.377706, 0.0], [85.32881, 23.377785, 0.0], [85.328334, 23.378021, 0.0], [85.328361, 23.378102, 0.0], [85.328205, 23.378159, 0.0], [85.327878, 23.378281, 0.0], [85.32762, 23.378386, 0.0], [85.327308, 23.378523, 0.0], [85.327043, 23.378634, 0.0], [85.326793, 23.378732, 0.0], [85.326586, 23.378816, 0.0], [85.326403, 23.378889, 0.0], [85.326208, 23.378966, 0.0], [85.326017, 23.379018, 0.0], [85.325838, 23.379048, 0.0]]]}}, {"type": "Feature", "properties": {"ward_no": 21, "ward_name": "WARD 21", "ulb": "Ranchi Municipal Corporation", "district": "Ranchi", "state": "Jharkhand"}, "geometry": {"type": "Polygon", "coordinates": [[[85.32078, 23.367276, 0.0], [85.320777, 23.367292, 0.0], [85.320773, 23.367329, 0.0], [85.320771, 23.367346, 0.0], [85.320736, 23.367632, 0.0], [85.320697, 23.367636, 0.0], [85.320668, 23.36796, 0.0], [85.320596, 23.368224, 0.0], [85.320587, 23.368447, 0.0], [85.320564, 23.368896, 0.0], [85.320567, 23.369199, 0.0], [85.32061, 23.369545, 0.0], [85.320632, 23.369847, 0.0], [85.320685, 23.370286, 0.0], [85.320702, 23.370593, 0.0], [85.3207, 23.370817, 0.0], [85.320673, 23.370931, 0.0], [85.320613, 23.371046, 0.0], [85.320472, 23.37123, 0.0], [85.320251, 23.371464, 0.0], [85.320017, 23.371708, 0.0], [85.320022, 23.371746, 0.0], [85.319945, 23.371757, 0.0], [85.319761, 23.37185, 0.0], [85.319498, 23.371951, 0.0], [85.319216, 23.372042, 0.0], [85.31881, 23.372167, 0.0], [85.318518, 23.372263, 0.0], [85.318274, 23.372303, 0.0], [85.318247, 23.372314, 0.0], [85.317963, 23.372406, 0.0], [85.317712, 23.372405, 0.0], [85.317343, 23.372467, 0.0], [85.316875, 23.372575, 0.0], [85.316739, 23.372594, 0.0], [85.316465, 23.372681, 0.0], [85.316158, 23.372791, 0.0], [85.315825, 23.372877, 0.0], [85.315636, 23.372959, 0.0], [85.315371, 23.373087, 0.0], [85.31493, 23.373342, 0.0], [85.31431, 23.373662, 0.0], [85.313848, 23.37387, 0.0], [85.3137, 23.373439, 0.0], [85.313529, 23.37302, 0.0], [85.313352, 23.372726, 0.0], [85.313176, 23.372289, 0.0], [85.312959, 23.371878, 0.0], [85.31269, 23.371396, 0.0], [85.312578, 23.371197, 0.0], [85.312254, 23.370735, 0.0], [85.312123, 23.37046, 0.0], [85.311847, 23.369974, 0.0], [85.311624, 23.369493, 0.0], [85.311407, 23.369136, 0.0], [85.311177, 23.36875, 0.0], [85.310953, 23.368382, 0.0], [85.310722, 23.368032, 0.0], [85.310545, 23.367682, 0.0], [85.310435, 23.367363, 0.0], [85.310412, 23.367035, 0.0], [85.310605, 23.366651, 0.0], [85.31077, 23.36638, 0.0], [85.310923, 23.365998, 0.0], [85.311021, 23.365658, 0.0], [85.311058, 23.365403, 0.0], [85.310948, 23.365072, 0.0], [85.310917, 23.364993, 0.0], [85.310777, 23.364942, 0.0], [85.310663, 23.364525, 0.0], [85.310902, 23.364422, 0.0], [85.311142, 23.364431, 0.0], [85.31134, 23.364523, 0.0], [85.311471, 23.36452, 0.0], [85.311505, 23.36436, 0.0], [85.311665, 23.364154, 0.0], [85.311683, 23.364127, 0.0], [85.311982, 23.364099, 0.0], [85.312214, 23.36405, 0.0], [85.312328, 23.36411, 0.0], [85.312411, 23.36418, 0.0], [85.312646, 23.364332, 0.0], [85.312818, 23.364465, 0.0], [85.313053, 23.36461, 0.0], [85.313225, 23.364711, 0.0], [85.313422, 23.36488, 0.0], [85.313644, 23.365043, 0.0], [85.313802, 23.365216, 0.0], [85.313974, 23.365317, 0.0], [85.314108, 23.365384, 0.0], [85.314228, 23.365521, 0.0], [85.314327, 23.365802, 0.0], [85.314339, 23.365912, 0.0], [85.314455, 23.365945, 0.0], [85.314659, 23.366065, 0.0], [85.314971, 23.366222, 0.0], [85.31513, 23.366307, 0.0], [85.315369, 23.3667, 0.0], [85.315411, 23.366786, 0.0], [85.31555, 23.367057, 0.0], [85.315581, 23.367122, 0.0], [85.315794, 23.367107, 0.0], [85.316019, 23.366998, 0.0], [85.316203, 23.366691, 0.0], [85.316451, 23.366314, 0.0], [85.316693, 23.365981, 0.0], [85.316991, 23.36576, 0.0], [85.317264, 23.36563, 0.0], [85.317578, 23.365573, 0.0], [85.318039, 23.365517, 0.0], [85.318216, 23.36543, 0.0], [85.318607, 23.365389, 0.0], [85.31883, 23.36543, 0.0], [85.318983, 23.365606, 0.0], [85.319178, 23.365854, 0.0], [85.31922, 23.365981, 0.0], [85.319375, 23.366147, 0.0], [85.319424, 23.366153, 0.0], [85.319424, 23.366154, 0.0], [85.319482, 23.366233, 0.0], [85.319484, 23.366235, 0.0], [85.319627, 23.366389, 0.0], [85.319803, 23.366525, 0.0], [85.320045, 23.366644, 0.0], [85.320382, 23.366839, 0.0], [85.320496, 23.366913, 0.0], [85.320564, 23.366997, 0.0], [85.320755, 23.367085, 0.0], [85.32078, 23.367276, 0.0]]]}}, {"type": "Feature", "properties": {"ward_no": 23, "ward_name": "WARD 23", "ulb": "Ranchi Municipal Corporation", "district": "Ranchi", "state": "Jharkhand"}, "geometry": {"type": "Polygon", "coordinates": [[[85.320007, 23.364698, 0.0], [85.319954, 23.36475, 0.0], [85.319037, 23.364463, 0.0], [85.318642, 23.364423, 0.0], [85.318459, 23.364464, 0.0], [85.317818, 23.36437, 0.0], [85.317421, 23.364273, 0.0], [85.317307, 23.364201, 0.0], [85.317177, 23.36405, 0.0], [85.317108, 23.363983, 0.0], [85.317039, 23.363914, 0.0], [85.316879, 23.363762, 0.0], [85.31665, 23.363613, 0.0], [85.316467, 23.363459, 0.0], [85.316269, 23.36326, 0.0], [85.316078, 23.36305, 0.0], [85.31591, 23.362761, 0.0], [85.315712, 23.362583, 0.0], [85.315521, 23.362358, 0.0], [85.315277, 23.362099, 0.0], [85.315102, 23.3619, 0.0], [85.31498, 23.361778, 0.0], [85.314541, 23.361235, 0.0], [85.313821, 23.360618, 0.0], [85.313838, 23.36059, 0.0], [85.314156, 23.360762, 0.0], [85.31427, 23.360783, 0.0], [85.314415, 23.360809, 0.0], [85.314636, 23.36083, 0.0], [85.314606, 23.36047, 0.0], [85.314545, 23.360294, 0.0], [85.314545, 23.36013, 0.0], [85.314674, 23.360128, 0.0], [85.314751, 23.359774, 0.0], [85.314796, 23.359606, 0.0], [85.314819, 23.359529, 0.0], [85.315292, 23.359564, 0.0], [85.315353, 23.359581, 0.0], [85.315414, 23.359577, 0.0], [85.31575, 23.359619, 0.0], [85.31575, 23.359694, 0.0], [85.316055, 23.359667, 0.0], [85.316177, 23.359541, 0.0], [85.316277, 23.35915, 0.0], [85.316513, 23.359287, 0.0], [85.316841, 23.358932, 0.0], [85.317192, 23.358603, 0.0], [85.317368, 23.358519, 0.0], [85.317574, 23.358416, 0.0], [85.317741, 23.358259, 0.0], [85.31797, 23.358147, 0.0], [85.3181, 23.358089, 0.0], [85.318214, 23.35804, 0.0], [85.318275, 23.357999, 0.0], [85.31837, 23.357934, 0.0], [85.318565, 23.357801, 0.0], [85.318733, 23.357828, 0.0], [85.319371, 23.357745, 0.0], [85.319363, 23.357711, 0.0], [85.319276, 23.357362, 0.0], [85.319261, 23.357161, 0.0], [85.319258, 23.356903, 0.0], [85.319196, 23.356539, 0.0], [85.319091, 23.356213, 0.0], [85.319089, 23.356207, 0.0], [85.319107, 23.356205, 0.0], [85.319155, 23.356189, 0.0], [85.319443, 23.356094, 0.0], [85.319511, 23.356052, 0.0], [85.319458, 23.355764, 0.0], [85.319491, 23.3557, 0.0], [85.319593, 23.355665, 0.0], [85.319744, 23.355674, 0.0], [85.319927, 23.355611, 0.0], [85.31998, 23.355698, 0.0], [85.320395, 23.355623, 0.0], [85.320509, 23.355355, 0.0], [85.320647, 23.355108, 0.0], [85.320805, 23.354791, 0.0], [85.320934, 23.354461, 0.0], [85.321106, 23.35415, 0.0], [85.321159, 23.354143, 0.0], [85.322495, 23.353981, 0.0], [85.322548, 23.353971, 0.0], [85.324304, 23.353837, 0.0], [85.324371, 23.353832, 0.0], [85.324376, 23.353836, 0.0], [85.324211, 23.35432, 0.0], [85.324056, 23.354885, 0.0], [85.324052, 23.355393, 0.0], [85.324108, 23.355718, 0.0], [85.324248, 23.356054, 0.0], [85.324434, 23.356516, 0.0], [85.324673, 23.357113, 0.0], [85.324824, 23.357548, 0.0], [85.325058, 23.358042, 0.0], [85.325209, 23.358417, 0.0], [85.325408, 23.358827, 0.0], [85.32556, 23.359213, 0.0], [85.325722, 23.359637, 0.0], [85.325886, 23.360024, 0.0], [85.32592, 23.360176, 0.0], [85.325992, 23.360604, 0.0], [85.326035, 23.36104, 0.0], [85.325995, 23.361349, 0.0], [85.325887, 23.361797, 0.0], [85.325731, 23.362301, 0.0], [85.32555, 23.362802, 0.0], [85.325363, 23.363371, 0.0], [85.325226, 23.363754, 0.0], [85.325149, 23.364067, 0.0], [85.324961, 23.364099, 0.0], [85.324599, 23.364221, 0.0], [85.324293, 23.364376, 0.0], [85.324174, 23.364406, 0.0], [85.32414, 23.364419, 0.0], [85.323929, 23.364537, 0.0], [85.32391, 23.364507, 0.0], [85.32384, 23.364407, 0.0], [85.323658, 23.364044, 0.0], [85.323458, 23.36362, 0.0], [85.323357, 23.363325, 0.0], [85.323329, 23.363027, 0.0], [85.323331, 23.362885, 0.0], [85.323264, 23.362803, 0.0], [85.322946, 23.362248, 0.0], [85.32282, 23.36206, 0.0], [85.322645, 23.361757, 0.0], [85.322536, 23.361562, 0.0], [85.322391, 23.361315, 0.0], [85.322276, 23.36109, 0.0], [85.322261, 23.361066, 0.0], [85.321304, 23.361341, 0.0], [85.320641, 23.361526, 0.0], [85.319969, 23.361708, 0.0], [85.319968, 23.361708, 0.0], [85.319138, 23.361946, 0.0], [85.31916, 23.36203, 0.0], [85.319272, 23.362373, 0.0], [85.319291, 23.362432, 0.0], [85.319588, 23.363348, 0.0], [85.320007, 23.364698, 0.0]]]}}, {"type": "Feature", "properties": {"ward_no": 43, "ward_name": "WARD 43", "ulb": "Ranchi Municipal Corporation", "district": "Ranchi", "state": "Jharkhand"}, "geometry": {"type": "Polygon", "coordinates": [[[85.303788, 23.35028, 0.0], [85.303282, 23.350322, 0.0], [85.302702, 23.350365, 0.0], [85.302014, 23.350389, 0.0], [85.30136, 23.350342, 0.0], [85.300706, 23.350294, 0.0], [85.300234, 23.350259, 0.0], [85.299771, 23.350236, 0.0], [85.298978, 23.350277, 0.0], [85.298344, 23.350293, 0.0], [85.298014, 23.350307, 0.0], [85.297982, 23.349966, 0.0], [85.297989, 23.349458, 0.0], [85.298037, 23.348978, 0.0], [85.298065, 23.348692, 0.0], [85.298065, 23.348157, 0.0], [85.2981, 23.347753, 0.0], [85.298115, 23.347532, 0.0], [85.298294, 23.347075, 0.0], [85.298429, 23.346813, 0.0], [85.298612, 23.346533, 0.0], [85.298783, 23.346286, 0.0], [85.299001, 23.346083, 0.0], [85.299206, 23.345916, 0.0], [85.299358, 23.345757, 0.0], [85.29951, 23.345549, 0.0], [85.299687, 23.345318, 0.0], [85.299705, 23.345315, 0.0], [85.299798, 23.345197, 0.0], [85.299878, 23.345114, 0.0], [85.299908, 23.345083, 0.0], [85.300017, 23.345011, 0.0], [85.300068, 23.344978, 0.0], [85.300191, 23.344902, 0.0], [85.300268, 23.344854, 0.0], [85.300436, 23.344763, 0.0], [85.300608, 23.34465, 0.0], [85.300784, 23.344504, 0.0], [85.300901, 23.344392, 0.0], [85.301174, 23.344126, 0.0], [85.301187, 23.344114, 0.0], [85.301729, 23.343584, 0.0], [85.302059, 23.343265, 0.0], [85.302337, 23.342992, 0.0], [85.303029, 23.342303, 0.0], [85.303214, 23.34212, 0.0], [85.303182, 23.34204, 0.0], [85.303137, 23.34196, 0.0], [85.303022, 23.341859, 0.0], [85.302783, 23.341713, 0.0], [85.30124, 23.340979, 0.0], [85.298305, 23.339616, 0.0], [85.298035, 23.339426, 0.0], [85.297618, 23.339264, 0.0], [85.295998, 23.338523, 0.0], [85.296061, 23.338253, 0.0], [85.296305, 23.338125, 0.0], [85.296559, 23.337907, 0.0], [85.296539, 23.337829, 0.0], [85.296485, 23.337619, 0.0], [85.296468, 23.337402, 0.0], [85.296526, 23.337096, 0.0], [85.296578, 23.336837, 0.0], [85.296664, 23.336624, 0.0], [85.296711, 23.336441, 0.0], [85.296743, 23.336146, 0.0], [85.296753, 23.33606, 0.0], [85.296796, 23.33583, 0.0], [85.297065, 23.335836, 0.0], [85.29707, 23.335634, 0.0], [85.297048, 23.335478, 0.0], [85.297041, 23.335426, 0.0], [85.297027, 23.335328, 0.0], [85.296997, 23.335086, 0.0], [85.296997, 23.334887, 0.0], [85.297005, 23.334799, 0.0], [85.297012, 23.334734, 0.0], [85.296963, 23.334602, 0.0], [85.296917, 23.334407, 0.0], [85.296904, 23.334284, 0.0], [85.296882, 23.334197, 0.0], [85.296789, 23.333732, 0.0], [85.297091, 23.333731, 0.0], [85.297302, 23.333725, 0.0], [85.297652, 23.333609, 0.0], [85.2979, 23.333544, 0.0], [85.298118, 23.333648, 0.0], [85.298439, 23.333635, 0.0], [85.298907, 23.333598, 0.0], [85.299146, 23.33355, 0.0], [85.299384, 23.33356, 0.0], [85.29961, 23.333759, 0.0], [85.299608, 23.333944, 0.0], [85.299844, 23.33415, 0.0], [85.300236, 23.334273, 0.0], [85.300501, 23.334351, 0.0], [85.300792, 23.33448, 0.0], [85.301113, 23.334511, 0.0], [85.301481, 23.334413, 0.0], [85.301647, 23.334305, 0.0], [85.301841, 23.334189, 0.0], [85.302228, 23.33399, 0.0], [85.302468, 23.333882, 0.0], [85.302727, 23.333682, 0.0], [85.303004, 23.333473, 0.0], [85.303253, 23.333358, 0.0], [85.303483, 23.333268, 0.0], [85.303714, 23.333169, 0.0], [85.303981, 23.333052, 0.0], [85.304058, 23.332773, 0.0], [85.304107, 23.332496, 0.0], [85.304274, 23.332371, 0.0], [85.304595, 23.332485, 0.0], [85.30484, 23.332553, 0.0], [85.305091, 23.332619, 0.0], [85.305235, 23.332596, 0.0], [85.305348, 23.332313, 0.0], [85.30557, 23.331938, 0.0], [85.305697, 23.331605, 0.0], [85.305884, 23.331364, 0.0], [85.306158, 23.331276, 0.0], [85.306458, 23.331275, 0.0], [85.306668, 23.331415, 0.0], [85.306754, 23.331599, 0.0], [85.306608, 23.331812, 0.0], [85.306564, 23.332037, 0.0], [85.306705, 23.332278, 0.0], [85.306926, 23.332526, 0.0], [85.307189, 23.332768, 0.0], [85.307503, 23.332941, 0.0], [85.307567, 23.332973, 0.0], [85.307743, 23.33303, 0.0], [85.307834, 23.333042, 0.0], [85.307933, 23.332971, 0.0], [85.308025, 23.332895, 0.0], [85.30813, 23.332878, 0.0], [85.308266, 23.332934, 0.0], [85.30837, 23.333012, 0.0], [85.308448, 23.333001, 0.0], [85.308574, 23.332912, 0.0], [85.30868, 23.332751, 0.0], [85.308808, 23.332456, 0.0], [85.308896, 23.33218, 0.0], [85.308964, 23.33197, 0.0], [85.309103, 23.331864, 0.0], [85.309281, 23.331737, 0.0], [85.309511, 23.331572, 0.0], [85.309747, 23.33153, 0.0], [85.3098, 23.33156, 0.0], [85.309865, 23.331603, 0.0], [85.30993, 23.331606, 0.0], [85.310062, 23.331556, 0.0], [85.310178, 23.331485, 0.0], [85.31136, 23.331362, 0.0], [85.311662, 23.331363, 0.0], [85.311765, 23.331468, 0.0], [85.31183, 23.331577, 0.0], [85.311803, 23.331748, 0.0], [85.311761, 23.331822, 0.0], [85.31172, 23.331858, 0.0], [85.311711, 23.331914, 0.0], [85.311808, 23.331994, 0.0], [85.312077, 23.332133, 0.0], [85.31224, 23.33218, 0.0], [85.312394, 23.332296, 0.0], [85.312496, 23.332354, 0.0], [85.312586, 23.332371, 0.0], [85.312749, 23.332391, 0.0], [85.31297, 23.332454, 0.0], [85.313264, 23.332547, 0.0], [85.313588, 23.332677, 0.0], [85.313936, 23.332798, 0.0], [85.314244, 23.333025, 0.0], [85.314524, 23.333173, 0.0], [85.314746, 23.333344, 0.0], [85.315017, 23.333438, 0.0], [85.315191, 23.333521, 0.0], [85.315386, 23.333469, 0.0], [85.315724, 23.333599, 0.0], [85.316088, 23.333794, 0.0], [85.315987, 23.334209, 0.0], [85.315957, 23.334432, 0.0], [85.315887, 23.334951, 0.0], [85.315842, 23.33507, 0.0], [85.315781, 23.335285, 0.0], [85.315689, 23.335485, 0.0], [85.315575, 23.335854, 0.0], [85.315468, 23.336216, 0.0], [85.3153, 23.336798, 0.0], [85.315277, 23.337318, 0.0], [85.315247, 23.337624, 0.0], [85.315239, 23.33791, 0.0], [85.315216, 23.33849, 0.0], [85.315216, 23.338572, 0.0], [85.314308, 23.338648, 0.0], [85.314072, 23.338676, 0.0], [85.313957, 23.338726, 0.0], [85.313934, 23.338882, 0.0], [85.313881, 23.339146, 0.0], [85.313843, 23.339331, 0.0], [85.313843, 23.339624, 0.0], [85.313522, 23.33964, 0.0], [85.313515, 23.339764, 0.0], [85.313446, 23.339836, 0.0], [85.313408, 23.339941, 0.0], [85.313423, 23.340219, 0.0], [85.313438, 23.340638, 0.0], [85.313479, 23.340653, 0.0], [85.313598, 23.340684, 0.0], [85.313615, 23.340687, 0.0], [85.313705, 23.340706, 0.0], [85.313808, 23.340707, 0.0], [85.313918, 23.340708, 0.0], [85.314012, 23.340712, 0.0], [85.314128, 23.340732, 0.0], [85.314344, 23.34077, 0.0], [85.314729, 23.340831, 0.0], [85.315132, 23.340901, 0.0], [85.315439, 23.340955, 0.0], [85.315549, 23.340978, 0.0], [85.315544, 23.341036, 0.0], [85.315651, 23.34103, 0.0], [85.315804, 23.341906, 0.0], [85.315933, 23.342319, 0.0], [85.316078, 23.342518, 0.0], [85.316391, 23.343666, 0.0], [85.316086, 23.343746, 0.0], [85.316162, 23.34409, 0.0], [85.31617, 23.344467, 0.0], [85.316193, 23.34462, 0.0], [85.31604, 23.344696, 0.0], [85.315895, 23.344753, 0.0], [85.315742, 23.34479, 0.0], [85.315643, 23.34481, 0.0], [85.315666, 23.34494, 0.0], [85.315689, 23.345037, 0.0], [85.315689, 23.345152, 0.0], [85.315666, 23.34524, 0.0], [85.315636, 23.345318, 0.0], [85.315613, 23.345387, 0.0], [85.315546, 23.345674, 0.0], [85.315729, 23.345982, 0.0], [85.315872, 23.346153, 0.0], [85.316331, 23.346638, 0.0], [85.316557, 23.346775, 0.0], [85.316656, 23.34712, 0.0], [85.316693, 23.347502, 0.0], [85.316578, 23.347899, 0.0], [85.316214, 23.347757, 0.0], [85.315379, 23.34736, 0.0], [85.314543, 23.347005, 0.0], [85.313881, 23.346618, 0.0], [85.313609, 23.347238, 0.0], [85.31393, 23.347403, 0.0], [85.313936, 23.347468, 0.0], [85.313734, 23.347544, 0.0], [85.313675, 23.347621, 0.0], [85.313502, 23.348043, 0.0], [85.31346, 23.348234, 0.0], [85.313335, 23.348471, 0.0], [85.313255, 23.348632, 0.0], [85.313095, 23.349232, 0.0], [85.313034, 23.349529, 0.0], [85.313004, 23.349762, 0.0], [85.312935, 23.349916, 0.0], [85.31279, 23.350216, 0.0], [85.312683, 23.350342, 0.0], [85.312647, 23.350376, 0.0], [85.312645, 23.350378, 0.0], [85.312643, 23.350382, 0.0], [85.31242, 23.350312, 0.0], [85.31195, 23.350149, 0.0], [85.311512, 23.349986, 0.0], [85.311051, 23.349882, 0.0], [85.310676, 23.349837, 0.0], [85.310246, 23.349833, 0.0], [85.309656, 23.349817, 0.0], [85.309485, 23.349795, 0.0], [85.309055, 23.349791, 0.0], [85.30854, 23.349765, 0.0], [85.308057, 23.349739, 0.0], [85.307628, 23.349734, 0.0], [85.30723, 23.349791, 0.0], [85.306928, 23.349876, 0.0], [85.306549, 23.349949, 0.0], [85.306442, 23.349941, 0.0], [85.305584, 23.35006, 0.0], [85.305035, 23.350144, 0.0], [85.304648, 23.350158, 0.0], [85.303788, 23.35028, 0.0]]]}}, {"type": "Feature", "properties": {"ward_no": 25, "ward_name": "WARD 25", "ulb": "Ranchi Municipal Corporation", "district": "Ranchi", "state": "Jharkhand"}, "geometry": {"type": "Polygon", "coordinates": [[[85.313838, 23.36059, 0.0], [85.313814, 23.360629, 0.0], [85.313724, 23.360759, 0.0], [85.313592, 23.360845, 0.0], [85.313538, 23.360917, 0.0], [85.313511, 23.361043, 0.0], [85.313395, 23.361089, 0.0], [85.313394, 23.361143, 0.0], [85.313309, 23.361237, 0.0], [85.313162, 23.361303, 0.0], [85.313031, 23.361297, 0.0], [85.312885, 23.361298, 0.0], [85.312768, 23.361349, 0.0], [85.312657, 23.361488, 0.0], [85.31254, 23.361631, 0.0], [85.312412, 23.361751, 0.0], [85.312368, 23.36192, 0.0], [85.312405, 23.362038, 0.0], [85.312517, 23.362148, 0.0], [85.312592, 23.362444, 0.0], [85.312612, 23.362546, 0.0], [85.312647, 23.362666, 0.0], [85.312703, 23.362831, 0.0], [85.312659, 23.362923, 0.0], [85.312437, 23.363099, 0.0], [85.312325, 23.363267, 0.0], [85.312193, 23.363388, 0.0], [85.312029, 23.363526, 0.0], [85.311943, 23.36369, 0.0], [85.311894, 23.363838, 0.0], [85.311798, 23.363959, 0.0], [85.311683, 23.364127, 0.0], [85.311665, 23.364154, 0.0], [85.311505, 23.36436, 0.0], [85.311471, 23.36452, 0.0], [85.31134, 23.364523, 0.0], [85.311142, 23.364431, 0.0], [85.310902, 23.364422, 0.0], [85.310754, 23.364486, 0.0], [85.310751, 23.364476, 0.0], [85.310571, 23.364083, 0.0], [85.31002, 23.362874, 0.0], [85.309866, 23.362535, 0.0], [85.30954, 23.361793, 0.0], [85.309416, 23.361512, 0.0], [85.309042, 23.360662, 0.0], [85.308731, 23.35998, 0.0], [85.308495, 23.359462, 0.0], [85.308475, 23.359419, 0.0], [85.308124, 23.358645, 0.0], [85.308029, 23.358407, 0.0], [85.307686, 23.357927, 0.0], [85.307442, 23.357378, 0.0], [85.307274, 23.357004, 0.0], [85.307198, 23.35677, 0.0], [85.307358, 23.356327, 0.0], [85.307503, 23.355902, 0.0], [85.307617, 23.355564, 0.0], [85.307785, 23.355051, 0.0], [85.307893, 23.354762, 0.0], [85.307927, 23.354671, 0.0], [85.307991, 23.3545, 0.0], [85.308098, 23.354538, 0.0], [85.308556, 23.3547, 0.0], [85.30909, 23.354698, 0.0], [85.309059, 23.354435, 0.0], [85.30896, 23.354084, 0.0], [85.308782, 23.353529, 0.0], [85.308762, 23.353464, 0.0], [85.308632, 23.353058, 0.0], [85.309151, 23.352903, 0.0], [85.309006, 23.35252, 0.0], [85.308937, 23.352409, 0.0], [85.308846, 23.352268, 0.0], [85.308731, 23.351504, 0.0], [85.308831, 23.351442, 0.0], [85.30885, 23.351342, 0.0], [85.308803, 23.350738, 0.0], [85.308603, 23.350743, 0.0], [85.30853, 23.35046, 0.0], [85.308512, 23.350391, 0.0], [85.308431, 23.350086, 0.0], [85.308322, 23.350085, 0.0], [85.30812, 23.349742, 0.0], [85.30854, 23.349765, 0.0], [85.309055, 23.349791, 0.0], [85.309485, 23.349795, 0.0], [85.309656, 23.349817, 0.0], [85.310246, 23.349833, 0.0], [85.310676, 23.349837, 0.0], [85.311051, 23.349882, 0.0], [85.311512, 23.349986, 0.0], [85.31195, 23.350149, 0.0], [85.31242, 23.350312, 0.0], [85.312933, 23.350474, 0.0], [85.31338, 23.350575, 0.0], [85.313698, 23.350633, 0.0], [85.314145, 23.35073, 0.0], [85.314451, 23.350792, 0.0], [85.314863, 23.350885, 0.0], [85.315199, 23.35097, 0.0], [85.315547, 23.351034, 0.0], [85.316258, 23.351166, 0.0], [85.316297, 23.351281, 0.0], [85.316361, 23.351472, 0.0], [85.31641, 23.351633, 0.0], [85.316462, 23.351806, 0.0], [85.316533, 23.352015, 0.0], [85.316593, 23.352223, 0.0], [85.316615, 23.352299, 0.0], [85.316611, 23.352327, 0.0], [85.316571, 23.352359, 0.0], [85.316391, 23.352485, 0.0], [85.316156, 23.352649, 0.0], [85.315917, 23.352822, 0.0], [85.315816, 23.352889, 0.0], [85.315737, 23.352967, 0.0], [85.315587, 23.353123, 0.0], [85.315418, 23.353322, 0.0], [85.315409, 23.353333, 0.0], [85.315087, 23.353744, 0.0], [85.315048, 23.35379, 0.0], [85.314346, 23.354622, 0.0], [85.31354, 23.355599, 0.0], [85.313367, 23.35581, 0.0], [85.313212, 23.355993, 0.0], [85.312864, 23.356404, 0.0], [85.312611, 23.356703, 0.0], [85.312416, 23.356922, 0.0], [85.312421, 23.356927, 0.0], [85.31282, 23.357286, 0.0], [85.31279, 23.357914, 0.0], [85.31278, 23.358186, 0.0], [85.312775, 23.358353, 0.0], [85.312866, 23.358351, 0.0], [85.312863, 23.358499, 0.0], [85.312861, 23.358561, 0.0], [85.312859, 23.358656, 0.0], [85.312897, 23.358908, 0.0], [85.312935, 23.359152, 0.0], [85.312973, 23.359402, 0.0], [85.312988, 23.359562, 0.0], [85.313057, 23.359985, 0.0], [85.313118, 23.360369, 0.0], [85.313179, 23.360678, 0.0], [85.313782, 23.360584, 0.0], [85.313838, 23.36059, 0.0]]]}}, {"type": "Feature", "properties": {"ward_no": 29, "ward_name": "WARD 29", "ulb": "Ranchi Municipal Corporation", "district": "Ranchi", "state": "Jharkhand"}, "geometry": {"type": "Polygon", "coordinates": [[[85.313979, 23.379203, 0.0], [85.313584, 23.37926, 0.0], [85.313325, 23.379307, 0.0], [85.312919, 23.379375, 0.0], [85.312585, 23.37943, 0.0], [85.312361, 23.37945, 0.0], [85.311959, 23.379473, 0.0], [85.311815, 23.37948, 0.0], [85.311524, 23.379498, 0.0], [85.311173, 23.379507, 0.0], [85.310795, 23.379519, 0.0], [85.310266, 23.379545, 0.0], [85.309711, 23.379622, 0.0], [85.30928, 23.379681, 0.0], [85.308769, 23.379739, 0.0], [85.30862, 23.379764, 0.0], [85.307813, 23.379936, 0.0], [85.307785, 23.379943, 0.0], [85.307552, 23.379981, 0.0], [85.307471, 23.379993, 0.0], [85.306538, 23.380159, 0.0], [85.305701, 23.38029, 0.0], [85.304757, 23.380456, 0.0], [85.30407, 23.380589, 0.0], [85.304049, 23.380593, 0.0], [85.303976, 23.38061, 0.0], [85.303972, 23.38058, 0.0], [85.303946, 23.380487, 0.0], [85.303852, 23.380157, 0.0], [85.303762, 23.379855, 0.0], [85.303695, 23.379458, 0.0], [85.303602, 23.379083, 0.0], [85.303339, 23.379126, 0.0], [85.303339, 23.379104, 0.0], [85.303339, 23.378967, 0.0], [85.303333, 23.37889, 0.0], [85.30332, 23.378817, 0.0], [85.303338, 23.378762, 0.0], [85.303381, 23.378688, 0.0], [85.303353, 23.378494, 0.0], [85.303347, 23.378416, 0.0], [85.303385, 23.378363, 0.0], [85.303393, 23.378253, 0.0], [85.303448, 23.378224, 0.0], [85.303446, 23.378185, 0.0], [85.303595, 23.378166, 0.0], [85.3036, 23.378104, 0.0], [85.303597, 23.378075, 0.0], [85.303581, 23.377926, 0.0], [85.303649, 23.377808, 0.0], [85.303684, 23.377668, 0.0], [85.303685, 23.377479, 0.0], [85.303696, 23.377355, 0.0], [85.303673, 23.377261, 0.0], [85.303662, 23.377215, 0.0], [85.303612, 23.377002, 0.0], [85.303545, 23.37668, 0.0], [85.303468, 23.376416, 0.0], [85.303439, 23.375932, 0.0], [85.303776, 23.375898, 0.0], [85.304072, 23.375887, 0.0], [85.304081, 23.375881, 0.0], [85.30398, 23.375335, 0.0], [85.304431, 23.375192, 0.0], [85.304259, 23.374551, 0.0], [85.304231, 23.374523, 0.0], [85.304184, 23.374494, 0.0], [85.304122, 23.374474, 0.0], [85.304106, 23.374469, 0.0], [85.304166, 23.374422, 0.0], [85.304311, 23.374308, 0.0], [85.304547, 23.374219, 0.0], [85.304548, 23.374219, 0.0], [85.304557, 23.374214, 0.0], [85.304768, 23.374155, 0.0], [85.30493, 23.374092, 0.0], [85.304858, 23.373906, 0.0], [85.304754, 23.373611, 0.0], [85.304673, 23.373412, 0.0], [85.304639, 23.373244, 0.0], [85.304606, 23.373038, 0.0], [85.304572, 23.372873, 0.0], [85.304487, 23.372479, 0.0], [85.304454, 23.37228, 0.0], [85.304433, 23.372, 0.0], [85.30446, 23.371752, 0.0], [85.304399, 23.371359, 0.0], [85.304372, 23.371157, 0.0], [85.304387, 23.370927, 0.0], [85.304446, 23.370835, 0.0], [85.304438, 23.370806, 0.0], [85.304503, 23.370728, 0.0], [85.30452, 23.370674, 0.0], [85.3044, 23.370652, 0.0], [85.304041, 23.370594, 0.0], [85.304105, 23.370227, 0.0], [85.304153, 23.370053, 0.0], [85.304111, 23.369857, 0.0], [85.303955, 23.369471, 0.0], [85.303911, 23.369353, 0.0], [85.303678, 23.369184, 0.0], [85.303445, 23.3691, 0.0], [85.303373, 23.368997, 0.0], [85.303309, 23.368254, 0.0], [85.303396, 23.368052, 0.0], [85.303423, 23.367944, 0.0], [85.303397, 23.367643, 0.0], [85.303331, 23.367134, 0.0], [85.303302, 23.366775, 0.0], [85.30306, 23.36681, 0.0], [85.302843, 23.366819, 0.0], [85.302738, 23.366826, 0.0], [85.302442, 23.366851, 0.0], [85.302225, 23.366889, 0.0], [85.302007, 23.366923, 0.0], [85.301671, 23.366933, 0.0], [85.301639, 23.366933, 0.0], [85.301466, 23.366986, 0.0], [85.301003, 23.366988, 0.0], [85.300991, 23.366828, 0.0], [85.300937, 23.366671, 0.0], [85.300933, 23.36661, 0.0], [85.300943, 23.366442, 0.0], [85.300904, 23.366042, 0.0], [85.300886, 23.365783, 0.0], [85.30079, 23.365811, 0.0], [85.300502, 23.365859, 0.0], [85.300569, 23.365734, 0.0], [85.300538, 23.365538, 0.0], [85.300493, 23.365257, 0.0], [85.300501, 23.365043, 0.0], [85.300731, 23.36505, 0.0], [85.300898, 23.364925, 0.0], [85.301128, 23.364825, 0.0], [85.301327, 23.364719, 0.0], [85.301389, 23.36465, 0.0], [85.301468, 23.364561, 0.0], [85.301492, 23.364474, 0.0], [85.301462, 23.364357, 0.0], [85.301389, 23.364252, 0.0], [85.301423, 23.364207, 0.0], [85.301394, 23.36407, 0.0], [85.301253, 23.36369, 0.0], [85.301186, 23.36362, 0.0], [85.30105, 23.363554, 0.0], [85.300974, 23.363542, 0.0], [85.300995, 23.363292, 0.0], [85.301025, 23.363042, 0.0], [85.30105, 23.362745, 0.0], [85.301108, 23.362746, 0.0], [85.301397, 23.362779, 0.0], [85.30171, 23.362861, 0.0], [85.301893, 23.363021, 0.0], [85.302049, 23.363337, 0.0], [85.302194, 23.363605, 0.0], [85.302401, 23.363756, 0.0], [85.302646, 23.363872, 0.0], [85.302817, 23.364004, 0.0], [85.303079, 23.36405, 0.0], [85.303335, 23.364051, 0.0], [85.303619, 23.36414, 0.0], [85.303949, 23.364256, 0.0], [85.304194, 23.364216, 0.0], [85.304464, 23.364079, 0.0], [85.304663, 23.363973, 0.0], [85.30477, 23.363802, 0.0], [85.304993, 23.363687, 0.0], [85.305123, 23.363558, 0.0], [85.305154, 23.363386, 0.0], [85.305283, 23.363318, 0.0], [85.305529, 23.363273, 0.0], [85.305716, 23.363214, 0.0], [85.305952, 23.362966, 0.0], [85.306374, 23.362765, 0.0], [85.306532, 23.362665, 0.0], [85.306726, 23.362582, 0.0], [85.306899, 23.362712, 0.0], [85.30703, 23.362924, 0.0], [85.3071, 23.363146, 0.0], [85.307173, 23.363252, 0.0], [85.307318, 23.363496, 0.0], [85.307521, 23.363841, 0.0], [85.307675, 23.364143, 0.0], [85.307874, 23.364359, 0.0], [85.308103, 23.364649, 0.0], [85.308295, 23.364834, 0.0], [85.308352, 23.364888, 0.0], [85.308583, 23.364913, 0.0], [85.308814, 23.364984, 0.0], [85.308955, 23.365159, 0.0], [85.30918, 23.365376, 0.0], [85.309256, 23.365408, 0.0], [85.309386, 23.365468, 0.0], [85.309646, 23.365555, 0.0], [85.309854, 23.365544, 0.0], [85.309907, 23.365511, 0.0], [85.309954, 23.365616, 0.0], [85.310042, 23.365769, 0.0], [85.310121, 23.365916, 0.0], [85.310214, 23.36606, 0.0], [85.310273, 23.366171, 0.0], [85.310313, 23.366277, 0.0], [85.31034, 23.366392, 0.0], [85.310379, 23.366588, 0.0], [85.31039, 23.366679, 0.0], [85.310424, 23.367012, 0.0], [85.310412, 23.367035, 0.0], [85.310435, 23.367363, 0.0], [85.310545, 23.367682, 0.0], [85.310722, 23.368032, 0.0], [85.310953, 23.368382, 0.0], [85.311177, 23.36875, 0.0], [85.311407, 23.369136, 0.0], [85.311624, 23.369493, 0.0], [85.311847, 23.369974, 0.0], [85.312123, 23.37046, 0.0], [85.312254, 23.370735, 0.0], [85.312578, 23.371197, 0.0], [85.31269, 23.371396, 0.0], [85.312959, 23.371878, 0.0], [85.313176, 23.372289, 0.0], [85.313352, 23.372726, 0.0], [85.313529, 23.37302, 0.0], [85.3137, 23.373439, 0.0], [85.313848, 23.37387, 0.0], [85.313979, 23.374228, 0.0], [85.314248, 23.375233, 0.0], [85.314362, 23.375833, 0.0], [85.314453, 23.376373, 0.0], [85.314715, 23.377098, 0.0], [85.314838, 23.377253, 0.0], [85.315208, 23.377729, 0.0], [85.3156, 23.378115, 0.0], [85.31564, 23.378178, 0.0], [85.315874, 23.378549, 0.0], [85.316008, 23.378787, 0.0], [85.315909, 23.378827, 0.0], [85.315492, 23.37894, 0.0], [85.31506, 23.379019, 0.0], [85.314527, 23.379137, 0.0], [85.313979, 23.379203, 0.0]]]}}, {"type": "Feature", "properties": {"ward_no": 30, "ward_name": "WARD 30", "ulb": "Ranchi Municipal Corporation", "district": "Ranchi", "state": "Jharkhand"}, "geometry": {"type": "Polygon", "coordinates": [[[85.316072, 23.378781, 0.0], [85.316109, 23.37877, 0.0], [85.316117, 23.378783, 0.0], [85.316181, 23.378901, 0.0], [85.316237, 23.379021, 0.0], [85.316287, 23.379145, 0.0], [85.31633, 23.37927, 0.0], [85.316366, 23.379398, 0.0], [85.316395, 23.379527, 0.0], [85.316457, 23.379764, 0.0], [85.31649, 23.379881, 0.0], [85.316516, 23.379993, 0.0], [85.316524, 23.38, 0.0], [85.31652, 23.380035, 0.0], [85.316484, 23.380088, 0.0], [85.316412, 23.380194, 0.0], [85.31602, 23.38074, 0.0], [85.315825, 23.38105, 0.0], [85.315784, 23.381063, 0.0], [85.315698, 23.381188, 0.0], [85.315535, 23.381469, 0.0], [85.315484, 23.381705, 0.0], [85.31549, 23.381994, 0.0], [85.315512, 23.382263, 0.0], [85.315554, 23.382589, 0.0], [85.315565, 23.382955, 0.0], [85.315593, 23.383359, 0.0], [85.315621, 23.383664, 0.0], [85.315627, 23.383732, 0.0], [85.315619, 23.38387, 0.0], [85.315643, 23.38426, 0.0], [85.315666, 23.3845, 0.0], [85.315711, 23.385002, 0.0], [85.315735, 23.38548, 0.0], [85.315736, 23.385634, 0.0], [85.315691, 23.38585, 0.0], [85.31562, 23.386089, 0.0], [85.315475, 23.386484, 0.0], [85.315244, 23.387087, 0.0], [85.315062, 23.387557, 0.0], [85.314948, 23.387867, 0.0], [85.314793, 23.388306, 0.0], [85.314602, 23.388798, 0.0], [85.314377, 23.389369, 0.0], [85.314296, 23.389644, 0.0], [85.314271, 23.389707, 0.0], [85.313879, 23.389696, 0.0], [85.313629, 23.389686, 0.0], [85.313342, 23.389534, 0.0], [85.312832, 23.389621, 0.0], [85.31239, 23.38968, 0.0], [85.312093, 23.389746, 0.0], [85.311643, 23.389888, 0.0], [85.311023, 23.390211, 0.0], [85.310639, 23.39055, 0.0], [85.3105, 23.390731, 0.0], [85.310202, 23.390834, 0.0], [85.309715, 23.390919, 0.0], [85.309552, 23.39117, 0.0], [85.309308, 23.391197, 0.0], [85.308928, 23.391193, 0.0], [85.307016, 23.390967, 0.0], [85.306338, 23.391059, 0.0], [85.305499, 23.391224, 0.0], [85.305415, 23.39085, 0.0], [85.305345, 23.390434, 0.0], [85.305187, 23.389166, 0.0], [85.305807, 23.389039, 0.0], [85.305717, 23.388689, 0.0], [85.305559, 23.388147, 0.0], [85.305552, 23.387917, 0.0], [85.305505, 23.387695, 0.0], [85.305397, 23.387145, 0.0], [85.305298, 23.386736, 0.0], [85.305183, 23.386301, 0.0], [85.305147, 23.386046, 0.0], [85.305049, 23.385507, 0.0], [85.304983, 23.38517, 0.0], [85.304876, 23.384589, 0.0], [85.304763, 23.384084, 0.0], [85.304636, 23.383462, 0.0], [85.304569, 23.383117, 0.0], [85.304607, 23.383107, 0.0], [85.304688, 23.383088, 0.0], [85.305262, 23.382949, 0.0], [85.305381, 23.382922, 0.0], [85.30601, 23.382781, 0.0], [85.306058, 23.382825, 0.0], [85.306166, 23.382723, 0.0], [85.306092, 23.382439, 0.0], [85.305885, 23.381513, 0.0], [85.305853, 23.381382, 0.0], [85.305684, 23.380706, 0.0], [85.305669, 23.380645, 0.0], [85.305585, 23.38031, 0.0], [85.305701, 23.38029, 0.0], [85.306538, 23.380159, 0.0], [85.307471, 23.379993, 0.0], [85.307552, 23.379981, 0.0], [85.307785, 23.379943, 0.0], [85.307813, 23.379936, 0.0], [85.30862, 23.379764, 0.0], [85.308769, 23.379739, 0.0], [85.30928, 23.379681, 0.0], [85.309711, 23.379622, 0.0], [85.310266, 23.379545, 0.0], [85.310795, 23.379519, 0.0], [85.311173, 23.379507, 0.0], [85.311524, 23.379498, 0.0], [85.311815, 23.37948, 0.0], [85.311959, 23.379473, 0.0], [85.312361, 23.37945, 0.0], [85.312585, 23.37943, 0.0], [85.312919, 23.379375, 0.0], [85.313325, 23.379307, 0.0], [85.313584, 23.37926, 0.0], [85.313979, 23.379203, 0.0], [85.314527, 23.379137, 0.0], [85.31506, 23.379019, 0.0], [85.315492, 23.37894, 0.0], [85.315909, 23.378827, 0.0], [85.316008, 23.378787, 0.0], [85.316072, 23.378781, 0.0]]]}}, {"type": "Feature", "properties": {"ward_no": 32, "ward_name": "WARD 32", "ulb": "Ranchi Municipal Corporation", "district": "Ranchi", "state": "Jharkhand"}, "geometry": {"type": "Polygon", "coordinates": [[[85.282726, 23.386936, 0.0], [85.283694, 23.386496, 0.0], [85.284446, 23.386176, 0.0], [85.285282, 23.385809, 0.0], [85.286057, 23.385483, 0.0], [85.287014, 23.385069, 0.0], [85.288077, 23.384634, 0.0], [85.288336, 23.384553, 0.0], [85.289058, 23.384121, 0.0], [85.290842, 23.383558, 0.0], [85.293287, 23.38279, 0.0], [85.294796, 23.382411, 0.0], [85.296894, 23.381904, 0.0], [85.297343, 23.38182, 0.0], [85.297363, 23.381895, 0.0], [85.297417, 23.38212, 0.0], [85.297546, 23.382487, 0.0], [85.297711, 23.382937, 0.0], [85.297791, 23.383129, 0.0], [85.297825, 23.383213, 0.0], [85.29792, 23.383438, 0.0], [85.297761, 23.383503, 0.0], [85.297689, 23.383535, 0.0], [85.297784, 23.383762, 0.0], [85.297751, 23.383773, 0.0], [85.297733, 23.383779, 0.0], [85.297531, 23.383846, 0.0], [85.297587, 23.384094, 0.0], [85.297618, 23.38429, 0.0], [85.297645, 23.384708, 0.0], [85.297653, 23.384841, 0.0], [85.297656, 23.384876, 0.0], [85.29768, 23.385087, 0.0], [85.297728, 23.385368, 0.0], [85.297765, 23.385585, 0.0], [85.29794, 23.386236, 0.0], [85.297949, 23.386268, 0.0], [85.298128, 23.387284, 0.0], [85.297861, 23.387401, 0.0], [85.297486, 23.387525, 0.0], [85.297436, 23.387526, 0.0], [85.297418, 23.387527, 0.0], [85.297325, 23.387529, 0.0], [85.297016, 23.387599, 0.0], [85.296837, 23.387668, 0.0], [85.296687, 23.387784, 0.0], [85.296576, 23.38787, 0.0], [85.296227, 23.388028, 0.0], [85.295942, 23.388117, 0.0], [85.295734, 23.388315, 0.0], [85.295727, 23.388321, 0.0], [85.295621, 23.388422, 0.0], [85.295504, 23.388486, 0.0], [85.295583, 23.388732, 0.0], [85.295696, 23.389082, 0.0], [85.295714, 23.389186, 0.0], [85.295751, 23.389391, 0.0], [85.295759, 23.389492, 0.0], [85.295761, 23.389522, 0.0], [85.295778, 23.389739, 0.0], [85.295823, 23.389925, 0.0], [85.295853, 23.390036, 0.0], [85.295735, 23.390101, 0.0], [85.295606, 23.390157, 0.0], [85.295602, 23.390183, 0.0], [85.295599, 23.390208, 0.0], [85.295586, 23.3903, 0.0], [85.295264, 23.390756, 0.0], [85.295299, 23.390952, 0.0], [85.294888, 23.391065, 0.0], [85.294964, 23.391476, 0.0], [85.294973, 23.391524, 0.0], [85.295047, 23.391924, 0.0], [85.295164, 23.392625, 0.0], [85.295186, 23.392656, 0.0], [85.295207, 23.392685, 0.0], [85.295301, 23.392815, 0.0], [85.295948, 23.393391, 0.0], [85.295956, 23.393399, 0.0], [85.296061, 23.393492, 0.0], [85.296223, 23.393683, 0.0], [85.296267, 23.3938, 0.0], [85.296314, 23.393953, 0.0], [85.296427, 23.394488, 0.0], [85.296473, 23.394683, 0.0], [85.296462, 23.39477, 0.0], [85.296402, 23.395169, 0.0], [85.296407, 23.395247, 0.0], [85.296445, 23.39534, 0.0], [85.296597, 23.395592, 0.0], [85.296745, 23.39586, 0.0], [85.29677, 23.395956, 0.0], [85.296769, 23.396009, 0.0], [85.296762, 23.396048, 0.0], [85.296689, 23.396194, 0.0], [85.296259, 23.396748, 0.0], [85.296096, 23.396655, 0.0], [85.296018, 23.39667, 0.0], [85.295916, 23.39654, 0.0], [85.296005, 23.396335, 0.0], [85.29617, 23.396233, 0.0], [85.296232, 23.396137, 0.0], [85.296225, 23.395995, 0.0], [85.295891, 23.39584, 0.0], [85.295641, 23.395805, 0.0], [85.295521, 23.395716, 0.0], [85.29539, 23.39585, 0.0], [85.295245, 23.395801, 0.0], [85.295074, 23.395648, 0.0], [85.294991, 23.395424, 0.0], [85.295003, 23.395169, 0.0], [85.294988, 23.394979, 0.0], [85.294765, 23.394857, 0.0], [85.294567, 23.394814, 0.0], [85.294203, 23.394993, 0.0], [85.294028, 23.395158, 0.0], [85.293922, 23.395333, 0.0], [85.29392, 23.395532, 0.0], [85.293851, 23.395578, 0.0], [85.29367, 23.395513, 0.0], [85.293587, 23.395289, 0.0], [85.29353, 23.395051, 0.0], [85.293408, 23.394874, 0.0], [85.293099, 23.394744, 0.0], [85.292755, 23.394659, 0.0], [85.29235, 23.394648, 0.0], [85.292081, 23.394755, 0.0], [85.291899, 23.394816, 0.0], [85.291693, 23.394792, 0.0], [85.291415, 23.394877, 0.0], [85.291196, 23.395048, 0.0], [85.291005, 23.395141, 0.0], [85.290815, 23.395164, 0.0], [85.290651, 23.395187, 0.0], [85.290538, 23.39524, 0.0], [85.290442, 23.395295, 0.0], [85.290374, 23.395301, 0.0], [85.290271, 23.395246, 0.0], [85.290186, 23.395141, 0.0], [85.290092, 23.395036, 0.0], [85.289885, 23.395009, 0.0], [85.289916, 23.394824, 0.0], [85.28984, 23.394716, 0.0], [85.289679, 23.394557, 0.0], [85.289379, 23.394331, 0.0], [85.289186, 23.394236, 0.0], [85.288784, 23.394102, 0.0], [85.288533, 23.394009, 0.0], [85.288473, 23.394045, 0.0], [85.288346, 23.394004, 0.0], [85.288259, 23.393857, 0.0], [85.288223, 23.393813, 0.0], [85.288111, 23.393677, 0.0], [85.287955, 23.393376, 0.0], [85.28773, 23.392994, 0.0], [85.28763, 23.392896, 0.0], [85.287428, 23.392664, 0.0], [85.287295, 23.392408, 0.0], [85.287039, 23.391886, 0.0], [85.286824, 23.391882, 0.0], [85.286749, 23.391877, 0.0], [85.286526, 23.391864, 0.0], [85.286276, 23.391814, 0.0], [85.286084, 23.391723, 0.0], [85.285795, 23.391562, 0.0], [85.285568, 23.391275, 0.0], [85.285113, 23.390435, 0.0], [85.28484, 23.390441, 0.0], [85.284627, 23.390455, 0.0], [85.284431, 23.39044, 0.0], [85.284217, 23.390463, 0.0], [85.284045, 23.390484, 0.0], [85.283781, 23.390521, 0.0], [85.283568, 23.390544, 0.0], [85.283432, 23.390507, 0.0], [85.283348, 23.390483, 0.0], [85.283367, 23.390443, 0.0], [85.283212, 23.389874, 0.0], [85.283213, 23.389838, 0.0], [85.283266, 23.389755, 0.0], [85.283111, 23.388965, 0.0], [85.283141, 23.388885, 0.0], [85.283175, 23.388757, 0.0], [85.283151, 23.388574, 0.0], [85.28316, 23.388437, 0.0], [85.28312, 23.38826, 0.0], [85.283073, 23.388113, 0.0], [85.282973, 23.387876, 0.0], [85.282935, 23.387774, 0.0], [85.282908, 23.387589, 0.0], [85.282894, 23.387463, 0.0], [85.282838, 23.387251, 0.0], [85.282761, 23.386969, 0.0], [85.282726, 23.386936, 0.0]]]}}, {"type": "Feature", "properties": {"ward_no": 33, "ward_name": "WARD 33", "ulb": "Ranchi Municipal Corporation", "district": "Ranchi", "state": "Jharkhand"}, "geometry": {"type": "Polygon", "coordinates": [[[85.289297, 23.395072, 0.0], [85.2892, 23.395184, 0.0], [85.289079, 23.395221, 0.0], [85.28895, 23.395229, 0.0], [85.288752, 23.395227, 0.0], [85.288666, 23.39516, 0.0], [85.288633, 23.395027, 0.0], [85.288704, 23.39486, 0.0], [85.288663, 23.394747, 0.0], [85.288448, 23.394713, 0.0], [85.28824, 23.394752, 0.0], [85.288112, 23.394637, 0.0], [85.287976, 23.394494, 0.0], [85.287693, 23.394355, 0.0], [85.287521, 23.394328, 0.0], [85.287357, 23.394336, 0.0], [85.287194, 23.394271, 0.0], [85.287075, 23.394197, 0.0], [85.286841, 23.394267, 0.0], [85.286539, 23.394254, 0.0], [85.286262, 23.394179, 0.0], [85.286065, 23.394145, 0.0], [85.285917, 23.394191, 0.0], [85.285711, 23.39411, 0.0], [85.28554, 23.394029, 0.0], [85.285385, 23.394018, 0.0], [85.285266, 23.393881, 0.0], [85.285155, 23.393833, 0.0], [85.284906, 23.39371, 0.0], [85.284716, 23.393693, 0.0], [85.284518, 23.393724, 0.0], [85.284292, 23.393808, 0.0], [85.284163, 23.393822, 0.0], [85.283948, 23.393804, 0.0], [85.283878, 23.393875, 0.0], [85.283806, 23.394057, 0.0], [85.283754, 23.394088, 0.0], [85.283539, 23.394023, 0.0], [85.283349, 23.394084, 0.0], [85.283097, 23.394257, 0.0], [85.282977, 23.394344, 0.0], [85.282795, 23.394389, 0.0], [85.282656, 23.394442, 0.0], [85.282536, 23.394418, 0.0], [85.28239, 23.394353, 0.0], [85.282185, 23.394184, 0.0], [85.282007, 23.393934, 0.0], [85.281967, 23.393744, 0.0], [85.281985, 23.393663, 0.0], [85.281873, 23.393632, 0.0], [85.281736, 23.393606, 0.0], [85.281634, 23.393494, 0.0], [85.281635, 23.393367, 0.0], [85.28162, 23.393254, 0.0], [85.2815, 23.393149, 0.0], [85.281415, 23.393031, 0.0], [85.281132, 23.392908, 0.0], [85.280961, 23.392825, 0.0], [85.280704, 23.392687, 0.0], [85.280593, 23.392584, 0.0], [85.28049, 23.392551, 0.0], [85.28037, 23.392509, 0.0], [85.280258, 23.392476, 0.0], [85.280155, 23.392466, 0.0], [85.280033, 23.392537, 0.0], [85.279904, 23.392576, 0.0], [85.279835, 23.39256, 0.0], [85.27975, 23.392478, 0.0], [85.279726, 23.392351, 0.0], [85.279815, 23.392074, 0.0], [85.279809, 23.391882, 0.0], [85.279631, 23.391618, 0.0], [85.279376, 23.391376, 0.0], [85.279068, 23.391222, 0.0], [85.278975, 23.391169, 0.0], [85.278765, 23.391011, 0.0], [85.278555, 23.390959, 0.0], [85.278328, 23.390925, 0.0], [85.278187, 23.390939, 0.0], [85.27804, 23.390808, 0.0], [85.277998, 23.39067, 0.0], [85.277876, 23.390628, 0.0], [85.277835, 23.390443, 0.0], [85.277687, 23.390335, 0.0], [85.277461, 23.390204, 0.0], [85.277272, 23.389942, 0.0], [85.277029, 23.38965, 0.0], [85.276719, 23.389403, 0.0], [85.276467, 23.38924, 0.0], [85.274679, 23.385245, 0.0], [85.274459, 23.384687, 0.0], [85.27462, 23.384569, 0.0], [85.274126, 23.383627, 0.0], [85.273751, 23.383733, 0.0], [85.273512, 23.38367, 0.0], [85.273368, 23.383483, 0.0], [85.272726, 23.383587, 0.0], [85.272334, 23.383546, 0.0], [85.271826, 23.38336, 0.0], [85.271749, 23.383219, 0.0], [85.271322, 23.382454, 0.0], [85.270895, 23.38186, 0.0], [85.270437, 23.381236, 0.0], [85.269979, 23.380784, 0.0], [85.269582, 23.380132, 0.0], [85.269215, 23.379848, 0.0], [85.269002, 23.379423, 0.0], [85.268636, 23.378857, 0.0], [85.26827, 23.378431, 0.0], [85.267506, 23.377639, 0.0], [85.266987, 23.377015, 0.0], [85.266101, 23.376165, 0.0], [85.265336, 23.37557, 0.0], [85.264756, 23.375001, 0.0], [85.264175, 23.374577, 0.0], [85.263227, 23.373867, 0.0], [85.262895, 23.373678, 0.0], [85.262892, 23.373556, 0.0], [85.263123, 23.373734, 0.0], [85.263402, 23.373875, 0.0], [85.263658, 23.373982, 0.0], [85.264038, 23.37409, 0.0], [85.264408, 23.374142, 0.0], [85.264717, 23.374154, 0.0], [85.265267, 23.37414, 0.0], [85.265739, 23.374084, 0.0], [85.265964, 23.374066, 0.0], [85.266268, 23.373986, 0.0], [85.266577, 23.373922, 0.0], [85.266954, 23.373858, 0.0], [85.26759, 23.373737, 0.0], [85.268045, 23.373642, 0.0], [85.26858, 23.373556, 0.0], [85.268815, 23.373554, 0.0], [85.269101, 23.373582, 0.0], [85.26951, 23.373643, 0.0], [85.26998, 23.373711, 0.0], [85.270418, 23.373748, 0.0], [85.270699, 23.37373, 0.0], [85.271019, 23.373702, 0.0], [85.271328, 23.373679, 0.0], [85.271811, 23.373659, 0.0], [85.272417, 23.373623, 0.0], [85.273079, 23.373594, 0.0], [85.273641, 23.373548, 0.0], [85.274096, 23.373529, 0.0], [85.274422, 23.373512, 0.0], [85.27486, 23.373481, 0.0], [85.275304, 23.373418, 0.0], [85.27581, 23.37334, 0.0], [85.276457, 23.37325, 0.0], [85.276957, 23.373167, 0.0], [85.277671, 23.37306, 0.0], [85.278234, 23.372958, 0.0], [85.278773, 23.372896, 0.0], [85.279121, 23.37288, 0.0], [85.279401, 23.372899, 0.0], [85.279759, 23.373011, 0.0], [85.280116, 23.373164, 0.0], [85.280456, 23.373382, 0.0], [85.280901, 23.373651, 0.0], [85.281224, 23.373855, 0.0], [85.281475, 23.374009, 0.0], [85.281692, 23.374136, 0.0], [85.281931, 23.374299, 0.0], [85.282165, 23.374446, 0.0], [85.282331, 23.374604, 0.0], [85.282541, 23.374823, 0.0], [85.282746, 23.375044, 0.0], [85.283028, 23.375367, 0.0], [85.283394, 23.375708, 0.0], [85.28366, 23.375991, 0.0], [85.283942, 23.376321, 0.0], [85.284091, 23.376499, 0.0], [85.284323, 23.376759, 0.0], [85.284467, 23.376936, 0.0], [85.284882, 23.377361, 0.0], [85.28546, 23.377864, 0.0], [85.285871, 23.378207, 0.0], [85.28631, 23.378537, 0.0], [85.286688, 23.378812, 0.0], [85.286999, 23.379064, 0.0], [85.287333, 23.379284, 0.0], [85.287632, 23.379547, 0.0], [85.288011, 23.379763, 0.0], [85.288352, 23.379875, 0.0], [85.28875, 23.379936, 0.0], [85.289131, 23.379992, 0.0], [85.28941, 23.380043, 0.0], [85.28964, 23.38007, 0.0], [85.29001, 23.380122, 0.0], [85.290441, 23.380178, 0.0], [85.290811, 23.380218, 0.0], [85.29132, 23.380317, 0.0], [85.291724, 23.380384, 0.0], [85.292104, 23.380465, 0.0], [85.292669, 23.380607, 0.0], [85.293318, 23.380754, 0.0], [85.293995, 23.380917, 0.0], [85.29432, 23.380993, 0.0], [85.294873, 23.381139, 0.0], [85.295355, 23.381264, 0.0], [85.295931, 23.381414, 0.0], [85.296602, 23.381582, 0.0], [85.297116, 23.381712, 0.0], [85.297343, 23.38182, 0.0], [85.296894, 23.381904, 0.0], [85.294796, 23.382411, 0.0], [85.293287, 23.38279, 0.0], [85.290842, 23.383558, 0.0], [85.289058, 23.384121, 0.0], [85.288336, 23.384553, 0.0], [85.288077, 23.384634, 0.0], [85.287014, 23.385069, 0.0], [85.286057, 23.385483, 0.0], [85.285282, 23.385809, 0.0], [85.284446, 23.386176, 0.0], [85.283694, 23.386496, 0.0], [85.282726, 23.386936, 0.0], [85.282761, 23.386969, 0.0], [85.282838, 23.387251, 0.0], [85.282894, 23.387463, 0.0], [85.282908, 23.387589, 0.0], [85.282935, 23.387774, 0.0], [85.282973, 23.387876, 0.0], [85.283073, 23.388113, 0.0], [85.28312, 23.38826, 0.0], [85.28316, 23.388437, 0.0], [85.283151, 23.388574, 0.0], [85.283175, 23.388757, 0.0], [85.283141, 23.388885, 0.0], [85.283111, 23.388965, 0.0], [85.283266, 23.389755, 0.0], [85.283213, 23.389838, 0.0], [85.283212, 23.389874, 0.0], [85.283367, 23.390443, 0.0], [85.283348, 23.390483, 0.0], [85.283432, 23.390507, 0.0], [85.283568, 23.390544, 0.0], [85.283781, 23.390521, 0.0], [85.284045, 23.390484, 0.0], [85.284217, 23.390463, 0.0], [85.284431, 23.39044, 0.0], [85.284627, 23.390455, 0.0], [85.28484, 23.390441, 0.0], [85.285113, 23.390435, 0.0], [85.285568, 23.391275, 0.0], [85.285795, 23.391562, 0.0], [85.286084, 23.391723, 0.0], [85.286276, 23.391814, 0.0], [85.286526, 23.391864, 0.0], [85.286749, 23.391877, 0.0], [85.286824, 23.391882, 0.0], [85.287039, 23.391886, 0.0], [85.287295, 23.392408, 0.0], [85.287428, 23.392664, 0.0], [85.28763, 23.392896, 0.0], [85.28773, 23.392994, 0.0], [85.287955, 23.393376, 0.0], [85.288111, 23.393677, 0.0], [85.288223, 23.393813, 0.0], [85.288259, 23.393857, 0.0], [85.288346, 23.394004, 0.0], [85.288473, 23.394045, 0.0], [85.288533, 23.394009, 0.0], [85.288784, 23.394102, 0.0], [85.289186, 23.394236, 0.0], [85.289379, 23.394331, 0.0], [85.289679, 23.394557, 0.0], [85.28984, 23.394716, 0.0], [85.289916, 23.394824, 0.0], [85.289885, 23.395009, 0.0], [85.289748, 23.394992, 0.0], [85.289548, 23.39498, 0.0], [85.289297, 23.395072, 0.0]]]}}, {"type": "Feature", "properties": {"ward_no": 34, "ward_name": "WARD 34", "ulb": "Ranchi Municipal Corporation", "district": "Ranchi", "state": "Jharkhand"}, "geometry": {"type": "Polygon", "coordinates": [[[85.300502, 23.365859, 0.0], [85.300187, 23.365922, 0.0], [85.299954, 23.3659, 0.0], [85.298408, 23.366373, 0.0], [85.297775, 23.366551, 0.0], [85.297705, 23.366969, 0.0], [85.297368, 23.366989, 0.0], [85.297347, 23.367646, 0.0], [85.296361, 23.367838, 0.0], [85.296384, 23.368018, 0.0], [85.296268, 23.368028, 0.0], [85.296341, 23.368387, 0.0], [85.296319, 23.369104, 0.0], [85.296291, 23.369223, 0.0], [85.296236, 23.369485, 0.0], [85.296024, 23.369667, 0.0], [85.295756, 23.369965, 0.0], [85.29566, 23.370236, 0.0], [85.29553, 23.370636, 0.0], [85.295178, 23.370637, 0.0], [85.295246, 23.370928, 0.0], [85.295327, 23.371236, 0.0], [85.295204, 23.371463, 0.0], [85.295073, 23.371667, 0.0], [85.295196, 23.371755, 0.0], [85.295393, 23.371819, 0.0], [85.295672, 23.371881, 0.0], [85.295618, 23.372097, 0.0], [85.295505, 23.372447, 0.0], [85.295409, 23.372613, 0.0], [85.295207, 23.37281, 0.0], [85.29515, 23.372896, 0.0], [85.294928, 23.373012, 0.0], [85.294827, 23.373063, 0.0], [85.294871, 23.373269, 0.0], [85.294828, 23.373567, 0.0], [85.294813, 23.373734, 0.0], [85.294719, 23.374032, 0.0], [85.294703, 23.374211, 0.0], [85.294674, 23.37445, 0.0], [85.294769, 23.374836, 0.0], [85.294847, 23.375156, 0.0], [85.294935, 23.37536, 0.0], [85.295046, 23.375732, 0.0], [85.295082, 23.375995, 0.0], [85.295258, 23.376355, 0.0], [85.295384, 23.376679, 0.0], [85.295535, 23.376956, 0.0], [85.29561, 23.377219, 0.0], [85.295697, 23.377483, 0.0], [85.295723, 23.377728, 0.0], [85.295747, 23.377985, 0.0], [85.295758, 23.378119, 0.0], [85.29578, 23.37816, 0.0], [85.295419, 23.37829, 0.0], [85.295458, 23.378409, 0.0], [85.295515, 23.378458, 0.0], [85.295542, 23.378509, 0.0], [85.295614, 23.37893, 0.0], [85.295712, 23.379538, 0.0], [85.295844, 23.379917, 0.0], [85.296089, 23.38043, 0.0], [85.296137, 23.380566, 0.0], [85.296286, 23.380984, 0.0], [85.296496, 23.381492, 0.0], [85.296506, 23.381558, 0.0], [85.295931, 23.381414, 0.0], [85.295355, 23.381264, 0.0], [85.294873, 23.381139, 0.0], [85.29432, 23.380993, 0.0], [85.293995, 23.380917, 0.0], [85.293318, 23.380754, 0.0], [85.292669, 23.380607, 0.0], [85.292104, 23.380465, 0.0], [85.291724, 23.380384, 0.0], [85.29132, 23.380317, 0.0], [85.290811, 23.380218, 0.0], [85.290441, 23.380178, 0.0], [85.29001, 23.380122, 0.0], [85.28964, 23.38007, 0.0], [85.28941, 23.380043, 0.0], [85.289131, 23.379992, 0.0], [85.28875, 23.379936, 0.0], [85.288352, 23.379875, 0.0], [85.288011, 23.379763, 0.0], [85.287632, 23.379547, 0.0], [85.287333, 23.379284, 0.0], [85.286999, 23.379064, 0.0], [85.286688, 23.378812, 0.0], [85.28631, 23.378537, 0.0], [85.285871, 23.378207, 0.0], [85.28546, 23.377864, 0.0], [85.284882, 23.377361, 0.0], [85.284467, 23.376936, 0.0], [85.284323, 23.376759, 0.0], [85.284091, 23.376499, 0.0], [85.283942, 23.376321, 0.0], [85.28366, 23.375991, 0.0], [85.283394, 23.375708, 0.0], [85.283028, 23.375367, 0.0], [85.282746, 23.375044, 0.0], [85.282541, 23.374823, 0.0], [85.282331, 23.374604, 0.0], [85.282165, 23.374446, 0.0], [85.281931, 23.374299, 0.0], [85.281692, 23.374136, 0.0], [85.281475, 23.374009, 0.0], [85.281224, 23.373855, 0.0], [85.280901, 23.373651, 0.0], [85.280456, 23.373382, 0.0], [85.280116, 23.373164, 0.0], [85.279759, 23.373011, 0.0], [85.279401, 23.372899, 0.0], [85.279121, 23.37288, 0.0], [85.278773, 23.372896, 0.0], [85.278559, 23.372921, 0.0], [85.278659, 23.372836, 0.0], [85.278643, 23.372724, 0.0], [85.278675, 23.372618, 0.0], [85.278727, 23.372562, 0.0], [85.27902, 23.372439, 0.0], [85.279699, 23.37228, 0.0], [85.279891, 23.372244, 0.0], [85.280175, 23.372145, 0.0], [85.280467, 23.372083, 0.0], [85.280689, 23.372044, 0.0], [85.280807, 23.372034, 0.0], [85.280898, 23.372026, 0.0], [85.281042, 23.372035, 0.0], [85.281218, 23.372064, 0.0], [85.281332, 23.372082, 0.0], [85.281532, 23.372088, 0.0], [85.281601, 23.372088, 0.0], [85.281896, 23.372087, 0.0], [85.282206, 23.372057, 0.0], [85.282475, 23.371998, 0.0], [85.282573, 23.371976, 0.0], [85.282997, 23.371896, 0.0], [85.283514, 23.371753, 0.0], [85.283713, 23.371687, 0.0], [85.283966, 23.371586, 0.0], [85.284207, 23.371473, 0.0], [85.284614, 23.371283, 0.0], [85.28484, 23.371169, 0.0], [85.285179, 23.370999, 0.0], [85.285353, 23.370912, 0.0], [85.285555, 23.370818, 0.0], [85.28574, 23.370692, 0.0], [85.285977, 23.370511, 0.0], [85.286714, 23.37024, 0.0], [85.286932, 23.370221, 0.0], [85.286982, 23.370219, 0.0], [85.287546, 23.370204, 0.0], [85.287795, 23.370187, 0.0], [85.287865, 23.370182, 0.0], [85.287866, 23.370169, 0.0], [85.287903, 23.369864, 0.0], [85.287908, 23.369702, 0.0], [85.287913, 23.369532, 0.0], [85.287882, 23.369397, 0.0], [85.287772, 23.369195, 0.0], [85.287733, 23.369123, 0.0], [85.287724, 23.36894, 0.0], [85.287742, 23.368778, 0.0], [85.287802, 23.368363, 0.0], [85.287834, 23.368252, 0.0], [85.287943, 23.368079, 0.0], [85.288095, 23.36779, 0.0], [85.288111, 23.367666, 0.0], [85.288152, 23.367484, 0.0], [85.288186, 23.367333, 0.0], [85.288263, 23.366989, 0.0], [85.288303, 23.36684, 0.0], [85.288401, 23.366597, 0.0], [85.288446, 23.366377, 0.0], [85.28844, 23.366179, 0.0], [85.288432, 23.366009, 0.0], [85.288411, 23.365873, 0.0], [85.288349, 23.365599, 0.0], [85.288338, 23.365457, 0.0], [85.288322, 23.365251, 0.0], [85.288343, 23.365122, 0.0], [85.288393, 23.36492, 0.0], [85.288585, 23.364552, 0.0], [85.288763, 23.364276, 0.0], [85.288899, 23.364111, 0.0], [85.288984, 23.364086, 0.0], [85.289526, 23.363878, 0.0], [85.290044, 23.363585, 0.0], [85.290418, 23.363513, 0.0], [85.290605, 23.363467, 0.0], [85.290864, 23.363441, 0.0], [85.290638, 23.362621, 0.0], [85.291072, 23.362463, 0.0], [85.291496, 23.362253, 0.0], [85.291893, 23.362192, 0.0], [85.292371, 23.362272, 0.0], [85.292768, 23.362373, 0.0], [85.293171, 23.362443, 0.0], [85.293478, 23.362318, 0.0], [85.293875, 23.362142, 0.0], [85.29467, 23.361852, 0.0], [85.29508, 23.361742, 0.0], [85.295379, 23.361917, 0.0], [85.295521, 23.36206, 0.0], [85.2957, 23.362103, 0.0], [85.295946, 23.362081, 0.0], [85.296093, 23.362134, 0.0], [85.296247, 23.362159, 0.0], [85.296414, 23.362093, 0.0], [85.296569, 23.362065, 0.0], [85.29671, 23.362107, 0.0], [85.296956, 23.362105, 0.0], [85.297259, 23.362057, 0.0], [85.297472, 23.361905, 0.0], [85.297645, 23.361799, 0.0], [85.29775, 23.361811, 0.0], [85.297928, 23.361865, 0.0], [85.298193, 23.361816, 0.0], [85.298317, 23.361761, 0.0], [85.298489, 23.361779, 0.0], [85.298588, 23.361821, 0.0], [85.298661, 23.361839, 0.0], [85.29876, 23.3618, 0.0], [85.298854, 23.361744, 0.0], [85.29899, 23.361701, 0.0], [85.299107, 23.361702, 0.0], [85.299304, 23.361709, 0.0], [85.29947, 23.361722, 0.0], [85.299661, 23.361719, 0.0], [85.299785, 23.361669, 0.0], [85.299853, 23.361629, 0.0], [85.299965, 23.36158, 0.0], [85.300075, 23.361627, 0.0], [85.300166, 23.361741, 0.0], [85.300237, 23.361992, 0.0], [85.300091, 23.362268, 0.0], [85.300088, 23.362559, 0.0], [85.300165, 23.362754, 0.0], [85.300336, 23.362851, 0.0], [85.300503, 23.362853, 0.0], [85.300645, 23.362787, 0.0], [85.300819, 23.362739, 0.0], [85.30105, 23.362745, 0.0], [85.301025, 23.363042, 0.0], [85.300995, 23.363292, 0.0], [85.300974, 23.363542, 0.0], [85.30105, 23.363554, 0.0], [85.301186, 23.36362, 0.0], [85.301253, 23.36369, 0.0], [85.301394, 23.36407, 0.0], [85.301423, 23.364207, 0.0], [85.301389, 23.364252, 0.0], [85.301462, 23.364357, 0.0], [85.301492, 23.364474, 0.0], [85.301468, 23.364561, 0.0], [85.301389, 23.36465, 0.0], [85.301327, 23.364719, 0.0], [85.301128, 23.364825, 0.0], [85.300898, 23.364925, 0.0], [85.300731, 23.36505, 0.0], [85.300501, 23.365043, 0.0], [85.300493, 23.365257, 0.0], [85.300538, 23.365538, 0.0], [85.300569, 23.365734, 0.0], [85.300502, 23.365859, 0.0]]]}}, {"type": "Feature", "properties": {"ward_no": 35, "ward_name": "WARD 35", "ulb": "Ranchi Municipal Corporation", "district": "Ranchi", "state": "Jharkhand"}, "geometry": {"type": "Polygon", "coordinates": [[[85.299107, 23.361702, 0.0], [85.29899, 23.361701, 0.0], [85.298854, 23.361744, 0.0], [85.29876, 23.3618, 0.0], [85.298661, 23.361839, 0.0], [85.298588, 23.361821, 0.0], [85.298489, 23.361779, 0.0], [85.298317, 23.361761, 0.0], [85.298193, 23.361816, 0.0], [85.297928, 23.361865, 0.0], [85.29775, 23.361811, 0.0], [85.297645, 23.361799, 0.0], [85.297472, 23.361905, 0.0], [85.297259, 23.362057, 0.0], [85.296956, 23.362105, 0.0], [85.29671, 23.362107, 0.0], [85.296569, 23.362065, 0.0], [85.296414, 23.362093, 0.0], [85.296247, 23.362159, 0.0], [85.296093, 23.362134, 0.0], [85.295946, 23.362081, 0.0], [85.2957, 23.362103, 0.0], [85.295521, 23.36206, 0.0], [85.295379, 23.361917, 0.0], [85.29508, 23.361742, 0.0], [85.29467, 23.361852, 0.0], [85.293875, 23.362142, 0.0], [85.293478, 23.362318, 0.0], [85.293171, 23.362443, 0.0], [85.292768, 23.362373, 0.0], [85.292371, 23.362272, 0.0], [85.291893, 23.362192, 0.0], [85.291496, 23.362253, 0.0], [85.291072, 23.362463, 0.0], [85.290638, 23.362621, 0.0], [85.290864, 23.363441, 0.0], [85.290605, 23.363467, 0.0], [85.290418, 23.363513, 0.0], [85.290044, 23.363585, 0.0], [85.289526, 23.363878, 0.0], [85.288984, 23.364086, 0.0], [85.288899, 23.364111, 0.0], [85.288763, 23.364276, 0.0], [85.288585, 23.364552, 0.0], [85.288393, 23.36492, 0.0], [85.288343, 23.365122, 0.0], [85.288322, 23.365251, 0.0], [85.288338, 23.365457, 0.0], [85.288349, 23.365599, 0.0], [85.288411, 23.365873, 0.0], [85.288432, 23.366009, 0.0], [85.28844, 23.366179, 0.0], [85.288446, 23.366377, 0.0], [85.288401, 23.366597, 0.0], [85.288303, 23.36684, 0.0], [85.288263, 23.366989, 0.0], [85.288186, 23.367333, 0.0], [85.288152, 23.367484, 0.0], [85.288111, 23.367666, 0.0], [85.288095, 23.36779, 0.0], [85.287943, 23.368079, 0.0], [85.287834, 23.368252, 0.0], [85.287802, 23.368363, 0.0], [85.287742, 23.368778, 0.0], [85.287724, 23.36894, 0.0], [85.287733, 23.369123, 0.0], [85.287772, 23.369195, 0.0], [85.287882, 23.369397, 0.0], [85.287913, 23.369532, 0.0], [85.287908, 23.369702, 0.0], [85.287903, 23.369864, 0.0], [85.287866, 23.370169, 0.0], [85.287865, 23.370182, 0.0], [85.287795, 23.370187, 0.0], [85.287546, 23.370204, 0.0], [85.286982, 23.370219, 0.0], [85.286932, 23.370221, 0.0], [85.286714, 23.37024, 0.0], [85.285977, 23.370511, 0.0], [85.28574, 23.370692, 0.0], [85.285555, 23.370818, 0.0], [85.285353, 23.370912, 0.0], [85.285179, 23.370999, 0.0], [85.28484, 23.371169, 0.0], [85.284614, 23.371283, 0.0], [85.284207, 23.371473, 0.0], [85.283966, 23.371586, 0.0], [85.283713, 23.371687, 0.0], [85.283514, 23.371753, 0.0], [85.282997, 23.371896, 0.0], [85.282573, 23.371976, 0.0], [85.282475, 23.371998, 0.0], [85.282206, 23.372057, 0.0], [85.281896, 23.372087, 0.0], [85.281601, 23.372088, 0.0], [85.281532, 23.372088, 0.0], [85.281332, 23.372082, 0.0], [85.281218, 23.372064, 0.0], [85.281042, 23.372035, 0.0], [85.280898, 23.372026, 0.0], [85.280807, 23.372034, 0.0], [85.280689, 23.372044, 0.0], [85.280467, 23.372083, 0.0], [85.280175, 23.372145, 0.0], [85.279891, 23.372244, 0.0], [85.279699, 23.37228, 0.0], [85.27902, 23.372439, 0.0], [85.278727, 23.372562, 0.0], [85.278675, 23.372618, 0.0], [85.278643, 23.372724, 0.0], [85.278659, 23.372836, 0.0], [85.278559, 23.372921, 0.0], [85.278234, 23.372958, 0.0], [85.277671, 23.37306, 0.0], [85.276957, 23.373167, 0.0], [85.276457, 23.37325, 0.0], [85.27581, 23.37334, 0.0], [85.275304, 23.373418, 0.0], [85.27486, 23.373481, 0.0], [85.274422, 23.373512, 0.0], [85.274096, 23.373529, 0.0], [85.273641, 23.373548, 0.0], [85.273079, 23.373594, 0.0], [85.272417, 23.373623, 0.0], [85.271811, 23.373659, 0.0], [85.271328, 23.373679, 0.0], [85.271019, 23.373702, 0.0], [85.270699, 23.37373, 0.0], [85.270418, 23.373748, 0.0], [85.26998, 23.373711, 0.0], [85.26951, 23.373643, 0.0], [85.269101, 23.373582, 0.0], [85.268815, 23.373554, 0.0], [85.26858, 23.373556, 0.0], [85.268045, 23.373642, 0.0], [85.26759, 23.373737, 0.0], [85.266954, 23.373858, 0.0], [85.266577, 23.373922, 0.0], [85.266268, 23.373986, 0.0], [85.265964, 23.374066, 0.0], [85.265739, 23.374084, 0.0], [85.265267, 23.37414, 0.0], [85.264717, 23.374154, 0.0], [85.264408, 23.374142, 0.0], [85.264038, 23.37409, 0.0], [85.263658, 23.373982, 0.0], [85.263402, 23.373875, 0.0], [85.263123, 23.373734, 0.0], [85.262892, 23.373556, 0.0], [85.26289, 23.373549, 0.0], [85.262887, 23.373544, 0.0], [85.262185, 23.373011, 0.0], [85.261578, 23.372385, 0.0], [85.261232, 23.372097, 0.0], [85.260594, 23.371677, 0.0], [85.259992, 23.371237, 0.0], [85.259684, 23.371012, 0.0], [85.259005, 23.370567, 0.0], [85.25907, 23.370436, 0.0], [85.259624, 23.369616, 0.0], [85.260239, 23.368684, 0.0], [85.261038, 23.367641, 0.0], [85.2615, 23.366793, 0.0], [85.261839, 23.366087, 0.0], [85.262331, 23.365382, 0.0], [85.263008, 23.364166, 0.0], [85.263377, 23.36363, 0.0], [85.263563, 23.36298, 0.0], [85.263933, 23.36202, 0.0], [85.264456, 23.361229, 0.0], [85.264918, 23.360297, 0.0], [85.265165, 23.359618, 0.0], [85.265627, 23.358657, 0.0], [85.266089, 23.357669, 0.0], [85.266398, 23.356851, 0.0], [85.266421, 23.356747, 0.0], [85.266434, 23.356691, 0.0], [85.266817, 23.356736, 0.0], [85.267361, 23.35683, 0.0], [85.268269, 23.356932, 0.0], [85.26896, 23.35694, 0.0], [85.269465, 23.356939, 0.0], [85.270029, 23.356913, 0.0], [85.270657, 23.356871, 0.0], [85.271186, 23.356822, 0.0], [85.271832, 23.356786, 0.0], [85.272375, 23.356738, 0.0], [85.272998, 23.35668, 0.0], [85.273338, 23.356706, 0.0], [85.27376, 23.356742, 0.0], [85.274153, 23.35678, 0.0], [85.274617, 23.356763, 0.0], [85.275201, 23.356722, 0.0], [85.275806, 23.356668, 0.0], [85.2765, 23.356605, 0.0], [85.277016, 23.356568, 0.0], [85.277445, 23.356546, 0.0], [85.277914, 23.35647, 0.0], [85.278279, 23.356386, 0.0], [85.278873, 23.356241, 0.0], [85.279262, 23.356128, 0.0], [85.279787, 23.35596, 0.0], [85.280458, 23.355766, 0.0], [85.281074, 23.355574, 0.0], [85.281593, 23.355395, 0.0], [85.282388, 23.355137, 0.0], [85.283372, 23.354798, 0.0], [85.283966, 23.354608, 0.0], [85.284461, 23.354433, 0.0], [85.285145, 23.354181, 0.0], [85.285634, 23.353992, 0.0], [85.285983, 23.353833, 0.0], [85.286254, 23.35369, 0.0], [85.286568, 23.353492, 0.0], [85.286952, 23.353253, 0.0], [85.2873, 23.353046, 0.0], [85.287779, 23.352749, 0.0], [85.288405, 23.352431, 0.0], [85.288878, 23.352176, 0.0], [85.289297, 23.351953, 0.0], [85.28958, 23.351787, 0.0], [85.28997, 23.35157, 0.0], [85.290342, 23.351362, 0.0], [85.290761, 23.351161, 0.0], [85.291103, 23.351018, 0.0], [85.291404, 23.350947, 0.0], [85.291703, 23.350911, 0.0], [85.292073, 23.350873, 0.0], [85.29229, 23.350821, 0.0], [85.292608, 23.350689, 0.0], [85.292785, 23.350641, 0.0], [85.293208, 23.350569, 0.0], [85.293685, 23.350493, 0.0], [85.294225, 23.350445, 0.0], [85.294853, 23.350393, 0.0], [85.295264, 23.350366, 0.0], [85.295697, 23.350445, 0.0], [85.295908, 23.350485, 0.0], [85.295924, 23.350481, 0.0], [85.296028, 23.350557, 0.0], [85.296203, 23.35074, 0.0], [85.296261, 23.350908, 0.0], [85.296399, 23.351294, 0.0], [85.296719, 23.352189, 0.0], [85.296844, 23.352399, 0.0], [85.29721, 23.352665, 0.0], [85.297371, 23.352781, 0.0], [85.297516, 23.352885, 0.0], [85.297756, 23.353059, 0.0], [85.297839, 23.353119, 0.0], [85.298295, 23.353449, 0.0], [85.298366, 23.353524, 0.0], [85.299021, 23.354222, 0.0], [85.299472, 23.354659, 0.0], [85.299749, 23.354928, 0.0], [85.299799, 23.354988, 0.0], [85.299817, 23.355009, 0.0], [85.300211, 23.355424, 0.0], [85.300475, 23.355642, 0.0], [85.300923, 23.3562, 0.0], [85.301444, 23.356725, 0.0], [85.301968, 23.357234, 0.0], [85.302388, 23.357701, 0.0], [85.302659, 23.358016, 0.0], [85.302685, 23.358046, 0.0], [85.30268, 23.358074, 0.0], [85.302665, 23.35811, 0.0], [85.302645, 23.358144, 0.0], [85.302618, 23.358173, 0.0], [85.302587, 23.358199, 0.0], [85.302551, 23.358219, 0.0], [85.302513, 23.358233, 0.0], [85.301128, 23.358414, 0.0], [85.301038, 23.358426, 0.0], [85.300996, 23.358431, 0.0], [85.300872, 23.358507, 0.0], [85.300798, 23.358524, 0.0], [85.300087, 23.358689, 0.0], [85.299745, 23.358807, 0.0], [85.299707, 23.35882, 0.0], [85.299582, 23.358756, 0.0], [85.299461, 23.358785, 0.0], [85.29927, 23.358858, 0.0], [85.2989, 23.358911, 0.0], [85.298811, 23.358943, 0.0], [85.298828, 23.358987, 0.0], [85.298833, 23.359094, 0.0], [85.298832, 23.35919, 0.0], [85.298888, 23.359322, 0.0], [85.298892, 23.359513, 0.0], [85.298935, 23.359705, 0.0], [85.299012, 23.359747, 0.0], [85.299031, 23.359819, 0.0], [85.299121, 23.360316, 0.0], [85.299075, 23.360375, 0.0], [85.299067, 23.360494, 0.0], [85.29911, 23.360716, 0.0], [85.29912, 23.360943, 0.0], [85.299086, 23.36105, 0.0], [85.299085, 23.36114, 0.0], [85.299096, 23.361277, 0.0], [85.299139, 23.361469, 0.0], [85.299107, 23.361702, 0.0]]]}}, {"type": "Feature", "properties": {"ward_no": 38, "ward_name": "WARD 38", "ulb": "Ranchi Municipal Corporation", "district": "Ranchi", "state": "Jharkhand"}, "geometry": {"type": "Polygon", "coordinates": [[[85.272352, 23.299452, 0.0], [85.272685, 23.300334, 0.0], [85.272934, 23.301448, 0.0], [85.273098, 23.30277, 0.0], [85.273419, 23.304659, 0.0], [85.273293, 23.305495, 0.0], [85.273245, 23.306696, 0.0], [85.273229, 23.307914, 0.0], [85.273216, 23.308962, 0.0], [85.273275, 23.310771, 0.0], [85.273323, 23.312139, 0.0], [85.273328, 23.312158, 0.0], [85.273608, 23.313118, 0.0], [85.273498, 23.31404, 0.0], [85.273495, 23.315212, 0.0], [85.273451, 23.316534, 0.0], [85.273542, 23.316989, 0.0], [85.273572, 23.317138, 0.0], [85.273817, 23.317367, 0.0], [85.274267, 23.317216, 0.0], [85.274468, 23.317143, 0.0], [85.275281, 23.31731, 0.0], [85.27568, 23.317355, 0.0], [85.277086, 23.317565, 0.0], [85.278302, 23.317791, 0.0], [85.279078, 23.317917, 0.0], [85.279959, 23.3181, 0.0], [85.280757, 23.318129, 0.0], [85.281578, 23.318021, 0.0], [85.281712, 23.318017, 0.0], [85.281761, 23.318233, 0.0], [85.281859, 23.31866, 0.0], [85.281927, 23.319088, 0.0], [85.281969, 23.319486, 0.0], [85.281932, 23.319797, 0.0], [85.281797, 23.320185, 0.0], [85.281719, 23.320371, 0.0], [85.281195, 23.321235, 0.0], [85.280237, 23.322794, 0.0], [85.279382, 23.324184, 0.0], [85.279194, 23.324488, 0.0], [85.279077, 23.324678, 0.0], [85.278937, 23.324906, 0.0], [85.277514, 23.327209, 0.0], [85.277392, 23.327522, 0.0], [85.277308, 23.327917, 0.0], [85.277152, 23.328679, 0.0], [85.27708, 23.329038, 0.0], [85.276969, 23.329294, 0.0], [85.276819, 23.329538, 0.0], [85.276702, 23.329702, 0.0], [85.275297, 23.331231, 0.0], [85.275223, 23.331312, 0.0], [85.274309, 23.332307, 0.0], [85.274118, 23.332624, 0.0], [85.274063, 23.332904, 0.0], [85.274079, 23.333201, 0.0], [85.274167, 23.333451, 0.0], [85.274294, 23.333591, 0.0], [85.274354, 23.333676, 0.0], [85.274492, 23.333869, 0.0], [85.274359, 23.333962, 0.0], [85.274098, 23.334126, 0.0], [85.273888, 23.334363, 0.0], [85.273784, 23.334624, 0.0], [85.273548, 23.334908, 0.0], [85.27344, 23.335266, 0.0], [85.273528, 23.335966, 0.0], [85.272579, 23.335908, 0.0], [85.272146, 23.335883, 0.0], [85.271488, 23.335925, 0.0], [85.269705, 23.335917, 0.0], [85.268516, 23.335913, 0.0], [85.267824, 23.335876, 0.0], [85.266987, 23.335787, 0.0], [85.266203, 23.335652, 0.0], [85.265282, 23.335396, 0.0], [85.264595, 23.335212, 0.0], [85.263865, 23.335008, 0.0], [85.263103, 23.334803, 0.0], [85.262309, 23.33458, 0.0], [85.261506, 23.334365, 0.0], [85.260659, 23.334119, 0.0], [85.259908, 23.333905, 0.0], [85.258713, 23.333578, 0.0], [85.257697, 23.333312, 0.0], [85.256893, 23.333106, 0.0], [85.255814, 23.332968, 0.0], [85.255379, 23.332934, 0.0], [85.255352, 23.332924, 0.0], [85.254824, 23.332898, 0.0], [85.254152, 23.33283, 0.0], [85.254011, 23.332851, 0.0], [85.253512, 23.332795, 0.0], [85.253646, 23.332366, 0.0], [85.254057, 23.331713, 0.0], [85.254382, 23.331207, 0.0], [85.254419, 23.331196, 0.0], [85.254589, 23.330979, 0.0], [85.256576, 23.328208, 0.0], [85.258299, 23.325735, 0.0], [85.260214, 23.323445, 0.0], [85.262249, 23.321937, 0.0], [85.264537, 23.320714, 0.0], [85.264388, 23.319949, 0.0], [85.263989, 23.318202, 0.0], [85.263642, 23.317329, 0.0], [85.263331, 23.316273, 0.0], [85.263277, 23.315433, 0.0], [85.262863, 23.314737, 0.0], [85.262837, 23.314227, 0.0], [85.262849, 23.313326, 0.0], [85.262637, 23.312152, 0.0], [85.262645, 23.311468, 0.0], [85.262923, 23.310119, 0.0], [85.262676, 23.309096, 0.0], [85.261583, 23.308215, 0.0], [85.260495, 23.306821, 0.0], [85.259734, 23.305402, 0.0], [85.259397, 23.303806, 0.0], [85.259207, 23.300921, 0.0], [85.259206, 23.300877, 0.0], [85.259269, 23.300864, 0.0], [85.259355, 23.300867, 0.0], [85.259419, 23.30086, 0.0], [85.259474, 23.300853, 0.0], [85.259552, 23.300845, 0.0], [85.259637, 23.300834, 0.0], [85.260124, 23.300772, 0.0], [85.260495, 23.300705, 0.0], [85.261045, 23.30061, 0.0], [85.261097, 23.300601, 0.0], [85.261439, 23.300536, 0.0], [85.261581, 23.300514, 0.0], [85.261659, 23.300503, 0.0], [85.261693, 23.300501, 0.0], [85.261737, 23.300501, 0.0], [85.261791, 23.300509, 0.0], [85.261822, 23.300514, 0.0], [85.261845, 23.300526, 0.0], [85.261894, 23.300558, 0.0], [85.262058, 23.300655, 0.0], [85.262125, 23.300694, 0.0], [85.262186, 23.300724, 0.0], [85.262261, 23.300746, 0.0], [85.262341, 23.300766, 0.0], [85.262439, 23.300779, 0.0], [85.262615, 23.300812, 0.0], [85.26319, 23.300909, 0.0], [85.264393, 23.301122, 0.0], [85.26444, 23.301127, 0.0], [85.264504, 23.301134, 0.0], [85.264615, 23.301139, 0.0], [85.264726, 23.301137, 0.0], [85.264837, 23.301129, 0.0], [85.264888, 23.301122, 0.0], [85.264948, 23.301114, 0.0], [85.265057, 23.301092, 0.0], [85.265164, 23.301064, 0.0], [85.265269, 23.301029, 0.0], [85.265371, 23.300988, 0.0], [85.26547, 23.300941, 0.0], [85.265523, 23.300912, 0.0], [85.265566, 23.300889, 0.0], [85.265658, 23.30083, 0.0], [85.265745, 23.300767, 0.0], [85.265828, 23.300698, 0.0], [85.265906, 23.300624, 0.0], [85.265978, 23.300546, 0.0], [85.266029, 23.300489, 0.0], [85.266086, 23.300436, 0.0], [85.266147, 23.300388, 0.0], [85.266212, 23.300345, 0.0], [85.266281, 23.300307, 0.0], [85.266353, 23.300275, 0.0], [85.266428, 23.300249, 0.0], [85.266469, 23.300238, 0.0], [85.266505, 23.300229, 0.0], [85.266584, 23.300215, 0.0], [85.266664, 23.300207, 0.0], [85.266744, 23.300206, 0.0], [85.266824, 23.300211, 0.0], [85.266903, 23.300222, 0.0], [85.266981, 23.30024, 0.0], [85.267226, 23.300285, 0.0], [85.26751, 23.300339, 0.0], [85.267794, 23.300399, 0.0], [85.26801, 23.300443, 0.0], [85.268181, 23.300474, 0.0], [85.268275, 23.30049, 0.0], [85.268381, 23.300501, 0.0], [85.268904, 23.300581, 0.0], [85.268991, 23.300594, 0.0], [85.269056, 23.30061, 0.0], [85.269217, 23.300644, 0.0], [85.26929, 23.300654, 0.0], [85.269363, 23.300658, 0.0], [85.269437, 23.300656, 0.0], [85.26951, 23.300649, 0.0], [85.269582, 23.300636, 0.0], [85.269653, 23.300617, 0.0], [85.269722, 23.300593, 0.0], [85.269871, 23.300547, 0.0], [85.270212, 23.300425, 0.0], [85.270612, 23.300274, 0.0], [85.270836, 23.30019, 0.0], [85.270898, 23.300164, 0.0], [85.27095, 23.300144, 0.0], [85.271239, 23.300012, 0.0], [85.271786, 23.299759, 0.0], [85.271906, 23.299703, 0.0], [85.272023, 23.299642, 0.0], [85.272115, 23.299589, 0.0], [85.272265, 23.299501, 0.0], [85.272352, 23.299452, 0.0]]]}}, {"type": "Feature", "properties": {"ward_no": 39, "ward_name": "WARD 39", "ulb": "Ranchi Municipal Corporation", "district": "Ranchi", "state": "Jharkhand"}, "geometry": {"type": "Polygon", "coordinates": [[[85.289975, 23.306068, 0.0], [85.288727, 23.30516, 0.0], [85.288325, 23.305085, 0.0], [85.288075, 23.30504, 0.0], [85.287842, 23.304997, 0.0], [85.287463, 23.304928, 0.0], [85.287081, 23.304858, 0.0], [85.285973, 23.304656, 0.0], [85.285848, 23.304633, 0.0], [85.284115, 23.304341, 0.0], [85.283692, 23.304269, 0.0], [85.283616, 23.304256, 0.0], [85.283041, 23.304167, 0.0], [85.28273, 23.304017, 0.0], [85.282375, 23.303764, 0.0], [85.282283, 23.303699, 0.0], [85.282039, 23.303524, 0.0], [85.281971, 23.303498, 0.0], [85.281833, 23.303445, 0.0], [85.281708, 23.303418, 0.0], [85.281298, 23.303474, 0.0], [85.280985, 23.303502, 0.0], [85.280789, 23.303451, 0.0], [85.280488, 23.303318, 0.0], [85.280459, 23.303297, 0.0], [85.280282, 23.303467, 0.0], [85.280022, 23.303703, 0.0], [85.27996, 23.303778, 0.0], [85.279844, 23.303924, 0.0], [85.279618, 23.30419, 0.0], [85.279412, 23.304461, 0.0], [85.279344, 23.304566, 0.0], [85.279198, 23.304913, 0.0], [85.279075, 23.305225, 0.0], [85.278922, 23.305525, 0.0], [85.278902, 23.305573, 0.0], [85.278876, 23.305631, 0.0], [85.278674, 23.306035, 0.0], [85.278613, 23.306145, 0.0], [85.278342, 23.306018, 0.0], [85.278258, 23.305976, 0.0], [85.278205, 23.305949, 0.0], [85.278063, 23.305877, 0.0], [85.277824, 23.305707, 0.0], [85.277502, 23.305365, 0.0], [85.277365, 23.30522, 0.0], [85.277227, 23.305104, 0.0], [85.277092, 23.30499, 0.0], [85.276907, 23.304898, 0.0], [85.276686, 23.304787, 0.0], [85.276129, 23.304699, 0.0], [85.275436, 23.304598, 0.0], [85.274939, 23.304459, 0.0], [85.274594, 23.304288, 0.0], [85.274367, 23.304375, 0.0], [85.273911, 23.304594, 0.0], [85.273771, 23.304603, 0.0], [85.273484, 23.304505, 0.0], [85.273391, 23.304495, 0.0], [85.273098, 23.30277, 0.0], [85.272934, 23.301448, 0.0], [85.272685, 23.300334, 0.0], [85.272352, 23.299452, 0.0], [85.272265, 23.299501, 0.0], [85.272115, 23.299589, 0.0], [85.272023, 23.299642, 0.0], [85.271906, 23.299703, 0.0], [85.271786, 23.299759, 0.0], [85.271239, 23.300012, 0.0], [85.27095, 23.300144, 0.0], [85.270898, 23.300164, 0.0], [85.270836, 23.30019, 0.0], [85.270612, 23.300274, 0.0], [85.270212, 23.300425, 0.0], [85.269871, 23.300547, 0.0], [85.269722, 23.300593, 0.0], [85.269653, 23.300617, 0.0], [85.269582, 23.300636, 0.0], [85.26951, 23.300649, 0.0], [85.269437, 23.300656, 0.0], [85.269363, 23.300658, 0.0], [85.26929, 23.300654, 0.0], [85.269217, 23.300644, 0.0], [85.269056, 23.30061, 0.0], [85.268991, 23.300594, 0.0], [85.268904, 23.300581, 0.0], [85.268381, 23.300501, 0.0], [85.268275, 23.30049, 0.0], [85.268181, 23.300474, 0.0], [85.26801, 23.300443, 0.0], [85.267794, 23.300399, 0.0], [85.26751, 23.300339, 0.0], [85.267226, 23.300285, 0.0], [85.266981, 23.30024, 0.0], [85.266903, 23.300222, 0.0], [85.266824, 23.300211, 0.0], [85.266744, 23.300206, 0.0], [85.266664, 23.300207, 0.0], [85.266584, 23.300215, 0.0], [85.266505, 23.300229, 0.0], [85.266469, 23.300238, 0.0], [85.266428, 23.300249, 0.0], [85.266353, 23.300275, 0.0], [85.266281, 23.300307, 0.0], [85.266212, 23.300345, 0.0], [85.266147, 23.300388, 0.0], [85.266086, 23.300436, 0.0], [85.266029, 23.300489, 0.0], [85.265978, 23.300546, 0.0], [85.265906, 23.300624, 0.0], [85.265828, 23.300698, 0.0], [85.265745, 23.300767, 0.0], [85.265658, 23.30083, 0.0], [85.265566, 23.300889, 0.0], [85.265523, 23.300912, 0.0], [85.26547, 23.300941, 0.0], [85.265371, 23.300988, 0.0], [85.265269, 23.301029, 0.0], [85.265164, 23.301064, 0.0], [85.265057, 23.301092, 0.0], [85.264948, 23.301114, 0.0], [85.264888, 23.301122, 0.0], [85.264837, 23.301129, 0.0], [85.264726, 23.301137, 0.0], [85.264615, 23.301139, 0.0], [85.264504, 23.301134, 0.0], [85.26444, 23.301127, 0.0], [85.264393, 23.301122, 0.0], [85.26319, 23.300909, 0.0], [85.262615, 23.300812, 0.0], [85.262439, 23.300779, 0.0], [85.262341, 23.300766, 0.0], [85.262261, 23.300746, 0.0], [85.262186, 23.300724, 0.0], [85.262125, 23.300694, 0.0], [85.262058, 23.300655, 0.0], [85.261894, 23.300558, 0.0], [85.261845, 23.300526, 0.0], [85.261822, 23.300514, 0.0], [85.261791, 23.300509, 0.0], [85.261737, 23.300501, 0.0], [85.261693, 23.300501, 0.0], [85.261659, 23.300503, 0.0], [85.261581, 23.300514, 0.0], [85.261439, 23.300536, 0.0], [85.261097, 23.300601, 0.0], [85.261045, 23.30061, 0.0], [85.260495, 23.300705, 0.0], [85.260124, 23.300772, 0.0], [85.259637, 23.300834, 0.0], [85.259552, 23.300845, 0.0], [85.259474, 23.300853, 0.0], [85.259419, 23.30086, 0.0], [85.259355, 23.300867, 0.0], [85.259269, 23.300864, 0.0], [85.259206, 23.300877, 0.0], [85.259137, 23.298789, 0.0], [85.259055, 23.292603, 0.0], [85.259064, 23.292379, 0.0], [85.259028, 23.292201, 0.0], [85.259032, 23.291853, 0.0], [85.258754, 23.285754, 0.0], [85.258449, 23.281757, 0.0], [85.259011, 23.280983, 0.0], [85.259923, 23.280814, 0.0], [85.260932, 23.280765, 0.0], [85.261876, 23.280655, 0.0], [85.262406, 23.279851, 0.0], [85.262457, 23.27844, 0.0], [85.261761, 23.27699, 0.0], [85.261293, 23.276725, 0.0], [85.262141, 23.276735, 0.0], [85.264762, 23.278746, 0.0], [85.264888, 23.278424, 0.0], [85.265296, 23.278657, 0.0], [85.266826, 23.279566, 0.0], [85.267724, 23.280088, 0.0], [85.269312, 23.281322, 0.0], [85.27079, 23.282725, 0.0], [85.271904, 23.284008, 0.0], [85.27213, 23.284182, 0.0], [85.272352, 23.284356, 0.0], [85.272779, 23.28474, 0.0], [85.273328, 23.285478, 0.0], [85.273506, 23.285717, 0.0], [85.274067, 23.286901, 0.0], [85.274354, 23.287622, 0.0], [85.274907, 23.288676, 0.0], [85.275446, 23.289917, 0.0], [85.276168, 23.291349, 0.0], [85.276348, 23.291748, 0.0], [85.276829, 23.292743, 0.0], [85.277187, 23.29362, 0.0], [85.27747, 23.294021, 0.0], [85.277773, 23.294462, 0.0], [85.2783, 23.295057, 0.0], [85.27889, 23.295538, 0.0], [85.279352, 23.296256, 0.0], [85.279373, 23.29629, 0.0], [85.280188, 23.296909, 0.0], [85.281312, 23.297433, 0.0], [85.282584, 23.298472, 0.0], [85.28362, 23.299414, 0.0], [85.284496, 23.300069, 0.0], [85.28533, 23.300744, 0.0], [85.28604, 23.30151, 0.0], [85.287399, 23.302968, 0.0], [85.289631, 23.305329, 0.0], [85.289839, 23.305541, 0.0], [85.289951, 23.305714, 0.0], [85.289975, 23.306068, 0.0]]]}}, {"type": "Feature", "properties": {"ward_no": 40, "ward_name": "WARD 40", "ulb": "Ranchi Municipal Corporation", "district": "Ranchi", "state": "Jharkhand"}, "geometry": {"type": "Polygon", "coordinates": [[[85.273316, 23.311953, 0.0], [85.273275, 23.310771, 0.0], [85.273216, 23.308962, 0.0], [85.273229, 23.307914, 0.0], [85.273245, 23.306696, 0.0], [85.273293, 23.305495, 0.0], [85.273419, 23.304659, 0.0], [85.273391, 23.304495, 0.0], [85.273484, 23.304505, 0.0], [85.273771, 23.304603, 0.0], [85.273911, 23.304594, 0.0], [85.274367, 23.304375, 0.0], [85.274594, 23.304288, 0.0], [85.274939, 23.304459, 0.0], [85.275436, 23.304598, 0.0], [85.276129, 23.304699, 0.0], [85.276686, 23.304787, 0.0], [85.276907, 23.304898, 0.0], [85.277092, 23.30499, 0.0], [85.277227, 23.305104, 0.0], [85.277365, 23.30522, 0.0], [85.277502, 23.305365, 0.0], [85.277824, 23.305707, 0.0], [85.278063, 23.305877, 0.0], [85.278205, 23.305949, 0.0], [85.278258, 23.305976, 0.0], [85.278342, 23.306018, 0.0], [85.278613, 23.306145, 0.0], [85.278674, 23.306035, 0.0], [85.278876, 23.305631, 0.0], [85.278902, 23.305573, 0.0], [85.278922, 23.305525, 0.0], [85.279075, 23.305225, 0.0], [85.279198, 23.304913, 0.0], [85.279344, 23.304566, 0.0], [85.279412, 23.304461, 0.0], [85.279618, 23.30419, 0.0], [85.279844, 23.303924, 0.0], [85.27996, 23.303778, 0.0], [85.280022, 23.303703, 0.0], [85.280282, 23.303467, 0.0], [85.280459, 23.303297, 0.0], [85.280488, 23.303318, 0.0], [85.280789, 23.303451, 0.0], [85.280985, 23.303502, 0.0], [85.281298, 23.303474, 0.0], [85.281708, 23.303418, 0.0], [85.281833, 23.303445, 0.0], [85.281971, 23.303498, 0.0], [85.282039, 23.303524, 0.0], [85.282283, 23.303699, 0.0], [85.282375, 23.303764, 0.0], [85.28273, 23.304017, 0.0], [85.283041, 23.304167, 0.0], [85.283616, 23.304256, 0.0], [85.283692, 23.304269, 0.0], [85.284115, 23.304341, 0.0], [85.285848, 23.304633, 0.0], [85.285973, 23.304656, 0.0], [85.287081, 23.304858, 0.0], [85.287463, 23.304928, 0.0], [85.287842, 23.304997, 0.0], [85.288075, 23.30504, 0.0], [85.288325, 23.305085, 0.0], [85.288727, 23.30516, 0.0], [85.289975, 23.306068, 0.0], [85.289951, 23.305714, 0.0], [85.289839, 23.305541, 0.0], [85.289631, 23.305329, 0.0], [85.287399, 23.302968, 0.0], [85.28604, 23.30151, 0.0], [85.28533, 23.300744, 0.0], [85.284496, 23.300069, 0.0], [85.28362, 23.299414, 0.0], [85.282584, 23.298472, 0.0], [85.281312, 23.297433, 0.0], [85.280188, 23.296909, 0.0], [85.279373, 23.29629, 0.0], [85.279352, 23.296256, 0.0], [85.27889, 23.295538, 0.0], [85.2783, 23.295057, 0.0], [85.277773, 23.294462, 0.0], [85.27747, 23.294021, 0.0], [85.277187, 23.29362, 0.0], [85.276829, 23.292743, 0.0], [85.276348, 23.291748, 0.0], [85.276168, 23.291349, 0.0], [85.275446, 23.289917, 0.0], [85.274907, 23.288676, 0.0], [85.274354, 23.287622, 0.0], [85.274067, 23.286901, 0.0], [85.273506, 23.285717, 0.0], [85.273328, 23.285478, 0.0], [85.272779, 23.28474, 0.0], [85.272352, 23.284356, 0.0], [85.27213, 23.284182, 0.0], [85.272667, 23.284104, 0.0], [85.273105, 23.284055, 0.0], [85.273421, 23.284156, 0.0], [85.273663, 23.284145, 0.0], [85.273875, 23.28405, 0.0], [85.274074, 23.283856, 0.0], [85.274198, 23.283634, 0.0], [85.274201, 23.28341, 0.0], [85.27431, 23.283188, 0.0], [85.274613, 23.283067, 0.0], [85.274824, 23.283069, 0.0], [85.275086, 23.282736, 0.0], [85.275224, 23.28257, 0.0], [85.275287, 23.28232, 0.0], [85.275607, 23.282143, 0.0], [85.275894, 23.282133, 0.0], [85.276227, 23.282037, 0.0], [85.276486, 23.281873, 0.0], [85.2767, 23.281695, 0.0], [85.276973, 23.281558, 0.0], [85.277201, 23.281463, 0.0], [85.27752, 23.281313, 0.0], [85.277658, 23.281132, 0.0], [85.277947, 23.280997, 0.0], [85.278219, 23.280971, 0.0], [85.278141, 23.28118, 0.0], [85.278579, 23.281142, 0.0], [85.278673, 23.280906, 0.0], [85.278721, 23.280685, 0.0], [85.278874, 23.280534, 0.0], [85.279027, 23.280366, 0.0], [85.279239, 23.280355, 0.0], [85.279363, 23.280092, 0.0], [85.279456, 23.279883, 0.0], [85.279489, 23.279673, 0.0], [85.279432, 23.279465, 0.0], [85.279314, 23.279197, 0.0], [85.279467, 23.279045, 0.0], [85.279845, 23.27905, 0.0], [85.280103, 23.278969, 0.0], [85.280376, 23.278832, 0.0], [85.28068, 23.278682, 0.0], [85.280878, 23.278546, 0.0], [85.281138, 23.278269, 0.0], [85.281128, 23.277921, 0.0], [85.28131, 23.277838, 0.0], [85.281809, 23.277816, 0.0], [85.282232, 23.277793, 0.0], [85.282714, 23.277853, 0.0], [85.283167, 23.277874, 0.0], [85.283604, 23.277948, 0.0], [85.284072, 23.277981, 0.0], [85.284373, 23.278067, 0.0], [85.284537, 23.278196, 0.0], [85.284824, 23.278212, 0.0], [85.285048, 23.278382, 0.0], [85.285305, 23.278398, 0.0], [85.285516, 23.278414, 0.0], [85.285832, 23.27853, 0.0], [85.286209, 23.278575, 0.0], [85.286406, 23.278494, 0.0], [85.286633, 23.278469, 0.0], [85.286949, 23.278543, 0.0], [85.287267, 23.278433, 0.0], [85.287554, 23.278466, 0.0], [85.287673, 23.278621, 0.0], [85.287881, 23.278887, 0.0], [85.288151, 23.279057, 0.0], [85.288299, 23.279241, 0.0], [85.288626, 23.279378, 0.0], [85.28889, 23.279476, 0.0], [85.289195, 23.279479, 0.0], [85.289519, 23.279596, 0.0], [85.289885, 23.279733, 0.0], [85.290228, 23.279942, 0.0], [85.290511, 23.280114, 0.0], [85.290733, 23.280268, 0.0], [85.290893, 23.280534, 0.0], [85.290909, 23.280873, 0.0], [85.29113, 23.281119, 0.0], [85.291372, 23.281329, 0.0], [85.291616, 23.281388, 0.0], [85.291984, 23.281298, 0.0], [85.292373, 23.281153, 0.0], [85.292619, 23.281004, 0.0], [85.292806, 23.28076, 0.0], [85.293073, 23.280594, 0.0], [85.293197, 23.28039, 0.0], [85.292913, 23.28033, 0.0], [85.292793, 23.280121, 0.0], [85.29302, 23.279954, 0.0], [85.293409, 23.279789, 0.0], [85.293735, 23.279754, 0.0], [85.293979, 23.279834, 0.0], [85.294183, 23.279836, 0.0], [85.294509, 23.279783, 0.0], [85.294708, 23.28018, 0.0], [85.294624, 23.280367, 0.0], [85.294662, 23.280575, 0.0], [85.294802, 23.280764, 0.0], [85.295128, 23.280767, 0.0], [85.295084, 23.281031, 0.0], [85.295163, 23.281201, 0.0], [85.295345, 23.281334, 0.0], [85.295692, 23.281338, 0.0], [85.295958, 23.281192, 0.0], [85.296286, 23.281083, 0.0], [85.296612, 23.281066, 0.0], [85.296961, 23.280862, 0.0], [85.297187, 23.280715, 0.0], [85.297535, 23.28055, 0.0], [85.297924, 23.280459, 0.0], [85.29821, 23.280388, 0.0], [85.298416, 23.280239, 0.0], [85.29856, 23.280109, 0.0], [85.298624, 23.279846, 0.0], [85.29891, 23.279831, 0.0], [85.299095, 23.2797, 0.0], [85.299339, 23.279723, 0.0], [85.29987, 23.279595, 0.0], [85.300116, 23.279467, 0.0], [85.300381, 23.27947, 0.0], [85.30052, 23.279754, 0.0], [85.300616, 23.280263, 0.0], [85.300674, 23.280507, 0.0], [85.300671, 23.280753, 0.0], [85.300851, 23.28096, 0.0], [85.301076, 23.280927, 0.0], [85.301301, 23.280891, 0.0], [85.301544, 23.280988, 0.0], [85.301848, 23.281123, 0.0], [85.302092, 23.281182, 0.0], [85.302479, 23.281168, 0.0], [85.302703, 23.281132, 0.0], [85.30292, 23.281127, 0.0], [85.302959, 23.281439, 0.0], [85.302995, 23.282015, 0.0], [85.303019, 23.28284, 0.0], [85.303007, 23.283135, 0.0], [85.303017, 23.283689, 0.0], [85.303022, 23.283959, 0.0], [85.303072, 23.284834, 0.0], [85.303091, 23.285378, 0.0], [85.303149, 23.286945, 0.0], [85.303231, 23.287247, 0.0], [85.303574, 23.28842, 0.0], [85.304064, 23.289305, 0.0], [85.304667, 23.290102, 0.0], [85.305475, 23.291334, 0.0], [85.306045, 23.292205, 0.0], [85.306544, 23.292942, 0.0], [85.30668, 23.293145, 0.0], [85.306675, 23.293194, 0.0], [85.306709, 23.293188, 0.0], [85.306725, 23.293215, 0.0], [85.307917, 23.294691, 0.0], [85.309432, 23.29766, 0.0], [85.309827, 23.30082, 0.0], [85.309647, 23.302769, 0.0], [85.309377, 23.304486, 0.0], [85.309138, 23.306227, 0.0], [85.308213, 23.310576, 0.0], [85.30804, 23.311712, 0.0], [85.307908, 23.312582, 0.0], [85.307434, 23.315674, 0.0], [85.306632, 23.320167, 0.0], [85.306257, 23.322931, 0.0], [85.306261, 23.322963, 0.0], [85.306125, 23.322898, 0.0], [85.305751, 23.32272, 0.0], [85.305369, 23.322524, 0.0], [85.304928, 23.322262, 0.0], [85.304489, 23.321991, 0.0], [85.304102, 23.321716, 0.0], [85.303901, 23.321565, 0.0], [85.303366, 23.321193, 0.0], [85.302974, 23.320934, 0.0], [85.302614, 23.320668, 0.0], [85.302397, 23.320492, 0.0], [85.301989, 23.320183, 0.0], [85.301615, 23.319833, 0.0], [85.300912, 23.319214, 0.0], [85.300687, 23.319058, 0.0], [85.299252, 23.31755, 0.0], [85.298497, 23.316505, 0.0], [85.298464, 23.31646, 0.0], [85.298404, 23.316342, 0.0], [85.298232, 23.316008, 0.0], [85.298386, 23.315859, 0.0], [85.297768, 23.314761, 0.0], [85.29715, 23.313665, 0.0], [85.297122, 23.313614, 0.0], [85.297046, 23.313474, 0.0], [85.296937, 23.313286, 0.0], [85.296822, 23.313102, 0.0], [85.296701, 23.31292, 0.0], [85.296574, 23.312742, 0.0], [85.296442, 23.312567, 0.0], [85.296305, 23.312396, 0.0], [85.296162, 23.312228, 0.0], [85.296014, 23.312065, 0.0], [85.295992, 23.312038, 0.0], [85.295921, 23.312104, 0.0], [85.295845, 23.312166, 0.0], [85.295765, 23.312223, 0.0], [85.295682, 23.312276, 0.0], [85.295595, 23.312323, 0.0], [85.295504, 23.312365, 0.0], [85.295412, 23.312402, 0.0], [85.295316, 23.312433, 0.0], [85.295219, 23.312458, 0.0], [85.29512, 23.312477, 0.0], [85.29502, 23.312491, 0.0], [85.294919, 23.312498, 0.0], [85.293306, 23.312469, 0.0], [85.291939, 23.312442, 0.0], [85.290076, 23.312404, 0.0], [85.288405, 23.312368, 0.0], [85.288202, 23.312362, 0.0], [85.287707, 23.312347, 0.0], [85.287093, 23.312329, 0.0], [85.285535, 23.312288, 0.0], [85.283042, 23.312213, 0.0], [85.281141, 23.312172, 0.0], [85.281071, 23.312171, 0.0], [85.280942, 23.312175, 0.0], [85.280814, 23.312182, 0.0], [85.280685, 23.312193, 0.0], [85.280554, 23.312195, 0.0], [85.280422, 23.312194, 0.0], [85.280291, 23.312189, 0.0], [85.278904, 23.31215, 0.0], [85.278578, 23.312143, 0.0], [85.276887, 23.31211, 0.0], [85.27517, 23.312064, 0.0], [85.274708, 23.312044, 0.0], [85.273488, 23.311972, 0.0], [85.273316, 23.311953, 0.0]]]}}, {"type": "Feature", "properties": {"ward_no": 41, "ward_name": "WARD 41", "ulb": "Ranchi Municipal Corporation", "district": "Ranchi", "state": "Jharkhand"}, "geometry": {"type": "Polygon", "coordinates": [[[85.294679, 23.327444, 0.0], [85.294313, 23.327444, 0.0], [85.293889, 23.327475, 0.0], [85.293553, 23.327544, 0.0], [85.293414, 23.327588, 0.0], [85.293214, 23.32768, 0.0], [85.293105, 23.327748, 0.0], [85.2929, 23.327878, 0.0], [85.292768, 23.32798, 0.0], [85.292627, 23.32809, 0.0], [85.292578, 23.328037, 0.0], [85.292281, 23.327777, 0.0], [85.292049, 23.327505, 0.0], [85.291947, 23.327331, 0.0], [85.291835, 23.327069, 0.0], [85.291762, 23.326897, 0.0], [85.291726, 23.326811, 0.0], [85.291491, 23.32611, 0.0], [85.291224, 23.325325, 0.0], [85.291271, 23.325312, 0.0], [85.291412, 23.325275, 0.0], [85.29178, 23.325144, 0.0], [85.292025, 23.325057, 0.0], [85.292504, 23.324805, 0.0], [85.292712, 23.324621, 0.0], [85.293006, 23.324344, 0.0], [85.293091, 23.324263, 0.0], [85.29341, 23.323823, 0.0], [85.293483, 23.323714, 0.0], [85.293534, 23.323638, 0.0], [85.293721, 23.323278, 0.0], [85.29382, 23.322966, 0.0], [85.293832, 23.322927, 0.0], [85.293868, 23.322806, 0.0], [85.293942, 23.322561, 0.0], [85.293971, 23.322247, 0.0], [85.293957, 23.321872, 0.0], [85.293932, 23.321659, 0.0], [85.29391, 23.321464, 0.0], [85.293827, 23.320988, 0.0], [85.293716, 23.320647, 0.0], [85.293646, 23.320446, 0.0], [85.29352, 23.3202, 0.0], [85.292944, 23.318993, 0.0], [85.292876, 23.31881, 0.0], [85.292785, 23.318645, 0.0], [85.292969, 23.31857, 0.0], [85.294022, 23.318071, 0.0], [85.296074, 23.317057, 0.0], [85.297991, 23.316109, 0.0], [85.298232, 23.316008, 0.0], [85.298404, 23.316342, 0.0], [85.298464, 23.31646, 0.0], [85.298497, 23.316505, 0.0], [85.299252, 23.31755, 0.0], [85.300687, 23.319058, 0.0], [85.300912, 23.319214, 0.0], [85.301615, 23.319833, 0.0], [85.301989, 23.320183, 0.0], [85.302397, 23.320492, 0.0], [85.302614, 23.320668, 0.0], [85.302974, 23.320934, 0.0], [85.303366, 23.321193, 0.0], [85.303901, 23.321565, 0.0], [85.304102, 23.321716, 0.0], [85.304489, 23.321991, 0.0], [85.304928, 23.322262, 0.0], [85.305369, 23.322524, 0.0], [85.305751, 23.32272, 0.0], [85.306125, 23.322898, 0.0], [85.305994, 23.323996, 0.0], [85.305828, 23.325146, 0.0], [85.305553, 23.326892, 0.0], [85.305405, 23.327724, 0.0], [85.305211, 23.327709, 0.0], [85.305102, 23.327703, 0.0], [85.304541, 23.327671, 0.0], [85.304259, 23.327655, 0.0], [85.303511, 23.327515, 0.0], [85.303446, 23.327513, 0.0], [85.302829, 23.327493, 0.0], [85.302464, 23.327481, 0.0], [85.302229, 23.327448, 0.0], [85.302009, 23.327417, 0.0], [85.301621, 23.327412, 0.0], [85.301404, 23.32741, 0.0], [85.301026, 23.327401, 0.0], [85.300545, 23.32739, 0.0], [85.300273, 23.327383, 0.0], [85.299507, 23.327366, 0.0], [85.299376, 23.327356, 0.0], [85.299229, 23.327346, 0.0], [85.299201, 23.327341, 0.0], [85.29871, 23.327258, 0.0], [85.298302, 23.327143, 0.0], [85.297814, 23.32692, 0.0], [85.29752, 23.326754, 0.0], [85.297357, 23.326901, 0.0], [85.297077, 23.327115, 0.0], [85.297045, 23.32714, 0.0], [85.296966, 23.3272, 0.0], [85.296595, 23.32737, 0.0], [85.296513, 23.327391, 0.0], [85.296245, 23.327461, 0.0], [85.29616, 23.327475, 0.0], [85.295969, 23.327507, 0.0], [85.295662, 23.327517, 0.0], [85.295397, 23.327484, 0.0], [85.29529, 23.327471, 0.0], [85.294828, 23.327445, 0.0], [85.294679, 23.327444, 0.0]]]}}, {"type": "Feature", "properties": {"ward_no": 46, "ward_name": "WARD 46", "ulb": "Ranchi Municipal Corporation", "district": "Ranchi", "state": "Jharkhand"}, "geometry": {"type": "Polygon", "coordinates": [[[85.341739, 23.342151, 0.0], [85.341891, 23.342037, 0.0], [85.342093, 23.341895, 0.0], [85.342272, 23.341745, 0.0], [85.342465, 23.341695, 0.0], [85.342622, 23.341735, 0.0], [85.342735, 23.341764, 0.0], [85.342801, 23.341652, 0.0], [85.342812, 23.341338, 0.0], [85.342901, 23.341016, 0.0], [85.343045, 23.34088, 0.0], [85.343439, 23.340706, 0.0], [85.343477, 23.34071, 0.0], [85.343546, 23.340515, 0.0], [85.343593, 23.340271, 0.0], [85.343624, 23.340096, 0.0], [85.343613, 23.339825, 0.0], [85.343601, 23.339621, 0.0], [85.343661, 23.339487, 0.0], [85.343941, 23.339462, 0.0], [85.344191, 23.339411, 0.0], [85.344427, 23.339346, 0.0], [85.344738, 23.339146, 0.0], [85.345061, 23.339136, 0.0], [85.345295, 23.339206, 0.0], [85.345531, 23.339168, 0.0], [85.345724, 23.339007, 0.0], [85.345974, 23.338967, 0.0], [85.346312, 23.338943, 0.0], [85.346694, 23.338934, 0.0], [85.346928, 23.338991, 0.0], [85.346969, 23.33921, 0.0], [85.34695, 23.339603, 0.0], [85.346917, 23.33986, 0.0], [85.346666, 23.34002, 0.0], [85.346513, 23.340465, 0.0], [85.346539, 23.340736, 0.0], [85.346406, 23.340818, 0.0], [85.346301, 23.340966, 0.0], [85.346294, 23.34119, 0.0], [85.346256, 23.34127, 0.0], [85.346318, 23.341388, 0.0], [85.346474, 23.341415, 0.0], [85.346692, 23.341528, 0.0], [85.346837, 23.341606, 0.0], [85.347037, 23.341735, 0.0], [85.347155, 23.341819, 0.0], [85.347283, 23.341805, 0.0], [85.34744, 23.341696, 0.0], [85.347534, 23.341512, 0.0], [85.347518, 23.341284, 0.0], [85.347584, 23.341158, 0.0], [85.347649, 23.341073, 0.0], [85.347682, 23.341019, 0.0], [85.347742, 23.340923, 0.0], [85.347872, 23.340746, 0.0], [85.348039, 23.34063, 0.0], [85.348277, 23.340614, 0.0], [85.34845, 23.340616, 0.0], [85.348708, 23.340468, 0.0], [85.348893, 23.340343, 0.0], [85.348996, 23.34015, 0.0], [85.349045, 23.339923, 0.0], [85.34912, 23.339745, 0.0], [85.349305, 23.339605, 0.0], [85.349417, 23.339403, 0.0], [85.349519, 23.339302, 0.0], [85.349785, 23.339253, 0.0], [85.350004, 23.339283, 0.0], [85.350268, 23.339378, 0.0], [85.350414, 23.339413, 0.0], [85.350632, 23.339524, 0.0], [85.350878, 23.339662, 0.0], [85.351032, 23.339783, 0.0], [85.351249, 23.339971, 0.0], [85.351375, 23.340166, 0.0], [85.351491, 23.340337, 0.0], [85.351655, 23.340397, 0.0], [85.351854, 23.340636, 0.0], [85.351962, 23.340782, 0.0], [85.352099, 23.340808, 0.0], [85.352438, 23.340692, 0.0], [85.352642, 23.340552, 0.0], [85.352862, 23.340469, 0.0], [85.353102, 23.340311, 0.0], [85.353314, 23.340211, 0.0], [85.353524, 23.340198, 0.0], [85.353689, 23.340233, 0.0], [85.353807, 23.340278, 0.0], [85.353927, 23.340218, 0.0], [85.353974, 23.340051, 0.0], [85.353941, 23.33978, 0.0], [85.353946, 23.339408, 0.0], [85.353966, 23.339257, 0.0], [85.354069, 23.339021, 0.0], [85.354208, 23.33893, 0.0], [85.354436, 23.338941, 0.0], [85.354601, 23.338925, 0.0], [85.354776, 23.338859, 0.0], [85.354959, 23.338811, 0.0], [85.355075, 23.338717, 0.0], [85.355225, 23.338644, 0.0], [85.355435, 23.338597, 0.0], [85.355645, 23.338624, 0.0], [85.355881, 23.338701, 0.0], [85.356036, 23.338802, 0.0], [85.356123, 23.33888, 0.0], [85.356088, 23.338979, 0.0], [85.355992, 23.339059, 0.0], [85.355882, 23.339153, 0.0], [85.355867, 23.33929, 0.0], [85.355933, 23.339465, 0.0], [85.356025, 23.339635, 0.0], [85.356184, 23.339937, 0.0], [85.356351, 23.340144, 0.0], [85.356419, 23.340172, 0.0], [85.356517, 23.340227, 0.0], [85.356596, 23.340214, 0.0], [85.357099, 23.340299, 0.0], [85.357514, 23.340436, 0.0], [85.357898, 23.340628, 0.0], [85.358372, 23.340709, 0.0], [85.358845, 23.340601, 0.0], [85.359201, 23.340303, 0.0], [85.359526, 23.339934, 0.0], [85.359595, 23.340275, 0.0], [85.359685, 23.340728, 0.0], [85.359897, 23.341427, 0.0], [85.360127, 23.34194, 0.0], [85.360231, 23.342436, 0.0], [85.360272, 23.342989, 0.0], [85.360281, 23.343529, 0.0], [85.360227, 23.344036, 0.0], [85.36013, 23.344448, 0.0], [85.360125, 23.344439, 0.0], [85.359861, 23.344561, 0.0], [85.359691, 23.344665, 0.0], [85.359445, 23.344904, 0.0], [85.359166, 23.345102, 0.0], [85.358975, 23.34526, 0.0], [85.358778, 23.345414, 0.0], [85.358498, 23.345648, 0.0], [85.358267, 23.345815, 0.0], [85.357994, 23.346011, 0.0], [85.357736, 23.346195, 0.0], [85.357422, 23.346411, 0.0], [85.357157, 23.346582, 0.0], [85.356933, 23.346729, 0.0], [85.356681, 23.346875, 0.0], [85.356335, 23.347052, 0.0], [85.356097, 23.347169, 0.0], [85.355887, 23.347278, 0.0], [85.355331, 23.347473, 0.0], [85.355073, 23.347569, 0.0], [85.354809, 23.347673, 0.0], [85.354544, 23.347787, 0.0], [85.354232, 23.347965, 0.0], [85.353973, 23.348113, 0.0], [85.353734, 23.348359, 0.0], [85.353557, 23.348538, 0.0], [85.353289, 23.348853, 0.0], [85.353104, 23.349125, 0.0], [85.352846, 23.34942, 0.0], [85.352516, 23.349376, 0.0], [85.351508, 23.349275, 0.0], [85.350096, 23.349237, 0.0], [85.347964, 23.34931, 0.0], [85.346062, 23.349454, 0.0], [85.344777, 23.349536, 0.0], [85.343467, 23.349547, 0.0], [85.343107, 23.349543, 0.0], [85.341609, 23.349441, 0.0], [85.341609, 23.348961, 0.0], [85.341539, 23.348337, 0.0], [85.341444, 23.347848, 0.0], [85.341438, 23.347727, 0.0], [85.341599, 23.347744, 0.0], [85.342186, 23.347708, 0.0], [85.342285, 23.34705, 0.0], [85.342324, 23.346334, 0.0], [85.342327, 23.346274, 0.0], [85.342384, 23.345213, 0.0], [85.342255, 23.345209, 0.0], [85.342255, 23.345095, 0.0], [85.342033, 23.343899, 0.0], [85.342026, 23.343843, 0.0], [85.341957, 23.343405, 0.0], [85.341843, 23.34272, 0.0], [85.341812, 23.342445, 0.0], [85.341739, 23.342151, 0.0]]]}}, {"type": "Feature", "properties": {"ward_no": 47, "ward_name": "WARD 47", "ulb": "Ranchi Municipal Corporation", "district": "Ranchi", "state": "Jharkhand"}, "geometry": {"type": "Polygon", "coordinates": [[[85.340241, 23.328542, 0.0], [85.340531, 23.328402, 0.0], [85.34058, 23.328053, 0.0], [85.341005, 23.32775, 0.0], [85.341541, 23.32751, 0.0], [85.341813, 23.327023, 0.0], [85.342148, 23.326821, 0.0], [85.342726, 23.326787, 0.0], [85.343159, 23.326881, 0.0], [85.343168, 23.32685, 0.0], [85.343307, 23.326838, 0.0], [85.343644, 23.326591, 0.0], [85.344046, 23.32636, 0.0], [85.344319, 23.32623, 0.0], [85.344575, 23.32616, 0.0], [85.344844, 23.326281, 0.0], [85.34503, 23.326709, 0.0], [85.345073, 23.327152, 0.0], [85.344943, 23.327327, 0.0], [85.344973, 23.32749, 0.0], [85.345098, 23.327654, 0.0], [85.345257, 23.327757, 0.0], [85.345416, 23.327775, 0.0], [85.345656, 23.327644, 0.0], [85.345788, 23.327352, 0.0], [85.345933, 23.327204, 0.0], [85.346204, 23.327178, 0.0], [85.3463, 23.327208, 0.0], [85.346572, 23.327123, 0.0], [85.346782, 23.326861, 0.0], [85.346946, 23.326538, 0.0], [85.346964, 23.326346, 0.0], [85.347205, 23.326247, 0.0], [85.347523, 23.32628, 0.0], [85.347761, 23.3264, 0.0], [85.348016, 23.326373, 0.0], [85.348226, 23.326183, 0.0], [85.348389, 23.325921, 0.0], [85.348791, 23.325645, 0.0], [85.349128, 23.325473, 0.0], [85.349338, 23.325238, 0.0], [85.349453, 23.324945, 0.0], [85.349616, 23.324638, 0.0], [85.34997, 23.32442, 0.0], [85.350419, 23.32422, 0.0], [85.350787, 23.32412, 0.0], [85.351183, 23.324316, 0.0], [85.351419, 23.324598, 0.0], [85.351577, 23.324717, 0.0], [85.351716, 23.325012, 0.0], [85.351828, 23.325043, 0.0], [85.352003, 23.325031, 0.0], [85.352209, 23.325166, 0.0], [85.352451, 23.325198, 0.0], [85.352736, 23.325319, 0.0], [85.352928, 23.325291, 0.0], [85.353153, 23.325176, 0.0], [85.353379, 23.324971, 0.0], [85.353587, 23.324901, 0.0], [85.353746, 23.324916, 0.0], [85.353874, 23.324904, 0.0], [85.353988, 23.324713, 0.0], [85.35407, 23.324509, 0.0], [85.354248, 23.324289, 0.0], [85.354424, 23.324232, 0.0], [85.354647, 23.324264, 0.0], [85.354757, 23.324367, 0.0], [85.354837, 23.324397, 0.0], [85.354948, 23.324398, 0.0], [85.355094, 23.324253, 0.0], [85.355271, 23.324122, 0.0], [85.35551, 23.324111, 0.0], [85.355669, 23.324155, 0.0], [85.355828, 23.324127, 0.0], [85.356005, 23.323998, 0.0], [85.356229, 23.323985, 0.0], [85.356453, 23.323929, 0.0], [85.356743, 23.32371, 0.0], [85.356966, 23.323683, 0.0], [85.35722, 23.32379, 0.0], [85.357426, 23.323867, 0.0], [85.357457, 23.323876, 0.0], [85.357665, 23.323941, 0.0], [85.357933, 23.324179, 0.0], [85.358135, 23.324581, 0.0], [85.358211, 23.324875, 0.0], [85.358208, 23.325155, 0.0], [85.358206, 23.325317, 0.0], [85.357932, 23.325506, 0.0], [85.357643, 23.325679, 0.0], [85.357354, 23.325823, 0.0], [85.357048, 23.326084, 0.0], [85.35698, 23.326438, 0.0], [85.357053, 23.326953, 0.0], [85.356998, 23.327571, 0.0], [85.356911, 23.328187, 0.0], [85.357046, 23.328865, 0.0], [85.357119, 23.32944, 0.0], [85.357208, 23.329987, 0.0], [85.357377, 23.330445, 0.0], [85.357501, 23.330755, 0.0], [85.357751, 23.33114, 0.0], [85.358131, 23.331351, 0.0], [85.358624, 23.331517, 0.0], [85.359086, 23.331567, 0.0], [85.359346, 23.331569, 0.0], [85.359464, 23.331751, 0.0], [85.360436, 23.332301, 0.0], [85.360651, 23.332527, 0.0], [85.360602, 23.332671, 0.0], [85.360307, 23.33276, 0.0], [85.36007, 23.33292, 0.0], [85.35989, 23.333262, 0.0], [85.359983, 23.333678, 0.0], [85.359916, 23.333939, 0.0], [85.360294, 23.333943, 0.0], [85.360931, 23.333943, 0.0], [85.36146, 23.333915, 0.0], [85.361885, 23.333811, 0.0], [85.361901, 23.333827, 0.0], [85.36218, 23.333705, 0.0], [85.363234, 23.333324, 0.0], [85.363893, 23.333046, 0.0], [85.364717, 23.332741, 0.0], [85.365328, 23.332515, 0.0], [85.365685, 23.332313, 0.0], [85.365982, 23.331916, 0.0], [85.366048, 23.331721, 0.0], [85.367066, 23.331607, 0.0], [85.367595, 23.331583, 0.0], [85.368598, 23.332833, 0.0], [85.369252, 23.333614, 0.0], [85.369692, 23.334161, 0.0], [85.370027, 23.334602, 0.0], [85.371299, 23.335252, 0.0], [85.372413, 23.334205, 0.0], [85.37309, 23.333539, 0.0], [85.373115, 23.333539, 0.0], [85.373138, 23.333486, 0.0], [85.37389, 23.332739, 0.0], [85.374136, 23.332396, 0.0], [85.375025, 23.331462, 0.0], [85.375741, 23.330733, 0.0], [85.377102, 23.331321, 0.0], [85.378215, 23.331804, 0.0], [85.378767, 23.332067, 0.0], [85.378973, 23.332076, 0.0], [85.379206, 23.332004, 0.0], [85.379782, 23.331805, 0.0], [85.380176, 23.331725, 0.0], [85.380456, 23.331703, 0.0], [85.380876, 23.331742, 0.0], [85.381011, 23.331743, 0.0], [85.382077, 23.331646, 0.0], [85.38317, 23.331616, 0.0], [85.383949, 23.331575, 0.0], [85.384542, 23.331522, 0.0], [85.384971, 23.331594, 0.0], [85.385914, 23.33138, 0.0], [85.386157, 23.331265, 0.0], [85.386929, 23.331127, 0.0], [85.387467, 23.33104, 0.0], [85.388165, 23.331006, 0.0], [85.388416, 23.330984, 0.0], [85.388588, 23.330862, 0.0], [85.388941, 23.330511, 0.0], [85.38931, 23.330406, 0.0], [85.389714, 23.330302, 0.0], [85.390089, 23.330355, 0.0], [85.390381, 23.330641, 0.0], [85.390183, 23.330763, 0.0], [85.390109, 23.330927, 0.0], [85.390142, 23.331176, 0.0], [85.390024, 23.331339, 0.0], [85.389986, 23.331438, 0.0], [85.39003, 23.331579, 0.0], [85.390036, 23.33182, 0.0], [85.389928, 23.331885, 0.0], [85.389855, 23.331965, 0.0], [85.389923, 23.332239, 0.0], [85.390118, 23.332374, 0.0], [85.390251, 23.3325, 0.0], [85.390347, 23.332715, 0.0], [85.390397, 23.333005, 0.0], [85.390626, 23.33333, 0.0], [85.390785, 23.333537, 0.0], [85.39071, 23.333778, 0.0], [85.390601, 23.333959, 0.0], [85.390572, 23.333975, 0.0], [85.390548, 23.334015, 0.0], [85.390391, 23.334237, 0.0], [85.390279, 23.334498, 0.0], [85.390165, 23.334851, 0.0], [85.390041, 23.335152, 0.0], [85.389926, 23.335634, 0.0], [85.389895, 23.336372, 0.0], [85.390013, 23.336595, 0.0], [85.390043, 23.336839, 0.0], [85.389942, 23.337019, 0.0], [85.389776, 23.33715, 0.0], [85.389598, 23.337439, 0.0], [85.389352, 23.337852, 0.0], [85.389042, 23.338111, 0.0], [85.388787, 23.338434, 0.0], [85.388311, 23.338839, 0.0], [85.388023, 23.339141, 0.0], [85.387647, 23.339408, 0.0], [85.387415, 23.33965, 0.0], [85.387345, 23.340013, 0.0], [85.387351, 23.340396, 0.0], [85.387238, 23.340659, 0.0], [85.387324, 23.340841, 0.0], [85.387408, 23.341115, 0.0], [85.387426, 23.341449, 0.0], [85.387544, 23.341663, 0.0], [85.387422, 23.341772, 0.0], [85.38742, 23.341975, 0.0], [85.387527, 23.342096, 0.0], [85.387788, 23.342302, 0.0], [85.387819, 23.342453, 0.0], [85.387838, 23.342666, 0.0], [85.387869, 23.342838, 0.0], [85.387999, 23.342961, 0.0], [85.38814, 23.343003, 0.0], [85.388234, 23.343128, 0.0], [85.38825, 23.343598, 0.0], [85.38821, 23.343611, 0.0], [85.38801, 23.34386, 0.0], [85.387843, 23.344081, 0.0], [85.387786, 23.344282, 0.0], [85.38786, 23.344486, 0.0], [85.38777, 23.344688, 0.0], [85.387516, 23.344866, 0.0], [85.387414, 23.345118, 0.0], [85.387434, 23.34533, 0.0], [85.387485, 23.345575, 0.0], [85.387604, 23.345736, 0.0], [85.387733, 23.345868, 0.0], [85.387865, 23.34589, 0.0], [85.388106, 23.345883, 0.0], [85.388411, 23.345988, 0.0], [85.388675, 23.346043, 0.0], [85.388782, 23.346071, 0.0], [85.389033, 23.346126, 0.0], [85.389185, 23.346249, 0.0], [85.389301, 23.346632, 0.0], [85.38959, 23.34712, 0.0], [85.389904, 23.347467, 0.0], [85.38988, 23.347638, 0.0], [85.389856, 23.3478, 0.0], [85.389943, 23.347862, 0.0], [85.390106, 23.347963, 0.0], [85.39018, 23.348135, 0.0], [85.390304, 23.348735, 0.0], [85.390388, 23.349038, 0.0], [85.390299, 23.349148, 0.0], [85.390056, 23.349337, 0.0], [85.389813, 23.349518, 0.0], [85.389856, 23.34962, 0.0], [85.389897, 23.349832, 0.0], [85.389795, 23.350102, 0.0], [85.389594, 23.350405, 0.0], [85.389483, 23.350555, 0.0], [85.389174, 23.350744, 0.0], [85.388863, 23.350856, 0.0], [85.388807, 23.350955, 0.0], [85.38869, 23.350981, 0.0], [85.388337, 23.351171, 0.0], [85.387974, 23.351328, 0.0], [85.387709, 23.351548, 0.0], [85.387399, 23.351778, 0.0], [85.387036, 23.351946, 0.0], [85.386912, 23.352217, 0.0], [85.386885, 23.352671, 0.0], [85.386957, 23.353035, 0.0], [85.386996, 23.353471, 0.0], [85.387092, 23.353714, 0.0], [85.387177, 23.353857, 0.0], [85.387426, 23.354092, 0.0], [85.387523, 23.354249, 0.0], [85.387369, 23.355006, 0.0], [85.387369, 23.355128, 0.0], [85.387243, 23.355201, 0.0], [85.386912, 23.355403, 0.0], [85.386754, 23.355607, 0.0], [85.386781, 23.355822, 0.0], [85.386903, 23.356146, 0.0], [85.387159, 23.356541, 0.0], [85.387358, 23.356891, 0.0], [85.38748, 23.357012, 0.0], [85.387496, 23.357082, 0.0], [85.387536, 23.357087, 0.0], [85.387756, 23.357161, 0.0], [85.388096, 23.357361, 0.0], [85.388308, 23.357521, 0.0], [85.388497, 23.357733, 0.0], [85.38868, 23.357941, 0.0], [85.38877, 23.35819, 0.0], [85.38876, 23.35833, 0.0], [85.388638, 23.358315, 0.0], [85.388545, 23.358346, 0.0], [85.388537, 23.358431, 0.0], [85.38858, 23.358439, 0.0], [85.38863, 23.358446, 0.0], [85.388651, 23.358473, 0.0], [85.388664, 23.35857, 0.0], [85.388663, 23.358656, 0.0], [85.388713, 23.35867, 0.0], [85.388784, 23.358646, 0.0], [85.388877, 23.358606, 0.0], [85.388942, 23.358573, 0.0], [85.389085, 23.35855, 0.0], [85.389177, 23.358564, 0.0], [85.389355, 23.358625, 0.0], [85.389546, 23.358699, 0.0], [85.389659, 23.358818, 0.0], [85.389886, 23.358937, 0.0], [85.390034, 23.359025, 0.0], [85.390083, 23.359104, 0.0], [85.390053, 23.359197, 0.0], [85.389974, 23.359295, 0.0], [85.389887, 23.359432, 0.0], [85.389821, 23.359589, 0.0], [85.389848, 23.359714, 0.0], [85.389931, 23.3599, 0.0], [85.389986, 23.360045, 0.0], [85.390035, 23.360131, 0.0], [85.390126, 23.360256, 0.0], [85.390196, 23.360383, 0.0], [85.390287, 23.360502, 0.0], [85.390435, 23.360654, 0.0], [85.390556, 23.360683, 0.0], [85.390734, 23.360664, 0.0], [85.390898, 23.360718, 0.0], [85.391024, 23.36087, 0.0], [85.391229, 23.361026, 0.0], [85.391277, 23.361196, 0.0], [85.391333, 23.361269, 0.0], [85.39146, 23.361349, 0.0], [85.391616, 23.361418, 0.0], [85.391849, 23.361583, 0.0], [85.391878, 23.361685, 0.0], [85.391954, 23.361702, 0.0], [85.391997, 23.361725, 0.0], [85.391815, 23.361865, 0.0], [85.391192, 23.362019, 0.0], [85.390327, 23.361757, 0.0], [85.388841, 23.361514, 0.0], [85.387859, 23.361274, 0.0], [85.387232, 23.361387, 0.0], [85.386788, 23.361441, 0.0], [85.386196, 23.36155, 0.0], [85.385544, 23.361631, 0.0], [85.385243, 23.36168, 0.0], [85.385014, 23.361888, 0.0], [85.383864, 23.362655, 0.0], [85.382936, 23.363447, 0.0], [85.382548, 23.364702, 0.0], [85.382191, 23.3655, 0.0], [85.381769, 23.365518, 0.0], [85.381499, 23.365265, 0.0], [85.381112, 23.364412, 0.0], [85.380544, 23.364201, 0.0], [85.380403, 23.363513, 0.0], [85.379733, 23.362738, 0.0], [85.379148, 23.362549, 0.0], [85.37903, 23.362386, 0.0], [85.378976, 23.362223, 0.0], [85.378479, 23.362014, 0.0], [85.378039, 23.36133, 0.0], [85.37755, 23.360079, 0.0], [85.377106, 23.359575, 0.0], [85.376405, 23.359518, 0.0], [85.375666, 23.35956, 0.0], [85.375205, 23.358957, 0.0], [85.37529, 23.357895, 0.0], [85.375478, 23.357283, 0.0], [85.375564, 23.357159, 0.0], [85.37537, 23.356778, 0.0], [85.375293, 23.356646, 0.0], [85.374481, 23.356408, 0.0], [85.373779, 23.3564, 0.0], [85.37333, 23.356312, 0.0], [85.373118, 23.355978, 0.0], [85.372394, 23.356253, 0.0], [85.371709, 23.356345, 0.0], [85.37119, 23.356125, 0.0], [85.370932, 23.35514, 0.0], [85.370781, 23.354224, 0.0], [85.3707, 23.353971, 0.0], [85.370373, 23.353516, 0.0], [85.370018, 23.353216, 0.0], [85.369794, 23.3529, 0.0], [85.369555, 23.35264, 0.0], [85.369239, 23.352355, 0.0], [85.369023, 23.351833, 0.0], [85.368949, 23.351577, 0.0], [85.368925, 23.35141, 0.0], [85.369004, 23.351185, 0.0], [85.36902, 23.350987, 0.0], [85.36903, 23.35075, 0.0], [85.369202, 23.350458, 0.0], [85.369335, 23.350091, 0.0], [85.36929, 23.349906, 0.0], [85.369197, 23.349742, 0.0], [85.368884, 23.349446, 0.0], [85.368588, 23.349312, 0.0], [85.368367, 23.349242, 0.0], [85.368124, 23.349194, 0.0], [85.367834, 23.34918, 0.0], [85.367537, 23.349233, 0.0], [85.36728, 23.349262, 0.0], [85.367037, 23.349289, 0.0], [85.366732, 23.349355, 0.0], [85.366489, 23.349346, 0.0], [85.366179, 23.3493, 0.0], [85.365796, 23.349197, 0.0], [85.365507, 23.349142, 0.0], [85.36515, 23.349021, 0.0], [85.364727, 23.348903, 0.0], [85.364472, 23.348801, 0.0], [85.364284, 23.348682, 0.0], [85.364098, 23.348461, 0.0], [85.363811, 23.348153, 0.0], [85.363525, 23.347825, 0.0], [85.363298, 23.347638, 0.0], [85.363125, 23.347455, 0.0], [85.362812, 23.347158, 0.0], [85.362381, 23.347034, 0.0], [85.362004, 23.346994, 0.0], [85.36183, 23.346886, 0.0], [85.361548, 23.346734, 0.0], [85.36114, 23.346468, 0.0], [85.360892, 23.346335, 0.0], [85.360619, 23.346032, 0.0], [85.360608, 23.345821, 0.0], [85.360531, 23.345502, 0.0], [85.360446, 23.345307, 0.0], [85.360341, 23.345044, 0.0], [85.36027, 23.344739, 0.0], [85.36013, 23.344448, 0.0], [85.360227, 23.344036, 0.0], [85.360281, 23.343529, 0.0], [85.360272, 23.342989, 0.0], [85.360231, 23.342436, 0.0], [85.360127, 23.34194, 0.0], [85.359897, 23.341427, 0.0], [85.359685, 23.340728, 0.0], [85.359595, 23.340275, 0.0], [85.359526, 23.339934, 0.0], [85.359201, 23.340303, 0.0], [85.358845, 23.340601, 0.0], [85.358372, 23.340709, 0.0], [85.357898, 23.340628, 0.0], [85.357514, 23.340436, 0.0], [85.357099, 23.340299, 0.0], [85.356596, 23.340214, 0.0], [85.356517, 23.340227, 0.0], [85.356419, 23.340172, 0.0], [85.356351, 23.340144, 0.0], [85.356184, 23.339937, 0.0], [85.356025, 23.339635, 0.0], [85.355933, 23.339465, 0.0], [85.355867, 23.33929, 0.0], [85.355882, 23.339153, 0.0], [85.355992, 23.339059, 0.0], [85.356088, 23.338979, 0.0], [85.356123, 23.33888, 0.0], [85.356036, 23.338802, 0.0], [85.355881, 23.338701, 0.0], [85.355645, 23.338624, 0.0], [85.355435, 23.338597, 0.0], [85.355225, 23.338644, 0.0], [85.355075, 23.338717, 0.0], [85.354959, 23.338811, 0.0], [85.354776, 23.338859, 0.0], [85.354601, 23.338925, 0.0], [85.354436, 23.338941, 0.0], [85.354208, 23.33893, 0.0], [85.354069, 23.339021, 0.0], [85.353966, 23.339257, 0.0], [85.353946, 23.339408, 0.0], [85.353941, 23.33978, 0.0], [85.353974, 23.340051, 0.0], [85.353927, 23.340218, 0.0], [85.353807, 23.340278, 0.0], [85.353689, 23.340233, 0.0], [85.353524, 23.340198, 0.0], [85.353314, 23.340211, 0.0], [85.353102, 23.340311, 0.0], [85.352862, 23.340469, 0.0], [85.352642, 23.340552, 0.0], [85.352438, 23.340692, 0.0], [85.352099, 23.340808, 0.0], [85.351962, 23.340782, 0.0], [85.351854, 23.340636, 0.0], [85.351655, 23.340397, 0.0], [85.351491, 23.340337, 0.0], [85.351375, 23.340166, 0.0], [85.351249, 23.339971, 0.0], [85.351032, 23.339783, 0.0], [85.350878, 23.339662, 0.0], [85.350632, 23.339524, 0.0], [85.350414, 23.339413, 0.0], [85.350268, 23.339378, 0.0], [85.350004, 23.339283, 0.0], [85.349785, 23.339253, 0.0], [85.349519, 23.339302, 0.0], [85.349417, 23.339403, 0.0], [85.349305, 23.339605, 0.0], [85.34912, 23.339745, 0.0], [85.349045, 23.339923, 0.0], [85.348996, 23.34015, 0.0], [85.348893, 23.340343, 0.0], [85.348708, 23.340468, 0.0], [85.34845, 23.340616, 0.0], [85.348277, 23.340614, 0.0], [85.348039, 23.34063, 0.0], [85.347872, 23.340746, 0.0], [85.347742, 23.340923, 0.0], [85.347682, 23.341019, 0.0], [85.347649, 23.341073, 0.0], [85.347584, 23.341158, 0.0], [85.347518, 23.341284, 0.0], [85.347534, 23.341512, 0.0], [85.34744, 23.341696, 0.0], [85.347283, 23.341805, 0.0], [85.347155, 23.341819, 0.0], [85.347037, 23.341735, 0.0], [85.346837, 23.341606, 0.0], [85.346692, 23.341528, 0.0], [85.346474, 23.341415, 0.0], [85.346318, 23.341388, 0.0], [85.346256, 23.34127, 0.0], [85.346294, 23.34119, 0.0], [85.346301, 23.340966, 0.0], [85.346406, 23.340818, 0.0], [85.346539, 23.340736, 0.0], [85.346513, 23.340465, 0.0], [85.346666, 23.34002, 0.0], [85.346917, 23.33986, 0.0], [85.34695, 23.339603, 0.0], [85.346969, 23.33921, 0.0], [85.346928, 23.338991, 0.0], [85.346694, 23.338934, 0.0], [85.346312, 23.338943, 0.0], [85.345974, 23.338967, 0.0], [85.345724, 23.339007, 0.0], [85.345605, 23.339106, 0.0], [85.345603, 23.338588, 0.0], [85.345607, 23.338283, 0.0], [85.345481, 23.338031, 0.0], [85.345342, 23.337755, 0.0], [85.345166, 23.337371, 0.0], [85.34517, 23.337072, 0.0], [85.344946, 23.336353, 0.0], [85.344807, 23.336077, 0.0], [85.344733, 23.335777, 0.0], [85.344788, 23.335479, 0.0], [85.344778, 23.335276, 0.0], [85.344615, 23.334588, 0.0], [85.344391, 23.334695, 0.0], [85.344101, 23.33483, 0.0], [85.343975, 23.33487, 0.0], [85.343871, 23.334887, 0.0], [85.343564, 23.334908, 0.0], [85.342754, 23.334962, 0.0], [85.34245, 23.334988, 0.0], [85.342231, 23.335011, 0.0], [85.342087, 23.335026, 0.0], [85.341854, 23.334254, 0.0], [85.341763, 23.334265, 0.0], [85.341575, 23.333773, 0.0], [85.341564, 23.333593, 0.0], [85.341695, 23.333499, 0.0], [85.341813, 23.333381, 0.0], [85.341737, 23.333201, 0.0], [85.341648, 23.33314, 0.0], [85.341493, 23.333091, 0.0], [85.341391, 23.332947, 0.0], [85.341303, 23.33279, 0.0], [85.341255, 23.332491, 0.0], [85.341194, 23.33218, 0.0], [85.341095, 23.331797, 0.0], [85.340945, 23.331425, 0.0], [85.340601, 23.330872, 0.0], [85.340374, 23.330368, 0.0], [85.340354, 23.329937, 0.0], [85.340204, 23.329506, 0.0], [85.340078, 23.329218, 0.0], [85.34016, 23.328884, 0.0], [85.340241, 23.328542, 0.0]]]}}, {"type": "Feature", "properties": {"ward_no": 45, "ward_name": "WARD 45", "ulb": "Ranchi Municipal Corporation", "district": "Ranchi", "state": "Jharkhand"}, "geometry": {"type": "Polygon", "coordinates": [[[85.341609, 23.349441, 0.0], [85.34144, 23.34943, 0.0], [85.339438, 23.349314, 0.0], [85.337334, 23.349197, 0.0], [85.336153, 23.349185, 0.0], [85.333815, 23.34923, 0.0], [85.330428, 23.349099, 0.0], [85.328881, 23.349157, 0.0], [85.328159, 23.349287, 0.0], [85.326961, 23.349258, 0.0], [85.326188, 23.349257, 0.0], [85.326364, 23.348882, 0.0], [85.326515, 23.348517, 0.0], [85.326629, 23.348178, 0.0], [85.326688, 23.347892, 0.0], [85.326717, 23.347497, 0.0], [85.326668, 23.347083, 0.0], [85.326607, 23.34667, 0.0], [85.32664, 23.346647, 0.0], [85.326639, 23.346643, 0.0], [85.326611, 23.346442, 0.0], [85.326588, 23.346222, 0.0], [85.326545, 23.345916, 0.0], [85.326517, 23.345653, 0.0], [85.326453, 23.345394, 0.0], [85.326414, 23.345217, 0.0], [85.326349, 23.345006, 0.0], [85.326168, 23.344163, 0.0], [85.326139, 23.34387, 0.0], [85.326117, 23.343583, 0.0], [85.326107, 23.343296, 0.0], [85.326086, 23.342943, 0.0], [85.326064, 23.342615, 0.0], [85.326048, 23.342352, 0.0], [85.326038, 23.342089, 0.0], [85.326004, 23.341766, 0.0], [85.325998, 23.341678, 0.0], [85.325988, 23.341497, 0.0], [85.325972, 23.341418, 0.0], [85.325945, 23.341287, 0.0], [85.325882, 23.341125, 0.0], [85.325794, 23.340903, 0.0], [85.325623, 23.340686, 0.0], [85.325469, 23.34053, 0.0], [85.325284, 23.34033, 0.0], [85.325124, 23.340191, 0.0], [85.325023, 23.340047, 0.0], [85.325021, 23.340045, 0.0], [85.324969, 23.339961, 0.0], [85.324959, 23.339962, 0.0], [85.324825, 23.339921, 0.0], [85.324743, 23.339714, 0.0], [85.324622, 23.339268, 0.0], [85.324512, 23.33881, 0.0], [85.323013, 23.339206, 0.0], [85.322943, 23.339224, 0.0], [85.322679, 23.338351, 0.0], [85.322621, 23.338328, 0.0], [85.322577, 23.338335, 0.0], [85.322526, 23.338343, 0.0], [85.322169, 23.338427, 0.0], [85.32115, 23.338666, 0.0], [85.320855, 23.338736, 0.0], [85.319212, 23.33915, 0.0], [85.319145, 23.339166, 0.0], [85.319157, 23.339205, 0.0], [85.319097, 23.339179, 0.0], [85.319091, 23.33918, 0.0], [85.318761, 23.338149, 0.0], [85.31854, 23.337478, 0.0], [85.318319, 23.336753, 0.0], [85.318256, 23.336522, 0.0], [85.318251, 23.336502, 0.0], [85.318198, 23.336307, 0.0], [85.318225, 23.33601, 0.0], [85.318321, 23.335803, 0.0], [85.318407, 23.335481, 0.0], [85.318508, 23.335067, 0.0], [85.318586, 23.334774, 0.0], [85.318585, 23.334523, 0.0], [85.318454, 23.334145, 0.0], [85.3183, 23.333942, 0.0], [85.318426, 23.333937, 0.0], [85.318719, 23.333993, 0.0], [85.318935, 23.33411, 0.0], [85.319151, 23.33422, 0.0], [85.319429, 23.334273, 0.0], [85.319545, 23.334285, 0.0], [85.320022, 23.33405, 0.0], [85.320225, 23.333944, 0.0], [85.320553, 23.333804, 0.0], [85.320779, 23.33375, 0.0], [85.320996, 23.333759, 0.0], [85.321127, 23.333803, 0.0], [85.32132, 23.333899, 0.0], [85.321506, 23.333972, 0.0], [85.321657, 23.334015, 0.0], [85.321691, 23.334022, 0.0], [85.321937, 23.333907, 0.0], [85.322038, 23.3337, 0.0], [85.322157, 23.333548, 0.0], [85.322275, 23.333504, 0.0], [85.322411, 23.33356, 0.0], [85.322548, 23.333561, 0.0], [85.322667, 23.333445, 0.0], [85.322727, 23.333347, 0.0], [85.322807, 23.333248, 0.0], [85.323053, 23.333142, 0.0], [85.323277, 23.333208, 0.0], [85.323519, 23.333409, 0.0], [85.323761, 23.333638, 0.0], [85.323903, 23.333982, 0.0], [85.324115, 23.334273, 0.0], [85.324376, 23.334522, 0.0], [85.3246, 23.334651, 0.0], [85.324844, 23.334699, 0.0], [85.325244, 23.334775, 0.0], [85.325558, 23.334752, 0.0], [85.325851, 23.334746, 0.0], [85.326086, 23.334721, 0.0], [85.326292, 23.334696, 0.0], [85.326392, 23.334562, 0.0], [85.326492, 23.334353, 0.0], [85.326681, 23.334138, 0.0], [85.326899, 23.333888, 0.0], [85.327047, 23.333808, 0.0], [85.327418, 23.333857, 0.0], [85.327848, 23.333952, 0.0], [85.32811, 23.333964, 0.0], [85.32821, 23.334028, 0.0], [85.328272, 23.334124, 0.0], [85.328337, 23.334174, 0.0], [85.32842, 23.334198, 0.0], [85.328521, 23.334221, 0.0], [85.32852, 23.334293, 0.0], [85.328495, 23.33442, 0.0], [85.328427, 23.334568, 0.0], [85.328419, 23.334778, 0.0], [85.328357, 23.334904, 0.0], [85.32829, 23.335002, 0.0], [85.328265, 23.335106, 0.0], [85.328263, 23.335277, 0.0], [85.328244, 23.335399, 0.0], [85.328223, 23.335629, 0.0], [85.328192, 23.335746, 0.0], [85.328137, 23.335811, 0.0], [85.328012, 23.335911, 0.0], [85.327919, 23.33598, 0.0], [85.327917, 23.336188, 0.0], [85.327883, 23.336429, 0.0], [85.327959, 23.336834, 0.0], [85.328116, 23.337247, 0.0], [85.328263, 23.33767, 0.0], [85.32842, 23.33825, 0.0], [85.328506, 23.33824, 0.0], [85.328668, 23.338224, 0.0], [85.328882, 23.33818, 0.0], [85.328982, 23.33816, 0.0], [85.328986, 23.338159, 0.0], [85.329274, 23.338091, 0.0], [85.32944, 23.338054, 0.0], [85.329598, 23.33802, 0.0], [85.329604, 23.338019, 0.0], [85.33025, 23.33786, 0.0], [85.330644, 23.337749, 0.0], [85.330748, 23.337714, 0.0], [85.330865, 23.337675, 0.0], [85.330876, 23.337671, 0.0], [85.331346, 23.33748, 0.0], [85.3317, 23.337323, 0.0], [85.332843, 23.3369, 0.0], [85.332832, 23.336866, 0.0], [85.33297, 23.336853, 0.0], [85.333506, 23.336664, 0.0], [85.333908, 23.336534, 0.0], [85.334724, 23.336244, 0.0], [85.334811, 23.336218, 0.0], [85.334919, 23.336166, 0.0], [85.335143, 23.336067, 0.0], [85.335806, 23.335772, 0.0], [85.335842, 23.33601, 0.0], [85.335881, 23.336102, 0.0], [85.335954, 23.336271, 0.0], [85.33616, 23.336836, 0.0], [85.336326, 23.33731, 0.0], [85.336445, 23.337677, 0.0], [85.336529, 23.338029, 0.0], [85.336642, 23.338489, 0.0], [85.336789, 23.339032, 0.0], [85.336837, 23.339298, 0.0], [85.336843, 23.339398, 0.0], [85.33685, 23.339488, 0.0], [85.336879, 23.339628, 0.0], [85.336903, 23.339734, 0.0], [85.336894, 23.339673, 0.0], [85.336927, 23.33984, 0.0], [85.336901, 23.34003, 0.0], [85.33689, 23.340223, 0.0], [85.336999, 23.340758, 0.0], [85.337146, 23.341271, 0.0], [85.337668, 23.342087, 0.0], [85.337926, 23.341952, 0.0], [85.338446, 23.341978, 0.0], [85.338958, 23.342008, 0.0], [85.339251, 23.341916, 0.0], [85.339599, 23.341981, 0.0], [85.339813, 23.342001, 0.0], [85.339948, 23.342003, 0.0], [85.340048, 23.341945, 0.0], [85.34005, 23.341841, 0.0], [85.340059, 23.341695, 0.0], [85.340144, 23.341671, 0.0], [85.340309, 23.341625, 0.0], [85.340514, 23.34172, 0.0], [85.340719, 23.341842, 0.0], [85.340839, 23.341947, 0.0], [85.341045, 23.342008, 0.0], [85.341293, 23.342085, 0.0], [85.341469, 23.342218, 0.0], [85.341625, 23.342237, 0.0], [85.341739, 23.342151, 0.0], [85.341812, 23.342445, 0.0], [85.341843, 23.34272, 0.0], [85.341957, 23.343405, 0.0], [85.342026, 23.343843, 0.0], [85.342033, 23.343899, 0.0], [85.342255, 23.345095, 0.0], [85.342255, 23.345209, 0.0], [85.342384, 23.345213, 0.0], [85.342327, 23.346274, 0.0], [85.342324, 23.346334, 0.0], [85.342285, 23.34705, 0.0], [85.342186, 23.347708, 0.0], [85.341599, 23.347744, 0.0], [85.341438, 23.347727, 0.0], [85.341444, 23.347848, 0.0], [85.341539, 23.348337, 0.0], [85.341609, 23.348961, 0.0], [85.341609, 23.349441, 0.0]]]}}, {"type": "Feature", "properties": {"ward_no": 50, "ward_name": "WARD 50", "ulb": "Ranchi Municipal Corporation", "district": "Ranchi", "state": "Jharkhand"}, "geometry": {"type": "Polygon", "coordinates": [[[85.307573, 23.32358, 0.0], [85.307566, 23.323586, 0.0], [85.307122, 23.323387, 0.0], [85.306569, 23.323117, 0.0], [85.306261, 23.322963, 0.0], [85.306257, 23.322931, 0.0], [85.306632, 23.320167, 0.0], [85.306806, 23.319193, 0.0], [85.306835, 23.319032, 0.0], [85.307434, 23.315674, 0.0], [85.307908, 23.312582, 0.0], [85.30804, 23.311712, 0.0], [85.308169, 23.310863, 0.0], [85.308213, 23.310576, 0.0], [85.309138, 23.306227, 0.0], [85.309377, 23.304486, 0.0], [85.309412, 23.304263, 0.0], [85.309883, 23.304318, 0.0], [85.309982, 23.3043, 0.0], [85.310154, 23.304294, 0.0], [85.31023, 23.304292, 0.0], [85.310451, 23.30428, 0.0], [85.310601, 23.304221, 0.0], [85.310673, 23.30416, 0.0], [85.310785, 23.304048, 0.0], [85.310724, 23.303978, 0.0], [85.310675, 23.303829, 0.0], [85.31072, 23.303783, 0.0], [85.310879, 23.3037, 0.0], [85.311094, 23.303611, 0.0], [85.311181, 23.303552, 0.0], [85.311271, 23.303501, 0.0], [85.311358, 23.30348, 0.0], [85.3115, 23.303484, 0.0], [85.311554, 23.30346, 0.0], [85.311636, 23.303356, 0.0], [85.311778, 23.303198, 0.0], [85.311883, 23.303117, 0.0], [85.311928, 23.303074, 0.0], [85.31211, 23.303007, 0.0], [85.312525, 23.302901, 0.0], [85.312581, 23.302872, 0.0], [85.312729, 23.302796, 0.0], [85.312935, 23.302708, 0.0], [85.313396, 23.302555, 0.0], [85.314227, 23.302289, 0.0], [85.314342, 23.302236, 0.0], [85.314429, 23.302197, 0.0], [85.314452, 23.302174, 0.0], [85.315518, 23.301669, 0.0], [85.315909, 23.301435, 0.0], [85.316016, 23.301407, 0.0], [85.316885, 23.301182, 0.0], [85.317093, 23.301129, 0.0], [85.317277, 23.301117, 0.0], [85.317299, 23.301116, 0.0], [85.31734, 23.301108, 0.0], [85.317387, 23.301096, 0.0], [85.317423, 23.301087, 0.0], [85.317474, 23.301073, 0.0], [85.317656, 23.301021, 0.0], [85.317802, 23.300979, 0.0], [85.317871, 23.300962, 0.0], [85.318025, 23.300923, 0.0], [85.31829, 23.300857, 0.0], [85.318587, 23.300792, 0.0], [85.318632, 23.300782, 0.0], [85.318844, 23.300735, 0.0], [85.318966, 23.300708, 0.0], [85.319165, 23.300661, 0.0], [85.31936, 23.300619, 0.0], [85.319475, 23.300595, 0.0], [85.319629, 23.300556, 0.0], [85.319713, 23.300535, 0.0], [85.320463, 23.300351, 0.0], [85.320781, 23.300273, 0.0], [85.321263, 23.300155, 0.0], [85.321667, 23.300056, 0.0], [85.321746, 23.300034, 0.0], [85.3218, 23.30002, 0.0], [85.322109, 23.299943, 0.0], [85.322383, 23.299878, 0.0], [85.322446, 23.299862, 0.0], [85.322717, 23.299796, 0.0], [85.322758, 23.299787, 0.0], [85.322971, 23.29974, 0.0], [85.323244, 23.299676, 0.0], [85.323483, 23.299622, 0.0], [85.32362, 23.29958, 0.0], [85.323782, 23.299516, 0.0], [85.323877, 23.299482, 0.0], [85.323956, 23.29945, 0.0], [85.324014, 23.299417, 0.0], [85.324053, 23.299399, 0.0], [85.324088, 23.299383, 0.0], [85.324128, 23.299368, 0.0], [85.324182, 23.299351, 0.0], [85.324267, 23.299319, 0.0], [85.324351, 23.299282, 0.0], [85.324409, 23.299252, 0.0], [85.324438, 23.299238, 0.0], [85.32468, 23.299097, 0.0], [85.324717, 23.299072, 0.0], [85.324769, 23.299033, 0.0], [85.324859, 23.298976, 0.0], [85.324924, 23.298929, 0.0], [85.325007, 23.298871, 0.0], [85.325055, 23.298834, 0.0], [85.325203, 23.298713, 0.0], [85.325273, 23.298673, 0.0], [85.325343, 23.298633, 0.0], [85.325396, 23.29861, 0.0], [85.325543, 23.298564, 0.0], [85.325791, 23.298505, 0.0], [85.325786, 23.298484, 0.0], [85.32583, 23.298469, 0.0], [85.325919, 23.298441, 0.0], [85.325941, 23.298434, 0.0], [85.326038, 23.298401, 0.0], [85.326106, 23.298372, 0.0], [85.326157, 23.29835, 0.0], [85.326245, 23.298306, 0.0], [85.326294, 23.298282, 0.0], [85.326487, 23.298208, 0.0], [85.326756, 23.298115, 0.0], [85.326751, 23.298098, 0.0], [85.326756, 23.298099, 0.0], [85.326768, 23.298104, 0.0], [85.326778, 23.29811, 0.0], [85.326798, 23.298123, 0.0], [85.326814, 23.298137, 0.0], [85.326832, 23.298155, 0.0], [85.326856, 23.298183, 0.0], [85.32689, 23.298218, 0.0], [85.326911, 23.298239, 0.0], [85.326943, 23.298271, 0.0], [85.326968, 23.298294, 0.0], [85.326984, 23.298307, 0.0], [85.327001, 23.298318, 0.0], [85.32702, 23.298331, 0.0], [85.327031, 23.298338, 0.0], [85.327053, 23.29835, 0.0], [85.327071, 23.29836, 0.0], [85.327102, 23.298372, 0.0], [85.327144, 23.298389, 0.0], [85.327234, 23.298424, 0.0], [85.327376, 23.298479, 0.0], [85.327558, 23.298554, 0.0], [85.327709, 23.29862, 0.0], [85.328036, 23.298751, 0.0], [85.328218, 23.298826, 0.0], [85.328275, 23.298849, 0.0], [85.328442, 23.298906, 0.0], [85.32858, 23.298953, 0.0], [85.32864, 23.298974, 0.0], [85.328704, 23.298996, 0.0], [85.328752, 23.299012, 0.0], [85.328852, 23.299044, 0.0], [85.32898, 23.299079, 0.0], [85.329176, 23.299124, 0.0], [85.329352, 23.299163, 0.0], [85.329583, 23.299206, 0.0], [85.329626, 23.299215, 0.0], [85.33013, 23.299322, 0.0], [85.330387, 23.299381, 0.0], [85.330435, 23.299392, 0.0], [85.330558, 23.299446, 0.0], [85.330707, 23.299514, 0.0], [85.331031, 23.29968, 0.0], [85.331869, 23.30011, 0.0], [85.332332, 23.300356, 0.0], [85.332385, 23.300384, 0.0], [85.332904, 23.300661, 0.0], [85.333026, 23.300725, 0.0], [85.333989, 23.301231, 0.0], [85.334767, 23.301604, 0.0], [85.335206, 23.301819, 0.0], [85.335397, 23.301915, 0.0], [85.335558, 23.302032, 0.0], [85.335686, 23.302138, 0.0], [85.335794, 23.302223, 0.0], [85.335942, 23.302239, 0.0], [85.336114, 23.302249, 0.0], [85.336154, 23.302252, 0.0], [85.336438, 23.302241, 0.0], [85.336552, 23.302249, 0.0], [85.336676, 23.302282, 0.0], [85.336786, 23.302307, 0.0], [85.33688, 23.302361, 0.0], [85.336943, 23.302453, 0.0], [85.337059, 23.302576, 0.0], [85.337235, 23.302729, 0.0], [85.337469, 23.302832, 0.0], [85.338097, 23.303126, 0.0], [85.338538, 23.303362, 0.0], [85.338624, 23.303418, 0.0], [85.338797, 23.303557, 0.0], [85.338879, 23.303596, 0.0], [85.339065, 23.30364, 0.0], [85.339208, 23.30367, 0.0], [85.339344, 23.303699, 0.0], [85.339571, 23.303717, 0.0], [85.339587, 23.303708, 0.0], [85.339772, 23.303448, 0.0], [85.339979, 23.303222, 0.0], [85.340274, 23.303236, 0.0], [85.34063, 23.302904, 0.0], [85.340821, 23.303032, 0.0], [85.340945, 23.303128, 0.0], [85.340987, 23.303391, 0.0], [85.341144, 23.303528, 0.0], [85.341554, 23.303385, 0.0], [85.341908, 23.303306, 0.0], [85.342027, 23.303415, 0.0], [85.342263, 23.303729, 0.0], [85.34239, 23.303848, 0.0], [85.342946, 23.304104, 0.0], [85.343085, 23.30449, 0.0], [85.343187, 23.305317, 0.0], [85.343344, 23.30554, 0.0], [85.343566, 23.305646, 0.0], [85.34406, 23.305771, 0.0], [85.344153, 23.305993, 0.0], [85.344134, 23.306228, 0.0], [85.344066, 23.306582, 0.0], [85.34416, 23.306761, 0.0], [85.344589, 23.306971, 0.0], [85.345083, 23.307064, 0.0], [85.345419, 23.307009, 0.0], [85.34563, 23.306806, 0.0], [85.345902, 23.306734, 0.0], [85.346427, 23.306902, 0.0], [85.347096, 23.307176, 0.0], [85.347591, 23.307194, 0.0], [85.348007, 23.30714, 0.0], [85.348185, 23.306966, 0.0], [85.348809, 23.306943, 0.0], [85.349246, 23.30714, 0.0], [85.349259, 23.307332, 0.0], [85.349273, 23.307479, 0.0], [85.349432, 23.307584, 0.0], [85.349783, 23.307617, 0.0], [85.349894, 23.307722, 0.0], [85.349908, 23.307869, 0.0], [85.349857, 23.30809, 0.0], [85.349998, 23.308312, 0.0], [85.350204, 23.308461, 0.0], [85.35046, 23.308464, 0.0], [85.350748, 23.308467, 0.0], [85.351049, 23.308678, 0.0], [85.351189, 23.308946, 0.0], [85.351508, 23.309008, 0.0], [85.35226, 23.308912, 0.0], [85.352643, 23.309049, 0.0], [85.352736, 23.309256, 0.0], [85.352989, 23.309437, 0.0], [85.353389, 23.309441, 0.0], [85.353723, 23.309578, 0.0], [85.35421, 23.310233, 0.0], [85.354348, 23.310686, 0.0], [85.354264, 23.311098, 0.0], [85.35418, 23.311422, 0.0], [85.354029, 23.311981, 0.0], [85.353526, 23.312551, 0.0], [85.352928, 23.313091, 0.0], [85.352888, 23.313741, 0.0], [85.353145, 23.314967, 0.0], [85.353486, 23.315872, 0.0], [85.353946, 23.316098, 0.0], [85.354663, 23.316297, 0.0], [85.354818, 23.316669, 0.0], [85.354783, 23.316949, 0.0], [85.354511, 23.316991, 0.0], [85.354363, 23.317328, 0.0], [85.354471, 23.317609, 0.0], [85.354836, 23.317805, 0.0], [85.355119, 23.31825, 0.0], [85.355383, 23.318815, 0.0], [85.355313, 23.319361, 0.0], [85.355305, 23.31995, 0.0], [85.355459, 23.320426, 0.0], [85.355886, 23.320785, 0.0], [85.356055, 23.3211, 0.0], [85.356038, 23.321113, 0.0], [85.356114, 23.321223, 0.0], [85.356195, 23.321359, 0.0], [85.356269, 23.321439, 0.0], [85.356397, 23.321567, 0.0], [85.35644, 23.3218, 0.0], [85.356429, 23.321935, 0.0], [85.356473, 23.322116, 0.0], [85.356509, 23.322245, 0.0], [85.35659, 23.322375, 0.0], [85.356587, 23.32263, 0.0], [85.356593, 23.322878, 0.0], [85.356674, 23.323093, 0.0], [85.356904, 23.323224, 0.0], [85.357116, 23.323312, 0.0], [85.357327, 23.323536, 0.0], [85.357417, 23.32376, 0.0], [85.357457, 23.323876, 0.0], [85.357426, 23.323867, 0.0], [85.35722, 23.32379, 0.0], [85.356966, 23.323683, 0.0], [85.356743, 23.32371, 0.0], [85.356453, 23.323929, 0.0], [85.356229, 23.323985, 0.0], [85.356005, 23.323998, 0.0], [85.355828, 23.324127, 0.0], [85.355669, 23.324155, 0.0], [85.35551, 23.324111, 0.0], [85.355271, 23.324122, 0.0], [85.355094, 23.324253, 0.0], [85.354948, 23.324398, 0.0], [85.354837, 23.324397, 0.0], [85.354757, 23.324367, 0.0], [85.354647, 23.324264, 0.0], [85.354424, 23.324232, 0.0], [85.354248, 23.324289, 0.0], [85.35407, 23.324509, 0.0], [85.353988, 23.324713, 0.0], [85.353874, 23.324904, 0.0], [85.353746, 23.324916, 0.0], [85.353587, 23.324901, 0.0], [85.353379, 23.324971, 0.0], [85.353153, 23.325176, 0.0], [85.352928, 23.325291, 0.0], [85.352736, 23.325319, 0.0], [85.352451, 23.325198, 0.0], [85.352209, 23.325166, 0.0], [85.352003, 23.325031, 0.0], [85.351828, 23.325043, 0.0], [85.351716, 23.325012, 0.0], [85.351577, 23.324717, 0.0], [85.351419, 23.324598, 0.0], [85.351183, 23.324316, 0.0], [85.350787, 23.32412, 0.0], [85.350419, 23.32422, 0.0], [85.34997, 23.32442, 0.0], [85.349616, 23.324638, 0.0], [85.349453, 23.324945, 0.0], [85.349338, 23.325238, 0.0], [85.349128, 23.325473, 0.0], [85.348791, 23.325645, 0.0], [85.348389, 23.325921, 0.0], [85.348226, 23.326183, 0.0], [85.348016, 23.326373, 0.0], [85.347761, 23.3264, 0.0], [85.347523, 23.32628, 0.0], [85.347205, 23.326247, 0.0], [85.346964, 23.326346, 0.0], [85.346946, 23.326538, 0.0], [85.346782, 23.326861, 0.0], [85.346572, 23.327123, 0.0], [85.3463, 23.327208, 0.0], [85.346204, 23.327178, 0.0], [85.345933, 23.327204, 0.0], [85.345788, 23.327352, 0.0], [85.345656, 23.327644, 0.0], [85.345416, 23.327775, 0.0], [85.345257, 23.327757, 0.0], [85.345098, 23.327654, 0.0], [85.344973, 23.32749, 0.0], [85.344943, 23.327327, 0.0], [85.345073, 23.327152, 0.0], [85.34503, 23.326709, 0.0], [85.344844, 23.326281, 0.0], [85.344575, 23.32616, 0.0], [85.344319, 23.32623, 0.0], [85.344046, 23.32636, 0.0], [85.343644, 23.326591, 0.0], [85.343307, 23.326838, 0.0], [85.343168, 23.32685, 0.0], [85.343159, 23.326881, 0.0], [85.342726, 23.326787, 0.0], [85.342148, 23.326821, 0.0], [85.341813, 23.327023, 0.0], [85.34099, 23.326802, 0.0], [85.340602, 23.326798, 0.0], [85.339569, 23.326632, 0.0], [85.338757, 23.326444, 0.0], [85.338202, 23.326295, 0.0], [85.337685, 23.326289, 0.0], [85.33647, 23.326241, 0.0], [85.335668, 23.32616, 0.0], [85.334466, 23.326148, 0.0], [85.333743, 23.32602, 0.0], [85.333046, 23.32587, 0.0], [85.332312, 23.325563, 0.0], [85.330924, 23.324879, 0.0], [85.330528, 23.324481, 0.0], [85.329771, 23.323995, 0.0], [85.329285, 23.323524, 0.0], [85.328916, 23.323066, 0.0], [85.328207, 23.322303, 0.0], [85.327289, 23.321782, 0.0], [85.326475, 23.321714, 0.0], [85.325688, 23.321514, 0.0], [85.324876, 23.321303, 0.0], [85.323769, 23.320885, 0.0], [85.323227, 23.320711, 0.0], [85.322839, 23.320731, 0.0], [85.322322, 23.320666, 0.0], [85.321897, 23.32053, 0.0], [85.321561, 23.320526, 0.0], [85.320102, 23.32047, 0.0], [85.319976, 23.320583, 0.0], [85.319705, 23.32079, 0.0], [85.319631, 23.320847, 0.0], [85.319394, 23.320996, 0.0], [85.319284, 23.321065, 0.0], [85.318685, 23.321345, 0.0], [85.317885, 23.321721, 0.0], [85.317031, 23.322116, 0.0], [85.316893, 23.32218, 0.0], [85.316654, 23.322347, 0.0], [85.315757, 23.323082, 0.0], [85.315602, 23.323209, 0.0], [85.31541, 23.323367, 0.0], [85.315018, 23.323688, 0.0], [85.314861, 23.323816, 0.0], [85.314858, 23.323819, 0.0], [85.314391, 23.324181, 0.0], [85.314347, 23.324221, 0.0], [85.314308, 23.324265, 0.0], [85.314274, 23.324313, 0.0], [85.314247, 23.324364, 0.0], [85.314225, 23.324418, 0.0], [85.31421, 23.324474, 0.0], [85.314202, 23.32453, 0.0], [85.3142, 23.324588, 0.0], [85.314205, 23.324645, 0.0], [85.314217, 23.324701, 0.0], [85.314335, 23.325187, 0.0], [85.314408, 23.325488, 0.0], [85.314435, 23.325603, 0.0], [85.314458, 23.325697, 0.0], [85.314563, 23.326087, 0.0], [85.314621, 23.3263, 0.0], [85.314819, 23.327044, 0.0], [85.314877, 23.327243, 0.0], [85.31495, 23.327489, 0.0], [85.315098, 23.327997, 0.0], [85.315113, 23.328046, 0.0], [85.315072, 23.328122, 0.0], [85.315063, 23.328103, 0.0], [85.314884, 23.327986, 0.0], [85.314713, 23.327867, 0.0], [85.314288, 23.327695, 0.0], [85.313878, 23.327488, 0.0], [85.313442, 23.327226, 0.0], [85.312793, 23.326905, 0.0], [85.312363, 23.326629, 0.0], [85.311887, 23.326317, 0.0], [85.311465, 23.32601, 0.0], [85.311234, 23.325847, 0.0], [85.310672, 23.325473, 0.0], [85.310276, 23.325162, 0.0], [85.309946, 23.324935, 0.0], [85.309682, 23.324736, 0.0], [85.309398, 23.324554, 0.0], [85.309104, 23.324394, 0.0], [85.308961, 23.324317, 0.0], [85.308571, 23.32411, 0.0], [85.307995, 23.323815, 0.0], [85.307573, 23.32358, 0.0]]]}}, {"type": "Feature", "properties": {"ward_no": 53, "ward_name": "WARD 53", "ulb": "Ranchi Municipal Corporation", "district": "Ranchi", "state": "Jharkhand"}, "geometry": {"type": "Polygon", "coordinates": [[[85.30292, 23.281127, 0.0], [85.302703, 23.281132, 0.0], [85.302479, 23.281168, 0.0], [85.302092, 23.281182, 0.0], [85.301848, 23.281123, 0.0], [85.301544, 23.280988, 0.0], [85.301301, 23.280891, 0.0], [85.301076, 23.280927, 0.0], [85.300851, 23.28096, 0.0], [85.300671, 23.280753, 0.0], [85.300674, 23.280507, 0.0], [85.300616, 23.280263, 0.0], [85.30052, 23.279754, 0.0], [85.300381, 23.27947, 0.0], [85.300116, 23.279467, 0.0], [85.29987, 23.279595, 0.0], [85.299339, 23.279723, 0.0], [85.299095, 23.2797, 0.0], [85.29891, 23.279831, 0.0], [85.298624, 23.279846, 0.0], [85.29856, 23.280109, 0.0], [85.298416, 23.280239, 0.0], [85.29821, 23.280388, 0.0], [85.297924, 23.280459, 0.0], [85.297535, 23.28055, 0.0], [85.297187, 23.280715, 0.0], [85.296961, 23.280862, 0.0], [85.296612, 23.281066, 0.0], [85.296286, 23.281083, 0.0], [85.295958, 23.281192, 0.0], [85.295692, 23.281338, 0.0], [85.295345, 23.281334, 0.0], [85.295163, 23.281201, 0.0], [85.295084, 23.281031, 0.0], [85.295128, 23.280767, 0.0], [85.294802, 23.280764, 0.0], [85.294662, 23.280575, 0.0], [85.294624, 23.280367, 0.0], [85.294708, 23.28018, 0.0], [85.294509, 23.279783, 0.0], [85.294183, 23.279836, 0.0], [85.293979, 23.279834, 0.0], [85.293735, 23.279754, 0.0], [85.293409, 23.279789, 0.0], [85.29302, 23.279954, 0.0], [85.292793, 23.280121, 0.0], [85.292913, 23.28033, 0.0], [85.293197, 23.28039, 0.0], [85.293073, 23.280594, 0.0], [85.292806, 23.28076, 0.0], [85.292619, 23.281004, 0.0], [85.292373, 23.281153, 0.0], [85.291984, 23.281298, 0.0], [85.291616, 23.281388, 0.0], [85.291372, 23.281329, 0.0], [85.29113, 23.281119, 0.0], [85.290909, 23.280873, 0.0], [85.290893, 23.280534, 0.0], [85.290733, 23.280268, 0.0], [85.290511, 23.280114, 0.0], [85.290228, 23.279942, 0.0], [85.289885, 23.279733, 0.0], [85.289519, 23.279596, 0.0], [85.289195, 23.279479, 0.0], [85.28889, 23.279476, 0.0], [85.288626, 23.279378, 0.0], [85.288299, 23.279241, 0.0], [85.288151, 23.279057, 0.0], [85.287881, 23.278887, 0.0], [85.287673, 23.278621, 0.0], [85.287554, 23.278466, 0.0], [85.287267, 23.278433, 0.0], [85.286949, 23.278543, 0.0], [85.286633, 23.278469, 0.0], [85.286406, 23.278494, 0.0], [85.286209, 23.278575, 0.0], [85.285832, 23.27853, 0.0], [85.285516, 23.278414, 0.0], [85.285305, 23.278398, 0.0], [85.285048, 23.278382, 0.0], [85.284824, 23.278212, 0.0], [85.284537, 23.278196, 0.0], [85.284373, 23.278067, 0.0], [85.284072, 23.277981, 0.0], [85.283604, 23.277948, 0.0], [85.283167, 23.277874, 0.0], [85.282714, 23.277853, 0.0], [85.282232, 23.277793, 0.0], [85.281809, 23.277816, 0.0], [85.28131, 23.277838, 0.0], [85.281128, 23.277921, 0.0], [85.281138, 23.278269, 0.0], [85.280878, 23.278546, 0.0], [85.28068, 23.278682, 0.0], [85.280376, 23.278832, 0.0], [85.280103, 23.278969, 0.0], [85.279845, 23.27905, 0.0], [85.279467, 23.279045, 0.0], [85.279314, 23.279197, 0.0], [85.279432, 23.279465, 0.0], [85.279489, 23.279673, 0.0], [85.279456, 23.279883, 0.0], [85.279363, 23.280092, 0.0], [85.279239, 23.280355, 0.0], [85.279027, 23.280366, 0.0], [85.278874, 23.280534, 0.0], [85.278721, 23.280685, 0.0], [85.278673, 23.280906, 0.0], [85.278579, 23.281142, 0.0], [85.278141, 23.28118, 0.0], [85.278219, 23.280971, 0.0], [85.277947, 23.280997, 0.0], [85.277658, 23.281132, 0.0], [85.27752, 23.281313, 0.0], [85.277201, 23.281463, 0.0], [85.276973, 23.281558, 0.0], [85.2767, 23.281695, 0.0], [85.276486, 23.281873, 0.0], [85.276227, 23.282037, 0.0], [85.275894, 23.282133, 0.0], [85.275607, 23.282143, 0.0], [85.275287, 23.28232, 0.0], [85.275224, 23.28257, 0.0], [85.275086, 23.282736, 0.0], [85.274824, 23.283069, 0.0], [85.274613, 23.283067, 0.0], [85.27431, 23.283188, 0.0], [85.274201, 23.28341, 0.0], [85.274198, 23.283634, 0.0], [85.274074, 23.283856, 0.0], [85.273875, 23.28405, 0.0], [85.273663, 23.284145, 0.0], [85.273421, 23.284156, 0.0], [85.273105, 23.284055, 0.0], [85.272667, 23.284104, 0.0], [85.27213, 23.284182, 0.0], [85.272316, 23.284098, 0.0], [85.272982, 23.283744, 0.0], [85.273471, 23.283138, 0.0], [85.273871, 23.282476, 0.0], [85.274121, 23.281757, 0.0], [85.274259, 23.280921, 0.0], [85.274909, 23.276499, 0.0], [85.278775, 23.275936, 0.0], [85.281688, 23.27553, 0.0], [85.280752, 23.274479, 0.0], [85.277583, 23.271647, 0.0], [85.275362, 23.26899, 0.0], [85.274781, 23.267997, 0.0], [85.274978, 23.266573, 0.0], [85.276353, 23.26582, 0.0], [85.276894, 23.265278, 0.0], [85.277323, 23.264187, 0.0], [85.277135, 23.260345, 0.0], [85.278979, 23.260038, 0.0], [85.28064, 23.260056, 0.0], [85.283424, 23.260525, 0.0], [85.286863, 23.260727, 0.0], [85.288341, 23.261181, 0.0], [85.290706, 23.26192, 0.0], [85.291298, 23.266697, 0.0], [85.291775, 23.271199, 0.0], [85.292659, 23.276309, 0.0], [85.293492, 23.276153, 0.0], [85.293589, 23.273192, 0.0], [85.29375, 23.269848, 0.0], [85.29354, 23.267708, 0.0], [85.293081, 23.261836, 0.0], [85.292137, 23.261399, 0.0], [85.292045, 23.259257, 0.0], [85.292173, 23.258548, 0.0], [85.292194, 23.256956, 0.0], [85.292502, 23.256027, 0.0], [85.292751, 23.255098, 0.0], [85.292948, 23.253675, 0.0], [85.293489, 23.253078, 0.0], [85.293913, 23.252424, 0.0], [85.294045, 23.251384, 0.0], [85.294472, 23.250511, 0.0], [85.295091, 23.248434, 0.0], [85.295466, 23.246957, 0.0], [85.295003, 23.246019, 0.0], [85.294899, 23.244923, 0.0], [85.295139, 23.244651, 0.0], [85.296864, 23.244396, 0.0], [85.297522, 23.243963, 0.0], [85.298774, 23.243484, 0.0], [85.300008, 23.24443, 0.0], [85.301714, 23.2456, 0.0], [85.303245, 23.246549, 0.0], [85.304719, 23.247344, 0.0], [85.30721, 23.247479, 0.0], [85.307735, 23.248144, 0.0], [85.307835, 23.249626, 0.0], [85.307807, 23.256534, 0.0], [85.307893, 23.259113, 0.0], [85.309186, 23.260168, 0.0], [85.310189, 23.260616, 0.0], [85.310066, 23.260945, 0.0], [85.309459, 23.262035, 0.0], [85.30885, 23.263291, 0.0], [85.308701, 23.264842, 0.0], [85.308698, 23.265122, 0.0], [85.308709, 23.265807, 0.0], [85.308659, 23.266025, 0.0], [85.308583, 23.266184, 0.0], [85.308588, 23.266372, 0.0], [85.308585, 23.266591, 0.0], [85.308542, 23.266796, 0.0], [85.308596, 23.267307, 0.0], [85.308587, 23.267487, 0.0], [85.30863, 23.267835, 0.0], [85.308626, 23.26809, 0.0], [85.308569, 23.268397, 0.0], [85.308647, 23.26859, 0.0], [85.308703, 23.268945, 0.0], [85.30878, 23.269286, 0.0], [85.30886, 23.269386, 0.0], [85.309047, 23.269483, 0.0], [85.309303, 23.269522, 0.0], [85.309517, 23.269626, 0.0], [85.309623, 23.269763, 0.0], [85.309647, 23.269982, 0.0], [85.309577, 23.270187, 0.0], [85.309414, 23.270341, 0.0], [85.309702, 23.270947, 0.0], [85.310009, 23.271643, 0.0], [85.310403, 23.272444, 0.0], [85.310705, 23.2731, 0.0], [85.311046, 23.273876, 0.0], [85.311262, 23.274357, 0.0], [85.311307, 23.274538, 0.0], [85.311358, 23.274768, 0.0], [85.311362, 23.274954, 0.0], [85.311378, 23.275265, 0.0], [85.311368, 23.275545, 0.0], [85.311323, 23.275895, 0.0], [85.311268, 23.276011, 0.0], [85.311064, 23.276129, 0.0], [85.31109, 23.276258, 0.0], [85.311086, 23.27659, 0.0], [85.311109, 23.276838, 0.0], [85.31116, 23.277094, 0.0], [85.311158, 23.277265, 0.0], [85.311056, 23.277282, 0.0], [85.310968, 23.277342, 0.0], [85.31083, 23.277578, 0.0], [85.310789, 23.277666, 0.0], [85.310747, 23.277821, 0.0], [85.310649, 23.278086, 0.0], [85.310599, 23.278255, 0.0], [85.310598, 23.278361, 0.0], [85.310594, 23.278716, 0.0], [85.310596, 23.279034, 0.0], [85.3106, 23.279275, 0.0], [85.310598, 23.279481, 0.0], [85.310628, 23.279761, 0.0], [85.310659, 23.279852, 0.0], [85.310792, 23.28002, 0.0], [85.310911, 23.280198, 0.0], [85.311119, 23.280274, 0.0], [85.311327, 23.280338, 0.0], [85.311405, 23.280366, 0.0], [85.311125, 23.280466, 0.0], [85.310838, 23.280654, 0.0], [85.310759, 23.28082, 0.0], [85.31082, 23.281072, 0.0], [85.310845, 23.281179, 0.0], [85.310946, 23.281312, 0.0], [85.310726, 23.281381, 0.0], [85.310389, 23.281413, 0.0], [85.310257, 23.281615, 0.0], [85.310242, 23.281782, 0.0], [85.310162, 23.282008, 0.0], [85.310003, 23.282317, 0.0], [85.309936, 23.282508, 0.0], [85.309842, 23.282734, 0.0], [85.309672, 23.282875, 0.0], [85.309412, 23.283004, 0.0], [85.308896, 23.283213, 0.0], [85.308874, 23.283182, 0.0], [85.308708, 23.283426, 0.0], [85.308565, 23.283532, 0.0], [85.308227, 23.283672, 0.0], [85.308032, 23.283694, 0.0], [85.307748, 23.283667, 0.0], [85.307607, 23.283617, 0.0], [85.307401, 23.283484, 0.0], [85.307133, 23.283254, 0.0], [85.306888, 23.283144, 0.0], [85.306772, 23.283143, 0.0], [85.306668, 23.283201, 0.0], [85.306692, 23.283345, 0.0], [85.306703, 23.2835, 0.0], [85.306676, 23.283607, 0.0], [85.306567, 23.283628, 0.0], [85.30636, 23.283626, 0.0], [85.306175, 23.283528, 0.0], [85.306053, 23.283335, 0.0], [85.305952, 23.283162, 0.0], [85.305768, 23.282969, 0.0], [85.305521, 23.282852, 0.0], [85.305398, 23.282774, 0.0], [85.305463, 23.282545, 0.0], [85.305816, 23.282454, 0.0], [85.305982, 23.282417, 0.0], [85.30615, 23.282247, 0.0], [85.306155, 23.281846, 0.0], [85.306159, 23.281521, 0.0], [85.306163, 23.281196, 0.0], [85.306105, 23.280889, 0.0], [85.305755, 23.280714, 0.0], [85.305136, 23.280611, 0.0], [85.304703, 23.280492, 0.0], [85.304349, 23.280622, 0.0], [85.304119, 23.280868, 0.0], [85.303703, 23.281016, 0.0], [85.303392, 23.281051, 0.0], [85.30292, 23.281127, 0.0]]]}}, {"type": "Feature", "properties": {"ward_no": 31, "ward_name": "WARD 31", "ulb": "Ranchi Municipal Corporation", "district": "Ranchi", "state": "Jharkhand"}, "geometry": {"type": "Polygon", "coordinates": [[[85.297343, 23.38182, 0.0], [85.297842, 23.381729, 0.0], [85.29886, 23.381566, 0.0], [85.299637, 23.381446, 0.0], [85.301015, 23.381235, 0.0], [85.302667, 23.38091, 0.0], [85.303015, 23.380886, 0.0], [85.302997, 23.380832, 0.0], [85.30348, 23.380729, 0.0], [85.303689, 23.380679, 0.0], [85.304049, 23.380593, 0.0], [85.30407, 23.380589, 0.0], [85.304063, 23.38056, 0.0], [85.304242, 23.380521, 0.0], [85.304502, 23.380467, 0.0], [85.304616, 23.380442, 0.0], [85.304696, 23.380425, 0.0], [85.304798, 23.380403, 0.0], [85.304995, 23.380367, 0.0], [85.305022, 23.380362, 0.0], [85.305341, 23.380294, 0.0], [85.305656, 23.380242, 0.0], [85.305651, 23.380255, 0.0], [85.305575, 23.380269, 0.0], [85.305585, 23.38031, 0.0], [85.305669, 23.380645, 0.0], [85.305684, 23.380706, 0.0], [85.305853, 23.381382, 0.0], [85.305885, 23.381513, 0.0], [85.306092, 23.382439, 0.0], [85.306166, 23.382723, 0.0], [85.306058, 23.382825, 0.0], [85.30601, 23.382781, 0.0], [85.305381, 23.382922, 0.0], [85.305262, 23.382949, 0.0], [85.304688, 23.383088, 0.0], [85.304607, 23.383107, 0.0], [85.304569, 23.383117, 0.0], [85.304636, 23.383462, 0.0], [85.304763, 23.384084, 0.0], [85.304876, 23.384589, 0.0], [85.304983, 23.38517, 0.0], [85.305049, 23.385507, 0.0], [85.305147, 23.386046, 0.0], [85.305183, 23.386301, 0.0], [85.305298, 23.386736, 0.0], [85.305397, 23.387145, 0.0], [85.305505, 23.387695, 0.0], [85.305552, 23.387917, 0.0], [85.305559, 23.388147, 0.0], [85.305717, 23.388689, 0.0], [85.305807, 23.389039, 0.0], [85.305187, 23.389166, 0.0], [85.305345, 23.390434, 0.0], [85.305415, 23.39085, 0.0], [85.305499, 23.391224, 0.0], [85.305505, 23.391251, 0.0], [85.305553, 23.392154, 0.0], [85.305564, 23.392902, 0.0], [85.305377, 23.400901, 0.0], [85.305001, 23.401459, 0.0], [85.304119, 23.401869, 0.0], [85.304088, 23.401785, 0.0], [85.303936, 23.401445, 0.0], [85.303722, 23.401275, 0.0], [85.303661, 23.400934, 0.0], [85.303621, 23.40085, 0.0], [85.303612, 23.400829, 0.0], [85.303539, 23.40068, 0.0], [85.302927, 23.400312, 0.0], [85.302407, 23.39997, 0.0], [85.301734, 23.399574, 0.0], [85.301091, 23.399346, 0.0], [85.300295, 23.399175, 0.0], [85.299938, 23.399139, 0.0], [85.299373, 23.397989, 0.0], [85.298366, 23.39742, 0.0], [85.298233, 23.3974, 0.0], [85.297967, 23.397366, 0.0], [85.297768, 23.397373, 0.0], [85.297638, 23.397444, 0.0], [85.297457, 23.397448, 0.0], [85.297029, 23.397236, 0.0], [85.296549, 23.396953, 0.0], [85.296276, 23.396758, 0.0], [85.296259, 23.396748, 0.0], [85.296689, 23.396194, 0.0], [85.296762, 23.396048, 0.0], [85.296769, 23.396009, 0.0], [85.29677, 23.395956, 0.0], [85.296745, 23.39586, 0.0], [85.296597, 23.395592, 0.0], [85.296445, 23.39534, 0.0], [85.296407, 23.395247, 0.0], [85.296402, 23.395169, 0.0], [85.296462, 23.39477, 0.0], [85.296473, 23.394683, 0.0], [85.296427, 23.394488, 0.0], [85.296314, 23.393953, 0.0], [85.296267, 23.3938, 0.0], [85.296223, 23.393683, 0.0], [85.296061, 23.393492, 0.0], [85.295956, 23.393399, 0.0], [85.295948, 23.393391, 0.0], [85.295301, 23.392815, 0.0], [85.295207, 23.392685, 0.0], [85.295186, 23.392656, 0.0], [85.295164, 23.392625, 0.0], [85.295047, 23.391924, 0.0], [85.294973, 23.391524, 0.0], [85.294964, 23.391476, 0.0], [85.294888, 23.391065, 0.0], [85.295299, 23.390952, 0.0], [85.295264, 23.390756, 0.0], [85.295586, 23.3903, 0.0], [85.295599, 23.390208, 0.0], [85.295602, 23.390183, 0.0], [85.295606, 23.390157, 0.0], [85.295735, 23.390101, 0.0], [85.295853, 23.390036, 0.0], [85.295823, 23.389925, 0.0], [85.295778, 23.389739, 0.0], [85.295761, 23.389522, 0.0], [85.295759, 23.389492, 0.0], [85.295751, 23.389391, 0.0], [85.295714, 23.389186, 0.0], [85.295696, 23.389082, 0.0], [85.295583, 23.388732, 0.0], [85.295504, 23.388486, 0.0], [85.295621, 23.388422, 0.0], [85.295727, 23.388321, 0.0], [85.295734, 23.388315, 0.0], [85.295942, 23.388117, 0.0], [85.296227, 23.388028, 0.0], [85.296576, 23.38787, 0.0], [85.296687, 23.387784, 0.0], [85.296837, 23.387668, 0.0], [85.297016, 23.387599, 0.0], [85.297325, 23.387529, 0.0], [85.297418, 23.387527, 0.0], [85.297436, 23.387526, 0.0], [85.297486, 23.387525, 0.0], [85.297861, 23.387401, 0.0], [85.298128, 23.387284, 0.0], [85.297949, 23.386268, 0.0], [85.29794, 23.386236, 0.0], [85.297765, 23.385585, 0.0], [85.297728, 23.385368, 0.0], [85.29768, 23.385087, 0.0], [85.297656, 23.384876, 0.0], [85.297653, 23.384841, 0.0], [85.297645, 23.384708, 0.0], [85.297618, 23.38429, 0.0], [85.297587, 23.384094, 0.0], [85.297531, 23.383846, 0.0], [85.297733, 23.383779, 0.0], [85.297751, 23.383773, 0.0], [85.297784, 23.383762, 0.0], [85.297689, 23.383535, 0.0], [85.297761, 23.383503, 0.0], [85.29792, 23.383438, 0.0], [85.297825, 23.383213, 0.0], [85.297791, 23.383129, 0.0], [85.297711, 23.382937, 0.0], [85.297546, 23.382487, 0.0], [85.297417, 23.38212, 0.0], [85.297363, 23.381895, 0.0], [85.297343, 23.38182, 0.0]]]}}, {"type": "Feature", "properties": {"ward_no": 27, "ward_name": "WARD 27", "ulb": "Ranchi Municipal Corporation", "district": "Ranchi", "state": "Jharkhand"}, "geometry": {"type": "Polygon", "coordinates": [[[85.302685, 23.358046, 0.0], [85.302794, 23.358173, 0.0], [85.303113, 23.358551, 0.0], [85.303498, 23.358975, 0.0], [85.30381, 23.35931, 0.0], [85.304157, 23.359743, 0.0], [85.304324, 23.359928, 0.0], [85.304586, 23.360177, 0.0], [85.304877, 23.36041, 0.0], [85.305284, 23.360767, 0.0], [85.305758, 23.361167, 0.0], [85.306114, 23.361462, 0.0], [85.306427, 23.361709, 0.0], [85.306835, 23.362007, 0.0], [85.307214, 23.362323, 0.0], [85.307498, 23.362549, 0.0], [85.307738, 23.362771, 0.0], [85.308108, 23.363195, 0.0], [85.308427, 23.363532, 0.0], [85.308674, 23.363786, 0.0], [85.308964, 23.364107, 0.0], [85.309174, 23.364355, 0.0], [85.309356, 23.364527, 0.0], [85.309579, 23.364956, 0.0], [85.309714, 23.365285, 0.0], [85.309854, 23.365544, 0.0], [85.309646, 23.365555, 0.0], [85.309386, 23.365468, 0.0], [85.309256, 23.365408, 0.0], [85.30918, 23.365376, 0.0], [85.308955, 23.365159, 0.0], [85.308814, 23.364984, 0.0], [85.308583, 23.364913, 0.0], [85.308352, 23.364888, 0.0], [85.308295, 23.364834, 0.0], [85.308103, 23.364649, 0.0], [85.307874, 23.364359, 0.0], [85.307675, 23.364143, 0.0], [85.307521, 23.363841, 0.0], [85.307318, 23.363496, 0.0], [85.307173, 23.363252, 0.0], [85.3071, 23.363146, 0.0], [85.30703, 23.362924, 0.0], [85.306899, 23.362712, 0.0], [85.306726, 23.362582, 0.0], [85.306532, 23.362665, 0.0], [85.306374, 23.362765, 0.0], [85.305952, 23.362966, 0.0], [85.305716, 23.363214, 0.0], [85.305529, 23.363273, 0.0], [85.305283, 23.363318, 0.0], [85.305154, 23.363386, 0.0], [85.305123, 23.363558, 0.0], [85.304993, 23.363687, 0.0], [85.30477, 23.363802, 0.0], [85.304663, 23.363973, 0.0], [85.304464, 23.364079, 0.0], [85.304194, 23.364216, 0.0], [85.303949, 23.364256, 0.0], [85.303619, 23.36414, 0.0], [85.303335, 23.364051, 0.0], [85.303079, 23.36405, 0.0], [85.302817, 23.364004, 0.0], [85.302646, 23.363872, 0.0], [85.302401, 23.363756, 0.0], [85.302194, 23.363605, 0.0], [85.302049, 23.363337, 0.0], [85.301893, 23.363021, 0.0], [85.30171, 23.362861, 0.0], [85.301397, 23.362779, 0.0], [85.301108, 23.362746, 0.0], [85.300819, 23.362739, 0.0], [85.300645, 23.362787, 0.0], [85.300503, 23.362853, 0.0], [85.300336, 23.362851, 0.0], [85.300165, 23.362754, 0.0], [85.300088, 23.362559, 0.0], [85.300091, 23.362268, 0.0], [85.300237, 23.361992, 0.0], [85.300166, 23.361741, 0.0], [85.300075, 23.361627, 0.0], [85.299965, 23.36158, 0.0], [85.299853, 23.361629, 0.0], [85.299785, 23.361669, 0.0], [85.299661, 23.361719, 0.0], [85.29947, 23.361722, 0.0], [85.299304, 23.361709, 0.0], [85.299107, 23.361702, 0.0], [85.299139, 23.361469, 0.0], [85.299096, 23.361277, 0.0], [85.299085, 23.36114, 0.0], [85.299086, 23.36105, 0.0], [85.29912, 23.360943, 0.0], [85.29911, 23.360716, 0.0], [85.299067, 23.360494, 0.0], [85.299075, 23.360375, 0.0], [85.299121, 23.360316, 0.0], [85.299031, 23.359819, 0.0], [85.299012, 23.359747, 0.0], [85.298935, 23.359705, 0.0], [85.298892, 23.359513, 0.0], [85.298888, 23.359322, 0.0], [85.298832, 23.35919, 0.0], [85.298833, 23.359094, 0.0], [85.298828, 23.358987, 0.0], [85.298811, 23.358943, 0.0], [85.2989, 23.358911, 0.0], [85.29927, 23.358858, 0.0], [85.299461, 23.358785, 0.0], [85.299582, 23.358756, 0.0], [85.299707, 23.35882, 0.0], [85.299745, 23.358807, 0.0], [85.300087, 23.358689, 0.0], [85.300798, 23.358524, 0.0], [85.300872, 23.358507, 0.0], [85.300996, 23.358431, 0.0], [85.301038, 23.358426, 0.0], [85.301128, 23.358414, 0.0], [85.302513, 23.358233, 0.0], [85.302551, 23.358219, 0.0], [85.302587, 23.358199, 0.0], [85.302618, 23.358173, 0.0], [85.302645, 23.358144, 0.0], [85.302665, 23.35811, 0.0], [85.30268, 23.358074, 0.0], [85.302685, 23.358046, 0.0]]]}}, {"type": "Feature", "properties": {"ward_no": 36, "ward_name": "WARD 36", "ulb": "Ranchi Municipal Corporation", "district": "Ranchi", "state": "Jharkhand"}, "geometry": {"type": "Polygon", "coordinates": [[[85.28268, 23.330804, 0.0], [85.283011, 23.33067, 0.0], [85.283193, 23.330579, 0.0], [85.283242, 23.330266, 0.0], [85.28319, 23.329943, 0.0], [85.28345, 23.329864, 0.0], [85.283709, 23.329908, 0.0], [85.28398, 23.329827, 0.0], [85.284422, 23.329656, 0.0], [85.284671, 23.329607, 0.0], [85.284875, 23.329505, 0.0], [85.285171, 23.32933, 0.0], [85.285487, 23.329322, 0.0], [85.285769, 23.329305, 0.0], [85.285983, 23.329287, 0.0], [85.286433, 23.329407, 0.0], [85.286658, 23.329409, 0.0], [85.286896, 23.32938, 0.0], [85.287099, 23.32931, 0.0], [85.287405, 23.329251, 0.0], [85.28779, 23.329088, 0.0], [85.28812, 23.328904, 0.0], [85.288424, 23.32895, 0.0], [85.288613, 23.329108, 0.0], [85.288915, 23.329339, 0.0], [85.28915, 23.329446, 0.0], [85.289442, 23.329544, 0.0], [85.289724, 23.329547, 0.0], [85.290018, 23.329478, 0.0], [85.290208, 23.329572, 0.0], [85.290534, 23.32968, 0.0], [85.290792, 23.329786, 0.0], [85.291029, 23.329812, 0.0], [85.291299, 23.329824, 0.0], [85.291492, 23.329774, 0.0], [85.291731, 23.32958, 0.0], [85.291959, 23.329363, 0.0], [85.292229, 23.32947, 0.0], [85.292463, 23.329617, 0.0], [85.292641, 23.329818, 0.0], [85.292797, 23.330007, 0.0], [85.292827, 23.330258, 0.0], [85.292835, 23.33057, 0.0], [85.292865, 23.33082, 0.0], [85.292975, 23.331041, 0.0], [85.293153, 23.33125, 0.0], [85.293422, 23.3314, 0.0], [85.293692, 23.331455, 0.0], [85.294074, 23.331563, 0.0], [85.294274, 23.331741, 0.0], [85.294427, 23.332129, 0.0], [85.294548, 23.332381, 0.0], [85.294623, 23.332682, 0.0], [85.294952, 23.332891, 0.0], [85.294985, 23.332945, 0.0], [85.295128, 23.33315, 0.0], [85.295226, 23.333406, 0.0], [85.295397, 23.333679, 0.0], [85.295634, 23.333731, 0.0], [85.295855, 23.333666, 0.0], [85.296157, 23.333669, 0.0], [85.296349, 23.33373, 0.0], [85.29666, 23.333733, 0.0], [85.296789, 23.333732, 0.0], [85.296882, 23.334197, 0.0], [85.296904, 23.334284, 0.0], [85.296917, 23.334407, 0.0], [85.296963, 23.334602, 0.0], [85.297012, 23.334734, 0.0], [85.297005, 23.334799, 0.0], [85.296997, 23.334887, 0.0], [85.296997, 23.335086, 0.0], [85.297027, 23.335328, 0.0], [85.297041, 23.335426, 0.0], [85.297048, 23.335478, 0.0], [85.29707, 23.335634, 0.0], [85.297065, 23.335836, 0.0], [85.296796, 23.33583, 0.0], [85.296753, 23.33606, 0.0], [85.296743, 23.336146, 0.0], [85.296711, 23.336441, 0.0], [85.296664, 23.336624, 0.0], [85.296578, 23.336837, 0.0], [85.296526, 23.337096, 0.0], [85.296468, 23.337402, 0.0], [85.296485, 23.337619, 0.0], [85.296539, 23.337829, 0.0], [85.296559, 23.337907, 0.0], [85.296305, 23.338125, 0.0], [85.296061, 23.338253, 0.0], [85.295998, 23.338523, 0.0], [85.297618, 23.339264, 0.0], [85.298035, 23.339426, 0.0], [85.298305, 23.339616, 0.0], [85.30124, 23.340979, 0.0], [85.302783, 23.341713, 0.0], [85.303022, 23.341859, 0.0], [85.303137, 23.34196, 0.0], [85.303182, 23.34204, 0.0], [85.303214, 23.34212, 0.0], [85.303029, 23.342303, 0.0], [85.302337, 23.342992, 0.0], [85.302059, 23.343265, 0.0], [85.301729, 23.343584, 0.0], [85.301187, 23.344114, 0.0], [85.301174, 23.344126, 0.0], [85.300901, 23.344392, 0.0], [85.300784, 23.344504, 0.0], [85.300608, 23.34465, 0.0], [85.300436, 23.344763, 0.0], [85.300268, 23.344854, 0.0], [85.300191, 23.344902, 0.0], [85.300068, 23.344978, 0.0], [85.300017, 23.345011, 0.0], [85.299908, 23.345083, 0.0], [85.299878, 23.345114, 0.0], [85.299798, 23.345197, 0.0], [85.299705, 23.345315, 0.0], [85.299687, 23.345318, 0.0], [85.29951, 23.345549, 0.0], [85.299358, 23.345757, 0.0], [85.299206, 23.345916, 0.0], [85.299001, 23.346083, 0.0], [85.298783, 23.346286, 0.0], [85.298612, 23.346533, 0.0], [85.298429, 23.346813, 0.0], [85.298294, 23.347075, 0.0], [85.298115, 23.347532, 0.0], [85.2981, 23.347753, 0.0], [85.298065, 23.348157, 0.0], [85.298065, 23.348692, 0.0], [85.298037, 23.348978, 0.0], [85.297989, 23.349458, 0.0], [85.297982, 23.349966, 0.0], [85.298014, 23.350307, 0.0], [85.297598, 23.350328, 0.0], [85.296871, 23.350376, 0.0], [85.295995, 23.350462, 0.0], [85.295908, 23.350485, 0.0], [85.295697, 23.350445, 0.0], [85.295264, 23.350366, 0.0], [85.294853, 23.350393, 0.0], [85.294225, 23.350445, 0.0], [85.293685, 23.350493, 0.0], [85.293208, 23.350569, 0.0], [85.292785, 23.350641, 0.0], [85.292608, 23.350689, 0.0], [85.29229, 23.350821, 0.0], [85.292073, 23.350873, 0.0], [85.291703, 23.350911, 0.0], [85.291404, 23.350947, 0.0], [85.291103, 23.351018, 0.0], [85.290761, 23.351161, 0.0], [85.290342, 23.351362, 0.0], [85.28997, 23.35157, 0.0], [85.28958, 23.351787, 0.0], [85.289297, 23.351953, 0.0], [85.288878, 23.352176, 0.0], [85.288405, 23.352431, 0.0], [85.287779, 23.352749, 0.0], [85.2873, 23.353046, 0.0], [85.286952, 23.353253, 0.0], [85.286568, 23.353492, 0.0], [85.286254, 23.35369, 0.0], [85.285983, 23.353833, 0.0], [85.285634, 23.353992, 0.0], [85.285145, 23.354181, 0.0], [85.284461, 23.354433, 0.0], [85.283966, 23.354608, 0.0], [85.283372, 23.354798, 0.0], [85.282388, 23.355137, 0.0], [85.281593, 23.355395, 0.0], [85.281074, 23.355574, 0.0], [85.280458, 23.355766, 0.0], [85.279787, 23.35596, 0.0], [85.279262, 23.356128, 0.0], [85.278873, 23.356241, 0.0], [85.278279, 23.356386, 0.0], [85.277914, 23.35647, 0.0], [85.277445, 23.356546, 0.0], [85.277016, 23.356568, 0.0], [85.2765, 23.356605, 0.0], [85.275806, 23.356668, 0.0], [85.275201, 23.356722, 0.0], [85.274617, 23.356763, 0.0], [85.274153, 23.35678, 0.0], [85.27376, 23.356742, 0.0], [85.273338, 23.356706, 0.0], [85.272998, 23.35668, 0.0], [85.272375, 23.356738, 0.0], [85.271832, 23.356786, 0.0], [85.271186, 23.356822, 0.0], [85.270657, 23.356871, 0.0], [85.270029, 23.356913, 0.0], [85.269465, 23.356939, 0.0], [85.26896, 23.35694, 0.0], [85.268269, 23.356932, 0.0], [85.267361, 23.35683, 0.0], [85.266817, 23.356736, 0.0], [85.266434, 23.356691, 0.0], [85.266552, 23.35617, 0.0], [85.266861, 23.355266, 0.0], [85.267384, 23.354335, 0.0], [85.267969, 23.353233, 0.0], [85.268493, 23.352131, 0.0], [85.26874, 23.351368, 0.0], [85.268987, 23.350605, 0.0], [85.269234, 23.349843, 0.0], [85.269634, 23.349136, 0.0], [85.269759, 23.348458, 0.0], [85.270129, 23.347442, 0.0], [85.270376, 23.346677, 0.0], [85.27047, 23.346084, 0.0], [85.270716, 23.345547, 0.0], [85.270993, 23.344812, 0.0], [85.271302, 23.343852, 0.0], [85.271489, 23.342806, 0.0], [85.271736, 23.342127, 0.0], [85.271983, 23.341335, 0.0], [85.272137, 23.34094, 0.0], [85.272383, 23.340432, 0.0], [85.27263, 23.339895, 0.0], [85.272846, 23.339331, 0.0], [85.273216, 23.338482, 0.0], [85.273431, 23.337861, 0.0], [85.273831, 23.337296, 0.0], [85.274109, 23.336534, 0.0], [85.274202, 23.336138, 0.0], [85.274263, 23.335967, 0.0], [85.273528, 23.335966, 0.0], [85.27344, 23.335266, 0.0], [85.273548, 23.334908, 0.0], [85.273784, 23.334624, 0.0], [85.273888, 23.334363, 0.0], [85.274098, 23.334126, 0.0], [85.274359, 23.333962, 0.0], [85.274492, 23.333869, 0.0], [85.27501, 23.33361, 0.0], [85.275296, 23.333554, 0.0], [85.275566, 23.333641, 0.0], [85.275746, 23.333762, 0.0], [85.276031, 23.333693, 0.0], [85.276252, 23.333624, 0.0], [85.276576, 23.333592, 0.0], [85.277121, 23.333455, 0.0], [85.277549, 23.333376, 0.0], [85.278001, 23.333428, 0.0], [85.278169, 23.333418, 0.0], [85.278468, 23.333326, 0.0], [85.278882, 23.333307, 0.0], [85.279168, 23.333238, 0.0], [85.279635, 23.3331, 0.0], [85.279985, 23.333044, 0.0], [85.280232, 23.332999, 0.0], [85.280466, 23.33287, 0.0], [85.280571, 23.332764, 0.0], [85.280833, 23.332516, 0.0], [85.280966, 23.332207, 0.0], [85.281033, 23.332028, 0.0], [85.281126, 23.331862, 0.0], [85.281362, 23.331614, 0.0], [85.281688, 23.33145, 0.0], [85.282026, 23.331251, 0.0], [85.282378, 23.331063, 0.0], [85.282548, 23.330934, 0.0], [85.28268, 23.330804, 0.0]]]}}, {"type": "Feature", "properties": {"ward_no": 37, "ward_name": "WARD 37", "ulb": "Ranchi Municipal Corporation", "district": "Ranchi", "state": "Jharkhand"}, "geometry": {"type": "Polygon", "coordinates": [[[85.27501, 23.33361, 0.0], [85.274492, 23.333869, 0.0], [85.274354, 23.333676, 0.0], [85.274294, 23.333591, 0.0], [85.274167, 23.333451, 0.0], [85.274079, 23.333201, 0.0], [85.274063, 23.332904, 0.0], [85.274118, 23.332624, 0.0], [85.274309, 23.332307, 0.0], [85.275223, 23.331312, 0.0], [85.275297, 23.331231, 0.0], [85.276702, 23.329702, 0.0], [85.276819, 23.329538, 0.0], [85.276969, 23.329294, 0.0], [85.27708, 23.329038, 0.0], [85.277152, 23.328679, 0.0], [85.277308, 23.327917, 0.0], [85.277392, 23.327522, 0.0], [85.277514, 23.327209, 0.0], [85.278937, 23.324906, 0.0], [85.279077, 23.324678, 0.0], [85.279194, 23.324488, 0.0], [85.279382, 23.324184, 0.0], [85.280237, 23.322794, 0.0], [85.281195, 23.321235, 0.0], [85.281719, 23.320371, 0.0], [85.281797, 23.320185, 0.0], [85.281932, 23.319797, 0.0], [85.281969, 23.319486, 0.0], [85.281927, 23.319088, 0.0], [85.281859, 23.31866, 0.0], [85.281761, 23.318233, 0.0], [85.281712, 23.318017, 0.0], [85.281578, 23.318021, 0.0], [85.280757, 23.318129, 0.0], [85.279959, 23.3181, 0.0], [85.279078, 23.317917, 0.0], [85.278302, 23.317791, 0.0], [85.277086, 23.317565, 0.0], [85.27568, 23.317355, 0.0], [85.275281, 23.31731, 0.0], [85.274468, 23.317143, 0.0], [85.274267, 23.317216, 0.0], [85.273817, 23.317367, 0.0], [85.273572, 23.317138, 0.0], [85.273542, 23.316989, 0.0], [85.273451, 23.316534, 0.0], [85.273495, 23.315212, 0.0], [85.273498, 23.31404, 0.0], [85.273608, 23.313118, 0.0], [85.273328, 23.312158, 0.0], [85.273323, 23.312139, 0.0], [85.273316, 23.311953, 0.0], [85.273488, 23.311972, 0.0], [85.274708, 23.312044, 0.0], [85.27517, 23.312064, 0.0], [85.276887, 23.31211, 0.0], [85.278578, 23.312143, 0.0], [85.278904, 23.31215, 0.0], [85.280291, 23.312189, 0.0], [85.280422, 23.312194, 0.0], [85.280554, 23.312195, 0.0], [85.280685, 23.312193, 0.0], [85.280814, 23.312182, 0.0], [85.280942, 23.312175, 0.0], [85.281071, 23.312171, 0.0], [85.281141, 23.312172, 0.0], [85.283042, 23.312213, 0.0], [85.285535, 23.312288, 0.0], [85.287093, 23.312329, 0.0], [85.287707, 23.312347, 0.0], [85.288202, 23.312362, 0.0], [85.288405, 23.312368, 0.0], [85.290076, 23.312404, 0.0], [85.291939, 23.312442, 0.0], [85.293306, 23.312469, 0.0], [85.294919, 23.312498, 0.0], [85.29502, 23.312491, 0.0], [85.29512, 23.312477, 0.0], [85.295219, 23.312458, 0.0], [85.295316, 23.312433, 0.0], [85.295412, 23.312402, 0.0], [85.295504, 23.312365, 0.0], [85.295595, 23.312323, 0.0], [85.295682, 23.312276, 0.0], [85.295765, 23.312223, 0.0], [85.295845, 23.312166, 0.0], [85.295921, 23.312104, 0.0], [85.295992, 23.312038, 0.0], [85.296014, 23.312065, 0.0], [85.296162, 23.312228, 0.0], [85.296305, 23.312396, 0.0], [85.296442, 23.312567, 0.0], [85.296574, 23.312742, 0.0], [85.296701, 23.31292, 0.0], [85.296822, 23.313102, 0.0], [85.296937, 23.313286, 0.0], [85.297046, 23.313474, 0.0], [85.297122, 23.313614, 0.0], [85.29715, 23.313665, 0.0], [85.297768, 23.314761, 0.0], [85.298386, 23.315859, 0.0], [85.298232, 23.316008, 0.0], [85.297991, 23.316109, 0.0], [85.296074, 23.317057, 0.0], [85.294022, 23.318071, 0.0], [85.292969, 23.31857, 0.0], [85.292785, 23.318645, 0.0], [85.292876, 23.31881, 0.0], [85.292944, 23.318993, 0.0], [85.29352, 23.3202, 0.0], [85.293646, 23.320446, 0.0], [85.293716, 23.320647, 0.0], [85.293827, 23.320988, 0.0], [85.29391, 23.321464, 0.0], [85.293932, 23.321659, 0.0], [85.293957, 23.321872, 0.0], [85.293971, 23.322247, 0.0], [85.293942, 23.322561, 0.0], [85.293868, 23.322806, 0.0], [85.293832, 23.322927, 0.0], [85.29382, 23.322966, 0.0], [85.293721, 23.323278, 0.0], [85.293534, 23.323638, 0.0], [85.293483, 23.323714, 0.0], [85.29341, 23.323823, 0.0], [85.293091, 23.324263, 0.0], [85.293006, 23.324344, 0.0], [85.292712, 23.324621, 0.0], [85.292504, 23.324805, 0.0], [85.292025, 23.325057, 0.0], [85.29178, 23.325144, 0.0], [85.291412, 23.325275, 0.0], [85.291271, 23.325312, 0.0], [85.291224, 23.325325, 0.0], [85.291491, 23.32611, 0.0], [85.291726, 23.326811, 0.0], [85.291762, 23.326897, 0.0], [85.291835, 23.327069, 0.0], [85.291947, 23.327331, 0.0], [85.292049, 23.327505, 0.0], [85.292281, 23.327777, 0.0], [85.292578, 23.328037, 0.0], [85.292627, 23.32809, 0.0], [85.292985, 23.328478, 0.0], [85.292573, 23.328871, 0.0], [85.292245, 23.328588, 0.0], [85.291754, 23.328134, 0.0], [85.291046, 23.328409, 0.0], [85.290287, 23.328651, 0.0], [85.289706, 23.328828, 0.0], [85.289261, 23.328944, 0.0], [85.289054, 23.329043, 0.0], [85.288877, 23.329197, 0.0], [85.288813, 23.329261, 0.0], [85.288613, 23.329108, 0.0], [85.288424, 23.32895, 0.0], [85.28812, 23.328904, 0.0], [85.28779, 23.329088, 0.0], [85.287405, 23.329251, 0.0], [85.287099, 23.32931, 0.0], [85.286896, 23.32938, 0.0], [85.286658, 23.329409, 0.0], [85.286433, 23.329407, 0.0], [85.285983, 23.329287, 0.0], [85.285769, 23.329305, 0.0], [85.285487, 23.329322, 0.0], [85.285171, 23.32933, 0.0], [85.284875, 23.329505, 0.0], [85.284671, 23.329607, 0.0], [85.284422, 23.329656, 0.0], [85.28398, 23.329827, 0.0], [85.283709, 23.329908, 0.0], [85.28345, 23.329864, 0.0], [85.28319, 23.329943, 0.0], [85.283242, 23.330266, 0.0], [85.283193, 23.330579, 0.0], [85.283011, 23.33067, 0.0], [85.28268, 23.330804, 0.0], [85.282548, 23.330934, 0.0], [85.282378, 23.331063, 0.0], [85.282026, 23.331251, 0.0], [85.281688, 23.33145, 0.0], [85.281362, 23.331614, 0.0], [85.281126, 23.331862, 0.0], [85.281033, 23.332028, 0.0], [85.280966, 23.332207, 0.0], [85.280833, 23.332516, 0.0], [85.280571, 23.332764, 0.0], [85.280466, 23.33287, 0.0], [85.280232, 23.332999, 0.0], [85.279985, 23.333044, 0.0], [85.279635, 23.3331, 0.0], [85.279168, 23.333238, 0.0], [85.278882, 23.333307, 0.0], [85.278468, 23.333326, 0.0], [85.278169, 23.333418, 0.0], [85.278001, 23.333428, 0.0], [85.277549, 23.333376, 0.0], [85.277121, 23.333455, 0.0], [85.276576, 23.333592, 0.0], [85.276252, 23.333624, 0.0], [85.276031, 23.333693, 0.0], [85.275746, 23.333762, 0.0], [85.275566, 23.333641, 0.0], [85.275296, 23.333554, 0.0], [85.27501, 23.33361, 0.0]]]}}, {"type": "Feature", "properties": {"ward_no": 52, "ward_name": "WARD 52", "ulb": "Ranchi Municipal Corporation", "district": "Ranchi", "state": "Jharkhand"}, "geometry": {"type": "Polygon", "coordinates": [[[85.320439, 23.292997, 0.0], [85.320393, 23.293066, 0.0], [85.319912, 23.29359, 0.0], [85.319775, 23.293797, 0.0], [85.319776, 23.293948, 0.0], [85.319757, 23.294092, 0.0], [85.31943, 23.294501, 0.0], [85.319412, 23.294527, 0.0], [85.319359, 23.294613, 0.0], [85.319295, 23.294688, 0.0], [85.319242, 23.29476, 0.0], [85.31923, 23.294805, 0.0], [85.319206, 23.294865, 0.0], [85.319175, 23.294922, 0.0], [85.319137, 23.294976, 0.0], [85.319094, 23.295025, 0.0], [85.319045, 23.29507, 0.0], [85.31899, 23.295109, 0.0], [85.318932, 23.295143, 0.0], [85.31887, 23.295171, 0.0], [85.318754, 23.295204, 0.0], [85.318374, 23.295311, 0.0], [85.318384, 23.295324, 0.0], [85.318215, 23.295356, 0.0], [85.31741, 23.295618, 0.0], [85.317365, 23.295632, 0.0], [85.316947, 23.295768, 0.0], [85.316275, 23.295988, 0.0], [85.316164, 23.296024, 0.0], [85.316127, 23.296036, 0.0], [85.315938, 23.296124, 0.0], [85.315845, 23.296167, 0.0], [85.315632, 23.296643, 0.0], [85.315625, 23.296658, 0.0], [85.315553, 23.296768, 0.0], [85.31554, 23.296783, 0.0], [85.315498, 23.296823, 0.0], [85.315452, 23.296858, 0.0], [85.315402, 23.296889, 0.0], [85.315349, 23.296914, 0.0], [85.315312, 23.296928, 0.0], [85.315293, 23.296934, 0.0], [85.315235, 23.296948, 0.0], [85.315145, 23.296979, 0.0], [85.315057, 23.297014, 0.0], [85.31497, 23.297051, 0.0], [85.314873, 23.297086, 0.0], [85.314772, 23.297116, 0.0], [85.314671, 23.297144, 0.0], [85.31452, 23.29718, 0.0], [85.314393, 23.297206, 0.0], [85.314225, 23.29724, 0.0], [85.314081, 23.297269, 0.0], [85.313916, 23.297296, 0.0], [85.313731, 23.297327, 0.0], [85.313484, 23.29737, 0.0], [85.313273, 23.297401, 0.0], [85.313217, 23.297409, 0.0], [85.312804, 23.297443, 0.0], [85.31269, 23.297419, 0.0], [85.312638, 23.297166, 0.0], [85.312506, 23.296655, 0.0], [85.312411, 23.296351, 0.0], [85.312166, 23.295497, 0.0], [85.312047, 23.295072, 0.0], [85.311833, 23.294293, 0.0], [85.311714, 23.293842, 0.0], [85.311576, 23.293315, 0.0], [85.311432, 23.292803, 0.0], [85.311345, 23.292407, 0.0], [85.311214, 23.291848, 0.0], [85.311115, 23.291368, 0.0], [85.311035, 23.290972, 0.0], [85.31086, 23.29023, 0.0], [85.310729, 23.289707, 0.0], [85.310684, 23.289571, 0.0], [85.310665, 23.289569, 0.0], [85.310546, 23.289579, 0.0], [85.310279, 23.289653, 0.0], [85.310028, 23.289757, 0.0], [85.309642, 23.289916, 0.0], [85.309404, 23.290014, 0.0], [85.309093, 23.290142, 0.0], [85.308655, 23.290327, 0.0], [85.308084, 23.290568, 0.0], [85.307299, 23.290899, 0.0], [85.306897, 23.291069, 0.0], [85.305757, 23.291544, 0.0], [85.305695, 23.29157, 0.0], [85.305618, 23.291553, 0.0], [85.305475, 23.291334, 0.0], [85.304667, 23.290102, 0.0], [85.304064, 23.289305, 0.0], [85.303574, 23.28842, 0.0], [85.303231, 23.287247, 0.0], [85.303149, 23.286945, 0.0], [85.303091, 23.285378, 0.0], [85.303072, 23.284834, 0.0], [85.303022, 23.283959, 0.0], [85.303017, 23.283689, 0.0], [85.303007, 23.283135, 0.0], [85.303019, 23.28284, 0.0], [85.302995, 23.282015, 0.0], [85.302959, 23.281439, 0.0], [85.30292, 23.281127, 0.0], [85.303392, 23.281051, 0.0], [85.303703, 23.281016, 0.0], [85.304119, 23.280868, 0.0], [85.304349, 23.280622, 0.0], [85.304703, 23.280492, 0.0], [85.305136, 23.280611, 0.0], [85.305755, 23.280714, 0.0], [85.306105, 23.280889, 0.0], [85.306163, 23.281196, 0.0], [85.306159, 23.281521, 0.0], [85.306155, 23.281846, 0.0], [85.30615, 23.282247, 0.0], [85.305982, 23.282417, 0.0], [85.305816, 23.282454, 0.0], [85.305463, 23.282545, 0.0], [85.305398, 23.282774, 0.0], [85.305521, 23.282852, 0.0], [85.305768, 23.282969, 0.0], [85.305952, 23.283162, 0.0], [85.306053, 23.283335, 0.0], [85.306175, 23.283528, 0.0], [85.30636, 23.283626, 0.0], [85.306567, 23.283628, 0.0], [85.306676, 23.283607, 0.0], [85.306703, 23.2835, 0.0], [85.306692, 23.283345, 0.0], [85.306668, 23.283201, 0.0], [85.306772, 23.283143, 0.0], [85.306888, 23.283144, 0.0], [85.307133, 23.283254, 0.0], [85.307401, 23.283484, 0.0], [85.307607, 23.283617, 0.0], [85.307748, 23.283667, 0.0], [85.308032, 23.283694, 0.0], [85.308227, 23.283672, 0.0], [85.308565, 23.283532, 0.0], [85.308708, 23.283426, 0.0], [85.308874, 23.283182, 0.0], [85.308896, 23.283213, 0.0], [85.309412, 23.283004, 0.0], [85.309672, 23.282875, 0.0], [85.309842, 23.282734, 0.0], [85.309936, 23.282508, 0.0], [85.310003, 23.282317, 0.0], [85.310162, 23.282008, 0.0], [85.310242, 23.281782, 0.0], [85.310257, 23.281615, 0.0], [85.310389, 23.281413, 0.0], [85.310726, 23.281381, 0.0], [85.310946, 23.281312, 0.0], [85.310845, 23.281179, 0.0], [85.31082, 23.281072, 0.0], [85.310759, 23.28082, 0.0], [85.310838, 23.280654, 0.0], [85.311125, 23.280466, 0.0], [85.311405, 23.280366, 0.0], [85.311615, 23.28044, 0.0], [85.31175, 23.280441, 0.0], [85.312134, 23.280459, 0.0], [85.31272, 23.280472, 0.0], [85.312773, 23.280516, 0.0], [85.313095, 23.280668, 0.0], [85.313276, 23.280783, 0.0], [85.313307, 23.280926, 0.0], [85.313385, 23.281213, 0.0], [85.313374, 23.281486, 0.0], [85.313359, 23.281612, 0.0], [85.31329, 23.281729, 0.0], [85.3132, 23.28197, 0.0], [85.313089, 23.282181, 0.0], [85.313115, 23.282287, 0.0], [85.313167, 23.282419, 0.0], [85.313259, 23.282618, 0.0], [85.313318, 23.282752, 0.0], [85.313465, 23.282873, 0.0], [85.313625, 23.283006, 0.0], [85.313858, 23.2832, 0.0], [85.314011, 23.283358, 0.0], [85.31428, 23.28341, 0.0], [85.314462, 23.283412, 0.0], [85.314577, 23.283371, 0.0], [85.31476, 23.283285, 0.0], [85.315025, 23.283163, 0.0], [85.315228, 23.283098, 0.0], [85.315444, 23.283086, 0.0], [85.315599, 23.283102, 0.0], [85.315718, 23.283238, 0.0], [85.315799, 23.283253, 0.0], [85.31596, 23.283261, 0.0], [85.316128, 23.283281, 0.0], [85.316326, 23.283308, 0.0], [85.316554, 23.283392, 0.0], [85.316843, 23.283501, 0.0], [85.317051, 23.283578, 0.0], [85.317185, 23.283665, 0.0], [85.317311, 23.283768, 0.0], [85.317438, 23.283844, 0.0], [85.317619, 23.283938, 0.0], [85.317658, 23.28407, 0.0], [85.317725, 23.284102, 0.0], [85.317886, 23.284165, 0.0], [85.318, 23.284179, 0.0], [85.318162, 23.284181, 0.0], [85.318317, 23.284219, 0.0], [85.318451, 23.284277, 0.0], [85.318544, 23.284373, 0.0], [85.318601, 23.284425, 0.0], [85.318704, 23.284523, 0.0], [85.31881, 23.284674, 0.0], [85.31889, 23.284735, 0.0], [85.319004, 23.284757, 0.0], [85.319132, 23.284752, 0.0], [85.319274, 23.284753, 0.0], [85.319401, 23.284829, 0.0], [85.319474, 23.284929, 0.0], [85.319534, 23.284993, 0.0], [85.319586, 23.285079, 0.0], [85.319618, 23.285192, 0.0], [85.319768, 23.285287, 0.0], [85.319952, 23.28535, 0.0], [85.320186, 23.285399, 0.0], [85.320319, 23.285557, 0.0], [85.320468, 23.285712, 0.0], [85.320734, 23.28587, 0.0], [85.320815, 23.286167, 0.0], [85.320932, 23.286213, 0.0], [85.321166, 23.286293, 0.0], [85.321232, 23.286372, 0.0], [85.321312, 23.286651, 0.0], [85.321209, 23.286837, 0.0], [85.321075, 23.286852, 0.0], [85.320805, 23.286925, 0.0], [85.320669, 23.287125, 0.0], [85.320616, 23.287296, 0.0], [85.320595, 23.287637, 0.0], [85.320575, 23.287885, 0.0], [85.320447, 23.287987, 0.0], [85.320491, 23.288162, 0.0], [85.320575, 23.288291, 0.0], [85.320582, 23.288429, 0.0], [85.320578, 23.288695, 0.0], [85.320686, 23.288775, 0.0], [85.320833, 23.288944, 0.0], [85.320901, 23.28911, 0.0], [85.320978, 23.289183, 0.0], [85.321039, 23.289305, 0.0], [85.320998, 23.289449, 0.0], [85.321012, 23.289574, 0.0], [85.321074, 23.289624, 0.0], [85.321141, 23.289735, 0.0], [85.321167, 23.289724, 0.0], [85.321209, 23.289768, 0.0], [85.321316, 23.289864, 0.0], [85.321392, 23.289921, 0.0], [85.32149, 23.289904, 0.0], [85.321536, 23.289875, 0.0], [85.32163, 23.289754, 0.0], [85.321779, 23.289695, 0.0], [85.321944, 23.289692, 0.0], [85.322097, 23.289721, 0.0], [85.32224, 23.289718, 0.0], [85.322354, 23.289671, 0.0], [85.322365, 23.289597, 0.0], [85.322325, 23.289542, 0.0], [85.322264, 23.289501, 0.0], [85.322264, 23.289438, 0.0], [85.322306, 23.289377, 0.0], [85.32241, 23.289275, 0.0], [85.322419, 23.289205, 0.0], [85.322534, 23.289059, 0.0], [85.322744, 23.288906, 0.0], [85.322943, 23.288824, 0.0], [85.323242, 23.288681, 0.0], [85.323462, 23.288539, 0.0], [85.32379, 23.288468, 0.0], [85.324047, 23.288516, 0.0], [85.324187, 23.288614, 0.0], [85.324226, 23.288585, 0.0], [85.324343, 23.288666, 0.0], [85.324555, 23.289099, 0.0], [85.324713, 23.289182, 0.0], [85.324879, 23.289321, 0.0], [85.324914, 23.289457, 0.0], [85.324634, 23.289662, 0.0], [85.324302, 23.289734, 0.0], [85.323929, 23.28973, 0.0], [85.323555, 23.289841, 0.0], [85.323093, 23.290022, 0.0], [85.322595, 23.290462, 0.0], [85.322371, 23.290685, 0.0], [85.321978, 23.291076, 0.0], [85.321607, 23.291444, 0.0], [85.32086, 23.292364, 0.0], [85.320735, 23.292552, 0.0], [85.320647, 23.292685, 0.0], [85.320449, 23.292982, 0.0], [85.320792, 23.292908, 0.0], [85.320439, 23.292997, 0.0]]]}}, {"type": "Feature", "properties": {"ward_no": 51, "ward_name": "WARD 51", "ulb": "Ranchi Municipal Corporation", "district": "Ranchi", "state": "Jharkhand"}, "geometry": {"type": "Polygon", "coordinates": [[[85.339571, 23.303717, 0.0], [85.339344, 23.303699, 0.0], [85.339208, 23.30367, 0.0], [85.339065, 23.30364, 0.0], [85.338879, 23.303596, 0.0], [85.338797, 23.303557, 0.0], [85.338624, 23.303418, 0.0], [85.338538, 23.303362, 0.0], [85.338097, 23.303126, 0.0], [85.337469, 23.302832, 0.0], [85.337235, 23.302729, 0.0], [85.337059, 23.302576, 0.0], [85.336943, 23.302453, 0.0], [85.33688, 23.302361, 0.0], [85.336786, 23.302307, 0.0], [85.336676, 23.302282, 0.0], [85.336552, 23.302249, 0.0], [85.336438, 23.302241, 0.0], [85.336154, 23.302252, 0.0], [85.336114, 23.302249, 0.0], [85.335942, 23.302239, 0.0], [85.335794, 23.302223, 0.0], [85.335686, 23.302138, 0.0], [85.335558, 23.302032, 0.0], [85.335397, 23.301915, 0.0], [85.335206, 23.301819, 0.0], [85.334767, 23.301604, 0.0], [85.333989, 23.301231, 0.0], [85.333026, 23.300725, 0.0], [85.332904, 23.300661, 0.0], [85.332385, 23.300384, 0.0], [85.332332, 23.300356, 0.0], [85.331869, 23.30011, 0.0], [85.331031, 23.29968, 0.0], [85.330707, 23.299514, 0.0], [85.330558, 23.299446, 0.0], [85.330435, 23.299392, 0.0], [85.330387, 23.299381, 0.0], [85.33013, 23.299322, 0.0], [85.329626, 23.299215, 0.0], [85.329583, 23.299206, 0.0], [85.329352, 23.299163, 0.0], [85.329176, 23.299124, 0.0], [85.32898, 23.299079, 0.0], [85.328852, 23.299044, 0.0], [85.328752, 23.299012, 0.0], [85.328704, 23.298996, 0.0], [85.32864, 23.298974, 0.0], [85.32858, 23.298953, 0.0], [85.328442, 23.298906, 0.0], [85.328275, 23.298849, 0.0], [85.328218, 23.298826, 0.0], [85.328036, 23.298751, 0.0], [85.327709, 23.29862, 0.0], [85.327558, 23.298554, 0.0], [85.327376, 23.298479, 0.0], [85.327234, 23.298424, 0.0], [85.327144, 23.298389, 0.0], [85.327102, 23.298372, 0.0], [85.327071, 23.29836, 0.0], [85.327053, 23.29835, 0.0], [85.327031, 23.298338, 0.0], [85.32702, 23.298331, 0.0], [85.327001, 23.298318, 0.0], [85.326984, 23.298307, 0.0], [85.326968, 23.298294, 0.0], [85.326943, 23.298271, 0.0], [85.326911, 23.298239, 0.0], [85.32689, 23.298218, 0.0], [85.326856, 23.298183, 0.0], [85.326832, 23.298155, 0.0], [85.326814, 23.298137, 0.0], [85.326798, 23.298123, 0.0], [85.326778, 23.29811, 0.0], [85.326768, 23.298104, 0.0], [85.326756, 23.298099, 0.0], [85.326751, 23.298098, 0.0], [85.326756, 23.298115, 0.0], [85.326487, 23.298208, 0.0], [85.326294, 23.298282, 0.0], [85.326245, 23.298306, 0.0], [85.326157, 23.29835, 0.0], [85.326106, 23.298372, 0.0], [85.326038, 23.298401, 0.0], [85.325941, 23.298434, 0.0], [85.325919, 23.298441, 0.0], [85.32583, 23.298469, 0.0], [85.325786, 23.298484, 0.0], [85.325791, 23.298505, 0.0], [85.325543, 23.298564, 0.0], [85.325396, 23.29861, 0.0], [85.325343, 23.298633, 0.0], [85.325273, 23.298673, 0.0], [85.325203, 23.298713, 0.0], [85.325055, 23.298834, 0.0], [85.325007, 23.298871, 0.0], [85.324924, 23.298929, 0.0], [85.324859, 23.298976, 0.0], [85.324769, 23.299033, 0.0], [85.324717, 23.299072, 0.0], [85.32468, 23.299097, 0.0], [85.324438, 23.299238, 0.0], [85.324409, 23.299252, 0.0], [85.324351, 23.299282, 0.0], [85.324267, 23.299319, 0.0], [85.324182, 23.299351, 0.0], [85.324128, 23.299368, 0.0], [85.324088, 23.299383, 0.0], [85.324053, 23.299399, 0.0], [85.324014, 23.299417, 0.0], [85.323956, 23.29945, 0.0], [85.323877, 23.299482, 0.0], [85.323782, 23.299516, 0.0], [85.32362, 23.29958, 0.0], [85.323483, 23.299622, 0.0], [85.323244, 23.299676, 0.0], [85.322971, 23.29974, 0.0], [85.322758, 23.299787, 0.0], [85.322717, 23.299796, 0.0], [85.322446, 23.299862, 0.0], [85.322383, 23.299878, 0.0], [85.321982, 23.299974, 0.0], [85.3218, 23.30002, 0.0], [85.321746, 23.300034, 0.0], [85.321667, 23.300056, 0.0], [85.321263, 23.300155, 0.0], [85.320781, 23.300273, 0.0], [85.320463, 23.300351, 0.0], [85.319713, 23.300535, 0.0], [85.319629, 23.300556, 0.0], [85.319475, 23.300595, 0.0], [85.31936, 23.300619, 0.0], [85.319165, 23.300661, 0.0], [85.318966, 23.300708, 0.0], [85.318844, 23.300735, 0.0], [85.318632, 23.300782, 0.0], [85.318587, 23.300792, 0.0], [85.31829, 23.300857, 0.0], [85.318025, 23.300923, 0.0], [85.317871, 23.300962, 0.0], [85.317802, 23.300979, 0.0], [85.317656, 23.301021, 0.0], [85.317474, 23.301073, 0.0], [85.317423, 23.301087, 0.0], [85.317387, 23.301096, 0.0], [85.31734, 23.301108, 0.0], [85.317299, 23.301116, 0.0], [85.317277, 23.301117, 0.0], [85.317093, 23.301129, 0.0], [85.316885, 23.301182, 0.0], [85.316016, 23.301407, 0.0], [85.315909, 23.301435, 0.0], [85.315518, 23.301669, 0.0], [85.314452, 23.302174, 0.0], [85.314429, 23.302197, 0.0], [85.314342, 23.302236, 0.0], [85.314227, 23.302289, 0.0], [85.313396, 23.302555, 0.0], [85.312935, 23.302708, 0.0], [85.312729, 23.302796, 0.0], [85.312581, 23.302872, 0.0], [85.312525, 23.302901, 0.0], [85.31211, 23.303007, 0.0], [85.311928, 23.303074, 0.0], [85.311883, 23.303117, 0.0], [85.311778, 23.303198, 0.0], [85.311636, 23.303356, 0.0], [85.311554, 23.30346, 0.0], [85.3115, 23.303484, 0.0], [85.311358, 23.30348, 0.0], [85.311271, 23.303501, 0.0], [85.311181, 23.303552, 0.0], [85.311094, 23.303611, 0.0], [85.310879, 23.3037, 0.0], [85.31072, 23.303783, 0.0], [85.310675, 23.303829, 0.0], [85.310724, 23.303978, 0.0], [85.310785, 23.304048, 0.0], [85.310673, 23.30416, 0.0], [85.310601, 23.304221, 0.0], [85.310451, 23.30428, 0.0], [85.31023, 23.304292, 0.0], [85.310154, 23.304294, 0.0], [85.309982, 23.3043, 0.0], [85.309883, 23.304318, 0.0], [85.309412, 23.304263, 0.0], [85.309647, 23.302769, 0.0], [85.309827, 23.30082, 0.0], [85.309432, 23.29766, 0.0], [85.307917, 23.294691, 0.0], [85.306725, 23.293215, 0.0], [85.306709, 23.293188, 0.0], [85.306675, 23.293194, 0.0], [85.30668, 23.293145, 0.0], [85.306544, 23.292942, 0.0], [85.306045, 23.292205, 0.0], [85.305618, 23.291553, 0.0], [85.305695, 23.29157, 0.0], [85.305757, 23.291544, 0.0], [85.306897, 23.291069, 0.0], [85.307299, 23.290899, 0.0], [85.308084, 23.290568, 0.0], [85.308655, 23.290327, 0.0], [85.309093, 23.290142, 0.0], [85.309404, 23.290014, 0.0], [85.309642, 23.289916, 0.0], [85.310028, 23.289757, 0.0], [85.310279, 23.289653, 0.0], [85.310546, 23.289579, 0.0], [85.310665, 23.289569, 0.0], [85.310684, 23.289571, 0.0], [85.310729, 23.289707, 0.0], [85.310732, 23.289718, 0.0], [85.31086, 23.29023, 0.0], [85.311035, 23.290972, 0.0], [85.311115, 23.291368, 0.0], [85.311214, 23.291848, 0.0], [85.311345, 23.292407, 0.0], [85.311432, 23.292803, 0.0], [85.311576, 23.293315, 0.0], [85.311714, 23.293842, 0.0], [85.311833, 23.294293, 0.0], [85.312047, 23.295072, 0.0], [85.312166, 23.295497, 0.0], [85.312411, 23.296351, 0.0], [85.312506, 23.296655, 0.0], [85.312638, 23.297166, 0.0], [85.31269, 23.297419, 0.0], [85.312804, 23.297443, 0.0], [85.313217, 23.297409, 0.0], [85.313273, 23.297401, 0.0], [85.313484, 23.29737, 0.0], [85.313731, 23.297327, 0.0], [85.313916, 23.297296, 0.0], [85.314081, 23.297269, 0.0], [85.314225, 23.29724, 0.0], [85.314393, 23.297206, 0.0], [85.31452, 23.29718, 0.0], [85.314671, 23.297144, 0.0], [85.314772, 23.297116, 0.0], [85.314873, 23.297086, 0.0], [85.31497, 23.297051, 0.0], [85.315057, 23.297014, 0.0], [85.315145, 23.296979, 0.0], [85.315235, 23.296948, 0.0], [85.315293, 23.296934, 0.0], [85.315312, 23.296928, 0.0], [85.315349, 23.296914, 0.0], [85.315402, 23.296889, 0.0], [85.315452, 23.296858, 0.0], [85.315498, 23.296823, 0.0], [85.31554, 23.296783, 0.0], [85.315553, 23.296768, 0.0], [85.315625, 23.296658, 0.0], [85.315632, 23.296643, 0.0], [85.315845, 23.296167, 0.0], [85.315938, 23.296124, 0.0], [85.316127, 23.296036, 0.0], [85.316164, 23.296024, 0.0], [85.316275, 23.295988, 0.0], [85.316947, 23.295768, 0.0], [85.317365, 23.295632, 0.0], [85.31741, 23.295618, 0.0], [85.318215, 23.295356, 0.0], [85.318384, 23.295324, 0.0], [85.318374, 23.295311, 0.0], [85.318754, 23.295204, 0.0], [85.31887, 23.295171, 0.0], [85.318932, 23.295143, 0.0], [85.31899, 23.295109, 0.0], [85.319045, 23.29507, 0.0], [85.319094, 23.295025, 0.0], [85.319137, 23.294976, 0.0], [85.319175, 23.294922, 0.0], [85.319206, 23.294865, 0.0], [85.31923, 23.294805, 0.0], [85.319242, 23.29476, 0.0], [85.319295, 23.294688, 0.0], [85.319359, 23.294613, 0.0], [85.319412, 23.294527, 0.0], [85.31943, 23.294501, 0.0], [85.319757, 23.294092, 0.0], [85.319776, 23.293948, 0.0], [85.319775, 23.293797, 0.0], [85.319912, 23.29359, 0.0], [85.320393, 23.293066, 0.0], [85.320439, 23.292997, 0.0], [85.320792, 23.292908, 0.0], [85.320449, 23.292982, 0.0], [85.320647, 23.292685, 0.0], [85.320735, 23.292552, 0.0], [85.32086, 23.292364, 0.0], [85.321607, 23.291444, 0.0], [85.321978, 23.291076, 0.0], [85.322371, 23.290685, 0.0], [85.322595, 23.290462, 0.0], [85.323093, 23.290022, 0.0], [85.323555, 23.289841, 0.0], [85.323929, 23.28973, 0.0], [85.324302, 23.289734, 0.0], [85.324634, 23.289662, 0.0], [85.324914, 23.289457, 0.0], [85.324946, 23.28958, 0.0], [85.324914, 23.289753, 0.0], [85.324942, 23.289882, 0.0], [85.32509, 23.289965, 0.0], [85.325367, 23.289977, 0.0], [85.325506, 23.289969, 0.0], [85.325703, 23.290026, 0.0], [85.325971, 23.290001, 0.0], [85.326141, 23.289904, 0.0], [85.326329, 23.289924, 0.0], [85.326407, 23.290024, 0.0], [85.326554, 23.290118, 0.0], [85.326723, 23.29012, 0.0], [85.326941, 23.290068, 0.0], [85.32713, 23.290032, 0.0], [85.32726, 23.289988, 0.0], [85.327371, 23.289806, 0.0], [85.327521, 23.289679, 0.0], [85.32765, 23.289635, 0.0], [85.327711, 23.289544, 0.0], [85.327731, 23.28951, 0.0], [85.328542, 23.289724, 0.0], [85.328599, 23.289865, 0.0], [85.328746, 23.289968, 0.0], [85.328913, 23.290089, 0.0], [85.328961, 23.290254, 0.0], [85.328939, 23.290408, 0.0], [85.328799, 23.290472, 0.0], [85.328748, 23.290609, 0.0], [85.328715, 23.290855, 0.0], [85.328613, 23.291102, 0.0], [85.328631, 23.291285, 0.0], [85.328698, 23.291441, 0.0], [85.328655, 23.291594, 0.0], [85.328564, 23.291702, 0.0], [85.328573, 23.291795, 0.0], [85.328561, 23.291941, 0.0], [85.32845, 23.292105, 0.0], [85.328448, 23.292242, 0.0], [85.328645, 23.292335, 0.0], [85.328794, 23.292373, 0.0], [85.329031, 23.292414, 0.0], [85.329237, 23.292524, 0.0], [85.329374, 23.292654, 0.0], [85.329493, 23.29273, 0.0], [85.329642, 23.292702, 0.0], [85.329811, 23.292596, 0.0], [85.329934, 23.292322, 0.0], [85.329935, 23.292184, 0.0], [85.329967, 23.292028, 0.0], [85.330067, 23.292002, 0.0], [85.330206, 23.291986, 0.0], [85.330414, 23.291925, 0.0], [85.330584, 23.291861, 0.0], [85.330723, 23.291817, 0.0], [85.330834, 23.291672, 0.0], [85.331054, 23.291518, 0.0], [85.331202, 23.291556, 0.0], [85.33127, 23.29164, 0.0], [85.331399, 23.29166, 0.0], [85.331596, 23.291734, 0.0], [85.331802, 23.291865, 0.0], [85.331809, 23.29215, 0.0], [85.331907, 23.29225, 0.0], [85.331886, 23.292333, 0.0], [85.331815, 23.292434, 0.0], [85.331721, 23.292808, 0.0], [85.331698, 23.293072, 0.0], [85.331636, 23.293292, 0.0], [85.331546, 23.293391, 0.0], [85.331306, 23.29349, 0.0], [85.331185, 23.293671, 0.0], [85.331113, 23.293928, 0.0], [85.331021, 23.294119, 0.0], [85.331107, 23.294366, 0.0], [85.331243, 23.294437, 0.0], [85.33149, 23.294521, 0.0], [85.331649, 23.294496, 0.0], [85.331898, 23.294406, 0.0], [85.332097, 23.294282, 0.0], [85.332229, 23.2941, 0.0], [85.332359, 23.294, 0.0], [85.33261, 23.293754, 0.0], [85.332859, 23.293658, 0.0], [85.333076, 23.293705, 0.0], [85.333302, 23.293854, 0.0], [85.333468, 23.294012, 0.0], [85.333686, 23.294077, 0.0], [85.333883, 23.294154, 0.0], [85.334089, 23.294312, 0.0], [85.334235, 23.29455, 0.0], [85.334379, 23.2949, 0.0], [85.334318, 23.295001, 0.0], [85.334169, 23.295071, 0.0], [85.334136, 23.29531, 0.0], [85.334133, 23.295592, 0.0], [85.33408, 23.295831, 0.0], [85.333987, 23.296103, 0.0], [85.334054, 23.296334, 0.0], [85.334311, 23.296373, 0.0], [85.334576, 23.296439, 0.0], [85.334775, 23.296396, 0.0], [85.334973, 23.296344, 0.0], [85.335192, 23.296301, 0.0], [85.335469, 23.29634, 0.0], [85.335696, 23.296388, 0.0], [85.335885, 23.296363, 0.0], [85.335985, 23.29628, 0.0], [85.336115, 23.2962, 0.0], [85.336324, 23.29611, 0.0], [85.336582, 23.296104, 0.0], [85.336849, 23.296163, 0.0], [85.337176, 23.296185, 0.0], [85.337274, 23.296267, 0.0], [85.337311, 23.296441, 0.0], [85.337448, 23.296562, 0.0], [85.337587, 23.296564, 0.0], [85.337687, 23.296492, 0.0], [85.337807, 23.296392, 0.0], [85.338006, 23.296367, 0.0], [85.338273, 23.296361, 0.0], [85.338323, 23.296416, 0.0], [85.338322, 23.296488, 0.0], [85.338288, 23.296614, 0.0], [85.338456, 23.296681, 0.0], [85.338714, 23.296684, 0.0], [85.338851, 23.296758, 0.0], [85.338988, 23.296897, 0.0], [85.339234, 23.297064, 0.0], [85.339401, 23.297195, 0.0], [85.339486, 23.29748, 0.0], [85.339682, 23.297728, 0.0], [85.339927, 23.297914, 0.0], [85.340172, 23.298156, 0.0], [85.340228, 23.298402, 0.0], [85.340225, 23.298648, 0.0], [85.340242, 23.298915, 0.0], [85.340289, 23.299116, 0.0], [85.340266, 23.299337, 0.0], [85.340156, 23.299463, 0.0], [85.339925, 23.299652, 0.0], [85.339873, 23.299889, 0.0], [85.340029, 23.300064, 0.0], [85.339967, 23.300264, 0.0], [85.339846, 23.300466, 0.0], [85.339665, 23.300629, 0.0], [85.339456, 23.300735, 0.0], [85.339187, 23.300834, 0.0], [85.339085, 23.301061, 0.0], [85.339082, 23.301336, 0.0], [85.339148, 23.301592, 0.0], [85.339125, 23.301822, 0.0], [85.339015, 23.30195, 0.0], [85.338824, 23.302149, 0.0], [85.338752, 23.302403, 0.0], [85.338759, 23.302633, 0.0], [85.338865, 23.302835, 0.0], [85.338972, 23.30301, 0.0], [85.339029, 23.303212, 0.0], [85.339145, 23.303423, 0.0], [85.339273, 23.303508, 0.0], [85.339461, 23.303501, 0.0], [85.339662, 23.303302, 0.0], [85.339882, 23.303185, 0.0], [85.339979, 23.303222, 0.0], [85.339772, 23.303448, 0.0], [85.339587, 23.303708, 0.0], [85.339571, 23.303717, 0.0]]]}}, {"type": "Feature", "properties": {"ward_no": 49, "ward_name": "WARD 49", "ulb": "Ranchi Municipal Corporation", "district": "Ranchi", "state": "Jharkhand"}, "geometry": {"type": "Polygon", "coordinates": [[[85.326899, 23.333888, 0.0], [85.326681, 23.334138, 0.0], [85.326492, 23.334353, 0.0], [85.326392, 23.334562, 0.0], [85.326292, 23.334696, 0.0], [85.326086, 23.334721, 0.0], [85.325851, 23.334746, 0.0], [85.325558, 23.334752, 0.0], [85.325244, 23.334775, 0.0], [85.324844, 23.334699, 0.0], [85.3246, 23.334651, 0.0], [85.324376, 23.334522, 0.0], [85.324115, 23.334273, 0.0], [85.323903, 23.333982, 0.0], [85.323761, 23.333638, 0.0], [85.323519, 23.333409, 0.0], [85.323277, 23.333208, 0.0], [85.323053, 23.333142, 0.0], [85.322807, 23.333248, 0.0], [85.322727, 23.333347, 0.0], [85.322667, 23.333445, 0.0], [85.322548, 23.333561, 0.0], [85.322411, 23.33356, 0.0], [85.322275, 23.333504, 0.0], [85.322157, 23.333548, 0.0], [85.322038, 23.3337, 0.0], [85.321937, 23.333907, 0.0], [85.321691, 23.334022, 0.0], [85.321657, 23.334015, 0.0], [85.321506, 23.333972, 0.0], [85.32132, 23.333899, 0.0], [85.321127, 23.333803, 0.0], [85.320996, 23.333759, 0.0], [85.320779, 23.33375, 0.0], [85.320553, 23.333804, 0.0], [85.320225, 23.333944, 0.0], [85.320022, 23.33405, 0.0], [85.319545, 23.334285, 0.0], [85.319429, 23.334273, 0.0], [85.319151, 23.33422, 0.0], [85.318935, 23.33411, 0.0], [85.318719, 23.333993, 0.0], [85.318426, 23.333937, 0.0], [85.3183, 23.333942, 0.0], [85.318204, 23.333636, 0.0], [85.317733, 23.332999, 0.0], [85.317596, 23.332814, 0.0], [85.31707, 23.332166, 0.0], [85.316816, 23.331852, 0.0], [85.316014, 23.330745, 0.0], [85.31599, 23.330711, 0.0], [85.31594, 23.33064, 0.0], [85.315768, 23.330394, 0.0], [85.315702, 23.3303, 0.0], [85.315653, 23.33015, 0.0], [85.315606, 23.329857, 0.0], [85.315557, 23.329546, 0.0], [85.315525, 23.329427, 0.0], [85.315522, 23.329416, 0.0], [85.315441, 23.329433, 0.0], [85.315357, 23.329037, 0.0], [85.315269, 23.328654, 0.0], [85.315186, 23.328364, 0.0], [85.315072, 23.328122, 0.0], [85.315113, 23.328046, 0.0], [85.315098, 23.327997, 0.0], [85.31495, 23.327489, 0.0], [85.314877, 23.327243, 0.0], [85.314819, 23.327044, 0.0], [85.314621, 23.3263, 0.0], [85.314563, 23.326087, 0.0], [85.314458, 23.325697, 0.0], [85.314435, 23.325603, 0.0], [85.314408, 23.325488, 0.0], [85.314335, 23.325187, 0.0], [85.314217, 23.324701, 0.0], [85.314205, 23.324645, 0.0], [85.3142, 23.324588, 0.0], [85.314202, 23.32453, 0.0], [85.31421, 23.324474, 0.0], [85.314225, 23.324418, 0.0], [85.314247, 23.324364, 0.0], [85.314274, 23.324313, 0.0], [85.314308, 23.324265, 0.0], [85.314347, 23.324221, 0.0], [85.314391, 23.324181, 0.0], [85.314858, 23.323819, 0.0], [85.314861, 23.323816, 0.0], [85.315018, 23.323688, 0.0], [85.31541, 23.323367, 0.0], [85.315602, 23.323209, 0.0], [85.315757, 23.323082, 0.0], [85.316654, 23.322347, 0.0], [85.316893, 23.32218, 0.0], [85.317031, 23.322116, 0.0], [85.317885, 23.321721, 0.0], [85.318685, 23.321345, 0.0], [85.319284, 23.321065, 0.0], [85.319394, 23.320996, 0.0], [85.319631, 23.320847, 0.0], [85.319705, 23.32079, 0.0], [85.319976, 23.320583, 0.0], [85.320102, 23.32047, 0.0], [85.321561, 23.320526, 0.0], [85.321897, 23.32053, 0.0], [85.322322, 23.320666, 0.0], [85.322839, 23.320731, 0.0], [85.323227, 23.320711, 0.0], [85.323769, 23.320885, 0.0], [85.324876, 23.321303, 0.0], [85.325688, 23.321514, 0.0], [85.326475, 23.321714, 0.0], [85.327289, 23.321782, 0.0], [85.328207, 23.322303, 0.0], [85.328916, 23.323066, 0.0], [85.329285, 23.323524, 0.0], [85.329771, 23.323995, 0.0], [85.330528, 23.324481, 0.0], [85.330924, 23.324879, 0.0], [85.332312, 23.325563, 0.0], [85.333046, 23.32587, 0.0], [85.333743, 23.32602, 0.0], [85.334466, 23.326148, 0.0], [85.335668, 23.32616, 0.0], [85.33647, 23.326241, 0.0], [85.337685, 23.326289, 0.0], [85.338202, 23.326295, 0.0], [85.338757, 23.326444, 0.0], [85.339569, 23.326632, 0.0], [85.340602, 23.326798, 0.0], [85.34099, 23.326802, 0.0], [85.341813, 23.327023, 0.0], [85.341541, 23.32751, 0.0], [85.341005, 23.32775, 0.0], [85.34058, 23.328053, 0.0], [85.340531, 23.328402, 0.0], [85.340241, 23.328542, 0.0], [85.33993, 23.328538, 0.0], [85.339287, 23.328572, 0.0], [85.338573, 23.328853, 0.0], [85.33808, 23.329237, 0.0], [85.338031, 23.329624, 0.0], [85.338023, 23.330261, 0.0], [85.337994, 23.330814, 0.0], [85.337814, 23.330997, 0.0], [85.337391, 23.331074, 0.0], [85.337145, 23.331236, 0.0], [85.336787, 23.331476, 0.0], [85.336521, 23.331432, 0.0], [85.335988, 23.33151, 0.0], [85.335865, 23.331651, 0.0], [85.335672, 23.331875, 0.0], [85.335024, 23.332236, 0.0], [85.334647, 23.332295, 0.0], [85.33436, 23.332168, 0.0], [85.33415, 23.331694, 0.0], [85.334122, 23.331633, 0.0], [85.333902, 23.331468, 0.0], [85.333461, 23.331237, 0.0], [85.333017, 23.331253, 0.0], [85.332678, 23.331523, 0.0], [85.332735, 23.331555, 0.0], [85.332623, 23.331642, 0.0], [85.332245, 23.331857, 0.0], [85.331995, 23.33189, 0.0], [85.33177, 23.331926, 0.0], [85.331665, 23.332065, 0.0], [85.331633, 23.332207, 0.0], [85.331541, 23.332188, 0.0], [85.331357, 23.332156, 0.0], [85.331202, 23.332222, 0.0], [85.331169, 23.3324, 0.0], [85.331227, 23.332704, 0.0], [85.331203, 23.332868, 0.0], [85.331194, 23.332931, 0.0], [85.331099, 23.333082, 0.0], [85.330954, 23.33324, 0.0], [85.330747, 23.333437, 0.0], [85.33056, 23.333606, 0.0], [85.330425, 23.333804, 0.0], [85.33032, 23.334001, 0.0], [85.330164, 23.33413, 0.0], [85.330031, 23.33412, 0.0], [85.329897, 23.334195, 0.0], [85.329682, 23.33424, 0.0], [85.329508, 23.334209, 0.0], [85.32922, 23.334244, 0.0], [85.329119, 23.334205, 0.0], [85.328997, 23.334138, 0.0], [85.328791, 23.334154, 0.0], [85.328545, 23.334217, 0.0], [85.328521, 23.334221, 0.0], [85.32842, 23.334198, 0.0], [85.328337, 23.334174, 0.0], [85.328272, 23.334124, 0.0], [85.32821, 23.334028, 0.0], [85.32811, 23.333964, 0.0], [85.327848, 23.333952, 0.0], [85.327418, 23.333857, 0.0], [85.327047, 23.333808, 0.0], [85.326899, 23.333888, 0.0]]]}}, {"type": "Feature", "properties": {"ward_no": 6, "ward_name": "WARD 6", "ulb": "Ranchi Municipal Corporation", "district": "Ranchi", "state": "Jharkhand"}, "geometry": {"type": "Polygon", "coordinates": [[[85.384339, 23.395472, 0.0], [85.384153, 23.3954, 0.0], [85.38386, 23.395327, 0.0], [85.383439, 23.39516, 0.0], [85.383035, 23.395088, 0.0], [85.382699, 23.395168, 0.0], [85.382443, 23.395272, 0.0], [85.382204, 23.395477, 0.0], [85.381681, 23.395855, 0.0], [85.381311, 23.395992, 0.0], [85.380667, 23.396235, 0.0], [85.380165, 23.396413, 0.0], [85.379643, 23.396627, 0.0], [85.379188, 23.396805, 0.0], [85.378658, 23.397, 0.0], [85.378269, 23.397179, 0.0], [85.377775, 23.397391, 0.0], [85.377319, 23.397664, 0.0], [85.376861, 23.398061, 0.0], [85.376499, 23.398423, 0.0], [85.376059, 23.398888, 0.0], [85.375792, 23.39914, 0.0], [85.375687, 23.399241, 0.0], [85.375391, 23.399472, 0.0], [85.375011, 23.399678, 0.0], [85.374509, 23.399865, 0.0], [85.373818, 23.400032, 0.0], [85.373058, 23.400168, 0.0], [85.37271, 23.400307, 0.0], [85.372423, 23.400288, 0.0], [85.370989, 23.400481, 0.0], [85.369782, 23.40064, 0.0], [85.36866, 23.400784, 0.0], [85.367638, 23.400879, 0.0], [85.367106, 23.400939, 0.0], [85.366241, 23.400969, 0.0], [85.365062, 23.401114, 0.0], [85.364215, 23.401171, 0.0], [85.364188, 23.400909, 0.0], [85.364142, 23.400572, 0.0], [85.364131, 23.400195, 0.0], [85.364109, 23.399242, 0.0], [85.3641, 23.398652, 0.0], [85.364107, 23.398084, 0.0], [85.364119, 23.397761, 0.0], [85.364126, 23.397217, 0.0], [85.364114, 23.396824, 0.0], [85.364142, 23.396556, 0.0], [85.364255, 23.396144, 0.0], [85.364407, 23.39561, 0.0], [85.364476, 23.395381, 0.0], [85.364529, 23.395128, 0.0], [85.364611, 23.394876, 0.0], [85.364676, 23.39464, 0.0], [85.364729, 23.39441, 0.0], [85.364827, 23.394204, 0.0], [85.364962, 23.394051, 0.0], [85.365103, 23.393685, 0.0], [85.365173, 23.393381, 0.0], [85.36526, 23.393063, 0.0], [85.365342, 23.392805, 0.0], [85.365428, 23.392589, 0.0], [85.365514, 23.392341, 0.0], [85.365595, 23.392155, 0.0], [85.365781, 23.39161, 0.0], [85.365845, 23.391408, 0.0], [85.365929, 23.391021, 0.0], [85.365933, 23.390686, 0.0], [85.365915, 23.390494, 0.0], [85.365902, 23.390187, 0.0], [85.365894, 23.389792, 0.0], [85.365889, 23.389573, 0.0], [85.365848, 23.389177, 0.0], [85.365811, 23.388929, 0.0], [85.365713, 23.388542, 0.0], [85.365752, 23.388488, 0.0], [85.365902, 23.388399, 0.0], [85.366032, 23.388312, 0.0], [85.366255, 23.38801, 0.0], [85.366368, 23.387862, 0.0], [85.366164, 23.387515, 0.0], [85.366124, 23.387422, 0.0], [85.366096, 23.38738, 0.0], [85.366043, 23.387335, 0.0], [85.366004, 23.387276, 0.0], [85.365968, 23.387157, 0.0], [85.365926, 23.387019, 0.0], [85.365883, 23.386785, 0.0], [85.365863, 23.386586, 0.0], [85.365835, 23.386477, 0.0], [85.365785, 23.386347, 0.0], [85.365714, 23.386238, 0.0], [85.365681, 23.386186, 0.0], [85.36568, 23.386114, 0.0], [85.365668, 23.386069, 0.0], [85.365643, 23.386047, 0.0], [85.3656, 23.386043, 0.0], [85.365535, 23.386044, 0.0], [85.365417, 23.386049, 0.0], [85.365355, 23.386048, 0.0], [85.365305, 23.386021, 0.0], [85.365323, 23.386006, 0.0], [85.365379, 23.385911, 0.0], [85.365389, 23.385859, 0.0], [85.365383, 23.385804, 0.0], [85.365319, 23.385605, 0.0], [85.365259, 23.385492, 0.0], [85.365212, 23.385426, 0.0], [85.365152, 23.385326, 0.0], [85.365086, 23.385186, 0.0], [85.365026, 23.385042, 0.0], [85.364928, 23.384796, 0.0], [85.364847, 23.384627, 0.0], [85.364825, 23.384558, 0.0], [85.364831, 23.3845, 0.0], [85.364831, 23.384458, 0.0], [85.364815, 23.384389, 0.0], [85.364728, 23.384155, 0.0], [85.364691, 23.384049, 0.0], [85.364566, 23.383684, 0.0], [85.3645, 23.383523, 0.0], [85.364481, 23.383477, 0.0], [85.364473, 23.38345, 0.0], [85.364421, 23.383276, 0.0], [85.364267, 23.382813, 0.0], [85.364207, 23.382519, 0.0], [85.364165, 23.382357, 0.0], [85.364098, 23.382231, 0.0], [85.364027, 23.381989, 0.0], [85.363972, 23.381738, 0.0], [85.36391, 23.38157, 0.0], [85.363875, 23.381391, 0.0], [85.363918, 23.381274, 0.0], [85.364054, 23.381021, 0.0], [85.364147, 23.380871, 0.0], [85.364212, 23.380766, 0.0], [85.364206, 23.380702, 0.0], [85.365878, 23.38188, 0.0], [85.365884, 23.381871, 0.0], [85.36674, 23.382479, 0.0], [85.366813, 23.382531, 0.0], [85.367531, 23.383066, 0.0], [85.368399, 23.383694, 0.0], [85.368509, 23.383772, 0.0], [85.369719, 23.384609, 0.0], [85.370152, 23.384908, 0.0], [85.370483, 23.385136, 0.0], [85.370508, 23.385153, 0.0], [85.371778, 23.38602, 0.0], [85.372259, 23.386341, 0.0], [85.373513, 23.387177, 0.0], [85.373624, 23.387251, 0.0], [85.37381, 23.387375, 0.0], [85.374365, 23.387746, 0.0], [85.375194, 23.388292, 0.0], [85.376785, 23.389354, 0.0], [85.377473, 23.389795, 0.0], [85.377584, 23.389886, 0.0], [85.378746, 23.390661, 0.0], [85.378815, 23.390707, 0.0], [85.380005, 23.391501, 0.0], [85.380065, 23.391541, 0.0], [85.381134, 23.39237, 0.0], [85.38213, 23.393247, 0.0], [85.382327, 23.393401, 0.0], [85.3824, 23.393458, 0.0], [85.382863, 23.39382, 0.0], [85.383628, 23.394552, 0.0], [85.384197, 23.395119, 0.0], [85.384304, 23.395245, 0.0], [85.384345, 23.395387, 0.0], [85.384339, 23.395472, 0.0]]]}}, {"type": "Feature", "properties": {"ward_no": 12, "ward_name": "WARD 12", "ulb": "Ranchi Municipal Corporation", "district": "Ranchi", "state": "Jharkhand"}, "geometry": {"type": "Polygon", "coordinates": [[[85.353714, 23.371737, 0.0], [85.35369, 23.371723, 0.0], [85.353664, 23.371735, 0.0], [85.353578, 23.371665, 0.0], [85.352823, 23.370998, 0.0], [85.351815, 23.370134, 0.0], [85.35126, 23.369713, 0.0], [85.350767, 23.369274, 0.0], [85.350347, 23.368678, 0.0], [85.349907, 23.368044, 0.0], [85.349591, 23.36751, 0.0], [85.3498, 23.3673, 0.0], [85.349947, 23.367087, 0.0], [85.349983, 23.366798, 0.0], [85.349978, 23.366516, 0.0], [85.350014, 23.36625, 0.0], [85.350104, 23.366073, 0.0], [85.350371, 23.366046, 0.0], [85.350534, 23.365876, 0.0], [85.350649, 23.365692, 0.0], [85.350796, 23.365538, 0.0], [85.350902, 23.365377, 0.0], [85.35109, 23.365157, 0.0], [85.351373, 23.365056, 0.0], [85.351609, 23.364865, 0.0], [85.35174, 23.364697, 0.0], [85.35196, 23.364528, 0.0], [85.352163, 23.364374, 0.0], [85.352366, 23.364236, 0.0], [85.352657, 23.364135, 0.0], [85.352825, 23.3643, 0.0], [85.353072, 23.364494, 0.0], [85.35329, 23.364467, 0.0], [85.353405, 23.364231, 0.0], [85.353568, 23.364107, 0.0], [85.353715, 23.363961, 0.0], [85.353934, 23.363821, 0.0], [85.354184, 23.363736, 0.0], [85.354635, 23.363786, 0.0], [85.354655, 23.363787, 0.0], [85.354619, 23.363702, 0.0], [85.354571, 23.363625, 0.0], [85.354539, 23.363615, 0.0], [85.354429, 23.363582, 0.0], [85.354173, 23.363509, 0.0], [85.35406, 23.363424, 0.0], [85.353945, 23.363124, 0.0], [85.353891, 23.363092, 0.0], [85.353805, 23.362931, 0.0], [85.353776, 23.362785, 0.0], [85.353752, 23.362661, 0.0], [85.353703, 23.362422, 0.0], [85.353642, 23.362123, 0.0], [85.353466, 23.361523, 0.0], [85.353365, 23.361354, 0.0], [85.353353, 23.361359, 0.0], [85.353298, 23.361207, 0.0], [85.353242, 23.361055, 0.0], [85.353187, 23.360903, 0.0], [85.353147, 23.360759, 0.0], [85.353108, 23.360614, 0.0], [85.353068, 23.360469, 0.0], [85.352996, 23.360319, 0.0], [85.352924, 23.360171, 0.0], [85.352863, 23.360067, 0.0], [85.352803, 23.359965, 0.0], [85.352742, 23.359883, 0.0], [85.352681, 23.359803, 0.0], [85.352645, 23.359685, 0.0], [85.352736, 23.359632, 0.0], [85.352981, 23.35956, 0.0], [85.353167, 23.359501, 0.0], [85.353328, 23.359444, 0.0], [85.353489, 23.359401, 0.0], [85.35365, 23.359357, 0.0], [85.353774, 23.359325, 0.0], [85.353898, 23.359292, 0.0], [85.354047, 23.359246, 0.0], [85.354196, 23.359203, 0.0], [85.354344, 23.35917, 0.0], [85.354493, 23.359138, 0.0], [85.354689, 23.359111, 0.0], [85.354738, 23.359064, 0.0], [85.35474, 23.358865, 0.0], [85.354742, 23.358732, 0.0], [85.354743, 23.358599, 0.0], [85.354745, 23.358466, 0.0], [85.354747, 23.358283, 0.0], [85.354749, 23.358102, 0.0], [85.354749, 23.35794, 0.0], [85.354748, 23.35778, 0.0], [85.354747, 23.357619, 0.0], [85.354741, 23.3575, 0.0], [85.354734, 23.357382, 0.0], [85.354723, 23.357269, 0.0], [85.354714, 23.357164, 0.0], [85.354905, 23.357217, 0.0], [85.355399, 23.357351, 0.0], [85.355827, 23.357445, 0.0], [85.356276, 23.357544, 0.0], [85.357292, 23.35777, 0.0], [85.357852, 23.357911, 0.0], [85.358131, 23.357981, 0.0], [85.358671, 23.358111, 0.0], [85.359158, 23.358251, 0.0], [85.359828, 23.358432, 0.0], [85.359853, 23.358439, 0.0], [85.360344, 23.358594, 0.0], [85.360501, 23.358653, 0.0], [85.360514, 23.358658, 0.0], [85.36052, 23.35866, 0.0], [85.360568, 23.358631, 0.0], [85.36124, 23.358161, 0.0], [85.361601, 23.357797, 0.0], [85.361639, 23.357759, 0.0], [85.361658, 23.357739, 0.0], [85.362311, 23.35722, 0.0], [85.362726, 23.356757, 0.0], [85.363053, 23.356182, 0.0], [85.363409, 23.355554, 0.0], [85.363617, 23.355091, 0.0], [85.363855, 23.354764, 0.0], [85.364181, 23.3543, 0.0], [85.364597, 23.353808, 0.0], [85.364953, 23.353398, 0.0], [85.365562, 23.352359, 0.0], [85.36667, 23.35154, 0.0], [85.36777, 23.351385, 0.0], [85.368273, 23.351394, 0.0], [85.368925, 23.35141, 0.0], [85.368949, 23.351577, 0.0], [85.369023, 23.351833, 0.0], [85.369239, 23.352355, 0.0], [85.369555, 23.35264, 0.0], [85.369794, 23.3529, 0.0], [85.370018, 23.353216, 0.0], [85.370373, 23.353516, 0.0], [85.3707, 23.353971, 0.0], [85.370781, 23.354224, 0.0], [85.370932, 23.35514, 0.0], [85.37119, 23.356125, 0.0], [85.37156, 23.356282, 0.0], [85.371382, 23.356534, 0.0], [85.37122, 23.357034, 0.0], [85.371169, 23.357406, 0.0], [85.371056, 23.35772, 0.0], [85.370756, 23.358133, 0.0], [85.370393, 23.358631, 0.0], [85.370309, 23.359132, 0.0], [85.370336, 23.359462, 0.0], [85.370501, 23.359936, 0.0], [85.370666, 23.360454, 0.0], [85.370637, 23.360729, 0.0], [85.37076, 23.36122, 0.0], [85.37028, 23.361345, 0.0], [85.370452, 23.361902, 0.0], [85.37046, 23.361975, 0.0], [85.370455, 23.362019, 0.0], [85.370421, 23.362046, 0.0], [85.370331, 23.362063, 0.0], [85.370185, 23.362087, 0.0], [85.369817, 23.362162, 0.0], [85.369758, 23.362161, 0.0], [85.369576, 23.362155, 0.0], [85.369438, 23.362496, 0.0], [85.369421, 23.362771, 0.0], [85.369419, 23.362926, 0.0], [85.369494, 23.363178, 0.0], [85.369595, 23.36337, 0.0], [85.369709, 23.36355, 0.0], [85.369888, 23.363719, 0.0], [85.370066, 23.364044, 0.0], [85.37019, 23.364439, 0.0], [85.370254, 23.364868, 0.0], [85.370002, 23.365064, 0.0], [85.369838, 23.365257, 0.0], [85.369597, 23.365238, 0.0], [85.369341, 23.365118, 0.0], [85.36905, 23.365151, 0.0], [85.368879, 23.365328, 0.0], [85.368667, 23.365563, 0.0], [85.368326, 23.365738, 0.0], [85.368115, 23.365875, 0.0], [85.367912, 23.365993, 0.0], [85.367702, 23.366079, 0.0], [85.367338, 23.366195, 0.0], [85.367262, 23.366474, 0.0], [85.367252, 23.366681, 0.0], [85.36724, 23.366963, 0.0], [85.367133, 23.367186, 0.0], [85.36693, 23.367324, 0.0], [85.36673, 23.367188, 0.0], [85.36658, 23.366943, 0.0], [85.36638, 23.366799, 0.0], [85.366041, 23.366922, 0.0], [85.365821, 23.367059, 0.0], [85.365391, 23.367314, 0.0], [85.365019, 23.367511, 0.0], [85.364833, 23.367594, 0.0], [85.364648, 23.367743, 0.0], [85.364386, 23.367971, 0.0], [85.364183, 23.368107, 0.0], [85.363904, 23.36817, 0.0], [85.363766, 23.368192, 0.0], [85.363599, 23.36822, 0.0], [85.362911, 23.368238, 0.0], [85.362821, 23.368235, 0.0], [85.362699, 23.368235, 0.0], [85.362584, 23.368198, 0.0], [85.362455, 23.368117, 0.0], [85.362376, 23.368137, 0.0], [85.362266, 23.368145, 0.0], [85.362209, 23.368132, 0.0], [85.36211, 23.368127, 0.0], [85.36205, 23.368152, 0.0], [85.361986, 23.368228, 0.0], [85.361915, 23.368309, 0.0], [85.361841, 23.368377, 0.0], [85.361665, 23.368422, 0.0], [85.361512, 23.368428, 0.0], [85.361462, 23.36843, 0.0], [85.361361, 23.368387, 0.0], [85.361306, 23.368272, 0.0], [85.36115, 23.36828, 0.0], [85.360767, 23.368333, 0.0], [85.360539, 23.368364, 0.0], [85.3603, 23.368385, 0.0], [85.360144, 23.368431, 0.0], [85.360128, 23.368489, 0.0], [85.360091, 23.368569, 0.0], [85.360018, 23.368569, 0.0], [85.35989, 23.368564, 0.0], [85.359866, 23.368571, 0.0], [85.359236, 23.368745, 0.0], [85.358865, 23.368832, 0.0], [85.358807, 23.368845, 0.0], [85.35874, 23.368995, 0.0], [85.358707, 23.369128, 0.0], [85.358659, 23.369247, 0.0], [85.35859, 23.369409, 0.0], [85.358557, 23.369562, 0.0], [85.358468, 23.369623, 0.0], [85.358371, 23.369673, 0.0], [85.358196, 23.369817, 0.0], [85.358128, 23.369937, 0.0], [85.358137, 23.370057, 0.0], [85.358146, 23.370155, 0.0], [85.358131, 23.370188, 0.0], [85.358051, 23.370207, 0.0], [85.357938, 23.370234, 0.0], [85.357878, 23.3703, 0.0], [85.357831, 23.370384, 0.0], [85.357828, 23.370425, 0.0], [85.357807, 23.370436, 0.0], [85.357664, 23.37048, 0.0], [85.35726, 23.370554, 0.0], [85.357225, 23.370564, 0.0], [85.356755, 23.370706, 0.0], [85.356666, 23.370747, 0.0], [85.356636, 23.370764, 0.0], [85.356559, 23.370807, 0.0], [85.355816, 23.371036, 0.0], [85.355255, 23.371225, 0.0], [85.35516, 23.371257, 0.0], [85.354473, 23.371475, 0.0], [85.353695, 23.371722, 0.0], [85.353714, 23.371737, 0.0]]]}}, {"type": "Feature", "properties": {"ward_no": 11, "ward_name": "WARD 11", "ulb": "Ranchi Municipal Corporation", "district": "Ranchi", "state": "Jharkhand"}, "geometry": {"type": "Polygon", "coordinates": [[[85.341068, 23.369119, 0.0], [85.340756, 23.369144, 0.0], [85.341016, 23.369705, 0.0], [85.34106, 23.369802, 0.0], [85.341118, 23.369927, 0.0], [85.341171, 23.370055, 0.0], [85.341239, 23.370209, 0.0], [85.34126, 23.370256, 0.0], [85.341288, 23.370321, 0.0], [85.341328, 23.370493, 0.0], [85.341386, 23.370826, 0.0], [85.341388, 23.370857, 0.0], [85.341406, 23.371088, 0.0], [85.341422, 23.371232, 0.0], [85.341428, 23.371268, 0.0], [85.341445, 23.371374, 0.0], [85.341459, 23.371425, 0.0], [85.341492, 23.371476, 0.0], [85.341536, 23.371525, 0.0], [85.341573, 23.371572, 0.0], [85.341616, 23.371655, 0.0], [85.341666, 23.371726, 0.0], [85.341755, 23.371756, 0.0], [85.341877, 23.371767, 0.0], [85.341957, 23.371792, 0.0], [85.341993, 23.371846, 0.0], [85.342061, 23.372023, 0.0], [85.342151, 23.37231, 0.0], [85.342216, 23.372642, 0.0], [85.342296, 23.372882, 0.0], [85.342327, 23.373041, 0.0], [85.342406, 23.373197, 0.0], [85.342148, 23.37314, 0.0], [85.34172, 23.372998, 0.0], [85.341412, 23.372891, 0.0], [85.341017, 23.372785, 0.0], [85.340617, 23.372664, 0.0], [85.339976, 23.372497, 0.0], [85.339418, 23.372335, 0.0], [85.339109, 23.372264, 0.0], [85.338863, 23.372212, 0.0], [85.33825, 23.372117, 0.0], [85.33832, 23.371991, 0.0], [85.339006, 23.370795, 0.0], [85.340029, 23.368666, 0.0], [85.340448, 23.367675, 0.0], [85.341043, 23.36725, 0.0], [85.341626, 23.366775, 0.0], [85.342045, 23.366493, 0.0], [85.342422, 23.366224, 0.0], [85.34289, 23.365908, 0.0], [85.343279, 23.365626, 0.0], [85.343959, 23.365161, 0.0], [85.344699, 23.364643, 0.0], [85.344879, 23.364507, 0.0], [85.34497, 23.364449, 0.0], [85.345052, 23.364502, 0.0], [85.345171, 23.364433, 0.0], [85.346329, 23.363897, 0.0], [85.347523, 23.36351, 0.0], [85.348164, 23.363314, 0.0], [85.349102, 23.36296, 0.0], [85.349757, 23.362707, 0.0], [85.350646, 23.362375, 0.0], [85.35065, 23.362374, 0.0], [85.350905, 23.362259, 0.0], [85.351943, 23.361872, 0.0], [85.352822, 23.361559, 0.0], [85.353353, 23.361359, 0.0], [85.353365, 23.361354, 0.0], [85.353466, 23.361523, 0.0], [85.353642, 23.362123, 0.0], [85.353703, 23.362422, 0.0], [85.353752, 23.362661, 0.0], [85.353776, 23.362785, 0.0], [85.353805, 23.362931, 0.0], [85.353891, 23.363092, 0.0], [85.353945, 23.363124, 0.0], [85.35406, 23.363424, 0.0], [85.354173, 23.363509, 0.0], [85.354429, 23.363582, 0.0], [85.354539, 23.363615, 0.0], [85.354571, 23.363625, 0.0], [85.354619, 23.363702, 0.0], [85.354655, 23.363787, 0.0], [85.354635, 23.363786, 0.0], [85.354184, 23.363736, 0.0], [85.353934, 23.363821, 0.0], [85.353715, 23.363961, 0.0], [85.353568, 23.364107, 0.0], [85.353405, 23.364231, 0.0], [85.35329, 23.364467, 0.0], [85.353072, 23.364494, 0.0], [85.352825, 23.3643, 0.0], [85.352657, 23.364135, 0.0], [85.352366, 23.364236, 0.0], [85.352163, 23.364374, 0.0], [85.35196, 23.364528, 0.0], [85.35174, 23.364697, 0.0], [85.351609, 23.364865, 0.0], [85.351373, 23.365056, 0.0], [85.35109, 23.365157, 0.0], [85.350902, 23.365377, 0.0], [85.350854, 23.36545, 0.0], [85.350796, 23.365538, 0.0], [85.350649, 23.365692, 0.0], [85.350534, 23.365876, 0.0], [85.350371, 23.366046, 0.0], [85.350104, 23.366073, 0.0], [85.350014, 23.36625, 0.0], [85.349978, 23.366516, 0.0], [85.349983, 23.366798, 0.0], [85.349947, 23.367087, 0.0], [85.3498, 23.3673, 0.0], [85.349591, 23.36751, 0.0], [85.349471, 23.36749, 0.0], [85.349424, 23.36747, 0.0], [85.34929, 23.367445, 0.0], [85.34922, 23.367444, 0.0], [85.348946, 23.367467, 0.0], [85.348863, 23.367488, 0.0], [85.348818, 23.367545, 0.0], [85.34882, 23.367607, 0.0], [85.348863, 23.367684, 0.0], [85.348887, 23.36777, 0.0], [85.348868, 23.367878, 0.0], [85.348854, 23.367944, 0.0], [85.348848, 23.368042, 0.0], [85.348816, 23.368149, 0.0], [85.348773, 23.368259, 0.0], [85.348774, 23.368376, 0.0], [85.348755, 23.368423, 0.0], [85.348638, 23.368456, 0.0], [85.348514, 23.368474, 0.0], [85.348361, 23.36851, 0.0], [85.348262, 23.368533, 0.0], [85.34814, 23.368591, 0.0], [85.348103, 23.368653, 0.0], [85.348076, 23.368725, 0.0], [85.348031, 23.368812, 0.0], [85.348002, 23.368848, 0.0], [85.347949, 23.368917, 0.0], [85.347902, 23.368981, 0.0], [85.347867, 23.369054, 0.0], [85.347823, 23.369123, 0.0], [85.347839, 23.369221, 0.0], [85.347869, 23.36931, 0.0], [85.347892, 23.369406, 0.0], [85.347909, 23.36949, 0.0], [85.347931, 23.369569, 0.0], [85.347956, 23.369631, 0.0], [85.347958, 23.369689, 0.0], [85.347952, 23.369753, 0.0], [85.347933, 23.369829, 0.0], [85.347932, 23.369908, 0.0], [85.347947, 23.36997, 0.0], [85.347972, 23.370023, 0.0], [85.347997, 23.370112, 0.0], [85.348013, 23.370215, 0.0], [85.348023, 23.370284, 0.0], [85.348039, 23.370423, 0.0], [85.348004, 23.37054, 0.0], [85.347977, 23.370642, 0.0], [85.347945, 23.370742, 0.0], [85.347912, 23.370854, 0.0], [85.347886, 23.370904, 0.0], [85.347812, 23.370992, 0.0], [85.347729, 23.371053, 0.0], [85.347612, 23.371114, 0.0], [85.347445, 23.371155, 0.0], [85.347354, 23.371195, 0.0], [85.347294, 23.371225, 0.0], [85.347193, 23.371293, 0.0], [85.347132, 23.371343, 0.0], [85.347078, 23.37134, 0.0], [85.346988, 23.371305, 0.0], [85.346828, 23.371237, 0.0], [85.346603, 23.371199, 0.0], [85.3462, 23.371164, 0.0], [85.346017, 23.371148, 0.0], [85.346011, 23.371125, 0.0], [85.346009, 23.371085, 0.0], [85.346008, 23.370982, 0.0], [85.345973, 23.370689, 0.0], [85.345948, 23.370471, 0.0], [85.345943, 23.370425, 0.0], [85.345878, 23.370055, 0.0], [85.345842, 23.369868, 0.0], [85.3458, 23.369642, 0.0], [85.345741, 23.369469, 0.0], [85.345728, 23.369408, 0.0], [85.345688, 23.369301, 0.0], [85.345652, 23.369226, 0.0], [85.345628, 23.369208, 0.0], [85.345592, 23.369201, 0.0], [85.345505, 23.369196, 0.0], [85.345404, 23.369187, 0.0], [85.345367, 23.369196, 0.0], [85.345335, 23.369212, 0.0], [85.345304, 23.369263, 0.0], [85.345274, 23.369303, 0.0], [85.34523, 23.369314, 0.0], [85.345144, 23.36932, 0.0], [85.345035, 23.369309, 0.0], [85.344983, 23.369261, 0.0], [85.344866, 23.369142, 0.0], [85.344738, 23.369234, 0.0], [85.344688, 23.369276, 0.0], [85.344689, 23.369294, 0.0], [85.344722, 23.36935, 0.0], [85.344676, 23.369363, 0.0], [85.344565, 23.369399, 0.0], [85.344409, 23.369446, 0.0], [85.344293, 23.369492, 0.0], [85.344261, 23.369431, 0.0], [85.344083, 23.369036, 0.0], [85.344012, 23.368965, 0.0], [85.343938, 23.368891, 0.0], [85.343878, 23.36888, 0.0], [85.343739, 23.368897, 0.0], [85.343594, 23.368904, 0.0], [85.343544, 23.368904, 0.0], [85.343521, 23.368878, 0.0], [85.343498, 23.368865, 0.0], [85.343431, 23.36887, 0.0], [85.343154, 23.368929, 0.0], [85.342889, 23.369001, 0.0], [85.342878, 23.369003, 0.0], [85.342682, 23.369037, 0.0], [85.342426, 23.369079, 0.0], [85.342133, 23.369074, 0.0], [85.341895, 23.369107, 0.0], [85.341778, 23.369125, 0.0], [85.341647, 23.369125, 0.0], [85.341456, 23.369121, 0.0], [85.341282, 23.369119, 0.0], [85.341068, 23.369119, 0.0]]]}}, {"type": "Feature", "properties": {"ward_no": 8, "ward_name": "WARD 8", "ulb": "Ranchi Municipal Corporation", "district": "Ranchi", "state": "Jharkhand"}, "geometry": {"type": "Polygon", "coordinates": [[[85.35035, 23.383046, 0.0], [85.350327, 23.383091, 0.0], [85.350318, 23.383138, 0.0], [85.349961, 23.383223, 0.0], [85.349818, 23.383257, 0.0], [85.349919, 23.383606, 0.0], [85.349909, 23.383615, 0.0], [85.349727, 23.383658, 0.0], [85.349429, 23.383729, 0.0], [85.348992, 23.383828, 0.0], [85.348619, 23.383915, 0.0], [85.348437, 23.383962, 0.0], [85.348351, 23.383984, 0.0], [85.348305, 23.383419, 0.0], [85.348272, 23.383225, 0.0], [85.34819, 23.382815, 0.0], [85.348117, 23.382435, 0.0], [85.348086, 23.382146, 0.0], [85.348031, 23.381621, 0.0], [85.348045, 23.381197, 0.0], [85.348077, 23.380721, 0.0], [85.348099, 23.380369, 0.0], [85.348122, 23.379958, 0.0], [85.348177, 23.379717, 0.0], [85.348292, 23.379527, 0.0], [85.348484, 23.379472, 0.0], [85.348798, 23.379388, 0.0], [85.349261, 23.379264, 0.0], [85.349741, 23.379122, 0.0], [85.350012, 23.379046, 0.0], [85.350015, 23.37882, 0.0], [85.349998, 23.378445, 0.0], [85.35011, 23.378054, 0.0], [85.350086, 23.377832, 0.0], [85.350036, 23.377563, 0.0], [85.35004, 23.37722, 0.0], [85.349941, 23.376627, 0.0], [85.349946, 23.376212, 0.0], [85.349896, 23.37599, 0.0], [85.349796, 23.375522, 0.0], [85.349721, 23.375234, 0.0], [85.349218, 23.37508, 0.0], [85.34895, 23.374978, 0.0], [85.348276, 23.374788, 0.0], [85.347564, 23.374575, 0.0], [85.347058, 23.374412, 0.0], [85.3466, 23.374287, 0.0], [85.346124, 23.374167, 0.0], [85.345545, 23.374021, 0.0], [85.345366, 23.373983, 0.0], [85.345203, 23.373947, 0.0], [85.344933, 23.373863, 0.0], [85.344461, 23.373725, 0.0], [85.344095, 23.373635, 0.0], [85.343849, 23.373574, 0.0], [85.34343, 23.373454, 0.0], [85.342958, 23.37335, 0.0], [85.342602, 23.37324, 0.0], [85.342406, 23.373197, 0.0], [85.342327, 23.373041, 0.0], [85.342296, 23.372882, 0.0], [85.342216, 23.372642, 0.0], [85.342151, 23.37231, 0.0], [85.342061, 23.372023, 0.0], [85.341993, 23.371846, 0.0], [85.341957, 23.371792, 0.0], [85.341877, 23.371767, 0.0], [85.341755, 23.371756, 0.0], [85.341666, 23.371726, 0.0], [85.341616, 23.371655, 0.0], [85.341573, 23.371572, 0.0], [85.341536, 23.371525, 0.0], [85.341492, 23.371476, 0.0], [85.341459, 23.371425, 0.0], [85.341445, 23.371374, 0.0], [85.341428, 23.371268, 0.0], [85.341422, 23.371232, 0.0], [85.341406, 23.371088, 0.0], [85.341388, 23.370857, 0.0], [85.341386, 23.370826, 0.0], [85.341328, 23.370493, 0.0], [85.341288, 23.370321, 0.0], [85.34126, 23.370256, 0.0], [85.341239, 23.370209, 0.0], [85.341171, 23.370055, 0.0], [85.341118, 23.369927, 0.0], [85.34106, 23.369802, 0.0], [85.341016, 23.369705, 0.0], [85.340756, 23.369144, 0.0], [85.341068, 23.369119, 0.0], [85.341282, 23.369119, 0.0], [85.341456, 23.369121, 0.0], [85.341647, 23.369125, 0.0], [85.341778, 23.369125, 0.0], [85.341895, 23.369107, 0.0], [85.342133, 23.369074, 0.0], [85.342426, 23.369079, 0.0], [85.342682, 23.369037, 0.0], [85.342878, 23.369003, 0.0], [85.342889, 23.369001, 0.0], [85.343154, 23.368929, 0.0], [85.343431, 23.36887, 0.0], [85.343498, 23.368865, 0.0], [85.343521, 23.368878, 0.0], [85.343544, 23.368904, 0.0], [85.343594, 23.368904, 0.0], [85.343739, 23.368897, 0.0], [85.343878, 23.36888, 0.0], [85.343938, 23.368891, 0.0], [85.344012, 23.368965, 0.0], [85.344083, 23.369036, 0.0], [85.344261, 23.369431, 0.0], [85.344293, 23.369492, 0.0], [85.344409, 23.369446, 0.0], [85.344565, 23.369399, 0.0], [85.344676, 23.369363, 0.0], [85.344722, 23.36935, 0.0], [85.344689, 23.369294, 0.0], [85.344688, 23.369276, 0.0], [85.344738, 23.369234, 0.0], [85.344866, 23.369142, 0.0], [85.344983, 23.369261, 0.0], [85.345035, 23.369309, 0.0], [85.345144, 23.36932, 0.0], [85.34523, 23.369314, 0.0], [85.345274, 23.369303, 0.0], [85.345304, 23.369263, 0.0], [85.345335, 23.369212, 0.0], [85.345367, 23.369196, 0.0], [85.345404, 23.369187, 0.0], [85.345505, 23.369196, 0.0], [85.345592, 23.369201, 0.0], [85.345628, 23.369208, 0.0], [85.345652, 23.369226, 0.0], [85.345688, 23.369301, 0.0], [85.345728, 23.369408, 0.0], [85.345741, 23.369469, 0.0], [85.3458, 23.369642, 0.0], [85.345842, 23.369868, 0.0], [85.345878, 23.370055, 0.0], [85.345943, 23.370425, 0.0], [85.345948, 23.370471, 0.0], [85.345973, 23.370689, 0.0], [85.346008, 23.370982, 0.0], [85.346009, 23.371085, 0.0], [85.346011, 23.371125, 0.0], [85.346017, 23.371148, 0.0], [85.3462, 23.371164, 0.0], [85.346603, 23.371199, 0.0], [85.346828, 23.371237, 0.0], [85.346988, 23.371305, 0.0], [85.347078, 23.37134, 0.0], [85.347132, 23.371343, 0.0], [85.347193, 23.371293, 0.0], [85.347294, 23.371225, 0.0], [85.347354, 23.371195, 0.0], [85.347445, 23.371155, 0.0], [85.347612, 23.371114, 0.0], [85.347729, 23.371053, 0.0], [85.347812, 23.370992, 0.0], [85.347886, 23.370904, 0.0], [85.347912, 23.370854, 0.0], [85.347945, 23.370742, 0.0], [85.347977, 23.370642, 0.0], [85.348004, 23.37054, 0.0], [85.348039, 23.370423, 0.0], [85.348023, 23.370284, 0.0], [85.348013, 23.370215, 0.0], [85.347997, 23.370112, 0.0], [85.347972, 23.370023, 0.0], [85.347947, 23.36997, 0.0], [85.347932, 23.369908, 0.0], [85.347933, 23.369829, 0.0], [85.347952, 23.369753, 0.0], [85.347958, 23.369689, 0.0], [85.347956, 23.369631, 0.0], [85.347931, 23.369569, 0.0], [85.347909, 23.36949, 0.0], [85.347892, 23.369406, 0.0], [85.347869, 23.36931, 0.0], [85.347839, 23.369221, 0.0], [85.347823, 23.369123, 0.0], [85.347867, 23.369054, 0.0], [85.347902, 23.368981, 0.0], [85.347949, 23.368917, 0.0], [85.348002, 23.368848, 0.0], [85.348031, 23.368812, 0.0], [85.348076, 23.368725, 0.0], [85.348103, 23.368653, 0.0], [85.34814, 23.368591, 0.0], [85.348262, 23.368533, 0.0], [85.348361, 23.36851, 0.0], [85.348514, 23.368474, 0.0], [85.348638, 23.368456, 0.0], [85.348755, 23.368423, 0.0], [85.348774, 23.368376, 0.0], [85.348773, 23.368259, 0.0], [85.348816, 23.368149, 0.0], [85.348848, 23.368042, 0.0], [85.348854, 23.367944, 0.0], [85.348868, 23.367878, 0.0], [85.348887, 23.36777, 0.0], [85.348863, 23.367684, 0.0], [85.34882, 23.367607, 0.0], [85.348818, 23.367545, 0.0], [85.348863, 23.367488, 0.0], [85.348946, 23.367467, 0.0], [85.34922, 23.367444, 0.0], [85.34929, 23.367445, 0.0], [85.349424, 23.36747, 0.0], [85.349471, 23.36749, 0.0], [85.349591, 23.36751, 0.0], [85.349907, 23.368044, 0.0], [85.350347, 23.368678, 0.0], [85.350767, 23.369274, 0.0], [85.35126, 23.369713, 0.0], [85.351815, 23.370134, 0.0], [85.352823, 23.370998, 0.0], [85.353578, 23.371665, 0.0], [85.353664, 23.371735, 0.0], [85.35369, 23.371723, 0.0], [85.353714, 23.371737, 0.0], [85.353695, 23.371722, 0.0], [85.354473, 23.371475, 0.0], [85.35516, 23.371257, 0.0], [85.355255, 23.371225, 0.0], [85.355816, 23.371036, 0.0], [85.356559, 23.370807, 0.0], [85.356636, 23.370764, 0.0], [85.356666, 23.370747, 0.0], [85.356755, 23.370706, 0.0], [85.357225, 23.370564, 0.0], [85.35726, 23.370554, 0.0], [85.357664, 23.37048, 0.0], [85.357807, 23.370436, 0.0], [85.357828, 23.370425, 0.0], [85.357831, 23.370384, 0.0], [85.357878, 23.3703, 0.0], [85.357938, 23.370234, 0.0], [85.358051, 23.370207, 0.0], [85.358131, 23.370188, 0.0], [85.358146, 23.370155, 0.0], [85.358137, 23.370057, 0.0], [85.358128, 23.369937, 0.0], [85.358196, 23.369817, 0.0], [85.358371, 23.369673, 0.0], [85.358468, 23.369623, 0.0], [85.358557, 23.369562, 0.0], [85.35859, 23.369409, 0.0], [85.358659, 23.369247, 0.0], [85.358707, 23.369128, 0.0], [85.35874, 23.368995, 0.0], [85.358807, 23.368845, 0.0], [85.358865, 23.368832, 0.0], [85.359236, 23.368745, 0.0], [85.359866, 23.368571, 0.0], [85.35989, 23.368564, 0.0], [85.360018, 23.368569, 0.0], [85.360091, 23.368569, 0.0], [85.360128, 23.368489, 0.0], [85.360144, 23.368431, 0.0], [85.3603, 23.368385, 0.0], [85.360539, 23.368364, 0.0], [85.360767, 23.368333, 0.0], [85.36115, 23.36828, 0.0], [85.361306, 23.368272, 0.0], [85.361361, 23.368387, 0.0], [85.361462, 23.36843, 0.0], [85.361512, 23.368428, 0.0], [85.361665, 23.368422, 0.0], [85.361841, 23.368377, 0.0], [85.361915, 23.368309, 0.0], [85.361986, 23.368228, 0.0], [85.36205, 23.368152, 0.0], [85.36211, 23.368127, 0.0], [85.362209, 23.368132, 0.0], [85.362266, 23.368145, 0.0], [85.362376, 23.368137, 0.0], [85.362455, 23.368117, 0.0], [85.362584, 23.368198, 0.0], [85.362699, 23.368235, 0.0], [85.362821, 23.368235, 0.0], [85.362911, 23.368238, 0.0], [85.363599, 23.36822, 0.0], [85.363766, 23.368192, 0.0], [85.363904, 23.36817, 0.0], [85.364183, 23.368107, 0.0], [85.364386, 23.367971, 0.0], [85.364648, 23.367743, 0.0], [85.364833, 23.367594, 0.0], [85.365019, 23.367511, 0.0], [85.365391, 23.367314, 0.0], [85.365821, 23.367059, 0.0], [85.366041, 23.366922, 0.0], [85.36638, 23.366799, 0.0], [85.36658, 23.366943, 0.0], [85.36673, 23.367188, 0.0], [85.36693, 23.367324, 0.0], [85.367133, 23.367186, 0.0], [85.36724, 23.366963, 0.0], [85.367252, 23.366681, 0.0], [85.367262, 23.366474, 0.0], [85.367338, 23.366195, 0.0], [85.367702, 23.366079, 0.0], [85.367912, 23.365993, 0.0], [85.368115, 23.365875, 0.0], [85.368326, 23.365738, 0.0], [85.368667, 23.365563, 0.0], [85.368879, 23.365328, 0.0], [85.36905, 23.365151, 0.0], [85.369341, 23.365118, 0.0], [85.369597, 23.365238, 0.0], [85.369838, 23.365257, 0.0], [85.370002, 23.365064, 0.0], [85.370254, 23.364868, 0.0], [85.370336, 23.365006, 0.0], [85.37038, 23.36512, 0.0], [85.370404, 23.365252, 0.0], [85.370461, 23.365336, 0.0], [85.370453, 23.365444, 0.0], [85.370447, 23.365601, 0.0], [85.370442, 23.365636, 0.0], [85.37036, 23.365728, 0.0], [85.3703, 23.365793, 0.0], [85.370247, 23.365849, 0.0], [85.370168, 23.36588, 0.0], [85.370066, 23.365934, 0.0], [85.370045, 23.365945, 0.0], [85.369961, 23.366044, 0.0], [85.369905, 23.366172, 0.0], [85.369861, 23.366269, 0.0], [85.369758, 23.366406, 0.0], [85.369711, 23.366529, 0.0], [85.369719, 23.366662, 0.0], [85.369795, 23.366964, 0.0], [85.369766, 23.367019, 0.0], [85.369685, 23.367118, 0.0], [85.369679, 23.367242, 0.0], [85.369745, 23.367517, 0.0], [85.369813, 23.367772, 0.0], [85.369855, 23.367934, 0.0], [85.369871, 23.368009, 0.0], [85.369816, 23.368064, 0.0], [85.369652, 23.368136, 0.0], [85.369148, 23.36837, 0.0], [85.369014, 23.368694, 0.0], [85.369088, 23.36903, 0.0], [85.368948, 23.369085, 0.0], [85.368862, 23.369496, 0.0], [85.368636, 23.369703, 0.0], [85.367933, 23.369827, 0.0], [85.367816, 23.369823, 0.0], [85.367649, 23.369803, 0.0], [85.367435, 23.369798, 0.0], [85.367034, 23.369826, 0.0], [85.366542, 23.369832, 0.0], [85.366473, 23.369837, 0.0], [85.366431, 23.369861, 0.0], [85.366373, 23.369883, 0.0], [85.366302, 23.369869, 0.0], [85.366254, 23.369833, 0.0], [85.366183, 23.369809, 0.0], [85.366163, 23.369811, 0.0], [85.36613, 23.369812, 0.0], [85.366062, 23.369821, 0.0], [85.365917, 23.369854, 0.0], [85.365716, 23.369902, 0.0], [85.365618, 23.369921, 0.0], [85.365475, 23.369952, 0.0], [85.365397, 23.36998, 0.0], [85.365341, 23.370013, 0.0], [85.365301, 23.370047, 0.0], [85.365239, 23.370079, 0.0], [85.364978, 23.370159, 0.0], [85.364927, 23.370176, 0.0], [85.364888, 23.3702, 0.0], [85.364866, 23.370241, 0.0], [85.36486, 23.370306, 0.0], [85.364879, 23.370411, 0.0], [85.364884, 23.370452, 0.0], [85.364686, 23.370747, 0.0], [85.36457, 23.37091, 0.0], [85.364461, 23.371148, 0.0], [85.364317, 23.37128, 0.0], [85.364171, 23.371341, 0.0], [85.3642, 23.371535, 0.0], [85.364191, 23.371713, 0.0], [85.363797, 23.371702, 0.0], [85.363533, 23.371745, 0.0], [85.363533, 23.371788, 0.0], [85.363529, 23.371848, 0.0], [85.363563, 23.371998, 0.0], [85.363577, 23.372106, 0.0], [85.363704, 23.372364, 0.0], [85.363932, 23.372772, 0.0], [85.36406, 23.372857, 0.0], [85.364189, 23.372913, 0.0], [85.364273, 23.372925, 0.0], [85.36435, 23.372986, 0.0], [85.364392, 23.373207, 0.0], [85.364426, 23.373602, 0.0], [85.36447, 23.373716, 0.0], [85.364482, 23.373788, 0.0], [85.364512, 23.373967, 0.0], [85.364562, 23.374117, 0.0], [85.365121, 23.375503, 0.0], [85.365503, 23.37657, 0.0], [85.365554, 23.376642, 0.0], [85.36563, 23.376751, 0.0], [85.365685, 23.377032, 0.0], [85.365464, 23.377077, 0.0], [85.36553, 23.377214, 0.0], [85.365572, 23.377279, 0.0], [85.365628, 23.377423, 0.0], [85.365681, 23.377552, 0.0], [85.365703, 23.377671, 0.0], [85.365713, 23.377779, 0.0], [85.365708, 23.377911, 0.0], [85.365671, 23.378022, 0.0], [85.365639, 23.378082, 0.0], [85.365584, 23.378168, 0.0], [85.365548, 23.378228, 0.0], [85.365536, 23.378303, 0.0], [85.365535, 23.378368, 0.0], [85.365572, 23.378526, 0.0], [85.365523, 23.378698, 0.0], [85.365502, 23.378986, 0.0], [85.3655, 23.37913, 0.0], [85.365529, 23.379283, 0.0], [85.365569, 23.379369, 0.0], [85.365693, 23.379428, 0.0], [85.365744, 23.379476, 0.0], [85.366046, 23.379563, 0.0], [85.366136, 23.379864, 0.0], [85.366165, 23.380043, 0.0], [85.366193, 23.380265, 0.0], [85.366209, 23.380365, 0.0], [85.365984, 23.380426, 0.0], [85.365625, 23.380467, 0.0], [85.365319, 23.380501, 0.0], [85.365091, 23.380527, 0.0], [85.365076, 23.380461, 0.0], [85.365033, 23.380357, 0.0], [85.365, 23.380335, 0.0], [85.364572, 23.3804, 0.0], [85.364354, 23.380435, 0.0], [85.364287, 23.380479, 0.0], [85.364187, 23.380518, 0.0], [85.364212, 23.380766, 0.0], [85.364147, 23.380871, 0.0], [85.364054, 23.381021, 0.0], [85.363918, 23.381274, 0.0], [85.363875, 23.381391, 0.0], [85.36324, 23.381426, 0.0], [85.362962, 23.381447, 0.0], [85.361982, 23.381682, 0.0], [85.361748, 23.381769, 0.0], [85.361623, 23.381899, 0.0], [85.361531, 23.382048, 0.0], [85.361399, 23.382261, 0.0], [85.361339, 23.382344, 0.0], [85.361207, 23.382558, 0.0], [85.361097, 23.382587, 0.0], [85.360929, 23.382585, 0.0], [85.360703, 23.382523, 0.0], [85.360555, 23.382456, 0.0], [85.360414, 23.38237, 0.0], [85.360194, 23.382326, 0.0], [85.36002, 23.382301, 0.0], [85.359838, 23.382317, 0.0], [85.359692, 23.382136, 0.0], [85.359628, 23.382099, 0.0], [85.359216, 23.382117, 0.0], [85.358999, 23.382091, 0.0], [85.35867, 23.38205, 0.0], [85.358583, 23.382042, 0.0], [85.358508, 23.38202, 0.0], [85.358432, 23.382005, 0.0], [85.358306, 23.381983, 0.0], [85.358231, 23.38196, 0.0], [85.358209, 23.382051, 0.0], [85.358213, 23.38207, 0.0], [85.358125, 23.382083, 0.0], [85.357946, 23.38212, 0.0], [85.35786, 23.382138, 0.0], [85.357613, 23.382197, 0.0], [85.357419, 23.382245, 0.0], [85.357302, 23.382249, 0.0], [85.357241, 23.382248, 0.0], [85.357159, 23.38226, 0.0], [85.35695, 23.382333, 0.0], [85.35677, 23.382406, 0.0], [85.356662, 23.382445, 0.0], [85.356636, 23.382455, 0.0], [85.356518, 23.38247, 0.0], [85.356391, 23.382457, 0.0], [85.356187, 23.382439, 0.0], [85.356038, 23.382431, 0.0], [85.355989, 23.382437, 0.0], [85.355852, 23.382452, 0.0], [85.355751, 23.382464, 0.0], [85.355569, 23.382486, 0.0], [85.355344, 23.382495, 0.0], [85.355171, 23.38249, 0.0], [85.355027, 23.382468, 0.0], [85.35496, 23.382447, 0.0], [85.354869, 23.382452, 0.0], [85.354688, 23.38246, 0.0], [85.354602, 23.382468, 0.0], [85.35438, 23.382489, 0.0], [85.354099, 23.382515, 0.0], [85.353887, 23.382537, 0.0], [85.353646, 23.382592, 0.0], [85.353413, 23.382668, 0.0], [85.353198, 23.382709, 0.0], [85.353054, 23.382718, 0.0], [85.352927, 23.382734, 0.0], [85.35271, 23.382778, 0.0], [85.352589, 23.382812, 0.0], [85.352406, 23.382863, 0.0], [85.351871, 23.38299, 0.0], [85.351799, 23.382989, 0.0], [85.351754, 23.382968, 0.0], [85.351704, 23.382926, 0.0], [85.351643, 23.382898, 0.0], [85.351539, 23.382889, 0.0], [85.351413, 23.3829, 0.0], [85.351216, 23.38294, 0.0], [85.351013, 23.382984, 0.0], [85.350988, 23.382913, 0.0], [85.350949, 23.382801, 0.0], [85.35035, 23.383046, 0.0]]]}}, {"type": "Feature", "properties": {"ward_no": 19, "ward_name": "WARD 19", "ulb": "Ranchi Municipal Corporation", "district": "Ranchi", "state": "Jharkhand"}, "geometry": {"type": "Polygon", "coordinates": [[[85.336844, 23.392992, 0.0], [85.336863, 23.393056, 0.0], [85.336783, 23.393071, 0.0], [85.336305, 23.393177, 0.0], [85.336289, 23.393182, 0.0], [85.336274, 23.393189, 0.0], [85.336261, 23.393199, 0.0], [85.336249, 23.393211, 0.0], [85.336213, 23.393257, 0.0], [85.336065, 23.393104, 0.0], [85.335968, 23.393055, 0.0], [85.335718, 23.393012, 0.0], [85.335567, 23.392991, 0.0], [85.335468, 23.392989, 0.0], [85.335362, 23.392987, 0.0], [85.335186, 23.392983, 0.0], [85.335039, 23.39298, 0.0], [85.334791, 23.392968, 0.0], [85.334538, 23.392948, 0.0], [85.334313, 23.392928, 0.0], [85.334145, 23.392901, 0.0], [85.333986, 23.392862, 0.0], [85.333786, 23.392793, 0.0], [85.333636, 23.392734, 0.0], [85.333483, 23.392688, 0.0], [85.33339, 23.392727, 0.0], [85.333226, 23.392812, 0.0], [85.333224, 23.392812, 0.0], [85.333114, 23.392636, 0.0], [85.332813, 23.391961, 0.0], [85.332643, 23.391579, 0.0], [85.33202, 23.390247, 0.0], [85.331923, 23.389966, 0.0], [85.331778, 23.389691, 0.0], [85.331638, 23.389299, 0.0], [85.331453, 23.388816, 0.0], [85.331343, 23.388386, 0.0], [85.331292, 23.388253, 0.0], [85.331247, 23.388279, 0.0], [85.330972, 23.388303, 0.0], [85.330424, 23.388232, 0.0], [85.330362, 23.388225, 0.0], [85.330051, 23.388115, 0.0], [85.3295, 23.387556, 0.0], [85.328551, 23.386539, 0.0], [85.328307, 23.386247, 0.0], [85.327666, 23.385606, 0.0], [85.327021, 23.385216, 0.0], [85.326239, 23.38483, 0.0], [85.324829, 23.384204, 0.0], [85.324798, 23.383222, 0.0], [85.324794, 23.383096, 0.0], [85.324722, 23.382067, 0.0], [85.324702, 23.381747, 0.0], [85.324689, 23.381532, 0.0], [85.32462, 23.38085, 0.0], [85.324582, 23.380474, 0.0], [85.324576, 23.38038, 0.0], [85.324569, 23.380276, 0.0], [85.324571, 23.380119, 0.0], [85.324565, 23.379986, 0.0], [85.324586, 23.379886, 0.0], [85.324622, 23.379797, 0.0], [85.324682, 23.379658, 0.0], [85.324757, 23.379526, 0.0], [85.324845, 23.379345, 0.0], [85.324865, 23.379305, 0.0], [85.324938, 23.379156, 0.0], [85.324944, 23.379143, 0.0], [85.324997, 23.379034, 0.0], [85.325293, 23.379031, 0.0], [85.325335, 23.379033, 0.0], [85.325662, 23.379049, 0.0], [85.325838, 23.379048, 0.0], [85.326017, 23.379018, 0.0], [85.326208, 23.378966, 0.0], [85.326403, 23.378889, 0.0], [85.326586, 23.378816, 0.0], [85.326793, 23.378732, 0.0], [85.327043, 23.378634, 0.0], [85.327308, 23.378523, 0.0], [85.32762, 23.378386, 0.0], [85.327878, 23.378281, 0.0], [85.328205, 23.378159, 0.0], [85.328361, 23.378102, 0.0], [85.328334, 23.378021, 0.0], [85.32881, 23.377785, 0.0], [85.329042, 23.377706, 0.0], [85.330812, 23.377054, 0.0], [85.331365, 23.376798, 0.0], [85.332177, 23.376515, 0.0], [85.33235, 23.377022, 0.0], [85.332417, 23.377295, 0.0], [85.332479, 23.377607, 0.0], [85.332463, 23.377919, 0.0], [85.332675, 23.377911, 0.0], [85.332796, 23.377893, 0.0], [85.332824, 23.378022, 0.0], [85.332962, 23.378382, 0.0], [85.333, 23.378447, 0.0], [85.333014, 23.378471, 0.0], [85.333048, 23.37853, 0.0], [85.333131, 23.378631, 0.0], [85.333269, 23.378938, 0.0], [85.333348, 23.379144, 0.0], [85.333399, 23.379238, 0.0], [85.333449, 23.379312, 0.0], [85.333498, 23.379347, 0.0], [85.33353, 23.379355, 0.0], [85.33355, 23.379371, 0.0], [85.333616, 23.379543, 0.0], [85.333681, 23.379721, 0.0], [85.33373, 23.379798, 0.0], [85.333791, 23.37984, 0.0], [85.333864, 23.379857, 0.0], [85.333917, 23.37987, 0.0], [85.334086, 23.379919, 0.0], [85.334215, 23.379969, 0.0], [85.334294, 23.38001, 0.0], [85.334335, 23.38003, 0.0], [85.334443, 23.380086, 0.0], [85.334546, 23.380146, 0.0], [85.334683, 23.380217, 0.0], [85.334738, 23.380232, 0.0], [85.334822, 23.380206, 0.0], [85.334975, 23.380196, 0.0], [85.335077, 23.38018, 0.0], [85.335158, 23.380121, 0.0], [85.33521, 23.380073, 0.0], [85.335239, 23.380059, 0.0], [85.335345, 23.380006, 0.0], [85.335595, 23.379894, 0.0], [85.335687, 23.379849, 0.0], [85.335792, 23.379796, 0.0], [85.33603, 23.379646, 0.0], [85.336163, 23.37955, 0.0], [85.336258, 23.379467, 0.0], [85.336322, 23.379434, 0.0], [85.336424, 23.379415, 0.0], [85.336527, 23.379406, 0.0], [85.336653, 23.379382, 0.0], [85.336767, 23.379391, 0.0], [85.336855, 23.379409, 0.0], [85.336938, 23.379404, 0.0], [85.337071, 23.379401, 0.0], [85.337203, 23.3794, 0.0], [85.337336, 23.379399, 0.0], [85.33747, 23.379387, 0.0], [85.337604, 23.379375, 0.0], [85.33777, 23.379377, 0.0], [85.337936, 23.379379, 0.0], [85.338101, 23.37938, 0.0], [85.338255, 23.379373, 0.0], [85.338409, 23.379366, 0.0], [85.338513, 23.37938, 0.0], [85.338617, 23.379395, 0.0], [85.338755, 23.379518, 0.0], [85.338893, 23.379644, 0.0], [85.338971, 23.379708, 0.0], [85.33905, 23.379774, 0.0], [85.339208, 23.379826, 0.0], [85.339366, 23.379879, 0.0], [85.33946, 23.379939, 0.0], [85.339554, 23.380001, 0.0], [85.339652, 23.38007, 0.0], [85.339751, 23.380141, 0.0], [85.339825, 23.380209, 0.0], [85.339898, 23.38028, 0.0], [85.340022, 23.380326, 0.0], [85.340145, 23.380373, 0.0], [85.340304, 23.38042, 0.0], [85.340462, 23.380469, 0.0], [85.340555, 23.38058, 0.0], [85.340648, 23.380692, 0.0], [85.340746, 23.380817, 0.0], [85.340844, 23.380942, 0.0], [85.340942, 23.38107, 0.0], [85.34105, 23.381195, 0.0], [85.341157, 23.381321, 0.0], [85.341285, 23.381412, 0.0], [85.341413, 23.381506, 0.0], [85.341542, 23.38158, 0.0], [85.34167, 23.381656, 0.0], [85.341842, 23.381739, 0.0], [85.342015, 23.381824, 0.0], [85.342153, 23.381932, 0.0], [85.342288, 23.382039, 0.0], [85.34213, 23.382184, 0.0], [85.341921, 23.382182, 0.0], [85.341668, 23.382385, 0.0], [85.341373, 23.382549, 0.0], [85.341092, 23.382726, 0.0], [85.34088, 23.382918, 0.0], [85.340613, 23.383071, 0.0], [85.340333, 23.383183, 0.0], [85.339999, 23.383114, 0.0], [85.339677, 23.383201, 0.0], [85.339368, 23.383417, 0.0], [85.339142, 23.383609, 0.0], [85.338891, 23.38362, 0.0], [85.33857, 23.383641, 0.0], [85.338292, 23.383548, 0.0], [85.337901, 23.383647, 0.0], [85.337676, 23.383735, 0.0], [85.33734, 23.383836, 0.0], [85.337101, 23.384063, 0.0], [85.336821, 23.384164, 0.0], [85.336597, 23.384227, 0.0], [85.336274, 23.384364, 0.0], [85.336005, 23.384659, 0.0], [85.335877, 23.38489, 0.0], [85.335886, 23.385315, 0.0], [85.335963, 23.385792, 0.0], [85.335959, 23.386128, 0.0], [85.335929, 23.386347, 0.0], [85.335852, 23.386874, 0.0], [85.335807, 23.387145, 0.0], [85.335676, 23.387595, 0.0], [85.335504, 23.387941, 0.0], [85.335449, 23.388216, 0.0], [85.335662, 23.388245, 0.0], [85.335995, 23.388269, 0.0], [85.336255, 23.388302, 0.0], [85.336239, 23.388345, 0.0], [85.33618, 23.388576, 0.0], [85.336138, 23.388847, 0.0], [85.33603, 23.389191, 0.0], [85.335976, 23.389423, 0.0], [85.336012, 23.389772, 0.0], [85.336058, 23.389999, 0.0], [85.336146, 23.390304, 0.0], [85.336161, 23.390356, 0.0], [85.336178, 23.390416, 0.0], [85.336281, 23.390812, 0.0], [85.336368, 23.391178, 0.0], [85.336518, 23.391688, 0.0], [85.336596, 23.392009, 0.0], [85.336619, 23.392148, 0.0], [85.336655, 23.392363, 0.0], [85.336684, 23.392479, 0.0], [85.336689, 23.392499, 0.0], [85.336844, 23.392992, 0.0]]]}}, {"type": "Feature", "properties": {"ward_no": 20, "ward_name": "WARD 20", "ulb": "Ranchi Municipal Corporation", "district": "Ranchi", "state": "Jharkhand"}, "geometry": {"type": "Polygon", "coordinates": [[[85.324794, 23.383096, 0.0], [85.324798, 23.383222, 0.0], [85.324829, 23.384204, 0.0], [85.324654, 23.384127, 0.0], [85.323601, 23.383795, 0.0], [85.322359, 23.383414, 0.0], [85.321082, 23.382985, 0.0], [85.319823, 23.382635, 0.0], [85.319721, 23.382984, 0.0], [85.319645, 23.383251, 0.0], [85.319594, 23.383443, 0.0], [85.319619, 23.383587, 0.0], [85.319309, 23.383568, 0.0], [85.318792, 23.383579, 0.0], [85.317801, 23.383615, 0.0], [85.317066, 23.383616, 0.0], [85.316115, 23.383627, 0.0], [85.315621, 23.383664, 0.0], [85.315593, 23.383359, 0.0], [85.315565, 23.382955, 0.0], [85.315554, 23.382589, 0.0], [85.315512, 23.382263, 0.0], [85.31549, 23.381994, 0.0], [85.315484, 23.381705, 0.0], [85.315535, 23.381469, 0.0], [85.315698, 23.381188, 0.0], [85.315784, 23.381063, 0.0], [85.315825, 23.38105, 0.0], [85.31602, 23.38074, 0.0], [85.316412, 23.380194, 0.0], [85.316484, 23.380088, 0.0], [85.316534, 23.380015, 0.0], [85.316524, 23.38, 0.0], [85.316516, 23.379993, 0.0], [85.31649, 23.379881, 0.0], [85.316457, 23.379764, 0.0], [85.316395, 23.379527, 0.0], [85.316366, 23.379398, 0.0], [85.31633, 23.37927, 0.0], [85.316287, 23.379145, 0.0], [85.316237, 23.379021, 0.0], [85.316181, 23.378901, 0.0], [85.316117, 23.378783, 0.0], [85.316109, 23.37877, 0.0], [85.316072, 23.378781, 0.0], [85.316008, 23.378787, 0.0], [85.315874, 23.378549, 0.0], [85.31564, 23.378178, 0.0], [85.3156, 23.378115, 0.0], [85.315208, 23.377729, 0.0], [85.314838, 23.377253, 0.0], [85.314715, 23.377098, 0.0], [85.314453, 23.376373, 0.0], [85.314362, 23.375833, 0.0], [85.314248, 23.375233, 0.0], [85.313979, 23.374228, 0.0], [85.313848, 23.37387, 0.0], [85.31431, 23.373662, 0.0], [85.31493, 23.373342, 0.0], [85.315371, 23.373087, 0.0], [85.315636, 23.372959, 0.0], [85.315825, 23.372877, 0.0], [85.316158, 23.372791, 0.0], [85.316465, 23.372681, 0.0], [85.316739, 23.372594, 0.0], [85.316875, 23.372575, 0.0], [85.317343, 23.372467, 0.0], [85.317712, 23.372405, 0.0], [85.317963, 23.372406, 0.0], [85.318247, 23.372314, 0.0], [85.318274, 23.372303, 0.0], [85.318518, 23.372263, 0.0], [85.31881, 23.372167, 0.0], [85.319216, 23.372042, 0.0], [85.319498, 23.371951, 0.0], [85.319761, 23.37185, 0.0], [85.319945, 23.371757, 0.0], [85.320022, 23.371746, 0.0], [85.320017, 23.371708, 0.0], [85.320251, 23.371464, 0.0], [85.320472, 23.37123, 0.0], [85.320613, 23.371046, 0.0], [85.320673, 23.370931, 0.0], [85.3207, 23.370817, 0.0], [85.320702, 23.370593, 0.0], [85.320685, 23.370286, 0.0], [85.320632, 23.369847, 0.0], [85.32061, 23.369545, 0.0], [85.320567, 23.369199, 0.0], [85.320564, 23.368896, 0.0], [85.320587, 23.368447, 0.0], [85.320596, 23.368224, 0.0], [85.320668, 23.36796, 0.0], [85.320697, 23.367636, 0.0], [85.320736, 23.367632, 0.0], [85.320771, 23.367346, 0.0], [85.320773, 23.367329, 0.0], [85.320777, 23.367292, 0.0], [85.32078, 23.367276, 0.0], [85.322626, 23.367034, 0.0], [85.324631, 23.366773, 0.0], [85.324806, 23.36675, 0.0], [85.324768, 23.366876, 0.0], [85.324751, 23.367115, 0.0], [85.324705, 23.367789, 0.0], [85.324857, 23.368617, 0.0], [85.324937, 23.369517, 0.0], [85.324979, 23.369763, 0.0], [85.325038, 23.370035, 0.0], [85.324634, 23.370211, 0.0], [85.323753, 23.370671, 0.0], [85.32324, 23.370933, 0.0], [85.323297, 23.371007, 0.0], [85.323334, 23.371153, 0.0], [85.323367, 23.371282, 0.0], [85.323398, 23.371384, 0.0], [85.323428, 23.371521, 0.0], [85.323459, 23.371653, 0.0], [85.323481, 23.371766, 0.0], [85.323486, 23.371791, 0.0], [85.323517, 23.371926, 0.0], [85.323486, 23.372004, 0.0], [85.323387, 23.372169, 0.0], [85.323318, 23.372295, 0.0], [85.323189, 23.372477, 0.0], [85.323082, 23.372599, 0.0], [85.322945, 23.372791, 0.0], [85.322815, 23.372925, 0.0], [85.322693, 23.373081, 0.0], [85.322548, 23.37324, 0.0], [85.322395, 23.373384, 0.0], [85.322266, 23.373545, 0.0], [85.322189, 23.373644, 0.0], [85.322144, 23.373703, 0.0], [85.322067, 23.373823, 0.0], [85.321953, 23.373953, 0.0], [85.321777, 23.374079, 0.0], [85.321655, 23.374189, 0.0], [85.321495, 23.374287, 0.0], [85.321365, 23.374371, 0.0], [85.32119, 23.374475, 0.0], [85.320946, 23.374544, 0.0], [85.320831, 23.374582, 0.0], [85.320356, 23.37474, 0.0], [85.320148, 23.375102, 0.0], [85.319882, 23.375691, 0.0], [85.319038, 23.37726, 0.0], [85.318879, 23.377561, 0.0], [85.318498, 23.37828, 0.0], [85.318703, 23.378397, 0.0], [85.319079, 23.378595, 0.0], [85.319443, 23.37873, 0.0], [85.319724, 23.378775, 0.0], [85.319959, 23.378813, 0.0], [85.320273, 23.378853, 0.0], [85.320609, 23.378895, 0.0], [85.320819, 23.378921, 0.0], [85.320872, 23.378926, 0.0], [85.320993, 23.378938, 0.0], [85.32108, 23.378928, 0.0], [85.321188, 23.378916, 0.0], [85.321447, 23.378862, 0.0], [85.321865, 23.378822, 0.0], [85.322033, 23.378813, 0.0], [85.322302, 23.3788, 0.0], [85.322664, 23.378816, 0.0], [85.32277, 23.378829, 0.0], [85.322877, 23.378842, 0.0], [85.323032, 23.378885, 0.0], [85.32341, 23.378943, 0.0], [85.323457, 23.378944, 0.0], [85.323689, 23.378946, 0.0], [85.323788, 23.378947, 0.0], [85.324092, 23.37898, 0.0], [85.324405, 23.379019, 0.0], [85.324641, 23.379037, 0.0], [85.324861, 23.379036, 0.0], [85.324997, 23.379034, 0.0], [85.324944, 23.379143, 0.0], [85.324938, 23.379156, 0.0], [85.324865, 23.379305, 0.0], [85.324845, 23.379345, 0.0], [85.324757, 23.379526, 0.0], [85.324682, 23.379658, 0.0], [85.324622, 23.379797, 0.0], [85.324586, 23.379886, 0.0], [85.324565, 23.379986, 0.0], [85.324571, 23.380119, 0.0], [85.324569, 23.380276, 0.0], [85.324576, 23.38038, 0.0], [85.324582, 23.380474, 0.0], [85.32462, 23.38085, 0.0], [85.324689, 23.381532, 0.0], [85.324702, 23.381747, 0.0], [85.324722, 23.382067, 0.0], [85.324794, 23.383096, 0.0]]]}}, {"type": "Feature", "properties": {"ward_no": 17, "ward_name": "WARD 17", "ulb": "Ranchi Municipal Corporation", "district": "Ranchi", "state": "Jharkhand"}, "geometry": {"type": "Polygon", "coordinates": [[[85.340029, 23.368666, 0.0], [85.339006, 23.370795, 0.0], [85.33832, 23.371991, 0.0], [85.33825, 23.372117, 0.0], [85.338223, 23.372164, 0.0], [85.338184, 23.372159, 0.0], [85.337977, 23.372133, 0.0], [85.337543, 23.372071, 0.0], [85.337171, 23.372015, 0.0], [85.336753, 23.371948, 0.0], [85.336298, 23.371891, 0.0], [85.335884, 23.371834, 0.0], [85.335456, 23.371767, 0.0], [85.335068, 23.371706, 0.0], [85.334984, 23.371696, 0.0], [85.334885, 23.371685, 0.0], [85.334686, 23.371663, 0.0], [85.334324, 23.371617, 0.0], [85.333946, 23.371574, 0.0], [85.333572, 23.371529, 0.0], [85.333554, 23.371527, 0.0], [85.333073, 23.371469, 0.0], [85.332685, 23.371422, 0.0], [85.332666, 23.37142, 0.0], [85.332349, 23.37139, 0.0], [85.331967, 23.371343, 0.0], [85.331921, 23.371338, 0.0], [85.331847, 23.371331, 0.0], [85.331657, 23.371311, 0.0], [85.331432, 23.371298, 0.0], [85.331419, 23.371297, 0.0], [85.331412, 23.3712, 0.0], [85.331403, 23.371061, 0.0], [85.331369, 23.370932, 0.0], [85.331322, 23.370728, 0.0], [85.331278, 23.370544, 0.0], [85.331236, 23.370362, 0.0], [85.331222, 23.370268, 0.0], [85.331212, 23.370208, 0.0], [85.331171, 23.370017, 0.0], [85.331155, 23.369957, 0.0], [85.331129, 23.369861, 0.0], [85.331072, 23.369595, 0.0], [85.331021, 23.369387, 0.0], [85.331002, 23.369322, 0.0], [85.330946, 23.36913, 0.0], [85.330889, 23.36892, 0.0], [85.33084, 23.368721, 0.0], [85.330762, 23.368421, 0.0], [85.330734, 23.368312, 0.0], [85.33074, 23.368261, 0.0], [85.330726, 23.368262, 0.0], [85.330679, 23.368266, 0.0], [85.328826, 23.368398, 0.0], [85.327136, 23.368511, 0.0], [85.325488, 23.368624, 0.0], [85.325272, 23.368642, 0.0], [85.324857, 23.368617, 0.0], [85.324705, 23.367789, 0.0], [85.324751, 23.367115, 0.0], [85.324768, 23.366876, 0.0], [85.324842, 23.366633, 0.0], [85.324841, 23.366549, 0.0], [85.325128, 23.366555, 0.0], [85.325227, 23.366546, 0.0], [85.32554, 23.366518, 0.0], [85.325747, 23.366491, 0.0], [85.326, 23.36644, 0.0], [85.326279, 23.366377, 0.0], [85.326588, 23.366296, 0.0], [85.326841, 23.366216, 0.0], [85.327062, 23.366147, 0.0], [85.327287, 23.366072, 0.0], [85.327463, 23.366004, 0.0], [85.327602, 23.365926, 0.0], [85.327752, 23.365839, 0.0], [85.327884, 23.365763, 0.0], [85.328048, 23.365669, 0.0], [85.328208, 23.365573, 0.0], [85.328355, 23.365491, 0.0], [85.328492, 23.36541, 0.0], [85.328653, 23.365323, 0.0], [85.328824, 23.365221, 0.0], [85.328974, 23.365134, 0.0], [85.329119, 23.36505, 0.0], [85.329279, 23.364948, 0.0], [85.329457, 23.364845, 0.0], [85.329638, 23.364744, 0.0], [85.329791, 23.364656, 0.0], [85.329945, 23.36456, 0.0], [85.330097, 23.364489, 0.0], [85.330145, 23.364467, 0.0], [85.330141, 23.364414, 0.0], [85.330655, 23.364281, 0.0], [85.331109, 23.364176, 0.0], [85.331503, 23.364076, 0.0], [85.33191, 23.36397, 0.0], [85.332304, 23.363881, 0.0], [85.33269, 23.363854, 0.0], [85.332984, 23.363843, 0.0], [85.333362, 23.36385, 0.0], [85.333829, 23.363812, 0.0], [85.334355, 23.363793, 0.0], [85.334941, 23.363749, 0.0], [85.334963, 23.363748, 0.0], [85.334975, 23.363755, 0.0], [85.334984, 23.363796, 0.0], [85.335029, 23.364, 0.0], [85.335053, 23.36416, 0.0], [85.335074, 23.364304, 0.0], [85.335101, 23.364485, 0.0], [85.335117, 23.364598, 0.0], [85.335131, 23.364718, 0.0], [85.335143, 23.36482, 0.0], [85.33516, 23.364923, 0.0], [85.335182, 23.365014, 0.0], [85.335194, 23.365081, 0.0], [85.335203, 23.365179, 0.0], [85.335228, 23.365297, 0.0], [85.335257, 23.365448, 0.0], [85.335258, 23.365553, 0.0], [85.335261, 23.365587, 0.0], [85.335272, 23.365694, 0.0], [85.335301, 23.36584, 0.0], [85.335328, 23.365945, 0.0], [85.33535, 23.366072, 0.0], [85.335354, 23.366189, 0.0], [85.335375, 23.366328, 0.0], [85.335402, 23.366448, 0.0], [85.335416, 23.36656, 0.0], [85.33544, 23.366697, 0.0], [85.335457, 23.366783, 0.0], [85.335472, 23.366886, 0.0], [85.335493, 23.367022, 0.0], [85.335512, 23.367159, 0.0], [85.335529, 23.367242, 0.0], [85.335546, 23.367333, 0.0], [85.335566, 23.367439, 0.0], [85.335587, 23.367563, 0.0], [85.335607, 23.367678, 0.0], [85.335621, 23.367783, 0.0], [85.335635, 23.367901, 0.0], [85.335649, 23.368011, 0.0], [85.335654, 23.368022, 0.0], [85.336743, 23.367936, 0.0], [85.338127, 23.367876, 0.0], [85.33927, 23.367838, 0.0], [85.339918, 23.367764, 0.0], [85.340448, 23.367675, 0.0], [85.340029, 23.368666, 0.0]]]}}, {"type": "Feature", "properties": {"ward_no": 10, "ward_name": "WARD 10", "ulb": "Ranchi Municipal Corporation", "district": "Ranchi", "state": "Jharkhand"}, "geometry": {"type": "Polygon", "coordinates": [[[85.348365, 23.384158, 0.0], [85.34838, 23.384359, 0.0], [85.348418, 23.38482, 0.0], [85.348431, 23.385166, 0.0], [85.348281, 23.385349, 0.0], [85.348149, 23.385499, 0.0], [85.34817, 23.385838, 0.0], [85.348243, 23.386265, 0.0], [85.348342, 23.3867, 0.0], [85.348432, 23.387159, 0.0], [85.348465, 23.387353, 0.0], [85.348531, 23.387659, 0.0], [85.348571, 23.387957, 0.0], [85.348584, 23.388271, 0.0], [85.348493, 23.38855, 0.0], [85.34823, 23.388773, 0.0], [85.347992, 23.389003, 0.0], [85.347736, 23.389267, 0.0], [85.347569, 23.389457, 0.0], [85.347426, 23.389767, 0.0], [85.347309, 23.390055, 0.0], [85.347272, 23.390262, 0.0], [85.347234, 23.390467, 0.0], [85.34714, 23.390733, 0.0], [85.347064, 23.390908, 0.0], [85.346982, 23.391149, 0.0], [85.346866, 23.3914, 0.0], [85.346597, 23.391838, 0.0], [85.346433, 23.39173, 0.0], [85.346034, 23.391466, 0.0], [85.34576, 23.391303, 0.0], [85.345446, 23.391099, 0.0], [85.345087, 23.390894, 0.0], [85.344767, 23.390683, 0.0], [85.344293, 23.390418, 0.0], [85.34403, 23.390298, 0.0], [85.343636, 23.390093, 0.0], [85.343269, 23.389956, 0.0], [85.342897, 23.389834, 0.0], [85.342524, 23.389736, 0.0], [85.342232, 23.389658, 0.0], [85.342077, 23.389613, 0.0], [85.341762, 23.389515, 0.0], [85.341416, 23.389406, 0.0], [85.340946, 23.389272, 0.0], [85.340458, 23.389145, 0.0], [85.340327, 23.389119, 0.0], [85.340034, 23.389045, 0.0], [85.339851, 23.388985, 0.0], [85.339547, 23.388923, 0.0], [85.339283, 23.388868, 0.0], [85.339019, 23.388807, 0.0], [85.338789, 23.388766, 0.0], [85.338411, 23.388678, 0.0], [85.338073, 23.388605, 0.0], [85.337723, 23.388538, 0.0], [85.337326, 23.388486, 0.0], [85.337005, 23.388429, 0.0], [85.336672, 23.388366, 0.0], [85.336288, 23.388306, 0.0], [85.335995, 23.388269, 0.0], [85.335662, 23.388245, 0.0], [85.335449, 23.388216, 0.0], [85.335504, 23.387941, 0.0], [85.335676, 23.387595, 0.0], [85.335807, 23.387145, 0.0], [85.335852, 23.386874, 0.0], [85.335929, 23.386347, 0.0], [85.335959, 23.386128, 0.0], [85.335963, 23.385792, 0.0], [85.335886, 23.385315, 0.0], [85.335877, 23.38489, 0.0], [85.336005, 23.384659, 0.0], [85.336274, 23.384364, 0.0], [85.336597, 23.384227, 0.0], [85.336821, 23.384164, 0.0], [85.337101, 23.384063, 0.0], [85.33734, 23.383836, 0.0], [85.337676, 23.383735, 0.0], [85.337901, 23.383647, 0.0], [85.338292, 23.383548, 0.0], [85.33857, 23.383641, 0.0], [85.338891, 23.38362, 0.0], [85.339142, 23.383609, 0.0], [85.339368, 23.383417, 0.0], [85.339677, 23.383201, 0.0], [85.339999, 23.383114, 0.0], [85.340333, 23.383183, 0.0], [85.340613, 23.383071, 0.0], [85.34088, 23.382918, 0.0], [85.341092, 23.382726, 0.0], [85.341373, 23.382549, 0.0], [85.341668, 23.382385, 0.0], [85.341921, 23.382182, 0.0], [85.34213, 23.382184, 0.0], [85.342288, 23.382039, 0.0], [85.342153, 23.381932, 0.0], [85.342015, 23.381824, 0.0], [85.341842, 23.381739, 0.0], [85.34167, 23.381656, 0.0], [85.341542, 23.38158, 0.0], [85.341413, 23.381506, 0.0], [85.341285, 23.381412, 0.0], [85.341157, 23.381321, 0.0], [85.34105, 23.381195, 0.0], [85.340942, 23.38107, 0.0], [85.340844, 23.380942, 0.0], [85.340746, 23.380817, 0.0], [85.340648, 23.380692, 0.0], [85.340555, 23.38058, 0.0], [85.340462, 23.380469, 0.0], [85.340304, 23.38042, 0.0], [85.340145, 23.380373, 0.0], [85.340022, 23.380326, 0.0], [85.339898, 23.38028, 0.0], [85.339825, 23.380209, 0.0], [85.339751, 23.380141, 0.0], [85.339652, 23.38007, 0.0], [85.339554, 23.380001, 0.0], [85.33946, 23.379939, 0.0], [85.339366, 23.379879, 0.0], [85.339208, 23.379826, 0.0], [85.33905, 23.379774, 0.0], [85.338971, 23.379708, 0.0], [85.338893, 23.379644, 0.0], [85.338755, 23.379518, 0.0], [85.338617, 23.379395, 0.0], [85.338513, 23.37938, 0.0], [85.338409, 23.379366, 0.0], [85.338255, 23.379373, 0.0], [85.338101, 23.37938, 0.0], [85.337936, 23.379379, 0.0], [85.33777, 23.379377, 0.0], [85.337604, 23.379375, 0.0], [85.33747, 23.379387, 0.0], [85.337336, 23.379399, 0.0], [85.337203, 23.3794, 0.0], [85.337071, 23.379401, 0.0], [85.336938, 23.379404, 0.0], [85.336855, 23.379409, 0.0], [85.336767, 23.379391, 0.0], [85.336653, 23.379382, 0.0], [85.336527, 23.379406, 0.0], [85.336424, 23.379415, 0.0], [85.336322, 23.379434, 0.0], [85.336258, 23.379467, 0.0], [85.336163, 23.37955, 0.0], [85.33603, 23.379646, 0.0], [85.335792, 23.379796, 0.0], [85.335687, 23.379849, 0.0], [85.335595, 23.379894, 0.0], [85.335345, 23.380006, 0.0], [85.335239, 23.380059, 0.0], [85.33521, 23.380073, 0.0], [85.335158, 23.380121, 0.0], [85.335077, 23.38018, 0.0], [85.334975, 23.380196, 0.0], [85.334822, 23.380206, 0.0], [85.334738, 23.380232, 0.0], [85.334683, 23.380217, 0.0], [85.334546, 23.380146, 0.0], [85.334443, 23.380086, 0.0], [85.334335, 23.38003, 0.0], [85.334294, 23.38001, 0.0], [85.334215, 23.379969, 0.0], [85.334086, 23.379919, 0.0], [85.333917, 23.37987, 0.0], [85.333864, 23.379857, 0.0], [85.333791, 23.37984, 0.0], [85.33373, 23.379798, 0.0], [85.333681, 23.379721, 0.0], [85.333616, 23.379543, 0.0], [85.33355, 23.379371, 0.0], [85.33353, 23.379355, 0.0], [85.333498, 23.379347, 0.0], [85.333449, 23.379312, 0.0], [85.333399, 23.379238, 0.0], [85.333348, 23.379144, 0.0], [85.333269, 23.378938, 0.0], [85.333131, 23.378631, 0.0], [85.333048, 23.37853, 0.0], [85.333014, 23.378471, 0.0], [85.333, 23.378447, 0.0], [85.332962, 23.378382, 0.0], [85.332824, 23.378022, 0.0], [85.332796, 23.377893, 0.0], [85.332675, 23.377911, 0.0], [85.332463, 23.377919, 0.0], [85.332479, 23.377607, 0.0], [85.332417, 23.377295, 0.0], [85.33235, 23.377022, 0.0], [85.332177, 23.376515, 0.0], [85.332672, 23.376343, 0.0], [85.333593, 23.375939, 0.0], [85.333985, 23.375792, 0.0], [85.335065, 23.37528, 0.0], [85.335093, 23.37526, 0.0], [85.336091, 23.374596, 0.0], [85.336627, 23.374037, 0.0], [85.337306, 23.373369, 0.0], [85.33807, 23.372438, 0.0], [85.33825, 23.372117, 0.0], [85.338863, 23.372212, 0.0], [85.339109, 23.372264, 0.0], [85.339418, 23.372335, 0.0], [85.339976, 23.372497, 0.0], [85.340617, 23.372664, 0.0], [85.341017, 23.372785, 0.0], [85.341412, 23.372891, 0.0], [85.34172, 23.372998, 0.0], [85.342148, 23.37314, 0.0], [85.342602, 23.37324, 0.0], [85.342958, 23.37335, 0.0], [85.34343, 23.373454, 0.0], [85.343849, 23.373574, 0.0], [85.344095, 23.373635, 0.0], [85.344461, 23.373725, 0.0], [85.344933, 23.373863, 0.0], [85.345203, 23.373947, 0.0], [85.345366, 23.373983, 0.0], [85.345545, 23.374021, 0.0], [85.346124, 23.374167, 0.0], [85.3466, 23.374287, 0.0], [85.347058, 23.374412, 0.0], [85.347564, 23.374575, 0.0], [85.348276, 23.374788, 0.0], [85.34895, 23.374978, 0.0], [85.349218, 23.37508, 0.0], [85.349721, 23.375234, 0.0], [85.349796, 23.375522, 0.0], [85.349896, 23.37599, 0.0], [85.349946, 23.376212, 0.0], [85.349941, 23.376627, 0.0], [85.35004, 23.37722, 0.0], [85.350036, 23.377563, 0.0], [85.350086, 23.377832, 0.0], [85.35011, 23.378054, 0.0], [85.349998, 23.378445, 0.0], [85.350015, 23.37882, 0.0], [85.350012, 23.379046, 0.0], [85.349741, 23.379122, 0.0], [85.349261, 23.379264, 0.0], [85.348798, 23.379388, 0.0], [85.348484, 23.379472, 0.0], [85.348292, 23.379527, 0.0], [85.348177, 23.379717, 0.0], [85.348122, 23.379958, 0.0], [85.348099, 23.380369, 0.0], [85.348077, 23.380721, 0.0], [85.348045, 23.381197, 0.0], [85.348031, 23.381621, 0.0], [85.348086, 23.382146, 0.0], [85.348117, 23.382435, 0.0], [85.34819, 23.382815, 0.0], [85.348272, 23.383225, 0.0], [85.348305, 23.383419, 0.0], [85.348365, 23.384158, 0.0]]]}}, {"type": "Feature", "properties": {"ward_no": 28, "ward_name": "WARD 28", "ulb": "Ranchi Municipal Corporation", "district": "Ranchi", "state": "Jharkhand"}, "geometry": {"type": "Polygon", "coordinates": [[[85.300502, 23.365859, 0.0], [85.30079, 23.365811, 0.0], [85.300886, 23.365783, 0.0], [85.300904, 23.366042, 0.0], [85.300943, 23.366442, 0.0], [85.300933, 23.36661, 0.0], [85.300937, 23.366671, 0.0], [85.300991, 23.366828, 0.0], [85.301003, 23.366988, 0.0], [85.301466, 23.366986, 0.0], [85.301639, 23.366933, 0.0], [85.301671, 23.366933, 0.0], [85.302007, 23.366923, 0.0], [85.302225, 23.366889, 0.0], [85.302442, 23.366851, 0.0], [85.302738, 23.366826, 0.0], [85.302843, 23.366819, 0.0], [85.30306, 23.36681, 0.0], [85.303302, 23.366775, 0.0], [85.303304, 23.366803, 0.0], [85.303331, 23.367134, 0.0], [85.303397, 23.367643, 0.0], [85.303423, 23.367944, 0.0], [85.303396, 23.368052, 0.0], [85.303309, 23.368254, 0.0], [85.303373, 23.368997, 0.0], [85.303445, 23.3691, 0.0], [85.303678, 23.369184, 0.0], [85.303911, 23.369353, 0.0], [85.303955, 23.369471, 0.0], [85.304111, 23.369857, 0.0], [85.304153, 23.370053, 0.0], [85.304105, 23.370227, 0.0], [85.304041, 23.370594, 0.0], [85.3044, 23.370652, 0.0], [85.30452, 23.370674, 0.0], [85.304503, 23.370728, 0.0], [85.304438, 23.370806, 0.0], [85.304446, 23.370835, 0.0], [85.304387, 23.370927, 0.0], [85.304372, 23.371157, 0.0], [85.304399, 23.371359, 0.0], [85.30446, 23.371752, 0.0], [85.304433, 23.372, 0.0], [85.304454, 23.37228, 0.0], [85.304487, 23.372479, 0.0], [85.304572, 23.372873, 0.0], [85.304606, 23.373038, 0.0], [85.304639, 23.373244, 0.0], [85.304673, 23.373412, 0.0], [85.304754, 23.373611, 0.0], [85.304858, 23.373906, 0.0], [85.304926, 23.37408, 0.0], [85.304617, 23.374193, 0.0], [85.304572, 23.37421, 0.0], [85.304557, 23.374214, 0.0], [85.304548, 23.374219, 0.0], [85.304547, 23.374219, 0.0], [85.304311, 23.374308, 0.0], [85.304166, 23.374422, 0.0], [85.304106, 23.374469, 0.0], [85.304122, 23.374474, 0.0], [85.304184, 23.374494, 0.0], [85.304231, 23.374523, 0.0], [85.304259, 23.374551, 0.0], [85.304431, 23.375192, 0.0], [85.30398, 23.375335, 0.0], [85.304081, 23.375881, 0.0], [85.304072, 23.375887, 0.0], [85.303776, 23.375898, 0.0], [85.303439, 23.375932, 0.0], [85.303468, 23.376416, 0.0], [85.303545, 23.37668, 0.0], [85.303612, 23.377002, 0.0], [85.303662, 23.377215, 0.0], [85.303673, 23.377261, 0.0], [85.303696, 23.377355, 0.0], [85.303685, 23.377479, 0.0], [85.303684, 23.377668, 0.0], [85.303649, 23.377808, 0.0], [85.303581, 23.377926, 0.0], [85.303597, 23.378075, 0.0], [85.3036, 23.378104, 0.0], [85.303595, 23.378166, 0.0], [85.303446, 23.378185, 0.0], [85.303448, 23.378224, 0.0], [85.303393, 23.378253, 0.0], [85.303385, 23.378363, 0.0], [85.303347, 23.378416, 0.0], [85.303353, 23.378494, 0.0], [85.303381, 23.378688, 0.0], [85.303338, 23.378762, 0.0], [85.30332, 23.378817, 0.0], [85.303333, 23.37889, 0.0], [85.303339, 23.378967, 0.0], [85.303339, 23.379104, 0.0], [85.303339, 23.379126, 0.0], [85.303602, 23.379083, 0.0], [85.303695, 23.379458, 0.0], [85.303762, 23.379855, 0.0], [85.303852, 23.380157, 0.0], [85.303946, 23.380487, 0.0], [85.303972, 23.38058, 0.0], [85.303976, 23.38061, 0.0], [85.30348, 23.380729, 0.0], [85.302997, 23.380832, 0.0], [85.303015, 23.380886, 0.0], [85.302667, 23.38091, 0.0], [85.301015, 23.381235, 0.0], [85.299637, 23.381446, 0.0], [85.29886, 23.381566, 0.0], [85.297842, 23.381729, 0.0], [85.297343, 23.38182, 0.0], [85.297116, 23.381712, 0.0], [85.296602, 23.381582, 0.0], [85.296506, 23.381558, 0.0], [85.296496, 23.381492, 0.0], [85.296286, 23.380984, 0.0], [85.296137, 23.380566, 0.0], [85.296089, 23.38043, 0.0], [85.295844, 23.379917, 0.0], [85.295712, 23.379538, 0.0], [85.295614, 23.37893, 0.0], [85.295542, 23.378509, 0.0], [85.295515, 23.378458, 0.0], [85.295458, 23.378409, 0.0], [85.295419, 23.37829, 0.0], [85.29578, 23.37816, 0.0], [85.295758, 23.378119, 0.0], [85.295747, 23.377985, 0.0], [85.295723, 23.377728, 0.0], [85.295697, 23.377483, 0.0], [85.29561, 23.377219, 0.0], [85.295535, 23.376956, 0.0], [85.295384, 23.376679, 0.0], [85.295258, 23.376355, 0.0], [85.295082, 23.375995, 0.0], [85.295046, 23.375732, 0.0], [85.294935, 23.37536, 0.0], [85.294847, 23.375156, 0.0], [85.294769, 23.374836, 0.0], [85.294674, 23.37445, 0.0], [85.294703, 23.374211, 0.0], [85.294719, 23.374032, 0.0], [85.294813, 23.373734, 0.0], [85.294828, 23.373567, 0.0], [85.294871, 23.373269, 0.0], [85.294827, 23.373063, 0.0], [85.294928, 23.373012, 0.0], [85.29515, 23.372896, 0.0], [85.295207, 23.37281, 0.0], [85.295409, 23.372613, 0.0], [85.295505, 23.372447, 0.0], [85.295618, 23.372097, 0.0], [85.295672, 23.371881, 0.0], [85.295393, 23.371819, 0.0], [85.295196, 23.371755, 0.0], [85.295073, 23.371667, 0.0], [85.295204, 23.371463, 0.0], [85.295327, 23.371236, 0.0], [85.295246, 23.370928, 0.0], [85.295178, 23.370637, 0.0], [85.29553, 23.370636, 0.0], [85.29566, 23.370236, 0.0], [85.295756, 23.369965, 0.0], [85.296024, 23.369667, 0.0], [85.296236, 23.369485, 0.0], [85.296291, 23.369223, 0.0], [85.296319, 23.369104, 0.0], [85.296341, 23.368387, 0.0], [85.296268, 23.368028, 0.0], [85.296384, 23.368018, 0.0], [85.296361, 23.367838, 0.0], [85.297347, 23.367646, 0.0], [85.297368, 23.366989, 0.0], [85.297705, 23.366969, 0.0], [85.297775, 23.366551, 0.0], [85.298408, 23.366373, 0.0], [85.299954, 23.3659, 0.0], [85.300187, 23.365922, 0.0], [85.300502, 23.365859, 0.0]]]}}, {"type": "Feature", "properties": {"ward_no": 26, "ward_name": "WARD 26", "ulb": "Ranchi Municipal Corporation", "district": "Ranchi", "state": "Jharkhand"}, "geometry": {"type": "Polygon", "coordinates": [[[85.311021, 23.365658, 0.0], [85.310923, 23.365998, 0.0], [85.31077, 23.36638, 0.0], [85.310605, 23.366651, 0.0], [85.310424, 23.367012, 0.0], [85.31039, 23.366679, 0.0], [85.310379, 23.366588, 0.0], [85.31034, 23.366392, 0.0], [85.310313, 23.366277, 0.0], [85.310273, 23.366171, 0.0], [85.310214, 23.36606, 0.0], [85.310121, 23.365916, 0.0], [85.310042, 23.365769, 0.0], [85.309954, 23.365616, 0.0], [85.309907, 23.365511, 0.0], [85.309854, 23.365544, 0.0], [85.309714, 23.365285, 0.0], [85.309579, 23.364956, 0.0], [85.309356, 23.364527, 0.0], [85.309174, 23.364355, 0.0], [85.308964, 23.364107, 0.0], [85.308674, 23.363786, 0.0], [85.308427, 23.363532, 0.0], [85.308108, 23.363195, 0.0], [85.307738, 23.362771, 0.0], [85.307498, 23.362549, 0.0], [85.307214, 23.362323, 0.0], [85.306835, 23.362007, 0.0], [85.306427, 23.361709, 0.0], [85.306114, 23.361462, 0.0], [85.305758, 23.361167, 0.0], [85.305284, 23.360767, 0.0], [85.304877, 23.36041, 0.0], [85.304586, 23.360177, 0.0], [85.304324, 23.359928, 0.0], [85.304157, 23.359743, 0.0], [85.30381, 23.35931, 0.0], [85.303498, 23.358975, 0.0], [85.303113, 23.358551, 0.0], [85.302794, 23.358173, 0.0], [85.302388, 23.357701, 0.0], [85.301968, 23.357234, 0.0], [85.301444, 23.356725, 0.0], [85.300923, 23.3562, 0.0], [85.300475, 23.355642, 0.0], [85.300211, 23.355424, 0.0], [85.299817, 23.355009, 0.0], [85.299749, 23.354928, 0.0], [85.299472, 23.354659, 0.0], [85.299021, 23.354222, 0.0], [85.298366, 23.353524, 0.0], [85.298295, 23.353449, 0.0], [85.297839, 23.353119, 0.0], [85.297756, 23.353059, 0.0], [85.297516, 23.352885, 0.0], [85.297371, 23.352781, 0.0], [85.29721, 23.352665, 0.0], [85.296844, 23.352399, 0.0], [85.296719, 23.352189, 0.0], [85.296399, 23.351294, 0.0], [85.296261, 23.350908, 0.0], [85.296203, 23.35074, 0.0], [85.296028, 23.350557, 0.0], [85.295924, 23.350481, 0.0], [85.295995, 23.350462, 0.0], [85.296871, 23.350376, 0.0], [85.297598, 23.350328, 0.0], [85.298014, 23.350307, 0.0], [85.298344, 23.350293, 0.0], [85.298978, 23.350277, 0.0], [85.299771, 23.350236, 0.0], [85.300234, 23.350259, 0.0], [85.300706, 23.350294, 0.0], [85.30136, 23.350342, 0.0], [85.302014, 23.350389, 0.0], [85.302702, 23.350365, 0.0], [85.303282, 23.350322, 0.0], [85.303788, 23.35028, 0.0], [85.304648, 23.350158, 0.0], [85.305035, 23.350144, 0.0], [85.305584, 23.35006, 0.0], [85.306442, 23.349941, 0.0], [85.306549, 23.349949, 0.0], [85.306928, 23.349876, 0.0], [85.30723, 23.349791, 0.0], [85.307628, 23.349734, 0.0], [85.308057, 23.349739, 0.0], [85.30812, 23.349742, 0.0], [85.308322, 23.350085, 0.0], [85.308431, 23.350086, 0.0], [85.308512, 23.350391, 0.0], [85.30853, 23.35046, 0.0], [85.308603, 23.350743, 0.0], [85.308803, 23.350738, 0.0], [85.30885, 23.351342, 0.0], [85.308831, 23.351442, 0.0], [85.308731, 23.351504, 0.0], [85.308846, 23.352268, 0.0], [85.308937, 23.352409, 0.0], [85.309006, 23.35252, 0.0], [85.309151, 23.352903, 0.0], [85.308632, 23.353058, 0.0], [85.308762, 23.353464, 0.0], [85.308782, 23.353529, 0.0], [85.30896, 23.354084, 0.0], [85.309059, 23.354435, 0.0], [85.30909, 23.354698, 0.0], [85.308556, 23.3547, 0.0], [85.308098, 23.354538, 0.0], [85.307991, 23.3545, 0.0], [85.307927, 23.354671, 0.0], [85.307893, 23.354762, 0.0], [85.307785, 23.355051, 0.0], [85.307617, 23.355564, 0.0], [85.307503, 23.355902, 0.0], [85.307358, 23.356327, 0.0], [85.307198, 23.35677, 0.0], [85.307274, 23.357004, 0.0], [85.307442, 23.357378, 0.0], [85.307686, 23.357927, 0.0], [85.308029, 23.358407, 0.0], [85.308124, 23.358645, 0.0], [85.308475, 23.359419, 0.0], [85.308495, 23.359462, 0.0], [85.308731, 23.35998, 0.0], [85.309042, 23.360662, 0.0], [85.309416, 23.361512, 0.0], [85.30954, 23.361793, 0.0], [85.309866, 23.362535, 0.0], [85.31002, 23.362874, 0.0], [85.310571, 23.364083, 0.0], [85.310751, 23.364476, 0.0], [85.310754, 23.364486, 0.0], [85.310663, 23.364525, 0.0], [85.310777, 23.364942, 0.0], [85.310917, 23.364993, 0.0], [85.310948, 23.365072, 0.0], [85.311058, 23.365403, 0.0], [85.311021, 23.365658, 0.0]]]}}, {"type": "Feature", "properties": {"ward_no": 24, "ward_name": "WARD 24", "ulb": "Ranchi Municipal Corporation", "district": "Ranchi", "state": "Jharkhand"}, "geometry": {"type": "Polygon", "coordinates": [[[85.314636, 23.36083, 0.0], [85.314415, 23.360809, 0.0], [85.31427, 23.360783, 0.0], [85.314156, 23.360762, 0.0], [85.313838, 23.36059, 0.0], [85.313782, 23.360584, 0.0], [85.313179, 23.360678, 0.0], [85.313118, 23.360369, 0.0], [85.313057, 23.359985, 0.0], [85.312988, 23.359562, 0.0], [85.312973, 23.359402, 0.0], [85.312935, 23.359152, 0.0], [85.312897, 23.358908, 0.0], [85.312859, 23.358656, 0.0], [85.312861, 23.358561, 0.0], [85.312863, 23.358499, 0.0], [85.312866, 23.358351, 0.0], [85.312775, 23.358353, 0.0], [85.31278, 23.358186, 0.0], [85.31279, 23.357914, 0.0], [85.31282, 23.357286, 0.0], [85.312421, 23.356927, 0.0], [85.312416, 23.356922, 0.0], [85.312611, 23.356703, 0.0], [85.312864, 23.356404, 0.0], [85.313212, 23.355993, 0.0], [85.313367, 23.35581, 0.0], [85.31354, 23.355599, 0.0], [85.314346, 23.354622, 0.0], [85.315048, 23.35379, 0.0], [85.315087, 23.353744, 0.0], [85.315409, 23.353333, 0.0], [85.315418, 23.353322, 0.0], [85.315587, 23.353123, 0.0], [85.315737, 23.352967, 0.0], [85.315816, 23.352889, 0.0], [85.315917, 23.352822, 0.0], [85.316156, 23.352649, 0.0], [85.316391, 23.352485, 0.0], [85.316571, 23.352359, 0.0], [85.316611, 23.352327, 0.0], [85.316615, 23.352299, 0.0], [85.316593, 23.352223, 0.0], [85.316533, 23.352015, 0.0], [85.316462, 23.351806, 0.0], [85.31641, 23.351633, 0.0], [85.316361, 23.351472, 0.0], [85.316297, 23.351281, 0.0], [85.316258, 23.351166, 0.0], [85.315547, 23.351034, 0.0], [85.315199, 23.35097, 0.0], [85.314863, 23.350885, 0.0], [85.314451, 23.350792, 0.0], [85.314145, 23.35073, 0.0], [85.313698, 23.350633, 0.0], [85.31338, 23.350575, 0.0], [85.312933, 23.350474, 0.0], [85.312643, 23.350382, 0.0], [85.312645, 23.350378, 0.0], [85.312647, 23.350376, 0.0], [85.312683, 23.350342, 0.0], [85.31279, 23.350216, 0.0], [85.312935, 23.349916, 0.0], [85.313004, 23.349762, 0.0], [85.313034, 23.349529, 0.0], [85.313095, 23.349232, 0.0], [85.313255, 23.348632, 0.0], [85.313335, 23.348471, 0.0], [85.31346, 23.348234, 0.0], [85.313502, 23.348043, 0.0], [85.313675, 23.347621, 0.0], [85.313734, 23.347544, 0.0], [85.313936, 23.347468, 0.0], [85.31393, 23.347403, 0.0], [85.313609, 23.347238, 0.0], [85.313881, 23.346618, 0.0], [85.314543, 23.347005, 0.0], [85.315379, 23.34736, 0.0], [85.316214, 23.347757, 0.0], [85.3172, 23.348142, 0.0], [85.317964, 23.348275, 0.0], [85.318322, 23.348308, 0.0], [85.318895, 23.348393, 0.0], [85.319765, 23.348438, 0.0], [85.32041, 23.348466, 0.0], [85.321862, 23.348594, 0.0], [85.323092, 23.348648, 0.0], [85.323857, 23.348713, 0.0], [85.324298, 23.348771, 0.0], [85.326186, 23.348847, 0.0], [85.32637, 23.348867, 0.0], [85.326364, 23.348882, 0.0], [85.326188, 23.349257, 0.0], [85.326062, 23.34954, 0.0], [85.325867, 23.349951, 0.0], [85.325854, 23.350009, 0.0], [85.32565, 23.350524, 0.0], [85.325321, 23.351288, 0.0], [85.325151, 23.351727, 0.0], [85.325072, 23.352001, 0.0], [85.324862, 23.352421, 0.0], [85.324685, 23.352882, 0.0], [85.324466, 23.353573, 0.0], [85.324376, 23.353836, 0.0], [85.324371, 23.353832, 0.0], [85.324304, 23.353837, 0.0], [85.322548, 23.353971, 0.0], [85.322495, 23.353981, 0.0], [85.321159, 23.354143, 0.0], [85.321106, 23.35415, 0.0], [85.320934, 23.354461, 0.0], [85.320805, 23.354791, 0.0], [85.320647, 23.355108, 0.0], [85.320509, 23.355355, 0.0], [85.320395, 23.355623, 0.0], [85.31998, 23.355698, 0.0], [85.319927, 23.355611, 0.0], [85.319744, 23.355674, 0.0], [85.319593, 23.355665, 0.0], [85.319491, 23.3557, 0.0], [85.319458, 23.355764, 0.0], [85.319511, 23.356052, 0.0], [85.319443, 23.356094, 0.0], [85.319155, 23.356189, 0.0], [85.319107, 23.356205, 0.0], [85.319089, 23.356207, 0.0], [85.319091, 23.356213, 0.0], [85.319196, 23.356539, 0.0], [85.319258, 23.356903, 0.0], [85.319261, 23.357161, 0.0], [85.319276, 23.357362, 0.0], [85.319363, 23.357711, 0.0], [85.319371, 23.357745, 0.0], [85.318733, 23.357828, 0.0], [85.318565, 23.357801, 0.0], [85.31837, 23.357934, 0.0], [85.318275, 23.357999, 0.0], [85.318214, 23.35804, 0.0], [85.3181, 23.358089, 0.0], [85.31797, 23.358147, 0.0], [85.317741, 23.358259, 0.0], [85.317574, 23.358416, 0.0], [85.317368, 23.358519, 0.0], [85.317192, 23.358603, 0.0], [85.316841, 23.358932, 0.0], [85.316513, 23.359287, 0.0], [85.316277, 23.35915, 0.0], [85.316177, 23.359541, 0.0], [85.316055, 23.359667, 0.0], [85.31575, 23.359694, 0.0], [85.31575, 23.359619, 0.0], [85.315414, 23.359577, 0.0], [85.315353, 23.359581, 0.0], [85.315292, 23.359564, 0.0], [85.314819, 23.359529, 0.0], [85.314796, 23.359606, 0.0], [85.314751, 23.359774, 0.0], [85.314674, 23.360128, 0.0], [85.314545, 23.36013, 0.0], [85.314545, 23.360294, 0.0], [85.314606, 23.36047, 0.0], [85.314636, 23.36083, 0.0]]]}}, {"type": "Feature", "properties": {"ward_no": 22, "ward_name": "WARD 22", "ulb": "Ranchi Municipal Corporation", "district": "Ranchi", "state": "Jharkhand"}, "geometry": {"type": "Polygon", "coordinates": [[[85.324929, 23.365742, 0.0], [85.324885, 23.366044, 0.0], [85.324839, 23.366382, 0.0], [85.324841, 23.366549, 0.0], [85.324842, 23.366633, 0.0], [85.324806, 23.36675, 0.0], [85.324631, 23.366773, 0.0], [85.322626, 23.367034, 0.0], [85.32078, 23.367276, 0.0], [85.320755, 23.367085, 0.0], [85.320564, 23.366997, 0.0], [85.320496, 23.366913, 0.0], [85.320382, 23.366839, 0.0], [85.320045, 23.366644, 0.0], [85.319803, 23.366525, 0.0], [85.319627, 23.366389, 0.0], [85.319484, 23.366235, 0.0], [85.319482, 23.366233, 0.0], [85.319424, 23.366154, 0.0], [85.319424, 23.366153, 0.0], [85.319375, 23.366147, 0.0], [85.31922, 23.365981, 0.0], [85.319178, 23.365854, 0.0], [85.318983, 23.365606, 0.0], [85.31883, 23.36543, 0.0], [85.318607, 23.365389, 0.0], [85.318216, 23.36543, 0.0], [85.318039, 23.365517, 0.0], [85.317578, 23.365573, 0.0], [85.317264, 23.36563, 0.0], [85.316991, 23.36576, 0.0], [85.316693, 23.365981, 0.0], [85.316451, 23.366314, 0.0], [85.316203, 23.366691, 0.0], [85.316019, 23.366998, 0.0], [85.315794, 23.367107, 0.0], [85.315581, 23.367122, 0.0], [85.31555, 23.367057, 0.0], [85.315411, 23.366786, 0.0], [85.315369, 23.3667, 0.0], [85.31513, 23.366307, 0.0], [85.314971, 23.366222, 0.0], [85.314659, 23.366065, 0.0], [85.314455, 23.365945, 0.0], [85.314339, 23.365912, 0.0], [85.314327, 23.365802, 0.0], [85.314228, 23.365521, 0.0], [85.314108, 23.365384, 0.0], [85.313974, 23.365317, 0.0], [85.313802, 23.365216, 0.0], [85.313644, 23.365043, 0.0], [85.313422, 23.36488, 0.0], [85.313225, 23.364711, 0.0], [85.313053, 23.36461, 0.0], [85.312818, 23.364465, 0.0], [85.312646, 23.364332, 0.0], [85.312411, 23.36418, 0.0], [85.312328, 23.36411, 0.0], [85.312214, 23.36405, 0.0], [85.311982, 23.364099, 0.0], [85.311683, 23.364127, 0.0], [85.311798, 23.363959, 0.0], [85.311894, 23.363838, 0.0], [85.311943, 23.36369, 0.0], [85.312029, 23.363526, 0.0], [85.312193, 23.363388, 0.0], [85.312325, 23.363267, 0.0], [85.312437, 23.363099, 0.0], [85.312659, 23.362923, 0.0], [85.312703, 23.362831, 0.0], [85.312647, 23.362666, 0.0], [85.312612, 23.362546, 0.0], [85.312592, 23.362444, 0.0], [85.312517, 23.362148, 0.0], [85.312405, 23.362038, 0.0], [85.312368, 23.36192, 0.0], [85.312412, 23.361751, 0.0], [85.31254, 23.361631, 0.0], [85.312657, 23.361488, 0.0], [85.312768, 23.361349, 0.0], [85.312885, 23.361298, 0.0], [85.313031, 23.361297, 0.0], [85.313162, 23.361303, 0.0], [85.313309, 23.361237, 0.0], [85.313394, 23.361143, 0.0], [85.313395, 23.361089, 0.0], [85.313511, 23.361043, 0.0], [85.313538, 23.360917, 0.0], [85.313592, 23.360845, 0.0], [85.313724, 23.360759, 0.0], [85.313814, 23.360629, 0.0], [85.313821, 23.360618, 0.0], [85.314541, 23.361235, 0.0], [85.31498, 23.361778, 0.0], [85.315102, 23.3619, 0.0], [85.315277, 23.362099, 0.0], [85.315521, 23.362358, 0.0], [85.315712, 23.362583, 0.0], [85.31591, 23.362761, 0.0], [85.316078, 23.36305, 0.0], [85.316269, 23.36326, 0.0], [85.316467, 23.363459, 0.0], [85.31665, 23.363613, 0.0], [85.316879, 23.363762, 0.0], [85.317039, 23.363914, 0.0], [85.317108, 23.363983, 0.0], [85.317177, 23.36405, 0.0], [85.317307, 23.364201, 0.0], [85.317421, 23.364273, 0.0], [85.317818, 23.36437, 0.0], [85.318459, 23.364464, 0.0], [85.318642, 23.364423, 0.0], [85.319037, 23.364463, 0.0], [85.319954, 23.36475, 0.0], [85.320007, 23.364698, 0.0], [85.319588, 23.363348, 0.0], [85.319291, 23.362432, 0.0], [85.319272, 23.362373, 0.0], [85.31916, 23.36203, 0.0], [85.319138, 23.361946, 0.0], [85.319968, 23.361708, 0.0], [85.319969, 23.361708, 0.0], [85.320641, 23.361526, 0.0], [85.321304, 23.361341, 0.0], [85.322261, 23.361066, 0.0], [85.322276, 23.36109, 0.0], [85.322391, 23.361315, 0.0], [85.322536, 23.361562, 0.0], [85.322645, 23.361757, 0.0], [85.32282, 23.36206, 0.0], [85.322946, 23.362248, 0.0], [85.323264, 23.362803, 0.0], [85.323331, 23.362885, 0.0], [85.323329, 23.363027, 0.0], [85.323357, 23.363325, 0.0], [85.323458, 23.36362, 0.0], [85.323658, 23.364044, 0.0], [85.32384, 23.364407, 0.0], [85.32391, 23.364507, 0.0], [85.323929, 23.364537, 0.0], [85.32414, 23.364419, 0.0], [85.324174, 23.364406, 0.0], [85.324293, 23.364376, 0.0], [85.324599, 23.364221, 0.0], [85.324961, 23.364099, 0.0], [85.325149, 23.364067, 0.0], [85.325119, 23.364191, 0.0], [85.325026, 23.364905, 0.0], [85.324966, 23.365374, 0.0], [85.324929, 23.365742, 0.0]]]}}, {"type": "Feature", "properties": {"ward_no": 44, "ward_name": "WARD 44", "ulb": "Ranchi Municipal Corporation", "district": "Ranchi", "state": "Jharkhand"}, "geometry": {"type": "Polygon", "coordinates": [[[85.325945, 23.341287, 0.0], [85.325972, 23.341418, 0.0], [85.325988, 23.341497, 0.0], [85.325998, 23.341678, 0.0], [85.326004, 23.341766, 0.0], [85.326038, 23.342089, 0.0], [85.326048, 23.342352, 0.0], [85.326064, 23.342615, 0.0], [85.326086, 23.342943, 0.0], [85.326107, 23.343296, 0.0], [85.326117, 23.343583, 0.0], [85.326139, 23.34387, 0.0], [85.326168, 23.344163, 0.0], [85.326349, 23.345006, 0.0], [85.326414, 23.345217, 0.0], [85.326453, 23.345394, 0.0], [85.326517, 23.345653, 0.0], [85.326545, 23.345916, 0.0], [85.326588, 23.346222, 0.0], [85.326611, 23.346442, 0.0], [85.326639, 23.346643, 0.0], [85.32664, 23.346647, 0.0], [85.326607, 23.34667, 0.0], [85.326668, 23.347083, 0.0], [85.326717, 23.347497, 0.0], [85.326688, 23.347892, 0.0], [85.326629, 23.348178, 0.0], [85.326515, 23.348517, 0.0], [85.32637, 23.348867, 0.0], [85.326186, 23.348847, 0.0], [85.324298, 23.348771, 0.0], [85.323857, 23.348713, 0.0], [85.323092, 23.348648, 0.0], [85.321862, 23.348594, 0.0], [85.32041, 23.348466, 0.0], [85.319765, 23.348438, 0.0], [85.318895, 23.348393, 0.0], [85.318322, 23.348308, 0.0], [85.317964, 23.348275, 0.0], [85.3172, 23.348142, 0.0], [85.316578, 23.347899, 0.0], [85.316693, 23.347502, 0.0], [85.316656, 23.34712, 0.0], [85.316557, 23.346775, 0.0], [85.316331, 23.346638, 0.0], [85.315872, 23.346153, 0.0], [85.315729, 23.345982, 0.0], [85.315546, 23.345674, 0.0], [85.315613, 23.345387, 0.0], [85.315636, 23.345318, 0.0], [85.315666, 23.34524, 0.0], [85.315689, 23.345152, 0.0], [85.315689, 23.345037, 0.0], [85.315666, 23.34494, 0.0], [85.315643, 23.34481, 0.0], [85.315742, 23.34479, 0.0], [85.315895, 23.344753, 0.0], [85.31604, 23.344696, 0.0], [85.316193, 23.34462, 0.0], [85.31617, 23.344467, 0.0], [85.316162, 23.34409, 0.0], [85.316086, 23.343746, 0.0], [85.316391, 23.343666, 0.0], [85.316078, 23.342518, 0.0], [85.315933, 23.342319, 0.0], [85.315804, 23.341906, 0.0], [85.315651, 23.34103, 0.0], [85.315544, 23.341036, 0.0], [85.315549, 23.340978, 0.0], [85.315439, 23.340955, 0.0], [85.315132, 23.340901, 0.0], [85.314729, 23.340831, 0.0], [85.314344, 23.34077, 0.0], [85.314128, 23.340732, 0.0], [85.314012, 23.340712, 0.0], [85.313918, 23.340708, 0.0], [85.313808, 23.340707, 0.0], [85.313705, 23.340706, 0.0], [85.313615, 23.340687, 0.0], [85.313598, 23.340684, 0.0], [85.313479, 23.340653, 0.0], [85.313438, 23.340638, 0.0], [85.313423, 23.340219, 0.0], [85.313408, 23.339941, 0.0], [85.313446, 23.339836, 0.0], [85.313515, 23.339764, 0.0], [85.313522, 23.33964, 0.0], [85.313843, 23.339624, 0.0], [85.313843, 23.339331, 0.0], [85.313881, 23.339146, 0.0], [85.313934, 23.338882, 0.0], [85.313957, 23.338726, 0.0], [85.314072, 23.338676, 0.0], [85.314308, 23.338648, 0.0], [85.315216, 23.338572, 0.0], [85.315216, 23.33849, 0.0], [85.315239, 23.33791, 0.0], [85.315247, 23.337624, 0.0], [85.315277, 23.337318, 0.0], [85.3153, 23.336798, 0.0], [85.315468, 23.336216, 0.0], [85.315575, 23.335854, 0.0], [85.315689, 23.335485, 0.0], [85.315781, 23.335285, 0.0], [85.315842, 23.33507, 0.0], [85.315887, 23.334951, 0.0], [85.315957, 23.334432, 0.0], [85.315987, 23.334209, 0.0], [85.316088, 23.333794, 0.0], [85.316304, 23.33391, 0.0], [85.3167, 23.334083, 0.0], [85.316924, 23.334113, 0.0], [85.3171, 23.334009, 0.0], [85.317644, 23.334042, 0.0], [85.317974, 23.334045, 0.0], [85.318169, 23.33402, 0.0], [85.3183, 23.333942, 0.0], [85.318454, 23.334145, 0.0], [85.318585, 23.334523, 0.0], [85.318586, 23.334774, 0.0], [85.318508, 23.335067, 0.0], [85.318407, 23.335481, 0.0], [85.318321, 23.335803, 0.0], [85.318225, 23.33601, 0.0], [85.318198, 23.336307, 0.0], [85.318251, 23.336502, 0.0], [85.318256, 23.336522, 0.0], [85.318319, 23.336753, 0.0], [85.31854, 23.337478, 0.0], [85.318761, 23.338149, 0.0], [85.319091, 23.33918, 0.0], [85.319097, 23.339179, 0.0], [85.319157, 23.339205, 0.0], [85.319145, 23.339166, 0.0], [85.319212, 23.33915, 0.0], [85.320855, 23.338736, 0.0], [85.32115, 23.338666, 0.0], [85.322169, 23.338427, 0.0], [85.322526, 23.338343, 0.0], [85.322577, 23.338335, 0.0], [85.322621, 23.338328, 0.0], [85.322679, 23.338351, 0.0], [85.322943, 23.339224, 0.0], [85.323013, 23.339206, 0.0], [85.324512, 23.33881, 0.0], [85.324622, 23.339268, 0.0], [85.324743, 23.339714, 0.0], [85.324825, 23.339921, 0.0], [85.324959, 23.339962, 0.0], [85.324969, 23.339961, 0.0], [85.325021, 23.340045, 0.0], [85.325023, 23.340047, 0.0], [85.325124, 23.340191, 0.0], [85.325284, 23.34033, 0.0], [85.325469, 23.34053, 0.0], [85.325623, 23.340686, 0.0], [85.325794, 23.340903, 0.0], [85.325882, 23.341125, 0.0], [85.325945, 23.341287, 0.0]]]}}, {"type": "Feature", "properties": {"ward_no": 42, "ward_name": "WARD 42", "ulb": "Ranchi Municipal Corporation", "district": "Ranchi", "state": "Jharkhand"}, "geometry": {"type": "Polygon", "coordinates": [[[85.302727, 23.333682, 0.0], [85.302468, 23.333882, 0.0], [85.302228, 23.33399, 0.0], [85.301841, 23.334189, 0.0], [85.301647, 23.334305, 0.0], [85.301481, 23.334413, 0.0], [85.301113, 23.334511, 0.0], [85.300792, 23.33448, 0.0], [85.300501, 23.334351, 0.0], [85.300236, 23.334273, 0.0], [85.299844, 23.33415, 0.0], [85.299608, 23.333944, 0.0], [85.29961, 23.333759, 0.0], [85.299384, 23.33356, 0.0], [85.299146, 23.33355, 0.0], [85.298907, 23.333598, 0.0], [85.298439, 23.333635, 0.0], [85.298118, 23.333648, 0.0], [85.2979, 23.333544, 0.0], [85.297652, 23.333609, 0.0], [85.297302, 23.333725, 0.0], [85.297091, 23.333731, 0.0], [85.29666, 23.333733, 0.0], [85.296349, 23.33373, 0.0], [85.296157, 23.333669, 0.0], [85.295855, 23.333666, 0.0], [85.295634, 23.333731, 0.0], [85.295397, 23.333679, 0.0], [85.295226, 23.333406, 0.0], [85.295128, 23.33315, 0.0], [85.294985, 23.332945, 0.0], [85.294952, 23.332891, 0.0], [85.294623, 23.332682, 0.0], [85.294548, 23.332381, 0.0], [85.294427, 23.332129, 0.0], [85.294274, 23.331741, 0.0], [85.294074, 23.331563, 0.0], [85.293692, 23.331455, 0.0], [85.293422, 23.3314, 0.0], [85.293153, 23.33125, 0.0], [85.292975, 23.331041, 0.0], [85.292865, 23.33082, 0.0], [85.292835, 23.33057, 0.0], [85.292827, 23.330258, 0.0], [85.292797, 23.330007, 0.0], [85.292641, 23.329818, 0.0], [85.292463, 23.329617, 0.0], [85.292229, 23.32947, 0.0], [85.291959, 23.329363, 0.0], [85.291731, 23.32958, 0.0], [85.291492, 23.329774, 0.0], [85.291299, 23.329824, 0.0], [85.291029, 23.329812, 0.0], [85.290792, 23.329786, 0.0], [85.290534, 23.32968, 0.0], [85.290208, 23.329572, 0.0], [85.290018, 23.329478, 0.0], [85.289724, 23.329547, 0.0], [85.289442, 23.329544, 0.0], [85.28915, 23.329446, 0.0], [85.288915, 23.329339, 0.0], [85.288813, 23.329261, 0.0], [85.288877, 23.329197, 0.0], [85.289054, 23.329043, 0.0], [85.289261, 23.328944, 0.0], [85.289706, 23.328828, 0.0], [85.290287, 23.328651, 0.0], [85.291046, 23.328409, 0.0], [85.291754, 23.328134, 0.0], [85.292245, 23.328588, 0.0], [85.292573, 23.328871, 0.0], [85.292985, 23.328478, 0.0], [85.292627, 23.32809, 0.0], [85.292768, 23.32798, 0.0], [85.2929, 23.327878, 0.0], [85.293105, 23.327748, 0.0], [85.293214, 23.32768, 0.0], [85.293414, 23.327588, 0.0], [85.293553, 23.327544, 0.0], [85.293889, 23.327475, 0.0], [85.294313, 23.327444, 0.0], [85.294679, 23.327444, 0.0], [85.294828, 23.327445, 0.0], [85.29529, 23.327471, 0.0], [85.295397, 23.327484, 0.0], [85.295662, 23.327517, 0.0], [85.295969, 23.327507, 0.0], [85.29616, 23.327475, 0.0], [85.296245, 23.327461, 0.0], [85.296513, 23.327391, 0.0], [85.296595, 23.32737, 0.0], [85.296966, 23.3272, 0.0], [85.297045, 23.32714, 0.0], [85.297077, 23.327115, 0.0], [85.297357, 23.326901, 0.0], [85.29752, 23.326754, 0.0], [85.297814, 23.32692, 0.0], [85.298302, 23.327143, 0.0], [85.29871, 23.327258, 0.0], [85.299201, 23.327341, 0.0], [85.299229, 23.327346, 0.0], [85.299376, 23.327356, 0.0], [85.299507, 23.327366, 0.0], [85.300273, 23.327383, 0.0], [85.300545, 23.32739, 0.0], [85.301026, 23.327401, 0.0], [85.301404, 23.32741, 0.0], [85.301621, 23.327412, 0.0], [85.302009, 23.327417, 0.0], [85.302229, 23.327448, 0.0], [85.302464, 23.327481, 0.0], [85.302829, 23.327493, 0.0], [85.303446, 23.327513, 0.0], [85.303511, 23.327515, 0.0], [85.304259, 23.327655, 0.0], [85.304541, 23.327671, 0.0], [85.305102, 23.327703, 0.0], [85.305211, 23.327709, 0.0], [85.305405, 23.327724, 0.0], [85.305553, 23.326892, 0.0], [85.305828, 23.325146, 0.0], [85.305994, 23.323996, 0.0], [85.306125, 23.322898, 0.0], [85.306261, 23.322963, 0.0], [85.306569, 23.323117, 0.0], [85.307122, 23.323387, 0.0], [85.307566, 23.323586, 0.0], [85.307573, 23.32358, 0.0], [85.307995, 23.323815, 0.0], [85.308571, 23.32411, 0.0], [85.308961, 23.324317, 0.0], [85.309398, 23.324554, 0.0], [85.309682, 23.324736, 0.0], [85.309946, 23.324935, 0.0], [85.310276, 23.325162, 0.0], [85.310672, 23.325473, 0.0], [85.311234, 23.325847, 0.0], [85.311465, 23.32601, 0.0], [85.311887, 23.326317, 0.0], [85.312363, 23.326629, 0.0], [85.312793, 23.326905, 0.0], [85.313442, 23.327226, 0.0], [85.313878, 23.327488, 0.0], [85.314288, 23.327695, 0.0], [85.314713, 23.327867, 0.0], [85.314884, 23.327986, 0.0], [85.315063, 23.328103, 0.0], [85.315186, 23.328364, 0.0], [85.315269, 23.328654, 0.0], [85.315357, 23.329037, 0.0], [85.315441, 23.329433, 0.0], [85.315522, 23.329416, 0.0], [85.315525, 23.329427, 0.0], [85.315557, 23.329546, 0.0], [85.315606, 23.329857, 0.0], [85.315653, 23.33015, 0.0], [85.315702, 23.3303, 0.0], [85.315768, 23.330394, 0.0], [85.31594, 23.33064, 0.0], [85.31599, 23.330711, 0.0], [85.316014, 23.330745, 0.0], [85.316816, 23.331852, 0.0], [85.31707, 23.332166, 0.0], [85.317596, 23.332814, 0.0], [85.317733, 23.332999, 0.0], [85.318204, 23.333636, 0.0], [85.3183, 23.333942, 0.0], [85.318169, 23.33402, 0.0], [85.317974, 23.334045, 0.0], [85.317644, 23.334042, 0.0], [85.3171, 23.334009, 0.0], [85.316924, 23.334113, 0.0], [85.3167, 23.334083, 0.0], [85.316304, 23.33391, 0.0], [85.315724, 23.333599, 0.0], [85.315386, 23.333469, 0.0], [85.315191, 23.333521, 0.0], [85.315017, 23.333438, 0.0], [85.314746, 23.333344, 0.0], [85.314524, 23.333173, 0.0], [85.314244, 23.333025, 0.0], [85.313936, 23.332798, 0.0], [85.313588, 23.332677, 0.0], [85.313264, 23.332547, 0.0], [85.31297, 23.332454, 0.0], [85.312749, 23.332391, 0.0], [85.312586, 23.332371, 0.0], [85.312496, 23.332354, 0.0], [85.312394, 23.332296, 0.0], [85.31224, 23.33218, 0.0], [85.312077, 23.332133, 0.0], [85.311808, 23.331994, 0.0], [85.311711, 23.331914, 0.0], [85.31172, 23.331858, 0.0], [85.311761, 23.331822, 0.0], [85.311803, 23.331748, 0.0], [85.31183, 23.331577, 0.0], [85.311765, 23.331468, 0.0], [85.311662, 23.331363, 0.0], [85.31136, 23.331362, 0.0], [85.310178, 23.331485, 0.0], [85.310062, 23.331556, 0.0], [85.30993, 23.331606, 0.0], [85.309865, 23.331603, 0.0], [85.3098, 23.33156, 0.0], [85.309747, 23.33153, 0.0], [85.309511, 23.331572, 0.0], [85.309281, 23.331737, 0.0], [85.309103, 23.331864, 0.0], [85.308964, 23.33197, 0.0], [85.308896, 23.33218, 0.0], [85.308808, 23.332456, 0.0], [85.30868, 23.332751, 0.0], [85.308574, 23.332912, 0.0], [85.308448, 23.333001, 0.0], [85.30837, 23.333012, 0.0], [85.308266, 23.332934, 0.0], [85.30813, 23.332878, 0.0], [85.308025, 23.332895, 0.0], [85.307933, 23.332971, 0.0], [85.307834, 23.333042, 0.0], [85.307743, 23.33303, 0.0], [85.307567, 23.332973, 0.0], [85.307503, 23.332941, 0.0], [85.307189, 23.332768, 0.0], [85.306926, 23.332526, 0.0], [85.306705, 23.332278, 0.0], [85.306564, 23.332037, 0.0], [85.306608, 23.331812, 0.0], [85.306754, 23.331599, 0.0], [85.306668, 23.331415, 0.0], [85.306458, 23.331275, 0.0], [85.306158, 23.331276, 0.0], [85.305884, 23.331364, 0.0], [85.305697, 23.331605, 0.0], [85.30557, 23.331938, 0.0], [85.305348, 23.332313, 0.0], [85.305235, 23.332596, 0.0], [85.305091, 23.332619, 0.0], [85.30484, 23.332553, 0.0], [85.304595, 23.332485, 0.0], [85.304274, 23.332371, 0.0], [85.304107, 23.332496, 0.0], [85.304058, 23.332773, 0.0], [85.303981, 23.333052, 0.0], [85.303714, 23.333169, 0.0], [85.303483, 23.333268, 0.0], [85.303253, 23.333358, 0.0], [85.303004, 23.333473, 0.0], [85.302727, 23.333682, 0.0]]]}}, {"type": "Feature", "properties": {"ward_no": 48, "ward_name": "WARD 48", "ulb": "Ranchi Municipal Corporation", "district": "Ranchi", "state": "Jharkhand"}, "geometry": {"type": "Polygon", "coordinates": [[[85.32842, 23.33825, 0.0], [85.328263, 23.33767, 0.0], [85.328116, 23.337247, 0.0], [85.327959, 23.336834, 0.0], [85.327883, 23.336429, 0.0], [85.327917, 23.336188, 0.0], [85.327919, 23.33598, 0.0], [85.328012, 23.335911, 0.0], [85.328137, 23.335811, 0.0], [85.328192, 23.335746, 0.0], [85.328223, 23.335629, 0.0], [85.328244, 23.335399, 0.0], [85.328263, 23.335277, 0.0], [85.328265, 23.335106, 0.0], [85.32829, 23.335002, 0.0], [85.328357, 23.334904, 0.0], [85.328419, 23.334778, 0.0], [85.328427, 23.334568, 0.0], [85.328495, 23.33442, 0.0], [85.32852, 23.334293, 0.0], [85.328521, 23.334221, 0.0], [85.328545, 23.334217, 0.0], [85.328791, 23.334154, 0.0], [85.328997, 23.334138, 0.0], [85.329119, 23.334205, 0.0], [85.32922, 23.334244, 0.0], [85.329508, 23.334209, 0.0], [85.329682, 23.33424, 0.0], [85.329897, 23.334195, 0.0], [85.330031, 23.33412, 0.0], [85.330164, 23.33413, 0.0], [85.33032, 23.334001, 0.0], [85.330425, 23.333804, 0.0], [85.33056, 23.333606, 0.0], [85.330747, 23.333437, 0.0], [85.330954, 23.33324, 0.0], [85.331099, 23.333082, 0.0], [85.331194, 23.332931, 0.0], [85.331203, 23.332868, 0.0], [85.331227, 23.332704, 0.0], [85.331169, 23.3324, 0.0], [85.331202, 23.332222, 0.0], [85.331357, 23.332156, 0.0], [85.331541, 23.332188, 0.0], [85.331633, 23.332207, 0.0], [85.331665, 23.332065, 0.0], [85.33177, 23.331926, 0.0], [85.331995, 23.33189, 0.0], [85.332245, 23.331857, 0.0], [85.332623, 23.331642, 0.0], [85.332735, 23.331555, 0.0], [85.332678, 23.331523, 0.0], [85.333017, 23.331253, 0.0], [85.333461, 23.331237, 0.0], [85.333902, 23.331468, 0.0], [85.334122, 23.331633, 0.0], [85.33415, 23.331694, 0.0], [85.33436, 23.332168, 0.0], [85.334647, 23.332295, 0.0], [85.335024, 23.332236, 0.0], [85.335672, 23.331875, 0.0], [85.335865, 23.331651, 0.0], [85.335988, 23.33151, 0.0], [85.336521, 23.331432, 0.0], [85.336787, 23.331476, 0.0], [85.337145, 23.331236, 0.0], [85.337391, 23.331074, 0.0], [85.337814, 23.330997, 0.0], [85.337994, 23.330814, 0.0], [85.338023, 23.330261, 0.0], [85.338031, 23.329624, 0.0], [85.33808, 23.329237, 0.0], [85.338573, 23.328853, 0.0], [85.339287, 23.328572, 0.0], [85.33993, 23.328538, 0.0], [85.340241, 23.328542, 0.0], [85.34016, 23.328884, 0.0], [85.340078, 23.329218, 0.0], [85.340204, 23.329506, 0.0], [85.340354, 23.329937, 0.0], [85.340374, 23.330368, 0.0], [85.340601, 23.330872, 0.0], [85.340945, 23.331425, 0.0], [85.341095, 23.331797, 0.0], [85.341194, 23.33218, 0.0], [85.341255, 23.332491, 0.0], [85.341303, 23.33279, 0.0], [85.341391, 23.332947, 0.0], [85.341493, 23.333091, 0.0], [85.341648, 23.33314, 0.0], [85.341737, 23.333201, 0.0], [85.341813, 23.333381, 0.0], [85.341695, 23.333499, 0.0], [85.341564, 23.333593, 0.0], [85.341575, 23.333773, 0.0], [85.341763, 23.334265, 0.0], [85.341854, 23.334254, 0.0], [85.342087, 23.335026, 0.0], [85.342231, 23.335011, 0.0], [85.34245, 23.334988, 0.0], [85.342754, 23.334962, 0.0], [85.343564, 23.334908, 0.0], [85.343871, 23.334887, 0.0], [85.343975, 23.33487, 0.0], [85.344101, 23.33483, 0.0], [85.344391, 23.334695, 0.0], [85.344615, 23.334588, 0.0], [85.344778, 23.335276, 0.0], [85.344788, 23.335479, 0.0], [85.344733, 23.335777, 0.0], [85.344807, 23.336077, 0.0], [85.344946, 23.336353, 0.0], [85.34517, 23.337072, 0.0], [85.345166, 23.337371, 0.0], [85.345342, 23.337755, 0.0], [85.345481, 23.338031, 0.0], [85.345607, 23.338283, 0.0], [85.345603, 23.338588, 0.0], [85.345605, 23.339106, 0.0], [85.345531, 23.339168, 0.0], [85.345295, 23.339206, 0.0], [85.345061, 23.339136, 0.0], [85.344738, 23.339146, 0.0], [85.344427, 23.339346, 0.0], [85.344191, 23.339411, 0.0], [85.343941, 23.339462, 0.0], [85.343661, 23.339487, 0.0], [85.343601, 23.339621, 0.0], [85.343613, 23.339825, 0.0], [85.343624, 23.340096, 0.0], [85.343593, 23.340271, 0.0], [85.343546, 23.340515, 0.0], [85.343477, 23.34071, 0.0], [85.343439, 23.340706, 0.0], [85.343045, 23.34088, 0.0], [85.342901, 23.341016, 0.0], [85.342812, 23.341338, 0.0], [85.342801, 23.341652, 0.0], [85.342735, 23.341764, 0.0], [85.342622, 23.341735, 0.0], [85.342465, 23.341695, 0.0], [85.342272, 23.341745, 0.0], [85.342093, 23.341895, 0.0], [85.341891, 23.342037, 0.0], [85.341625, 23.342237, 0.0], [85.341469, 23.342218, 0.0], [85.341293, 23.342085, 0.0], [85.341045, 23.342008, 0.0], [85.340839, 23.341947, 0.0], [85.340719, 23.341842, 0.0], [85.340514, 23.34172, 0.0], [85.340309, 23.341625, 0.0], [85.340144, 23.341671, 0.0], [85.340059, 23.341695, 0.0], [85.34005, 23.341841, 0.0], [85.340048, 23.341945, 0.0], [85.339948, 23.342003, 0.0], [85.339813, 23.342001, 0.0], [85.339599, 23.341981, 0.0], [85.339251, 23.341916, 0.0], [85.338958, 23.342008, 0.0], [85.338446, 23.341978, 0.0], [85.337926, 23.341952, 0.0], [85.337668, 23.342087, 0.0], [85.337146, 23.341271, 0.0], [85.336999, 23.340758, 0.0], [85.33689, 23.340223, 0.0], [85.336901, 23.34003, 0.0], [85.336927, 23.33984, 0.0], [85.336894, 23.339673, 0.0], [85.336903, 23.339734, 0.0], [85.336879, 23.339628, 0.0], [85.33685, 23.339488, 0.0], [85.336843, 23.339398, 0.0], [85.336837, 23.339298, 0.0], [85.336789, 23.339032, 0.0], [85.336642, 23.338489, 0.0], [85.336529, 23.338029, 0.0], [85.336445, 23.337677, 0.0], [85.336326, 23.33731, 0.0], [85.33616, 23.336836, 0.0], [85.335954, 23.336271, 0.0], [85.335881, 23.336102, 0.0], [85.335842, 23.33601, 0.0], [85.335806, 23.335772, 0.0], [85.335143, 23.336067, 0.0], [85.334919, 23.336166, 0.0], [85.334811, 23.336218, 0.0], [85.334724, 23.336244, 0.0], [85.333908, 23.336534, 0.0], [85.333506, 23.336664, 0.0], [85.33297, 23.336853, 0.0], [85.332832, 23.336866, 0.0], [85.332843, 23.3369, 0.0], [85.3317, 23.337323, 0.0], [85.331346, 23.33748, 0.0], [85.330876, 23.337671, 0.0], [85.330865, 23.337675, 0.0], [85.330748, 23.337714, 0.0], [85.330644, 23.337749, 0.0], [85.33025, 23.33786, 0.0], [85.329604, 23.338019, 0.0], [85.329598, 23.33802, 0.0], [85.32944, 23.338054, 0.0], [85.329274, 23.338091, 0.0], [85.328986, 23.338159, 0.0], [85.328982, 23.33816, 0.0], [85.328882, 23.33818, 0.0], [85.328668, 23.338224, 0.0], [85.328506, 23.33824, 0.0], [85.32842, 23.33825, 0.0]]]}}, {"type": "Feature", "properties": {"ward_no": 1, "ward_name": "WARD 1", "ulb": "Ranchi Municipal Corporation", "district": "Ranchi", "state": "Jharkhand"}, "geometry": {"type": "Polygon", "coordinates": [[[85.327301, 23.425887, 0.0], [85.326796, 23.426355, 0.0], [85.326309, 23.426587, 0.0], [85.325534, 23.426895, 0.0], [85.324761, 23.427137, 0.0], [85.324176, 23.427117, 0.0], [85.323335, 23.427081, 0.0], [85.32311, 23.42683, 0.0], [85.322944, 23.426393, 0.0], [85.322806, 23.426051, 0.0], [85.322395, 23.425834, 0.0], [85.322109, 23.425923, 0.0], [85.32188, 23.425986, 0.0], [85.321492, 23.426181, 0.0], [85.321219, 23.426374, 0.0], [85.321216, 23.426584, 0.0], [85.320957, 23.426753, 0.0], [85.320542, 23.426855, 0.0], [85.320228, 23.426851, 0.0], [85.319987, 23.426743, 0.0], [85.319875, 23.42657, 0.0], [85.319879, 23.426267, 0.0], [85.319741, 23.425939, 0.0], [85.319501, 23.425685, 0.0], [85.319202, 23.425669, 0.0], [85.31906, 23.425588, 0.0], [85.318949, 23.425391, 0.0], [85.318749, 23.425375, 0.0], [85.318492, 23.425462, 0.0], [85.318121, 23.425434, 0.0], [85.317825, 23.425128, 0.0], [85.317801, 23.424798, 0.0], [85.317747, 23.424522, 0.0], [85.317664, 23.42435, 0.0], [85.317482, 23.424083, 0.0], [85.317488, 23.423928, 0.0], [85.317221, 23.423541, 0.0], [85.316786, 23.423338, 0.0], [85.316484, 23.423237, 0.0], [85.316093, 23.423272, 0.0], [85.315791, 23.423237, 0.0], [85.315625, 23.423097, 0.0], [85.315348, 23.422968, 0.0], [85.315173, 23.42293, 0.0], [85.314997, 23.422928, 0.0], [85.314774, 23.42291, 0.0], [85.314706, 23.422661, 0.0], [85.314685, 23.422394, 0.0], [85.314664, 23.422182, 0.0], [85.314643, 23.421937, 0.0], [85.314581, 23.421806, 0.0], [85.314495, 23.421656, 0.0], [85.314513, 23.421555, 0.0], [85.314633, 23.42152, 0.0], [85.314691, 23.421342, 0.0], [85.314605, 23.421181, 0.0], [85.314391, 23.421097, 0.0], [85.314209, 23.420991, 0.0], [85.314067, 23.420859, 0.0], [85.3137, 23.420884, 0.0], [85.313213, 23.420938, 0.0], [85.313017, 23.421017, 0.0], [85.31285, 23.420999, 0.0], [85.312786, 23.421028, 0.0], [85.312554, 23.421071, 0.0], [85.312378, 23.421141, 0.0], [85.312273, 23.421257, 0.0], [85.312152, 23.421315, 0.0], [85.31201, 23.421234, 0.0], [85.311908, 23.421136, 0.0], [85.31178, 23.421121, 0.0], [85.311645, 23.421119, 0.0], [85.31159, 23.42106, 0.0], [85.31156, 23.420881, 0.0], [85.311489, 23.420793, 0.0], [85.311362, 23.420762, 0.0], [85.311322, 23.420829, 0.0], [85.311241, 23.420871, 0.0], [85.311059, 23.420768, 0.0], [85.310774, 23.420654, 0.0], [85.31068, 23.420513, 0.0], [85.310514, 23.420401, 0.0], [85.310491, 23.420312, 0.0], [85.310619, 23.420307, 0.0], [85.310509, 23.420195, 0.0], [85.310407, 23.420025, 0.0], [85.310057, 23.419953, 0.0], [85.309939, 23.419844, 0.0], [85.309878, 23.419651, 0.0], [85.309734, 23.419681, 0.0], [85.309551, 23.419647, 0.0], [85.309407, 23.419727, 0.0], [85.309287, 23.419712, 0.0], [85.309282, 23.419543, 0.0], [85.309485, 23.419207, 0.0], [85.309576, 23.418979, 0.0], [85.30957, 23.418817, 0.0], [85.309693, 23.418518, 0.0], [85.309615, 23.418406, 0.0], [85.309434, 23.418199, 0.0], [85.309246, 23.417931, 0.0], [85.30908, 23.417811, 0.0], [85.30893, 23.417744, 0.0], [85.308997, 23.417501, 0.0], [85.309144, 23.417225, 0.0], [85.30924, 23.417165, 0.0], [85.309249, 23.417086, 0.0], [85.309162, 23.417063, 0.0], [85.309147, 23.416929, 0.0], [85.309244, 23.416836, 0.0], [85.309189, 23.41677, 0.0], [85.308843, 23.416448, 0.0], [85.308674, 23.41627, 0.0], [85.308339, 23.416266, 0.0], [85.308122, 23.416352, 0.0], [85.307954, 23.416452, 0.0], [85.30769, 23.416501, 0.0], [85.30755, 23.416271, 0.0], [85.307602, 23.415904, 0.0], [85.30759, 23.415581, 0.0], [85.307505, 23.415365, 0.0], [85.307684, 23.415148, 0.0], [85.30752, 23.414844, 0.0], [85.307245, 23.414509, 0.0], [85.307036, 23.41408, 0.0], [85.306782, 23.413946, 0.0], [85.306591, 23.413958, 0.0], [85.306464, 23.413875, 0.0], [85.306412, 23.413597, 0.0], [85.306374, 23.413441, 0.0], [85.306215, 23.413432, 0.0], [85.306119, 23.413483, 0.0], [85.305983, 23.413504, 0.0], [85.305931, 23.413224, 0.0], [85.305789, 23.413112, 0.0], [85.305815, 23.412956, 0.0], [85.305848, 23.412803, 0.0], [85.305737, 23.412766, 0.0], [85.30544, 23.412932, 0.0], [85.305225, 23.41295, 0.0], [85.305243, 23.412774, 0.0], [85.305333, 23.412576, 0.0], [85.305215, 23.412444, 0.0], [85.305058, 23.412442, 0.0], [85.305074, 23.41242, 0.0], [85.305168, 23.412258, 0.0], [85.305128, 23.412197, 0.0], [85.305083, 23.412185, 0.0], [85.30508, 23.412041, 0.0], [85.305017, 23.411981, 0.0], [85.304878, 23.411851, 0.0], [85.304729, 23.411739, 0.0], [85.304695, 23.411589, 0.0], [85.304703, 23.411323, 0.0], [85.304606, 23.411051, 0.0], [85.304783, 23.410701, 0.0], [85.304923, 23.410459, 0.0], [85.305179, 23.410344, 0.0], [85.305359, 23.410141, 0.0], [85.305456, 23.410024, 0.0], [85.305428, 23.409679, 0.0], [85.30545, 23.409392, 0.0], [85.305444, 23.409157, 0.0], [85.305392, 23.408809, 0.0], [85.305854, 23.408769, 0.0], [85.305946, 23.40877, 0.0], [85.305952, 23.408732, 0.0], [85.306131, 23.408715, 0.0], [85.306358, 23.40846, 0.0], [85.306523, 23.408045, 0.0], [85.306639, 23.407757, 0.0], [85.306696, 23.407473, 0.0], [85.306859, 23.40717, 0.0], [85.306945, 23.406866, 0.0], [85.306871, 23.406646, 0.0], [85.306928, 23.406403, 0.0], [85.307074, 23.406017, 0.0], [85.307328, 23.405568, 0.0], [85.307532, 23.405297, 0.0], [85.307263, 23.405093, 0.0], [85.306586, 23.404928, 0.0], [85.305735, 23.404973, 0.0], [85.305445, 23.40499, 0.0], [85.305368, 23.404783, 0.0], [85.304849, 23.403794, 0.0], [85.304453, 23.402972, 0.0], [85.304241, 23.402209, 0.0], [85.304119, 23.401869, 0.0], [85.305001, 23.401459, 0.0], [85.305377, 23.400901, 0.0], [85.305564, 23.392902, 0.0], [85.305553, 23.392154, 0.0], [85.305505, 23.391251, 0.0], [85.305499, 23.391224, 0.0], [85.306338, 23.391059, 0.0], [85.307016, 23.390967, 0.0], [85.308928, 23.391193, 0.0], [85.309308, 23.391197, 0.0], [85.309552, 23.39117, 0.0], [85.309715, 23.390919, 0.0], [85.310202, 23.390834, 0.0], [85.3105, 23.390731, 0.0], [85.310639, 23.39055, 0.0], [85.311023, 23.390211, 0.0], [85.311643, 23.389888, 0.0], [85.312093, 23.389746, 0.0], [85.31239, 23.38968, 0.0], [85.312832, 23.389621, 0.0], [85.313342, 23.389534, 0.0], [85.313629, 23.389686, 0.0], [85.313879, 23.389696, 0.0], [85.314271, 23.389707, 0.0], [85.314172, 23.389963, 0.0], [85.314104, 23.39019, 0.0], [85.314005, 23.390566, 0.0], [85.313958, 23.390931, 0.0], [85.313939, 23.391134, 0.0], [85.313946, 23.391408, 0.0], [85.313975, 23.391649, 0.0], [85.314007, 23.391957, 0.0], [85.314027, 23.392181, 0.0], [85.314043, 23.392409, 0.0], [85.314057, 23.392599, 0.0], [85.314067, 23.392829, 0.0], [85.31412, 23.393238, 0.0], [85.314174, 23.393625, 0.0], [85.314204, 23.393867, 0.0], [85.314219, 23.394201, 0.0], [85.314224, 23.394513, 0.0], [85.314231, 23.39475, 0.0], [85.314251, 23.394967, 0.0], [85.314299, 23.395306, 0.0], [85.314317, 23.395428, 0.0], [85.314321, 23.395566, 0.0], [85.314348, 23.395823, 0.0], [85.314341, 23.395895, 0.0], [85.314382, 23.396072, 0.0], [85.31444, 23.396251, 0.0], [85.314477, 23.396364, 0.0], [85.314564, 23.39672, 0.0], [85.314643, 23.397005, 0.0], [85.314658, 23.397059, 0.0], [85.314705, 23.397331, 0.0], [85.314711, 23.39762, 0.0], [85.314717, 23.39794, 0.0], [85.31473, 23.398297, 0.0], [85.31475, 23.398552, 0.0], [85.314752, 23.398681, 0.0], [85.314772, 23.398948, 0.0], [85.31479, 23.399147, 0.0], [85.314799, 23.399382, 0.0], [85.314807, 23.399571, 0.0], [85.314816, 23.399894, 0.0], [85.314822, 23.400208, 0.0], [85.314828, 23.400533, 0.0], [85.314815, 23.400761, 0.0], [85.314799, 23.400971, 0.0], [85.31481, 23.401183, 0.0], [85.314828, 23.401353, 0.0], [85.314844, 23.401459, 0.0], [85.314901, 23.401794, 0.0], [85.31494, 23.402131, 0.0], [85.315007, 23.402481, 0.0], [85.315032, 23.402637, 0.0], [85.315067, 23.402841, 0.0], [85.315061, 23.403024, 0.0], [85.315063, 23.403159, 0.0], [85.315051, 23.403297, 0.0], [85.314997, 23.403551, 0.0], [85.314936, 23.403806, 0.0], [85.314918, 23.40413, 0.0], [85.314909, 23.404374, 0.0], [85.314922, 23.404611, 0.0], [85.314957, 23.404844, 0.0], [85.314979, 23.405003, 0.0], [85.31502, 23.40519, 0.0], [85.31512, 23.405559, 0.0], [85.31522, 23.40596, 0.0], [85.315297, 23.406356, 0.0], [85.315383, 23.406784, 0.0], [85.315454, 23.407017, 0.0], [85.315503, 23.407198, 0.0], [85.315602, 23.407346, 0.0], [85.315755, 23.407569, 0.0], [85.315881, 23.407807, 0.0], [85.315989, 23.408077, 0.0], [85.316038, 23.408278, 0.0], [85.316018, 23.408488, 0.0], [85.315985, 23.4087, 0.0], [85.315938, 23.408905, 0.0], [85.315894, 23.40918, 0.0], [85.315869, 23.409563, 0.0], [85.31586, 23.41001, 0.0], [85.31588, 23.410306, 0.0], [85.315902, 23.410668, 0.0], [85.315929, 23.410948, 0.0], [85.315965, 23.411298, 0.0], [85.316017, 23.411737, 0.0], [85.316081, 23.412339, 0.0], [85.316798, 23.412391, 0.0], [85.317018, 23.412398, 0.0], [85.317037, 23.412393, 0.0], [85.317165, 23.412363, 0.0], [85.317281, 23.412285, 0.0], [85.317442, 23.412125, 0.0], [85.317592, 23.411942, 0.0], [85.317824, 23.41166, 0.0], [85.318158, 23.411315, 0.0], [85.318268, 23.411146, 0.0], [85.318368, 23.411261, 0.0], [85.318801, 23.411809, 0.0], [85.318861, 23.411886, 0.0], [85.319005, 23.41207, 0.0], [85.319087, 23.412135, 0.0], [85.319183, 23.412185, 0.0], [85.319304, 23.41222, 0.0], [85.319427, 23.412226, 0.0], [85.319625, 23.412159, 0.0], [85.319687, 23.412138, 0.0], [85.319707, 23.412131, 0.0], [85.320224, 23.411931, 0.0], [85.320569, 23.411823, 0.0], [85.320748, 23.411782, 0.0], [85.320834, 23.411777, 0.0], [85.320906, 23.411796, 0.0], [85.320966, 23.411827, 0.0], [85.321057, 23.41188, 0.0], [85.321188, 23.411839, 0.0], [85.321305, 23.411825, 0.0], [85.32139, 23.411849, 0.0], [85.321667, 23.411783, 0.0], [85.321828, 23.411763, 0.0], [85.322107, 23.411724, 0.0], [85.322318, 23.411725, 0.0], [85.32237, 23.41173, 0.0], [85.32238, 23.411774, 0.0], [85.3224, 23.411864, 0.0], [85.322434, 23.411888, 0.0], [85.322739, 23.411859, 0.0], [85.322886, 23.411857, 0.0], [85.322875, 23.412024, 0.0], [85.322953, 23.412054, 0.0], [85.323046, 23.412083, 0.0], [85.323139, 23.412075, 0.0], [85.323259, 23.412043, 0.0], [85.323362, 23.412039, 0.0], [85.323465, 23.412078, 0.0], [85.32362, 23.412104, 0.0], [85.323776, 23.412087, 0.0], [85.32452, 23.411822, 0.0], [85.324633, 23.412234, 0.0], [85.324638, 23.412301, 0.0], [85.324694, 23.41234, 0.0], [85.324901, 23.412253, 0.0], [85.32507, 23.412186, 0.0], [85.325366, 23.412103, 0.0], [85.325581, 23.412041, 0.0], [85.325717, 23.411978, 0.0], [85.325803, 23.411958, 0.0], [85.325904, 23.411952, 0.0], [85.326009, 23.411931, 0.0], [85.326752, 23.411821, 0.0], [85.327142, 23.411746, 0.0], [85.327671, 23.411659, 0.0], [85.327778, 23.411642, 0.0], [85.327844, 23.411633, 0.0], [85.328114, 23.411592, 0.0], [85.32843, 23.411527, 0.0], [85.328803, 23.411466, 0.0], [85.329107, 23.411416, 0.0], [85.329329, 23.411357, 0.0], [85.329409, 23.411328, 0.0], [85.329516, 23.411288, 0.0], [85.32963, 23.411239, 0.0], [85.329689, 23.411146, 0.0], [85.329756, 23.411036, 0.0], [85.329882, 23.410944, 0.0], [85.329958, 23.410875, 0.0], [85.33002, 23.410797, 0.0], [85.330082, 23.41089, 0.0], [85.330623, 23.410828, 0.0], [85.331073, 23.410772, 0.0], [85.331317, 23.410745, 0.0], [85.331363, 23.410942, 0.0], [85.331361, 23.411134, 0.0], [85.331479, 23.411354, 0.0], [85.331652, 23.411643, 0.0], [85.331759, 23.411818, 0.0], [85.331906, 23.412189, 0.0], [85.332016, 23.412588, 0.0], [85.332128, 23.412917, 0.0], [85.332264, 23.413182, 0.0], [85.332359, 23.413373, 0.0], [85.332409, 23.413694, 0.0], [85.332377, 23.413901, 0.0], [85.332282, 23.414198, 0.0], [85.332213, 23.414371, 0.0], [85.332287, 23.414754, 0.0], [85.33235, 23.415046, 0.0], [85.332388, 23.415371, 0.0], [85.33248, 23.415794, 0.0], [85.332519, 23.41612, 0.0], [85.332576, 23.416389, 0.0], [85.332622, 23.416575, 0.0], [85.332716, 23.416835, 0.0], [85.332802, 23.417267, 0.0], [85.332822, 23.417599, 0.0], [85.332824, 23.417925, 0.0], [85.332838, 23.418272, 0.0], [85.332855, 23.420063, 0.0], [85.333082, 23.421715, 0.0], [85.333697, 23.422937, 0.0], [85.333671, 23.423219, 0.0], [85.333681, 23.423323, 0.0], [85.333563, 23.423651, 0.0], [85.332946, 23.42396, 0.0], [85.332543, 23.424231, 0.0], [85.332241, 23.42444, 0.0], [85.33225, 23.424847, 0.0], [85.332118, 23.425148, 0.0], [85.331646, 23.425249, 0.0], [85.331416, 23.425366, 0.0], [85.331155, 23.425677, 0.0], [85.330927, 23.425675, 0.0], [85.330687, 23.425517, 0.0], [85.330503, 23.425381, 0.0], [85.330215, 23.425577, 0.0], [85.329883, 23.425889, 0.0], [85.32967, 23.425874, 0.0], [85.329485, 23.425806, 0.0], [85.329461, 23.425463, 0.0], [85.329479, 23.425109, 0.0], [85.329282, 23.424935, 0.0], [85.328982, 23.424932, 0.0], [85.328569, 23.424914, 0.0], [85.328314, 23.424866, 0.0], [85.328146, 23.424918, 0.0], [85.32798, 23.42521, 0.0], [85.327578, 23.425429, 0.0], [85.327301, 23.425887, 0.0]]]}}]}