{"type":"FeatureCollection","features":[{"type":"Feature","id":10198,"geometry":{"type":"Polygon","coordinates":[[[77.166037187973302,31.105516758729287],[77.166076361706232,31.105547665604398],[77.16616728019612,31.105643687370279],[77.166236784646287,31.105738006907202],[77.166315309080233,31.105855666221689],[77.166413464398033,31.10601174439665],[77.166452228499196,31.106100251882804],[77.166497597912596,31.106275875989937],[77.166485815609335,31.106424685046917],[77.166462106374041,31.106482534021296],[77.166376092685596,31.106587267710687],[77.16624867564569,31.106678700483155],[77.166185855559576,31.10671865595252],[77.166110472534172,31.106826229055702],[77.166020729938978,31.106998346074956],[77.165932782177705,31.107122823024302],[77.165896885498967,31.107210417275528],[77.165898680332887,31.107281108083196],[77.165873552657786,31.107445539825427],[77.165902270000757,31.107586921038074],[77.16592560284198,31.107676051594215],[77.165970474588718,31.107748278787092],[77.166101498364512,31.10789426896838],[77.166333032840768,31.107983400005132],[77.166523287034792,31.108000304011924],[77.16660943996213,31.10803103933122],[77.166736874070011,31.108107875663119],[77.166824820932931,31.108172418902978],[77.166938773125054,31.108329627737142],[77.167000119974134,31.10844968506224],[77.167026411865848,31.108629770380709],[77.167002205862232,31.109023543827146],[77.166995105578209,31.109077168725893],[77.167000595182898,31.109239445351729],[77.16703698413842,31.109350532025172],[77.167096522678847,31.109477668587992],[77.167219772434137,31.109717722499191],[77.167417091877851,31.1105721107579],[77.167450523579461,31.110958522697338],[77.167433807728671,31.111244753119987],[77.167450523579461,31.1114021799076],[77.16770126044328,31.112003260066341],[77.168018860710276,31.112518468382216],[77.168169303367549,31.112647270408832],[77.168654061244325,31.112990740087341],[77.169122104168594,31.113291275613456],[77.16943511673945,31.113429751732006],[77.16943905405536,31.113578079664155],[77.169445144632974,31.113807525972437],[77.169164351038091,31.114339835795615],[77.168803329803509,31.114580234265578],[77.168532564102151,31.114966587591603],[77.1682317129236,31.115481722144448],[77.167872348182371,31.116143456650569],[77.167714643544372,31.116375690002741],[77.167544979634968,31.116565592765397],[77.167503958965838,31.116597052845719],[77.166537938557084,31.117337927916893],[77.165838515666763,31.118048983386302],[77.165131493029122,31.117509342957717],[77.164570055858022,31.117163507853874],[77.1641044734193,31.116817671489919],[77.16381690832381,31.116542173237143],[77.163659431857866,31.116331153428895],[77.16331709288626,31.115997036939962],[77.163145922502139,31.115791877770672],[77.163015833872564,31.115533962142084],[77.162954212139041,31.115358109825724],[77.162899438262883,31.115018128782534],[77.162830970468576,31.114912616858447],[77.162632413146369,31.114760211051522],[77.162296920235505,31.114607804999977],[77.162233165003173,31.114598084603848],[77.161658525292339,31.114527380786207],[77.161456955020697,31.114459853219081],[77.161369316279888,31.114418585878933],[77.161307969430808,31.114336051913821],[77.161259767629289,31.114234759956453],[77.161251003665384,31.114159729006623],[77.161255385647351,31.113930883435923],[77.161272913575189,31.11382959104623],[77.16130358744887,31.113747056568993],[77.161351788352064,31.113675776840342],[77.161511389333654,31.11348144296058],[77.161576179425197,31.113424339652376],[77.161700707483135,31.113302986548423],[77.161904660985243,31.113011230249764],[77.161914429265636,31.112982760751436],[77.161934373661566,31.112882860178363],[77.161937356068336,31.112779600865409],[77.162002112922195,31.112628201456381],[77.162066819470454,31.112533960289927],[77.162203411004342,31.112411016323716],[77.162287009123006,31.112362957729822],[77.162373106354792,31.112332881391517],[77.162492054976468,31.112315654365784],[77.162547653506024,31.112307276580321],[77.16280695400944,31.112257357484566],[77.162919894698547,31.112238153092431],[77.163085869227075,31.112195056638047],[77.163245054288666,31.112130086206122],[77.163272484345867,31.11211300681077],[77.163468795879865,31.112024168063435],[77.163527688531573,31.111959339029134],[77.163578169358971,31.111894510719672],[77.163615636292846,31.111812875178664],[77.163642558801882,31.111666890253574],[77.163658199369308,31.111572811951941],[77.163676661545026,31.111507075835114],[77.16367864951674,31.111399751841635],[77.163656917473389,31.111331894410558],[77.163592303451637,31.111222789736583],[77.163565380942586,31.111145955156356],[77.163543842935312,31.111006116691531],[77.163545637769246,31.110933891976888],[77.163554733211527,31.11089573415212],[77.163595562539498,31.110770209236673],[77.163632590197196,31.110588623594928],[77.163686951746612,31.110403076671115],[77.163718390984926,31.110285790628268],[77.163749240030086,31.110163334446337],[77.163763262731678,31.110079296236041],[77.163808649213095,31.109925480568574],[77.16388494223186,31.109794292889326],[77.163956192108614,31.109707963146391],[77.163984422564724,31.109660054700722],[77.164009890701365,31.109592383691531],[77.164015662377039,31.109531843151537],[77.164015662377039,31.109430996773341],[77.164021271457685,31.109358963140991],[77.164026727824734,31.109338874441196],[77.164048534428247,31.10929644196171],[77.164080099430706,31.109248228735659],[77.164133398273137,31.109188799359526],[77.164155884901334,31.109174076798567],[77.164214778451353,31.109140460711647],[77.164245627496499,31.109114048997519],[77.164262840115697,31.109096632183178],[77.164279467033268,31.109060429503423],[77.164287693804653,31.108998794928596],[77.164282084724022,31.108931562618732],[77.164273218352164,31.108872347630559],[77.164271532214372,31.108824103424098],[77.16427541383473,31.108777322841295],[77.164282257200554,31.108749543518464],[77.164314721416602,31.108651053685925],[77.164336135456338,31.108609903035536],[77.164357805515948,31.108583398878405],[77.164380240940162,31.108559387459344],[77.164432878622549,31.108477298340908],[77.1644925770631,31.108355235928464],[77.164530937820643,31.108227107221737],[77.164545703428971,31.108155994865015],[77.164568602383881,31.108056453781717],[77.164582160656465,31.10793311406654],[77.164649536997729,31.107720275344807],[77.164696912349157,31.107548103487208],[77.164733601342022,31.107277170092267],[77.164736142675935,31.107179248664963],[77.164743648100156,31.107025739032252],[77.164755530116423,31.106953732802495],[77.164799171171225,31.106865027673148],[77.164846423453469,31.106796437084572],[77.164957635783978,31.106698145972622],[77.164996618175749,31.106677959797768],[77.165107146888289,31.106611378848037],[77.165329419733993,31.10650699053144],[77.165427700815982,31.106466265058401],[77.165474699773327,31.106433416389354],[77.165504341482745,31.106413649342731],[77.165517411970114,31.106388359054232],[77.165524646103094,31.106355565736802],[77.165523456733681,31.106333945800021],[77.165518066841955,31.106301661638973],[77.165503402743283,31.106265107931627],[77.165456698433346,31.106237584768991],[77.165395311160069,31.106206010498358],[77.165283118767604,31.106165932518774],[77.165050767722747,31.106138337796605],[77.164957956482539,31.106110193894562],[77.164789690351725,31.106050163387362],[77.164703128690945,31.106004212119039],[77.164302213274567,31.10575065329266],[77.164171591944068,31.105650653580639],[77.164116623133538,31.105593933984515],[77.16402411103229,31.105497749876978],[77.163900365406946,31.105265561446007],[77.163866064136158,31.105200463207296],[77.163862333432775,31.105193383128952],[77.163874342111498,31.105192901637437],[77.163950249753015,31.105214864108188],[77.164174139566228,31.105335039975628],[77.164272329918333,31.10536697142344],[77.164337164925669,31.105381666116038],[77.164654852329264,31.105426233208679],[77.164796645108652,31.105449284747127],[77.16489177220565,31.105461578898648],[77.165029975317168,31.10546772597387],[77.165159204259012,31.105478483354446],[77.165299201306141,31.105438529670685],[77.165465562110242,31.105399435115221],[77.165633828241056,31.105385028089088],[77.165735283070916,31.105390036821053],[77.165827006451323,31.105410887049594],[77.166037187973302,31.105516758729287]]]},"properties":{"objectid":10198,"id":"10145","name":"Shimla (M Corp.) - Ward No.3","code":"3","town":"Shimla","district":"Shimla","state":"Himachal Pradesh","st_area(shape)":689267.38259158272,"st_perimeter(shape)":4465.337747038061}},{"type":"Feature","id":10203,"geometry":{"type":"Polygon","coordinates":[[[77.148136186218807,31.102251696026677],[77.148034577777011,31.102291150315519],[77.147925092008506,31.102340329316721],[77.147564239657186,31.102530363993036],[77.147480556198573,31.102557172126247],[77.147381551074503,31.102566489167991],[77.147279182657968,31.102573529445014],[77.147151864432743,31.102569487419959],[77.147084764772629,31.102559091992266],[77.146839461817976,31.102490058323891],[77.146714491788913,31.102465524630624],[77.146639211171475,31.102456359107016],[77.146225028536676,31.102446687463409],[77.145946396288366,31.102414447362307],[77.145328886277241,31.102285486079314],[77.145042078461501,31.102244114992477],[77.14484167060985,31.102242727392419],[77.144673404479022,31.102263441398005],[77.144574914089603,31.102286317562118],[77.144265445372525,31.102358196570655],[77.14362641442213,31.102450675651241],[77.14343271878225,31.10245850280586],[77.143116589057371,31.102440457121446],[77.14282015040348,31.102395491731492],[77.142535002674421,31.102335562715218],[77.142190577814688,31.102278906519341],[77.141901729026699,31.102245639506517],[77.141577999554471,31.102178121664419],[77.141409180061444,31.102102224319218],[77.141301531347693,31.102030971230572],[77.141193416408285,31.101945119014161],[77.141123042388941,31.101872809719893],[77.141005995500706,31.101743677711745],[77.140819825946267,31.10149327963148],[77.140746052701871,31.101359731206088],[77.1406766650327,31.101128676441341],[77.140410656809067,31.100345672993338],[77.140354655834244,31.100206260141448],[77.140313989999683,31.100141965322017],[77.140285491845589,31.100117102575144],[77.140096430614264,31.099999066935862],[77.140042784123793,31.099957601780112],[77.14000220991737,31.099896018986851],[77.139980021529851,31.099854948385168],[77.139971375245239,31.099838568291378],[77.139959858843312,31.099819503689403],[77.139931749659766,31.099799019910584],[77.139892243550179,31.099788610334056],[77.139833694054929,31.099786665797616],[77.139798008480255,31.099792007119039],[77.139361145181184,31.099836964511223],[77.139052551423177,31.099834613069476],[77.138957360545774,31.099834845367596],[77.138924257627565,31.099417135467593],[77.138917790655839,31.099354052377986],[77.138916453962693,31.099341015154707],[77.138906205981925,31.099304927213094],[77.138900866395886,31.099292070745943],[77.13888761534713,31.099272579895366],[77.138866318986672,31.099253234420338],[77.138848509886188,31.099239497207684],[77.138821738294084,31.09922719763544],[77.138789499555159,31.099220399409635],[77.138760923247645,31.099214374233526],[77.13873584228493,31.099212411993673],[77.138713872188049,31.099210441292527],[77.138653182905742,31.099212841978826],[77.138620639637963,31.0992162733986],[77.138066348564934,31.099226560734465],[77.137971853881893,31.099217133368832],[77.137550270027461,31.099145369671419],[77.136661910771636,31.098940570998778],[77.136413869752033,31.098892231749318],[77.13637760925559,31.098887201136854],[77.136252746126033,31.098884769674108],[77.135654946050551,31.098971690007346],[77.135563293637048,31.098985016502734],[77.135307257611402,31.09899092554323],[77.135119855568419,31.098992209348022],[77.135020641136848,31.098983498859212],[77.13493404713671,31.098958195823126],[77.134851032923009,31.098912413425477],[77.134684402624302,31.098792039436503],[77.134503082175797,31.098605727175347],[77.134383238832058,31.098456170501358],[77.134220666223513,31.098179999752428],[77.134028574974721,31.097940784348445],[77.133901740043129,31.097852543098572],[77.133788656521915,31.097822659852543],[77.133369016621785,31.097773953887465],[77.132998700518939,31.097744282920399],[77.132802303644993,31.097748865909651],[77.132723808855474,31.097766206345298],[77.132649371756088,31.097798928014782],[77.13255843440156,31.097874648802431],[77.132347168613038,31.098141916031544],[77.132236389270517,31.098242022109176],[77.132179258215075,31.098273551336483],[77.132127379609102,31.098286821008184],[77.132030881682965,31.098297943808426],[77.131950914554679,31.098281081150397],[77.131896866517309,31.098252738001605],[77.131759947098359,31.098148817409008],[77.131612468881499,31.098089738770692],[77.131463180559393,31.098072922228504],[77.13136437126802,31.098078565177932],[77.131246442234172,31.098106309161736],[77.131098320823597,31.098121748037531],[77.130908488837761,31.098109622162667],[77.130847679181201,31.098082888926189],[77.130723215801964,31.098003886068593],[77.130455973293152,31.097781093748594],[77.130401188637222,31.097730076267606],[77.130313985579363,31.097660699095531],[77.130250170159883,31.097628093530147],[77.130297009217102,31.097535128223576],[77.130350636842948,31.097440118243167],[77.130426456449555,31.097262767051053],[77.130507823153053,31.097066412680164],[77.130527498054391,31.09700325572248],[77.13054454807849,31.096926377329272],[77.130546024010485,31.096870910202629],[77.130536081456953,31.096836275924055],[77.130526163157896,31.096807844652574],[77.130498320773953,31.096772534203172],[77.130457036898449,31.096701204039881],[77.130327460308621,31.096543459035903],[77.130216296487134,31.096428071249562],[77.130144561520112,31.096369569999879],[77.130031872359339,31.096243383577072],[77.129883654829001,31.095943741016391],[77.129843866648471,31.095818354028893],[77.12981181026754,31.095717331548865],[77.129805311854781,31.095657929858877],[77.129819071349971,31.095608182780396],[77.129847185923438,31.095551703341542],[77.129983663371263,31.095400024924317],[77.13019735461107,31.095200148214563],[77.130478431175263,31.095003955735663],[77.13054203728727,31.094935520428614],[77.130572182951568,31.094847888701661],[77.130573710985857,31.094816404491695],[77.130580817558069,31.094669917277148],[77.130508373820305,31.094583825327089],[77.130391953956106,31.094487679300713],[77.130290240411455,31.094431017654422],[77.13017434157014,31.09440063640097],[77.130000100744354,31.094378114497278],[77.129868599064849,31.094349962494821],[77.129738108888375,31.094285923715884],[77.129576295356244,31.094208585422979],[77.129481347922265,31.094167625441244],[77.129404690187528,31.094118006815531],[77.129372359820451,31.094082579210184],[77.129322620103167,31.093974457046166],[77.129309546920837,31.093901840908359],[77.129307810477385,31.093827492369016],[77.129317175414229,31.093733421779071],[77.12937375490408,31.093550218135867],[77.129476852752589,31.093353828398214],[77.129526175651577,31.093242793014781],[77.129532595910902,31.093202211858301],[77.129523582215356,31.093131728269963],[77.129511783742416,31.093097365713184],[77.129454880859043,31.092976829735253],[77.129368822254847,31.092873658010721],[77.129237628697481,31.092758029605164],[77.129090023818208,31.092659363952112],[77.128984651435374,31.092571103949673],[77.12894558100875,31.092505049283695],[77.128915411089935,31.092400196215145],[77.128915411089935,31.092340233199174],[77.128945036629673,31.092251442110516],[77.12900563248715,31.09218340791346],[77.129173956110137,31.092060022967704],[77.129295148723457,31.091962006616924],[77.129369210327056,31.091873215174729],[77.129406914416165,31.09179826117547],[77.129462573132827,31.091716554510132],[77.129508777979481,31.091650842342375],[77.129535438180497,31.091619580929219],[77.129563186241299,31.091599897726518],[77.129595115061434,31.091584879348517],[77.129631224640903,31.091574525028236],[77.129664753360558,31.091569301711736],[77.129708182412983,31.091568057039243],[77.129758061369145,31.09157435040488],[77.129806134711586,31.091582583858898],[77.129908049478885,31.0916276282171],[77.129950605368819,31.091639317207207],[77.129999248243138,31.091644520519019],[77.130118925398563,31.091644520519019],[77.130221247102682,31.091628664417858],[77.130258926038962,31.091615928455766],[77.130291369593763,31.091598264575136],[77.130332132446398,31.091565872323525],[77.13043897986293,31.091447461425989],[77.130514809351013,31.091391035670128],[77.130752951834523,31.091264457230977],[77.131102576143078,31.091176270551792],[77.13135941705923,31.091183143972383],[77.13168046775526,31.091183143972383],[77.131734556216827,31.09117893299269],[77.131843206552119,31.091153861735673],[77.131945795954223,31.091074395399964],[77.132178096693423,31.090825733135517],[77.132327587136473,31.090635455799518],[77.132408064507842,31.090464686129767],[77.132453463565653,31.090368349770092],[77.13250979871377,31.090223837354671],[77.132500355623478,31.090110632796151],[77.132473003719724,31.090015136899058],[77.132430923038555,31.089941262271385],[77.132306784849433,31.089861982625763],[77.13218054190763,31.089789910303164],[77.132022551605345,31.089708284993083],[77.131827787868573,31.089562685347204],[77.131476274402957,31.089206933917264],[77.131332413701784,31.08912469421632],[77.131100583679782,31.089030391261232],[77.130955641407013,31.089001818412843],[77.130660490038935,31.089001818412843],[77.130490975249899,31.088993020078561],[77.130276215913227,31.088959916117396],[77.130178600482878,31.088893983565516],[77.130064657273934,31.088760343575164],[77.129957764043326,31.088597287285037],[77.129854483836795,31.088486503286131],[77.129622853240775,31.088284779576568],[77.129337276117013,31.088098775966579],[77.129188683989227,31.087967504287189],[77.129066462804929,31.087827204733941],[77.128999886862616,31.087719976298484],[77.128814081125881,31.087166435318423],[77.128799352348452,31.087038503433007],[77.128809873417069,31.086883542652057],[77.128904554949713,31.086715968857717],[77.129064461358496,31.086532177780693],[77.129146518866435,31.086431273131847],[77.129209639888174,31.086348386348273],[77.129266869758297,31.086259590429677],[77.12930726789493,31.086153495726752],[77.129384275074344,31.086063689521129],[77.129563118867665,31.085979000689829],[77.129683551506233,31.085948442100062],[77.129804995647788,31.085955181269298],[77.129902367634713,31.085980188506507],[77.129992342893559,31.086024048473703],[77.130049151453804,31.086070897192322],[77.130152249302341,31.086160991113019],[77.130236410664679,31.086236670401959],[77.130278491345848,31.086267301983384],[77.130333196950019,31.08629252839151],[77.130497311965911,31.086306943698677],[77.130585681037019,31.086299736045333],[77.130735068173834,31.086260094327091],[77.130871830387647,31.086200632872647],[77.130972824381757,31.08617000050036],[77.131177047378458,31.086132048132985],[77.131371013411226,31.086140495157444],[77.131492653385536,31.086143310062827],[77.131597855088458,31.086148941411892],[77.131752370707233,31.08618554209545],[77.131965929894676,31.086301537766396],[77.132066923888814,31.086344782907908],[77.132108311070581,31.086356597175875],[77.132225216923317,31.086370100073822],[77.13229415992646,31.086371811015198],[77.132468795112629,31.086371811015198],[77.132605558224725,31.086348386348273],[77.132821064061403,31.086308399230685],[77.13298428435526,31.086278113082155],[77.133119158310336,31.086241630907875],[77.133177856027601,31.086209642256247],[77.133310410532644,31.086150180000914],[77.133432444867339,31.086114142438802],[77.133581832004154,31.086078104863027],[77.133733322097044,31.086069095466897],[77.133758571044723,31.086067292972171],[77.133878500626722,31.08609071770837],[77.13397949462086,31.086101528827243],[77.134112049125861,31.08609071770837],[77.134236187315011,31.086076302368404],[77.134440279157658,31.086038463052269],[77.134600186464738,31.085989812590721],[77.134739052532922,31.08594836901548],[77.134873710892336,31.08594836901548],[77.134954453266701,31.085968752692995],[77.135056368034014,31.08600816912465],[77.135161569736937,31.086067292972171],[77.1352437583989,31.086132048132985],[77.135362110539262,31.086196803249678],[77.135510051388479,31.086236219586731],[77.13572045479431,31.086236219586731],[77.135901270389652,31.08619398834589],[77.136114962527756,31.086151756316955],[77.136226739000222,31.086101078780686],[77.136407554595564,31.086013799712408],[77.136574298980292,31.085877256903331],[77.136645914471359,31.08578013273226],[77.136731941634565,31.085500720937034],[77.136903033865252,31.085119886836274],[77.137030350293841,31.084872637617377],[77.137148176021469,31.08471226805143],[77.137282834380869,31.084523067065845],[77.137442741687963,31.084333866473024],[77.13763000089881,31.084159080367105],[77.13782120551042,31.084017629663094],[77.137979724022088,31.083935744747258],[77.138085433273133,31.083847268153793],[77.138216612457441,31.08370171107277],[77.13825055619877,31.083567436775848],[77.138232150616943,31.08347986688139],[77.138150288043406,31.083306191660423],[77.138072185817649,31.083168956407253],[77.137994083591892,31.083088229378344],[77.137949979006407,31.08303660700355],[77.137901224741,31.082970518782858],[77.137773239965824,31.082797031888052],[77.137716687425424,31.082744563083832],[77.137635892050454,31.082626932073957],[77.137617040005892,31.082583109005952],[77.137600881110572,31.082497768519818],[77.13760492083442,31.082445871939306],[77.137651041239394,31.082220195802744],[77.137825764460487,31.08191894340224],[77.1379498146147,31.081654379411678],[77.138067772394663,31.081340048595727],[77.138048047187667,31.080928973056665],[77.138035312670183,31.080599503555099],[77.138055239998124,31.080463589224788],[77.138261738427431,31.079997006759939],[77.138407808085901,31.079540002888454],[77.138443056181003,31.079463400415744],[77.138559589232912,31.079292824553519],[77.13861388430702,31.079246574907252],[77.138676210319744,31.079202891074708],[77.138763112442007,31.079164391983049],[77.138864521457819,31.079124892698939],[77.138926980421203,31.079113710721042],[77.138979952276884,31.079102557977684],[77.139061452829353,31.079107569634168],[77.139118409611612,31.079115523349408],[77.139163354121891,31.079140580856428],[77.139169347681502,31.079152652218987],[77.139172232171873,31.079175585495509],[77.139163529293384,31.07923057902088],[77.139130967160966,31.079313196579253],[77.139086916474369,31.079374751937532],[77.13895212606262,31.079487377644174],[77.138656246160878,31.079915353804527],[77.138630776227615,31.079956072195937],[77.138598765660802,31.080049130099841],[77.138577857372567,31.080121843761432],[77.138575307055461,31.080180163444609],[77.138581659941138,31.080232242830618],[77.138599383701703,31.080267319387396],[77.138658358998413,31.08033894962751],[77.138797628410188,31.080502430922895],[77.138833578089532,31.080561879785972],[77.13886480532544,31.080642768216922],[77.138883230670231,31.080769086145221],[77.138892901034254,31.080826422198083],[77.13894030153854,31.080938936167321],[77.138966690448342,31.081035972963619],[77.138982630154729,31.081112398757025],[77.138991957362336,31.081143145853918],[77.139001538793138,31.081214115331829],[77.13899889864453,31.081254675450182],[77.138982931090368,31.081329499283182],[77.138965573842441,31.081369403867299],[77.138919250418184,31.081421700327287],[77.138774598301239,31.081556848556566],[77.138710141484665,31.081606340644633],[77.138648452377467,31.081670361041937],[77.138582675935737,31.081756425455737],[77.13854664900127,31.081819662558729],[77.13851816791518,31.081889085149136],[77.138488580104664,31.082077728219197],[77.138505018376037,31.082302973093626],[77.138482005335106,31.082474721413195],[77.138422828815777,31.082601420806881],[77.138301189739764,31.082730935807433],[77.138287503008087,31.082746877251083],[77.138234214047145,31.082825325024814],[77.138224138542896,31.08284861131013],[77.138210670101842,31.082919409491328],[77.138205849742022,31.082973072207967],[77.138208220396066,31.083109094503417],[77.138226423856977,31.083212705349109],[77.13829790190583,31.0834235564101],[77.138383378401741,31.083578409741204],[77.138468854897667,31.083688214719682],[77.138547756624007,31.083741710057733],[77.138689120907017,31.083826174700111],[77.138827199152715,31.083944426611982],[77.138850621825426,31.083958639942093],[77.138909421950629,31.084016491828127],[77.138962735166146,31.084103917364082],[77.138967664222093,31.08411576191434],[77.138993531210701,31.084157363231302],[77.139037838815483,31.084195889535049],[77.139104603404022,31.084228810517644],[77.139198418960703,31.084293459225687],[77.139289491960824,31.08438814461973],[77.139311727060743,31.084420001560758],[77.139350551349011,31.084501728348052],[77.139406640358743,31.08462661867091],[77.139420663060307,31.084653037963765],[77.139445420629542,31.084695443756054],[77.139513291044224,31.084771598883215],[77.139538450160359,31.084794740828663],[77.139636605478202,31.084888408682069],[77.139653039258008,31.084900230824264],[77.139715145183501,31.084967634778128],[77.139745899007238,31.085023532748878],[77.139774023462152,31.08511176975864],[77.139797581780485,31.085246945052198],[77.139821811140322,31.085295981321785],[77.13990626355681,31.085395630113691],[77.139959954064722,31.085442526839678],[77.140059031952376,31.085499767755469],[77.140149819288226,31.085536875667611],[77.140385392590034,31.085697790824078],[77.140451550815769,31.085735065599899],[77.140510138938609,31.085785304053697],[77.14054384462635,31.085860876707446],[77.140548323626348,31.085893863274162],[77.140546793795423,31.085957854626791],[77.140539636917552,31.085983595017005],[77.140475135185227,31.086084466291592],[77.140447090680382,31.086199748166656],[77.140431673793458,31.086274014973515],[77.140444276258577,31.086353568409109],[77.140522810573998,31.086495157958211],[77.140590117744949,31.086612840339772],[77.140637793133692,31.086720917029744],[77.140634988593405,31.086809779446781],[77.140598530467599,31.086927462207989],[77.14053122419493,31.086994709324809],[77.140472330644897,31.087085973247873],[77.140452699760985,31.087150818492162],[77.140459257462567,31.087221959654048],[77.140493465308609,31.087275945355543],[77.140536833275576,31.087321337940541],[77.140634988593405,31.087407798042314],[77.140820660481168,31.087560986273871],[77.140859506328979,31.087614434043406],[77.140885128975825,31.087692150813183],[77.140888060178597,31.087783750249084],[77.140874943877137,31.087883928785146],[77.140826742973957,31.088052795242632],[77.140734721352885,31.088202899106818],[77.140709825443082,31.088242696950399],[77.140672469900323,31.088324678932512],[77.140644871858157,31.088425713119715],[77.140647162562132,31.088496512531279],[77.140697589490586,31.088665482523542],[77.140708430359467,31.088686981087875],[77.140866179913232,31.088994690969784],[77.140878262253821,31.089030165860283],[77.140943840167864,31.089142233932535],[77.141050222257078,31.089272379294869],[77.141194825864972,31.089460006102914],[77.141423599818381,31.089696924248511],[77.141580572329445,31.089828204308624],[77.141693354016738,31.089908552511663],[77.141867779895449,31.090011402820384],[77.142158854708754,31.090150469843159],[77.142352056275243,31.090221511061088],[77.142512574436736,31.090257941704518],[77.142759181745134,31.090270550148684],[77.142999508033128,31.090261088046152],[77.143211186148349,31.090231444734375],[77.143608517286722,31.09011782323628],[77.14367220424711,31.090107241049854],[77.143965166420813,31.090003205386303],[77.144185589635342,31.089878130578779],[77.144321558636761,31.089800977940818],[77.144409066223531,31.089751322417008],[77.144466477553337,31.089735093667954],[77.144554757691267,31.089728221681142],[77.144598529001797,31.089739414718832],[77.144648357652301,31.089770447504915],[77.144679439361099,31.089810891656736],[77.144685398784716,31.089879624520098],[77.14467319786651,31.089948298099216],[77.144658793380955,31.089982563327215],[77.144624414855031,31.090033653434645],[77.14439294775238,31.090210510399501],[77.1443782207716,31.090219517864401],[77.14433203748456,31.090263098166048],[77.144308525878628,31.090299625722341],[77.144300548838899,31.090337045624771],[77.144302600591004,31.090370633749895],[77.144312182920146,31.090390034113856],[77.144337332154805,31.090418028818991],[77.144402384554425,31.090456547968945],[77.144438520185076,31.090471684224362],[77.144652836652298,31.090561455493091],[77.144843150135131,31.090663063487817],[77.14498190211728,31.090731738808504],[77.145110885819022,31.090774885005505],[77.145279152848161,31.090813310928834],[77.145430592635378,31.090832523500048],[77.145476085117991,31.090831617297603],[77.145708457722435,31.090844147199903],[77.145816147758708,31.090842610194539],[77.146004607118783,31.090825703133852],[77.146219555101666,31.090776461244893],[77.14635016834734,31.090761148105322],[77.146436623108599,31.090761148105322],[77.146463028188037,31.090766752256204],[77.146485200405905,31.090773568010963],[77.146509035405316,31.0907847801573],[77.146514037224833,31.090787104898542],[77.146522565830139,31.090791475135035],[77.146537187708034,31.090802728819924],[77.146547548876526,31.090818825841101],[77.146553162448711,31.090839680806848],[77.146547825557633,31.090868201561417],[77.146546218471585,31.090873498766534],[77.146543459745331,31.09087996987996],[77.146540109029317,31.090881293796485],[77.146506116778966,31.090921668241066],[77.146401181875689,31.091088629972468],[77.1461693231076,31.091324780174077],[77.146058443153763,31.091409911185444],[77.145800038270707,31.091528644452332],[77.145506012491694,31.091622804921599],[77.14495983230735,31.09173185134113],[77.144733893436992,31.091803849879863],[77.14457591571113,31.091880134700745],[77.144481450672487,31.091981965909962],[77.144441850239815,31.092041715297121],[77.144392459068868,31.092138994613219],[77.144341255097672,31.092283111792966],[77.144299986493522,31.092502216873875],[77.144239009750336,31.09265085519727],[77.144167619736407,31.09269985995299],[77.144079072798846,31.092709117190349],[77.143994890775247,31.092702140799705],[77.143870792112025,31.092654427628194],[77.143715715944523,31.092575985660577],[77.143562590019513,31.092505349294477],[77.14350268766141,31.092492524985211],[77.143371247965661,31.092482369232634],[77.143184521455765,31.092511441821618],[77.142852880520863,31.09264885974379],[77.142414257422132,31.092923693453326],[77.142243442770848,31.093031812197651],[77.141954633508718,31.093171914829732],[77.141546197396792,31.093344555069326],[77.141186968301184,31.093568371665814],[77.141119785097729,31.093629097771291],[77.140749971153141,31.093966543036807],[77.140590117744949,31.094122640749941],[77.140483547907849,31.094254723940086],[77.140349110534004,31.094503278767036],[77.140314753567637,31.094545570931199],[77.14027068940635,31.09462338126394],[77.140250674941811,31.094704788502504],[77.140241986436394,31.094790808034428],[77.140240441334086,31.094837140117114],[77.140218054418895,31.094952955994117],[77.140208888009738,31.094991080993932],[77.140178214136043,31.095081136456574],[77.140154536341797,31.095123039129412],[77.1400672560288,31.095232960768676],[77.140007318636393,31.0952800087945],[77.139974159124307,31.095314713640931],[77.139862465296829,31.095404932643852],[77.139788220436927,31.095452615203108],[77.139661143858518,31.095490137691876],[77.139328115924798,31.095550174873932],[77.138990706009139,31.095583945002872],[77.138916928273147,31.095590714258073],[77.138769851603271,31.095617269733804],[77.138629842878061,31.095692109950605],[77.138548724109569,31.095786101677845],[77.138520561027093,31.095858404067421],[77.138508094207566,31.095930159478979],[77.138514398584235,31.096171271479985],[77.138499927623329,31.096266859650541],[77.138483978035467,31.096456874171082],[77.13847556441452,31.096521713789262],[77.138419475404802,31.096622573876541],[77.138380337604502,31.096676834234632],[77.138279573579084,31.096767871167479],[77.138177492623441,31.096890646928173],[77.138145658126447,31.096979226760215],[77.138145099374313,31.097025394700506],[77.138169261360517,31.097074051819245],[77.138221140864815,31.097125831950681],[77.138317897505743,31.097165294522579],[77.13845423032484,31.097177707437275],[77.138599376515202,31.097148416279019],[77.139075680346807,31.097011922547225],[77.139333725005443,31.096920352007693],[77.13954759860323,31.096858619554347],[77.139664959003525,31.096843225088222],[77.139787131678773,31.096847748890784],[77.139845232914737,31.096858351864707],[77.139885528643447,31.096867383314436],[77.139977443364998,31.096900433751738],[77.140065387532999,31.096945520203462],[77.140107542774331,31.096979388296887],[77.140135351022266,31.097017527867855],[77.140140740913949,31.09705427282465],[77.140129243376634,31.097120728937863],[77.140112592204545,31.097159309984846],[77.140088483218932,31.097196017194999],[77.140073557710494,31.097210085467925],[77.140015205844577,31.097244544997285],[77.139921460356476,31.09729545043302],[77.139859416414751,31.097347038138899],[77.139785240725118,31.097419849332496],[77.139691026316427,31.097487785934856],[77.139671786199671,31.097513961655835],[77.139648120981832,31.097573306801539],[77.139640762881342,31.097615430678804],[77.139642317865082,31.097638727185647],[77.139661637931923,31.097672922718139],[77.139722170907334,31.097711233545922],[77.139859476601885,31.097761969504006],[77.140083030445169,31.097818939157378],[77.140172254712439,31.097840097195824],[77.140199724295513,31.097845377089467],[77.14046461501492,31.097882157109943],[77.140624161199284,31.097926316192126],[77.140713288448509,31.097959916249199],[77.140778015657986,31.097993787057785],[77.140842517390354,31.098022604119585],[77.140929455445203,31.098046618202947],[77.141038828924309,31.098065829311331],[77.141139788782468,31.098077835963689],[77.141221117756714,31.098077835963689],[77.141375362084275,31.098082638931871],[77.141582891779521,31.098113857450002],[77.141658611673137,31.0981450751887],[77.141751157910335,31.098178695167917],[77.141866140470057,31.098224321769134],[77.141983927570138,31.098272349827667],[77.142046659621343,31.098311741925013],[77.142155027885664,31.098412762415155],[77.142187858614349,31.098464151827233],[77.142232938770263,31.098577141822442],[77.142250875431529,31.098679535836702],[77.142259908890011,31.098932228185905],[77.142310626872643,31.099230241375889],[77.142303372976741,31.099343078926772],[77.142293053130757,31.099378961476752],[77.142244528834041,31.09947605867065],[77.142169666831535,31.099572483483406],[77.142128387447599,31.099604904542293],[77.141802449916412,31.099880849619048],[77.141668718618376,31.100016688487074],[77.141628105784406,31.10008848537084],[77.141620767446838,31.100166714990543],[77.141630584236253,31.100211360680937],[77.141698368412676,31.100310270786412],[77.141889912587445,31.10049794502304],[77.14195264014711,31.10058822217697],[77.14200779221396,31.100732993428132],[77.142033448996798,31.100907485982635],[77.142080132645489,31.10116114773545],[77.14211927942894,31.101344888976492],[77.14215467305111,31.101455951810557],[77.142175744832755,31.101512920786735],[77.142208191980814,31.101558032739742],[77.142275438964674,31.101595345906016],[77.142407236189882,31.101656233793129],[77.142520164302567,31.101693654606638],[77.142613669042177,31.101709805932838],[77.142831319157438,31.101713300335533],[77.142939010092007,31.101720984482757],[77.143023367287071,31.101751721065284],[77.143111315048344,31.101808584485887],[77.143197467975639,31.101896184408297],[77.143330062006541,31.10200885341796],[77.143354159314015,31.102033613368544],[77.143441392016314,31.102082251768906],[77.14349552449535,31.102097701536099],[77.143583682462378,31.102125282817955],[77.143712176582284,31.102146213758093],[77.143759142301974,31.102148129017323],[77.143871116403844,31.10214534996846],[77.143910232644586,31.102139828021951],[77.144025564648928,31.102104905683387],[77.14412372086511,31.102052076795609],[77.144255529768429,31.101994445877452],[77.144311607100036,31.101960834940641],[77.144376120510486,31.101895992112699],[77.14446305856535,31.101766321707682],[77.144516343034752,31.101670269099809],[77.144529974969203,31.101652760156338],[77.144605207077618,31.101572717253063],[77.144678092786478,31.101534233377762],[77.144768407608538,31.101512794640275],[77.144911769744709,31.101499775404662],[77.145051992269018,31.10149257121147],[77.145133321243264,31.101463755971583],[77.145192433083892,31.101440748847711],[77.145360611179797,31.101326783083909],[77.145440692394118,31.101292560406858],[77.145512887298551,31.10128055493006],[77.145570035421997,31.101281778707289],[77.145629056532798,31.101302292933827],[77.145675436550903,31.101327316130511],[77.145728620409002,31.10137964468101],[77.145846490154042,31.101485027806792],[77.146181603077522,31.101701928719571],[77.146352517441812,31.101814347975182],[77.146380429894293,31.101831785354786],[77.146461946616441,31.101871409038257],[77.146500119626126,31.101886551166807],[77.146562564216467,31.101898440420424],[77.146624538089625,31.101905133845744],[77.146914145055746,31.101903196275291],[77.146950185464959,31.101898890392146],[77.147090792468177,31.101865278652323],[77.147275367512961,31.101793086982294],[77.147446112993961,31.101696195221685],[77.147993858941803,31.101338889318338],[77.148172603920429,31.101306599613153],[77.148277374432013,31.101296884008811],[77.148367412572952,31.101296501722715],[77.148443802609762,31.10130911100946],[77.148483509043629,31.101326676936079],[77.148582572558212,31.101395647607603],[77.148621492067903,31.101444353253886],[77.148636526272483,31.10146312600828],[77.148686342346565,31.101540816066013],[77.148721020011479,31.101594897471251],[77.148858853915414,31.101786282017517],[77.148928964728384,31.101928860042484],[77.148939609764525,31.101992661375977],[77.148938932434788,31.102096435464464],[77.148917532768095,31.102161401993634],[77.148874980471419,31.102236760865697],[77.148785524438793,31.102334475865437],[77.148756065985665,31.102314120312791],[77.148669913956638,31.102264506711617],[77.148585457946893,31.102230332061588],[77.148489383127256,31.102216448366161],[77.148387500699315,31.102212289410545],[77.148252711185904,31.102226879982851],[77.148136186218807,31.102251696026677]]]},"properties":{"objectid":10203,"id":"10147","name":"Shimla (M Corp.) - Ward No.7","code":"7","town":"Shimla","district":"Shimla","state":"Himachal Pradesh","st_area(shape)":2321442.6050745868,"st_perimeter(shape)":12392.041346014817}},{"type":"Feature","id":10206,"geometry":{"type":"Polygon","coordinates":[[[77.195169134022379,31.100468651811951],[77.195097596684718,31.100483064968248],[77.195053155230994,31.100502667872703],[77.195008123584117,31.100542495177752],[77.194969249888501,31.100598367832685],[77.19491664903704,31.100679439967223],[77.194849320306488,31.100764114926193],[77.194746222457994,31.100938870486615],[77.194676788974732,31.101057776449331],[77.194662061095656,31.101088403252454],[77.194628395832069,31.101149657598306],[77.194594731466765,31.101218118426814],[77.194566685165285,31.101264388916288],[77.194532954324671,31.101290399759627],[77.194484534232558,31.101305032778765],[77.194436717808301,31.101307962612953],[77.194345856810571,31.101287620685614],[77.194214650676813,31.10125777313382],[77.194174800512471,31.101253398763703],[77.194128152796395,31.101238189614882],[77.194060473722914,31.101205074536761],[77.194017383335378,31.101173943183689],[77.19399752877095,31.101153442005696],[77.193956925818412,31.101120996092146],[77.193783311118409,31.101025438958878],[77.193669345451582,31.100959639389071],[77.193594143885875,31.100905565314019],[77.193544816495319,31.100854195683453],[77.193475383012057,31.100665026840669],[77.193454342671473,31.100574946673252],[77.193418574451812,31.1004794612948],[77.193365972702011,31.100420007970044],[77.193334412191149,31.100400190443221],[77.193287747407098,31.100382551271736],[77.193240337021308,31.100374955473679],[77.193191084190929,31.100376233875355],[77.193144096013384,31.100380735203039],[77.193122089085534,31.100386731075734],[77.193071627122762,31.100404903298223],[77.192990440082326,31.100453712524597],[77.192858242208516,31.100565713278183],[77.192802353523078,31.100610753376937],[77.192674026489826,31.10071243215792],[77.192573471771851,31.100791725824635],[77.192519841451073,31.100855361007657],[77.192419693669933,31.10101226966448],[77.192349183106671,31.101117690888156],[77.192324474046458,31.101138848191717],[77.192281636085511,31.101154341956185],[77.192083871975711,31.101202011629859],[77.192001278173549,31.101228773986769],[77.191975010536311,31.101235802055967],[77.191965314121148,31.101234909798144],[77.191960552151798,31.101233543720557],[77.191951515100058,31.101230029301384],[77.191944501054323,31.101225519552926],[77.191937376515781,31.101216332372353],[77.191923444544074,31.101178555236658],[77.191891984644485,31.101136563701601],[77.191861236210642,31.101105579241171],[77.191834569721436,31.101086313365961],[77.19175108209555,31.1010390397667],[77.191619116885377,31.100960633951775],[77.19155987838225,31.100923903582416],[77.191533794001373,31.100902370096737],[77.191522176089805,31.100886544000879],[77.191511390018192,31.100845331527186],[77.191503310570482,31.100813047038578],[77.191475031605364,31.100765772534146],[77.191403807779764,31.10069781673884],[77.191342663051628,31.100591474325082],[77.19132556092525,31.100553615406348],[77.191298992352401,31.100512552780927],[77.191255149176627,31.10046036605365],[77.191213687434683,31.100425939997134],[77.191108672581379,31.100359625420616],[77.190928444484214,31.100272951730869],[77.190823242781292,31.100233541217005],[77.190596401104074,31.100177240674313],[77.190353122053764,31.100098420319938],[77.190267645557853,31.100059009733645],[77.190073679525071,31.100002709087498],[77.189879713492289,31.099988634305326],[77.189731773541411,31.100013969373247],[77.189536037827509,31.100027935694751],[77.189498288822648,31.10002206133267],[77.189488894241407,31.100018729937673],[77.189451610563879,31.09999984921004],[77.189426757773205,31.099982115352908],[77.189364217063144,31.099950874372819],[77.189313171195423,31.099937946457697],[77.189243220282577,31.099929163750957],[77.189180257364313,31.099928301479583],[77.189062402890613,31.099928746076216],[77.188905995419844,31.099921640221272],[77.188700634257685,31.099899650373594],[77.188617978471797,31.09987135539809],[77.188574552114304,31.099850697791513],[77.188103773820004,31.099630898148412],[77.188095357504096,31.099605676820104],[77.18805748453174,31.099438125463902],[77.188025924020849,31.099191301951588],[77.188004883680264,31.099083204063177],[77.18798805104845,31.099025551344191],[77.187964906853495,31.098930064408119],[77.187929138633805,31.098733685792258],[77.187893369515848,31.098645405280077],[77.187851288834679,31.098537306770393],[77.187842872518758,31.098465240259696],[77.187842872518758,31.09840218269105],[77.187859705150544,31.098283274173014],[77.187842872518758,31.098063472441218],[77.187821832178173,31.097937355959445],[77.187790271667296,31.097832860417967],[77.187754503447621,31.097742776795318],[77.187722942936773,31.097667107440063],[77.187695785967421,31.097616371431332],[77.187542199206646,31.097356473382337],[77.187478874267313,31.097268939271942],[77.187432584979049,31.097187863457144],[77.187371305503618,31.096982135189528],[77.187225825140018,31.096553461278475],[77.187183983410705,31.096461318761691],[77.187129966814339,31.096326074037396],[77.187118162951506,31.096275537311676],[77.187118162951506,31.095996838686119],[77.187124738619389,31.095715323082807],[77.187147750762009,31.095445068241805],[77.187160901199448,31.095267712555692],[77.187169468432344,31.095221492991541],[77.187213502050923,31.094969303853151],[77.187316121995707,31.094788863395689],[77.187371305503618,31.094738458930728],[77.187463356769115,31.094676525056897],[77.187571846305971,31.094575178281094],[77.187650748032297,31.09448509233837],[77.187673761073285,31.0944259729593],[77.187688470986046,31.094370110520053],[77.187728700239404,31.094271278845913],[77.187752001639581,31.094235285903025],[77.187890740146997,31.094102224974751],[77.188015667056916,31.094003693028057],[77.188242508734177,31.093879823512658],[77.188321410460503,31.093803813380461],[77.18837072347803,31.093747509026805],[77.188456199973942,31.093612378134118],[77.188515375594974,31.093513845679375],[77.188574552114304,31.093457541153864],[77.188681423785354,31.093354340719749],[77.188760683041195,31.093259761185546],[77.188801107228983,31.093197655573494],[77.188840844205558,31.09307970287724],[77.188840844205558,31.093026811275742],[77.188830981602052,31.092886049177746],[77.188832638095434,31.092861226071463],[77.188859478857808,31.092750619357489],[77.188932896369366,31.092627046680242],[77.189011797197395,31.092562295945541],[77.189172887585713,31.09250036065303],[77.189386579723831,31.092393380577064],[77.189537807508628,31.092269509731395],[77.189850125681787,31.092075256663943],[77.190044091714583,31.091987983082909],[77.190172306458422,31.091892264447765],[77.190257782954347,31.091810621712188],[77.190280795995292,31.091709271879147],[77.1902730372462,31.09161152517882],[77.190281452663768,31.091483599277986],[77.190302493902678,31.091393509634486],[77.190355094754125,31.091285402872636],[77.19041190331437,31.09112864738788],[77.190426632091786,31.091072792241061],[77.190426632091786,31.091029549251271],[77.190405591751201,31.091002522468795],[77.190378238949108,31.090970090012007],[77.190287765125277,31.090935855910921],[77.19020149990854,31.090921442075299],[77.190086128378283,31.090903933458382],[77.189988516541177,31.09087475114087],[77.189910301127739,31.09083884768528],[77.189812000282814,31.090793875264811],[77.189711006288675,31.090743136354501],[77.189639636935979,31.090712001572776],[77.189561535608561,31.090691245045907],[77.189518444322701,31.09067855973019],[77.18949356098932,31.090676428843196],[77.18944037084303,31.090678662043558],[77.189361840120895,31.090692356645686],[77.189309480017911,31.090711801561788],[77.189278748652043,31.090748860512967],[77.189267306810279,31.090770090899124],[77.189250474178493,31.090797118516992],[77.189221017522016,31.090851172191051],[77.18916978660134,31.090910250715424],[77.18914048535342,31.090929438650342],[77.189081020474859,31.09094050923235],[77.188995700285801,31.090926486956505],[77.188965537553514,31.09091984506799],[77.188891421152704,31.09090287032522],[77.188837126976935,31.090890324275914],[77.188811272564735,31.090882943884168],[77.188763872958759,31.090874088028663],[77.188698374994743,31.090879253688065],[77.188652698357501,31.090883682384934],[77.188628567812344,31.090890324275914],[77.1886130548057,31.09089696616644],[77.188588062776176,31.09091689260455],[77.188568766065572,31.090939459946487],[77.188547725724987,31.090986306241749],[77.188526685384403,31.091024143587671],[77.188511956606987,31.09106558494927],[77.188467772071419,31.091166484677036],[77.188413067365573,31.091251168885147],[77.188385714563495,31.091308826322514],[77.188358361761402,31.091373690224508],[77.188343633882326,31.091415131433646],[77.188333665277597,31.091433912324266],[77.188288213219195,31.091466849261835],[77.188240536033817,31.091483599277986],[77.188217391838819,31.091490805768835],[77.18815847852585,31.091483599277986],[77.188068004702004,31.09143495083492],[77.188004883680264,31.091389906385423],[77.187908907675293,31.091347288954751],[77.187882849345527,31.091341257894396],[77.187758711156434,31.091319636847704],[77.187569348091145,31.091343060289148],[77.187503005710823,31.091351582238648],[77.187459744643348,31.09136445285797],[77.187411544638465,31.091384500742308],[77.187348292462673,31.091433374606524],[77.187336303546914,31.091448773795634],[77.187327374292963,31.091469058596395],[77.187325890276128,31.091483850828233],[77.187331018758087,31.091505808776365],[77.18738739163544,31.091597504540516],[77.187405436992876,31.091626478164976],[77.187415457699856,31.091653315530689],[77.1874182299008,31.091673633366156],[77.187413414930901,31.091730525897919],[77.187407096181175,31.091762218831978],[77.187394341900784,31.09178866460379],[77.18737455650664,31.09181244717594],[77.187347382469312,31.091836608219971],[77.187328567255662,31.091850034951332],[77.187235167618965,31.091897083113981],[77.187195227623107,31.091926225115774],[77.187166897453977,31.091962092005112],[77.187160980251207,31.091975604876193],[77.187156416809572,31.092028390135479],[77.187157614263839,31.092049919478686],[77.187160901199448,31.092142823227441],[77.187157614263839,31.092196313036901],[77.187134601222894,31.092314553763924],[77.187106366275202,31.092391485121876],[77.187077658813649,31.092433691299885],[77.187061591546495,31.092449623423299],[77.187019805512747,31.092473474294053],[77.187001192420055,31.09248075148156],[77.186950497793617,31.092489099476612],[77.186930615381428,31.092489995662891],[77.186856030060028,31.092488400989758],[77.186784647232599,31.092480563782473],[77.186713774648268,31.092464432426162],[77.186595441372504,31.092429978855471],[77.186484817438554,31.092404717152245],[77.186420767558801,31.092399248487624],[77.186374647153798,31.09240451483706],[77.186316907938874,31.092426619500884],[77.186280681578438,31.092448334914568],[77.186232015347912,31.092491298786982],[77.186210797140902,31.092520067516194],[77.186161483225078,31.092601709642132],[77.186128607580642,31.092686167178741],[77.186105594539654,31.092770624640213],[77.186085869332658,31.092852266550857],[77.186069431959595,31.092914201614022],[77.186052993688207,31.093004289046373],[77.186040058846444,31.093100633502875],[77.186034926771228,31.093188785317981],[77.186055447885551,31.093332881674026],[77.186057477179787,31.093396314156102],[77.186050939241156,31.09350408312293],[77.186035047145467,31.093569217840695],[77.186024169445673,31.093591174537593],[77.185995426949845,31.093629083155538],[77.185973973384236,31.093650325206124],[77.1859239722572,31.09368403600903],[77.185884138262566,31.093704064172719],[77.185813001573521,31.093730617098792],[77.18569136249755,31.093750323706825],[77.185497396464768,31.093733432548568],[77.185404192660755,31.093711484346244],[77.185320255877258,31.093675480421769],[77.18522781653958,31.093620823724404],[77.185010837465853,31.093482877963726],[77.184859609681013,31.093356193077657],[77.184787283622541,31.093288627377081],[77.184705640237951,31.093225946382955],[77.184666956985197,31.093210926723504],[77.184619286986333,31.09320233340026],[77.184573148615002,31.093201397988757],[77.184533041532532,31.093207133537923],[77.184496391167258,31.093223779398176],[77.184460444182847,31.093251636341417],[77.184435071267657,31.093282252584245],[77.184404228510672,31.093339510316536],[77.184386406833752,31.093391910961671],[77.184365859668247,31.093532672310175],[77.184355585636354,31.093642641944516],[77.184355585636354,31.093770206468566],[77.184392775889108,31.094096594866279],[77.184392775889108,31.094175420200909],[77.184386201119565,31.094212017792785],[77.184389488953499,31.094302103994508],[77.184396063723057,31.094372484405167],[77.184399351557005,31.094431603048257],[77.184415788930053,31.094496352508944],[77.184415788930053,31.094631482144219],[77.184373050682112,31.094817284502042],[77.184386201119565,31.095050943874352],[77.184386201119565,31.095163551003306],[77.184392775889108,31.095267712555692],[77.184402638492614,31.095402840324567],[77.184430122448745,31.095578957292311],[77.184425914739947,31.095679852226802],[77.184419966096129,31.095714236926515],[77.184415004700824,31.095727992341342],[77.184410603854232,31.095735310818132],[77.184399476422826,31.095746305455418],[77.184385931624959,31.095754861625434],[77.184378629220021,31.095757496245639],[77.184363132383069,31.095760149327322],[77.184345433775349,31.095759943942358],[77.184338072979898,31.095758313939392],[77.184295866534569,31.095739660057749],[77.184276076648885,31.095725577720788],[77.184249175699364,31.095692463797604],[77.18422392675167,31.095661835254617],[77.184183950823211,31.095611387406546],[77.184135557680534,31.095560940300953],[77.18405127324904,31.095492866935238],[77.183952242972126,31.095442252842741],[77.183816353920761,31.095377089408995],[77.183745203756985,31.095333072219589],[77.183661584078777,31.095260064040527],[77.183635574258048,31.095228046886334],[77.183583617498655,31.09514384545767],[77.183544585699536,31.095056574695523],[77.183393357914724,31.094654003218626],[77.183342649813568,31.09452720989264],[77.183187587120798,31.094266037215846],[77.183055927337804,31.094108778946818],[77.182896378458523,31.093963641438336],[77.182809366741765,31.093907000249118],[77.182695110919113,31.093865604743254],[77.182677526397413,31.093857000709729],[77.182608719938244,31.093833570964847],[77.182514223458526,31.093824962312969],[77.182461499537894,31.093827926993978],[77.182352190737475,31.093845551997731],[77.182297952257258,31.093875009562506],[77.182247245054413,31.093920039756618],[77.182199955042904,31.093970658506365],[77.182138988181222,31.094056831782915],[77.182076032449473,31.094147602760021],[77.181957846497454,31.094272138860926],[77.181946741523902,31.094283761370772],[77.181772796243862,31.094448846395565],[77.181743208433332,31.094490018567015],[77.181684667022907,31.094563960428129],[77.181641085256899,31.094599242467389],[77.181613856422302,31.09461979967616],[77.181574865047395,31.094639828411786],[77.181542777225474,31.09464894315051],[77.181509173945628,31.094658252506381],[77.18145328166699,31.094657997887573],[77.18141928941661,31.094647313128551],[77.18139237499237,31.094630769057574],[77.18137389215542,31.094608474903939],[77.181362146683085,31.094578300633266],[77.181356496279932,31.09453151764847],[77.181368313617483,31.094424990636043],[77.181380455246895,31.094377664489947],[77.181424636189163,31.094280982861001],[77.181464202485856,31.094207058472225],[77.181594228233365,31.093942307917413],[77.181686690927236,31.093729517842583],[77.181776263740858,31.093491983582414],[77.181810937812486,31.093430125821051],[77.181877395177224,31.093298986895277],[77.1819079801177,31.093254663349782],[77.181983108919852,31.093099560393991],[77.182053651822486,31.092890723173497],[77.182066805853196,31.092841443122715],[77.182103706848423,31.092754487179171],[77.182149776049471,31.09266960968888],[77.182218860088085,31.092578412669301],[77.182264582539418,31.092529470160891],[77.182383049664139,31.092405752575271],[77.182515193639063,31.09224562034645],[77.182561084973656,31.092175409905458],[77.182605451867232,31.092095623641917],[77.182625621740286,31.092021949870787],[77.182637322296856,31.091841600742622],[77.182640211278823,31.091656023344822],[77.182655565283682,31.091539151092341],[77.18269092926144,31.091409014988923],[77.182737130514838,31.091341049422812],[77.182809961426472,31.091278112515941],[77.182969610018773,31.091171046444124],[77.183246997202104,31.09094835272089],[77.183400138398497,31.090851851458169],[77.183567727199559,31.090733081189661],[77.183611069115429,31.090678644350263],[77.183634184564298,31.090646477182304],[77.183738204982632,31.090507911683286],[77.183900014921463,31.090389140215567],[77.184084940309262,31.090312434172798],[77.184191849709521,31.090248099577991],[77.184336323061714,31.090146649610677],[77.184480795515611,31.090003133843364],[77.184619489107277,31.089787860170681],[77.184688836352237,31.089659190227067],[77.184772630303627,31.089528046096429],[77.184792856770585,31.089426595360379],[77.184798635632802,31.089349887771213],[77.184785272294647,31.08926977834334],[77.18476580131086,31.089153059320676],[77.184765643207371,31.089112634890292],[77.184768988533463,31.089081751130841],[77.184786011608125,31.089038858798872],[77.184811087180933,31.089004170892036],[77.184848637658135,31.08897515569565],[77.184970377345465,31.088929544653769],[77.185178057059346,31.088844485271729],[77.185358497158902,31.088773246855641],[77.185470930299843,31.088728230377264],[77.185511968935288,31.088705817137274],[77.185564386530459,31.088656527992296],[77.185586971075011,31.088625270209743],[77.185600624568991,31.088590394445163],[77.185610510528718,31.088522665342978],[77.185600481736856,31.088485773998212],[77.185579980385469,31.088462365238247],[77.185539320839084,31.088440648144314],[77.185273431193053,31.088405840778933],[77.185169873407133,31.08838366978982],[77.185082957810138,31.088366249943178],[77.185027723996569,31.08834862776952],[77.184988045410464,31.088330714030732],[77.184950147285249,31.088302994117367],[77.184928865297849,31.088273533286404],[77.184875445182854,31.088161290329229],[77.184810676650869,31.088056495549335],[77.184762588935399,31.08794940276853],[77.184746394107478,31.08789115401207],[77.18472605265616,31.087743874514278],[77.184719039508721,31.087672664506311],[77.184691669638653,31.087548656725534],[77.18464560133593,31.087479078254919],[77.184631740331099,31.087466733309991],[77.184572564710095,31.087423974876447],[77.184515237821927,31.087395468474107],[77.184376544230247,31.087319453154397],[77.184313669346878,31.087305199553935],[77.184200865201731,31.087297281911859],[77.184060321978862,31.087346374821003],[77.183988200736309,31.087366962832505],[77.1839031356688,31.087395468474107],[77.183832864057379,31.087425558095056],[77.183712662285828,31.087468317297212],[77.183605290253197,31.087474256287454],[77.183469485643457,31.087486628156874],[77.183351017620438,31.087486628156874],[77.18314297678377,31.087481679255454],[77.182880036306855,31.087484154090852],[77.182729784990769,31.08746683254962],[77.18258820151884,31.087469307385412],[77.182455285891066,31.087511373429489],[77.182365713077459,31.087538591991066],[77.182325261041896,31.087575709107977],[77.182273250383588,31.087677162589433],[77.182250726924465,31.087735028367089],[77.182197164875646,31.087832796749151],[77.182158698116865,31.087888615335739],[77.182054211472916,31.088025615293088],[77.182031405044469,31.088046799360701],[77.181912068350556,31.088122565616654],[77.181693176763588,31.088232306878421],[77.181635256987335,31.088239571312844],[77.181589720487267,31.088233223106521],[77.181491709798181,31.088198383354811],[77.181401096735485,31.088158791663361],[77.181351642682458,31.088130557811517],[77.181291480711252,31.088084212457421],[77.181224377457866,31.088006265989105],[77.181111689195333,31.087872645521262],[77.181016336621198,31.087746447812869],[77.18094347965841,31.087647514625054],[77.180962798826869,31.087647514625054],[77.181015361050783,31.087636938317956],[77.181074471094817,31.087608838168912],[77.181137947849422,31.087565812083422],[77.181222401164206,31.087489526106637],[77.181268175717847,31.087443272755927],[77.181343209298561,31.087367455953856],[77.181418929192176,31.087301422287933],[77.181505757652587,31.087238301150293],[77.181586067937332,31.087186821811876],[77.181695140480798,31.087137956533706],[77.181797959851593,31.08710713829241],[77.181960091387339,31.087054601091875],[77.182033170234007,31.087020180178179],[77.182302445630313,31.086916599639775],[77.182416697859722,31.086878685266417],[77.182501467381513,31.086835891949569],[77.182585489504973,31.086775104573746],[77.182696373950392,31.086668146516036],[77.182749819218245,31.086588459484449],[77.182781138082277,31.08653138077883],[77.182820121372345,31.0864260533791],[77.182865314715983,31.08623517640337],[77.182889064375445,31.085988848643744],[77.182897828339378,31.085696139877083],[77.182929175051214,31.08541344901051],[77.182971772263684,31.085264113903946],[77.183100543963022,31.084978899153942],[77.183357781036221,31.084495199101017],[77.183527117958846,31.084165252669937],[77.183604144002871,31.083910549255997],[77.183665764838096,31.083670138543098],[77.183679458756316,31.083382817193492],[77.183668086084779,31.083071140913628],[77.183680254663642,31.082934632343555],[77.183720539612551,31.082731942870357],[77.183741079591542,31.082468073548597],[77.183764796013335,31.081797812388722],[77.183774817618655,31.081727281104392],[77.183786920620491,31.081674803246848],[77.183818599708971,31.081599625016768],[77.183846253446688,31.081553764243864],[77.183943139444992,31.081425904815223],[77.184019996605755,31.08132781594767],[77.184063113044488,31.081256948878178],[77.184086528530671,31.081178364404359],[77.184086436004193,31.081132670377237],[77.184069288962064,31.081046160713594],[77.184046936182824,31.080979275599137],[77.183951429098443,31.080774313132842],[77.18386114841239,31.080622736530923],[77.183741953652287,31.080462779092933],[77.183689829806269,31.080408659500034],[77.183515338350531,31.080247956194121],[77.183435794328744,31.080167618287781],[77.183392751551892,31.080114669490865],[77.183370930575322,31.08006757856554],[77.183324239740131,31.079919053658742],[77.183304285462739,31.079801935393487],[77.183300541284638,31.079744487934573],[77.183305225100497,31.079656246711227],[77.183289114714213,31.079566285109834],[77.183276428705781,31.079511473348507],[77.183251000993337,31.079451382948125],[77.183196777784474,31.079365016394952],[77.183052715860669,31.07918608042208],[77.183030058552546,31.079150191015231],[77.183011705072985,31.079107061851971],[77.183007935742069,31.079089975749024],[77.182991975374406,31.07897526535362],[77.182975452661395,31.078922042766756],[77.182954741104211,31.078877060859863],[77.182928233616792,31.078817701728671],[77.182923743836994,31.078787616306766],[77.182925789300924,31.078769169131355],[77.182946394856913,31.078705489149776],[77.183002307796826,31.078602439648016],[77.183056191442489,31.078505676571972],[77.183083441836629,31.078441324751864],[77.183091165551446,31.078387406353045],[77.183068951112787,31.078300835718586],[77.183036883053774,31.078236893836102],[77.183022664519484,31.078168300272182],[77.183026656632578,31.078107528895195],[77.183052131057408,31.078030692916709],[77.183068448056247,31.077968244981086],[77.18307269798585,31.077939125627083],[77.183068917875133,31.077900395210641],[77.183060272488831,31.077862729596198],[77.183112551743406,31.077817954150596],[77.183267450942822,31.077740156215533],[77.183405486069375,31.077703295307316],[77.18358431189634,31.077706942160471],[77.183710258394129,31.077714739809124],[77.18391185561525,31.077716492452737],[77.18398778481631,31.077702593634271],[77.184422211884339,31.077619807720893],[77.184582809097591,31.077554487421629],[77.185064397718037,31.077214358743248],[77.185499715914816,31.076943635815603],[77.185685377022793,31.076788738591787],[77.185825759447198,31.076612989187506],[77.185887505148258,31.076451750125578],[77.185955287528017,31.076002390047634],[77.185975915541889,31.075909384347916],[77.186013450747723,31.075822222101397],[77.186150587558984,31.07603878382514],[77.186224443448381,31.076116113054493],[77.186354508721763,31.076194153137831],[77.18650203724421,31.07627612781701],[77.18661572443331,31.076364185985785],[77.186654219938191,31.076412433598261],[77.186680050994198,31.076481964774615],[77.186688637989988,31.07655793490504],[77.186686049943646,31.076594283845402],[77.186660925861787,31.076759731206845],[77.186631807870171,31.076862217977478],[77.186575527519295,31.076981761885918],[77.186534318203982,31.077029088232653],[77.186422152760954,31.077100994813303],[77.186338206095968,31.07713543624579],[77.186051568061856,31.07720796979261],[77.185948771148929,31.07726193194576],[77.18553511133365,31.077545361041313],[77.185449627651224,31.077652831769836],[77.185192964601484,31.0781413275351],[77.185180049522657,31.078240516818216],[77.185207205593713,31.078640705078545],[77.185179930046729,31.079598452950922],[77.185239415586537,31.079883946199022],[77.185267563397616,31.07995797559278],[77.185315663689536,31.080035866343987],[77.185401306373748,31.080134308141712],[77.185445249262543,31.080209557542318],[77.185457969406926,31.080240032578594],[77.185474256761367,31.080308246123835],[77.185471195302867,31.08037583567183],[77.185454117431007,31.080437736552291],[77.185380488815369,31.080579619576149],[77.185364449395976,31.080640967927327],[77.185359568849037,31.080793527733643],[77.185369262569253,31.080870888485563],[77.185510719378726,31.081243202139227],[77.185567043747056,31.08139083945694],[77.185595313729053,31.081563826534776],[77.185564321851729,31.081730511587153],[77.185495824413024,31.081893818156018],[77.185361762534953,31.08206284989534],[77.18528356059619,31.082219124109706],[77.185245126176781,31.082370537373652],[77.185281366910289,31.083687536940044],[77.185245101922263,31.083923622447148],[77.185223373472169,31.084072501910697],[77.185172905221208,31.084174697685015],[77.185101337340853,31.084276956434127],[77.185040856467708,31.084358985688965],[77.184992245034394,31.08441174055978],[77.184950149081885,31.084491150152179],[77.184929339608331,31.084582137215389],[77.184937471158278,31.084663750772965],[77.184957943763607,31.084720638269946],[77.185005015484506,31.084805771351419],[77.18506414708807,31.084887270857536],[77.185426736781153,31.085234752142096],[77.185926834289717,31.085701147339321],[77.186059061807939,31.085870623124343],[77.186193892643885,31.086101320344145],[77.186257052293215,31.086203633179824],[77.186377006129732,31.086328835913239],[77.186535180586617,31.086421269823624],[77.186709158206014,31.086476757667889],[77.187205988541905,31.086578438498702],[77.187366769909772,31.086598565092771],[77.18740828824555,31.086601023795733],[77.187617541807825,31.086591690571222],[77.187762124754514,31.086568578296994],[77.187908962472534,31.086526661850368],[77.188031987649012,31.086470437808135],[77.188191947058399,31.086368277582732],[77.18836096687572,31.086214758164065],[77.188563672617931,31.086082282988432],[77.188642542004914,31.086042985061393],[77.188779528797539,31.086006077367763],[77.188952363759896,31.085976021916302],[77.189024812887524,31.085960238723125],[77.189112607935201,31.085929320858742],[77.189201308484655,31.085885349297588],[77.18924646948895,31.085851325694822],[77.189299312885538,31.085783056890712],[77.189343072517971,31.085705590894506],[77.189363086084199,31.085640753895792],[77.189390924874857,31.085206838226902],[77.189413967560199,31.085116609540304],[77.189510216653019,31.08496504832587],[77.189577106107393,31.084889433416496],[77.189637740592431,31.084850592741891],[77.189736201337467,31.0848242419735],[77.189816831422405,31.084827610828711],[77.189931370214396,31.084864708232807],[77.18996566789194,31.084882791875401],[77.190090972094296,31.084977985202471],[77.190191695695518,31.085105372107019],[77.190356798858218,31.085277263071298],[77.190417878009328,31.085313452506156],[77.190495021732673,31.085335474194828],[77.190566260829655,31.085337003596099],[77.190776351621764,31.085296722173908],[77.190819571366731,31.085288180448472],[77.191026209933213,31.085269247556965],[77.191139481202327,31.085270576167581],[77.19123290419526,31.085259941127763],[77.19130502274291,31.085239353429166],[77.191432252933225,31.085190171729256],[77.191819051324899,31.084996939692893],[77.192094622114709,31.08482153473394],[77.192172759374742,31.084774563846707],[77.192481910088205,31.084588724155648],[77.192902714204948,31.084324020655629],[77.193089332018701,31.084175034649796],[77.193109151548825,31.084163364743898],[77.193166079584984,31.084142738341423],[77.193195150864227,31.084136087516185],[77.193251084465388,31.084128952784237],[77.193297096174248,31.084134497318768],[77.193332143046746,31.084146071831753],[77.19336889851489,31.084176572532296],[77.193393993850663,31.084213074732556],[77.193399934409641,31.084261790726966],[77.193381596201434,31.084323407503806],[77.193364480600337,31.084352723387706],[77.193334345715797,31.08440433966236],[77.193311479100259,31.084474402750047],[77.193301174525644,31.084554943964044],[77.193289400307194,31.084646970320417],[77.193251850728316,31.084782167815977],[77.193184442047709,31.084889633439733],[77.193059118980756,31.08508942644303],[77.192839407231929,31.085494451017862],[77.192811322302873,31.085550921048966],[77.192763981087396,31.085646109860225],[77.192753757361174,31.085724322908256],[77.192753757361174,31.085777017014792],[77.192770357329309,31.085826751546684],[77.192860803305365,31.08593443601232],[77.192928812060586,31.085995222387247],[77.19308637386645,31.086111865280426],[77.193144776038054,31.086175441059034],[77.193167112647586,31.086221577322576],[77.193234449462963,31.086364369497073],[77.19327742845941,31.086403912700458],[77.193365570256773,31.086449203384085],[77.193431893772512,31.08646260856683],[77.193557515080144,31.086458125812388],[77.193751769472158,31.086451194351941],[77.193905895222059,31.086441899578109],[77.194004173609116,31.086451468225409],[77.194073141765031,31.08646637894245],[77.194155358274784,31.086497802066912],[77.194179077391553,31.086511131850692],[77.194208370554634,31.08653122845606],[77.194262680001785,31.086581341092028],[77.194276366733476,31.086641624696345],[77.194274372473515,31.08669021866492],[77.1942530940794,31.086831779248186],[77.194237389731569,31.086968969208478],[77.194215426821202,31.087067864637561],[77.194189682003483,31.087112350314708],[77.194127362278948,31.087163912008727],[77.193961320376786,31.087219889464276],[77.193717407115898,31.087319689329629],[77.193648019446712,31.087369900789536],[77.193630920015309,31.087388204744443],[77.193605759102496,31.087448230121652],[77.193603532178898,31.08754553414234],[77.193612692299865,31.087571875693914],[77.193662577544217,31.087649022448804],[77.193747370422201,31.08775127592088],[77.193812344668373,31.087857288063905],[77.193846970231021,31.08793443304846],[77.193826762628689,31.087987045922823],[77.193683845158574,31.088117819841983],[77.193553191488689,31.088201292052993],[77.193501523986825,31.088265871899459],[77.193458523430806,31.088335539801204],[77.193448698556551,31.088381374992164],[77.193472290112524,31.088564753230216],[77.19349913536648,31.088620554462473],[77.193564121290777,31.088686863386599],[77.19361172750925,31.088716764122829],[77.19403448097016,31.088808044854986],[77.194189816750793,31.088832999799184],[77.194394781755889,31.088834925327586],[77.19445681042626,31.088832510531837],[77.19457971612681,31.088805953928965],[77.194925631291554,31.088670443671916],[77.195044859289325,31.088634360908195],[77.195118779857438,31.088615370217362],[77.19519966686056,31.088620743707793],[77.195392094977578,31.088688528898167],[77.195449172134118,31.088708635813113],[77.195530862231095,31.088763803066897],[77.195622249641588,31.08885932791593],[77.195639915909965,31.088893846632281],[77.195653104974951,31.088968665220357],[77.195652268643428,31.089004832478732],[77.195651375718043,31.089043430668763],[77.195637174251701,31.089092805773131],[77.195560225462785,31.08917066749801],[77.195478674604658,31.089235222837896],[77.195399017395175,31.089313559094524],[77.195387352771192,31.089330438730034],[77.195310353676618,31.089464504101432],[77.195225471865413,31.089612293274168],[77.195180484236005,31.089688080591007],[77.195144736677577,31.0897856477199],[77.195115167731686,31.089912256592491],[77.1951205243857,31.089945534848283],[77.195152377747391,31.090021120348304],[77.195275897895584,31.090181256326272],[77.195448113918701,31.090352019582006],[77.195498687272561,31.090432163484138],[77.195511842201583,31.090465960049141],[77.195526476655871,31.090538221869746],[77.195516055300274,31.090592301846446],[77.19543870855766,31.090778745984174],[77.195389332658095,31.090962801938911],[77.195381185836752,31.091067360424727],[77.195405192414412,31.091285793660926],[77.195505353670285,31.091628882889271],[77.195513505881479,31.091681490640958],[77.195523404417585,31.091745361167916],[77.195516038232256,31.09180850931288],[77.19550303691517,31.091861225431245],[77.195472218412718,31.091908335898633],[77.195420455689401,31.091930695304072],[77.195379841058795,31.091944313568661],[77.195330604398052,31.091947706018601],[77.195272304634429,31.091940019542243],[77.195231825649415,31.091926038954078],[77.194871346098964,31.091805417640249],[77.194491852807175,31.091703206994179],[77.194331485562643,31.091651056198163],[77.194187033770007,31.091597864556888],[77.194034410901551,31.091562695254424],[77.193979001018221,31.091554238711506],[77.193932962359909,31.091549196171414],[77.193869977882088,31.091546111413741],[77.193843889009585,31.091547030686954],[77.193807338357317,31.091554483338168],[77.193795465324214,31.0915607067015],[77.193784719676756,31.091572880337456],[77.193776322225489,31.091586243257076],[77.193765196590704,31.091608019634794],[77.19374275936984,31.091651937007072],[77.193738812172484,31.09167883436826],[77.193746125357237,31.091720937781325],[77.193755659177327,31.091745428863199],[77.193804214915076,31.091856062133061],[77.19394541390804,31.092130866596204],[77.194070326444944,31.09233940932193],[77.194235456557081,31.092575134861299],[77.19447272138656,31.092826308014079],[77.194614182687616,31.092974903521508],[77.194665242030041,31.093053552858326],[77.194699004311687,31.093150345739613],[77.194687281297234,31.093221459332042],[77.194662199436209,31.093287761199143],[77.194610677461384,31.093346688973561],[77.194556137147231,31.093387555460577],[77.194064579023745,31.09373807880969],[77.193777836785074,31.09393578931931],[77.19349109454636,31.094130310895562],[77.19329290373679,31.094283053666199],[77.193217112876283,31.094354392568359],[77.193185891928607,31.094390667009215],[77.193125854823222,31.094477615301273],[77.193014432286944,31.094672417310289],[77.192892574920336,31.094821113008344],[77.19282104027765,31.094876952105167],[77.192561304091342,31.09501005271796],[77.19253115752872,31.095025751330191],[77.192403174550165,31.095110742101102],[77.192305923835832,31.09520628287688],[77.19225336790015,31.095257915563831],[77.192148665660511,31.095357535447029],[77.192103492079809,31.095390208715187],[77.191986801822722,31.095455730603323],[77.191905295880375,31.095505586223656],[77.191885682064452,31.095521635524772],[77.191829588563152,31.095582697306039],[77.191813854570967,31.095606167388919],[77.191694249280786,31.095769395497229],[77.191572099063407,31.0958915071635],[77.191418057755087,31.096046920945319],[77.191392338988521,31.096071783219145],[77.191375945632885,31.096085741658804],[77.191357133114209,31.096112856995045],[77.191352572367506,31.096123970049941],[77.191345554728514,31.096139147710023],[77.191338767956552,31.09615967458565],[77.191338116677954,31.096172511476833],[77.191344270137662,31.096194654494582],[77.191360805427109,31.096221517492843],[77.191369853258635,31.096231845922098],[77.191389612601625,31.096248481252399],[77.191418259876031,31.096268474260167],[77.191447870144415,31.096282643439384],[77.191540213362387,31.096314177932435],[77.19163953379514,31.09632068021358],[77.191837358092059,31.096313908702729],[77.192007957147652,31.096282838823264],[77.192208117064325,31.096278834991924],[77.192347996432161,31.096296778770451],[77.192439323655535,31.096333026315861],[77.192461564145347,31.096345580877141],[77.19252982981871,31.096407623662312],[77.192553767226102,31.096441173487626],[77.192589843567902,31.096514497680072],[77.192662298085452,31.096718655435069],[77.192714875580734,31.096873981710633],[77.192744348406876,31.096971854533653],[77.192768580461674,31.097090909307028],[77.192790087926184,31.09712871806812],[77.192827345552601,31.097164302227775],[77.192871113269874,31.097173594414237],[77.192950455170731,31.097163307625326],[77.193002402946973,31.097128547301075],[77.193037660923551,31.097064703469837],[77.193116432394191,31.096872197882188],[77.193168939820865,31.096618422368294],[77.193188073038087,31.096561078920466],[77.193248536843257,31.096453025730835],[77.193273901673592,31.096423087429404],[77.193405532710514,31.096212239828564],[77.193444962463289,31.096157704590411],[77.193478848712417,31.096114940067949],[77.193516303968167,31.096074776291566],[77.193553789766682,31.09604201402815],[77.193633925778229,31.095996062532855],[77.193924243311741,31.09587982485041],[77.194110123608638,31.095833990199758],[77.194217842390998,31.095819734799726],[77.19427836997653,31.09582695326937],[77.194348101700442,31.095847203289136],[77.194615531957197,31.095975691006405],[77.194723934357469,31.096004096373072],[77.194842452686146,31.09601984635945],[77.195279554937102,31.095993714842127],[77.196155467136336,31.096004336372868],[77.196205999167702,31.096004949449309],[77.196420073089811,31.096010768675281],[77.196533509648944,31.096021772511456],[77.196580350502799,31.096028334812569],[77.196620311159904,31.096043228642138],[77.196658896496302,31.096065698612652],[77.196700121981308,31.096108840848842],[77.196730711413366,31.09616696149083],[77.19673851058667,31.096217765965822],[77.196723365889312,31.096263352739843],[77.19669453535856,31.096321699440164],[77.19662632538072,31.096412049793756],[77.19653603211826,31.096531651419145],[77.196492594981009,31.096615299313932],[77.196484922470162,31.096637562227603],[77.19645901326075,31.096691006429829],[77.196424506275747,31.096736191441664],[77.196369360497059,31.096785662547322],[77.196316151486144,31.09681782532909],[77.196240436982464,31.096843676622356],[77.196011664825676,31.096898270696904],[77.195871101839884,31.096946747113435],[77.195668000838992,31.097041609127519],[77.195608526977296,31.09708132480824],[77.195543212269627,31.097137108731104],[77.195500248544519,31.097196891798671],[77.195477470862173,31.097247126500015],[77.195446608342266,31.097462947108234],[77.195426284857291,31.097516091620303],[77.195249727276405,31.097768065540116],[77.195025091861538,31.098257188661869],[77.194892637967797,31.098719463134088],[77.194847992596522,31.098866605622032],[77.19483533982573,31.098944726251567],[77.194832353825717,31.099015049378185],[77.194839683180135,31.099105009490618],[77.194857148225864,31.099142636686963],[77.194867740261415,31.099156474679475],[77.194902994644735,31.099188643581279],[77.194923632540053,31.099204895330043],[77.194962733509456,31.099228566818635],[77.194998639171331,31.099244964709332],[77.195033642026402,31.099256694299218],[77.195045189869347,31.099259332668332],[77.195080171164818,31.099263360988576],[77.195090790149806,31.099263407140779],[77.195132881610789,31.099259316515056],[77.195173990314785,31.099251077572688],[77.19520958875286,31.099231058270547],[77.195301814291511,31.09914266207074],[77.195447376401845,31.099023766786942],[77.19555347731837,31.098955695133558],[77.195686602253588,31.098870284738965],[77.195802026784435,31.098774475348741],[77.195934065656473,31.098684131088202],[77.196031313675888,31.098627108109117],[77.196151513650776,31.098589878389692],[77.196204729848205,31.098581593236727],[77.196330772465743,31.098586833090341],[77.196434188317852,31.098605979475902],[77.196555737562321,31.098605979475902],[77.196746402286436,31.098536592943848],[77.196882396440657,31.098484392054274],[77.197070564746596,31.098454874381979],[77.197106437170859,31.09845422055319],[77.197240483777534,31.098473502346529],[77.197320780587518,31.098499859329404],[77.197424284474565,31.09853263920612],[77.197543569964509,31.098544058123306],[77.197714027086306,31.098505981471281],[77.197837054957716,31.098460642690007],[77.197998472332799,31.098426408211314],[77.198079907308284,31.098417781514573],[77.198142677088725,31.098432892656074],[77.198242337084693,31.098479773716875],[77.198307472129287,31.098520266467379],[77.198498137751741,31.09866516240556],[77.198604068886667,31.09873285427836],[77.198783454364047,31.098785691935259],[77.198962882960586,31.098812098829971],[77.199021708238661,31.09882845294775],[77.199127851375991,31.098873663095851],[77.199204695062051,31.098921496216828],[77.199266214387634,31.09900044138999],[77.19929354652848,31.099087036243567],[77.199320380104311,31.09942841120678],[77.199379963560503,31.099628405937786],[77.199438880466701,31.099795969265557],[77.199475405067858,31.099835609951544],[77.199529418969263,31.099868370137315],[77.199595759552977,31.099891468407513],[77.199696298101259,31.099902738706017],[77.199680649449022,31.099960420891279],[77.199679765506772,31.099963677676172],[77.19957801423287,31.100044934959818],[77.199502400340464,31.100112495085849],[77.199384048200102,31.100247616732091],[77.199288709100642,31.100346142202326],[77.199104605671408,31.100503783203653],[77.198917215306494,31.100669868906863],[77.198848176183645,31.100728983630784],[77.198809309674573,31.100750283321471],[77.198713551960253,31.100790351279599],[77.198621334506399,31.100819064421366],[77.198456686789569,31.10086011614554],[77.198401067598738,31.100866919638289],[77.198223539837358,31.100883809528167],[77.197911221664214,31.100889439234376],[77.197746843441948,31.10088662399669],[77.197569315680553,31.100892254471919],[77.197329323565882,31.100892254471919],[77.196963878128514,31.100845187688446],[77.19688182062059,31.100827171695997],[77.196795555403838,31.100819965144222],[77.196732434382099,31.100818163698481],[77.196614607756175,31.100839782583414],[77.196549382880022,31.100857798573522],[77.196444181177071,31.100857798573522],[77.196341083328562,31.100823568035548],[77.196282170015579,31.100787536038961],[77.196223256702638,31.100731686571123],[77.196158031826485,31.100650614481179],[77.196130679024407,31.100592962713545],[77.196111597011111,31.100532506431556],[77.196088471680767,31.100512709696442],[77.196059632166893,31.100500952570687],[77.196044413807655,31.100497477353212],[77.195979188931503,31.100493874449519],[77.195871882475885,31.100481262746964],[77.195839250274858,31.100472200873028],[77.195751907978106,31.100458623059865],[77.195347976917347,31.100448834295271],[77.195169134022379,31.100468651811951]]]},"properties":{"objectid":10206,"id":"10149","name":"Shimla (M Corp.) - Ward No.20","code":"20","town":"Shimla","district":"Shimla","state":"Himachal Pradesh","st_area(shape)":2255536.0103261471,"st_perimeter(shape)":15367.783406652159}},{"type":"Feature","id":10180,"geometry":{"type":"Polygon","coordinates":[[[77.179438858151343,31.107497493511403],[77.179304286030202,31.107468225533449],[77.179223214872451,31.107439690534527],[77.179131619951136,31.107386700788055],[77.179048267970884,31.107341167808602],[77.17895140353211,31.107270658562399],[77.178784642079393,31.107092855013082],[77.178652490917955,31.106958154596821],[77.178548658247507,31.106820760452198],[77.178498314862338,31.106729164758129],[77.178463704571101,31.106664508242218],[77.178435386080068,31.106575605941661],[77.178435386080068,31.106489397873773],[77.178388189493376,31.106411271143703],[77.178337846108207,31.106354696601407],[77.178180524152481,31.106214608029273],[77.178029494895355,31.106136481073118],[77.17790678323091,31.106066436267287],[77.177774632967797,31.105991003519208],[77.177648774504888,31.105883242566382],[77.177513477443313,31.105751234770981],[77.177318398397901,31.105581510632476],[77.177198833531932,31.105503383155444],[77.176953410203012,31.105355211052846],[77.176824405840037,31.105304024580427],[77.17667023068276,31.105244755027421],[77.17638390346572,31.105158545751252],[77.176113309342597,31.105104664817773],[77.175801811331283,31.10505078308455],[77.175697978660878,31.105007678752823],[77.175594145990445,31.10496457363228],[77.175427384537727,31.104878364101822],[77.175304672873295,31.10481640068901],[77.175172521711843,31.10477060188629],[77.175219813519988,31.104760617430536],[77.175267430518218,31.104737627257688],[77.175310830824557,31.104701126020331],[77.175377766093021,31.104622629391166],[77.175437551670115,31.104545671788305],[77.175595568921835,31.104392399415023],[77.175791063887246,31.104218793955717],[77.175824896237458,31.104193588459815],[77.175872789916838,31.104171717283389],[77.176177954805397,31.104009628903036],[77.176362729276164,31.103906064579991],[77.176419757025343,31.103887950714842],[77.176605672356558,31.103851038415893],[77.176799669830373,31.103781826470748],[77.176937085119363,31.103731071422427],[77.177001751243424,31.103703386769226],[77.177163416553526,31.10365493918367],[77.177292748801619,31.103599569824876],[77.177443636124949,31.103539586188223],[77.178013982787036,31.103266455371312],[77.178098395677651,31.103223088711211],[77.178240778650178,31.103174228604381],[77.178305425909613,31.103144949294624],[77.178350584218933,31.103113360919771],[77.17837261180803,31.103070176483801],[77.178383203843538,31.103028417306305],[77.178390213397691,31.102801004030454],[77.178406109086637,31.102703706404071],[77.178451415618014,31.102559093530587],[77.178555016523106,31.10226028545453],[77.178659267808456,31.101874698832447],[77.178659267808456,31.101743287735669],[77.178594191154318,31.101500195380037],[77.17845431717636,31.101245730731623],[77.178385021135341,31.101089587034345],[77.178346871481878,31.101005587714042],[77.178303270851259,31.100912254963344],[77.178286920614738,31.100860921488344],[77.178226970645952,31.100781588650644],[77.178165641763172,31.100720421755298],[77.178129924747481,31.100703218775259],[77.178087509893032,31.100684103580086],[77.178060722131278,31.100682192137256],[77.177984822574587,31.100676457808607],[77.177924549212307,31.100661166263855],[77.177728103829338,31.100594264957337],[77.177711781440607,31.100586189968908],[77.177617765559617,31.100527032850433],[77.177572639589627,31.100458058471396],[77.177552725736405,31.100395268367059],[77.177549516954201,31.100299898956504],[77.177600215173896,31.100020920612586],[77.177600215173896,31.099946253799104],[77.177594765095066,31.099848253276992],[77.177594765095066,31.09978839265057],[77.177581508656445,31.099665496794064],[77.177542768809801,31.099569272837279],[77.177420920426357,31.099390485672981],[77.177301285491765,31.099179468510993],[77.177190154907976,31.09905033284101],[77.177057182686355,31.098887817271514],[77.176858409768471,31.098765640997478],[77.176720228216524,31.098726673691274],[77.176570070325226,31.098688189431957],[77.176345609183485,31.098675626719025],[77.176248604607508,31.098676904374354],[77.176134900350434,31.098661759426559],[77.176058413295578,31.098651514336041],[77.176014896208244,31.098635025576247],[77.175986018965148,31.098616543023869],[77.175953181049934,31.098577961799577],[77.175940558821878,31.098549221058001],[77.1759424219278,31.098545948071287],[77.175957825339964,31.098510540578268],[77.17597240320039,31.098484110523433],[77.175998531598722,31.098444957721988],[77.176020895157734,31.098424388264409],[77.176172304402243,31.098359564559942],[77.176363056262943,31.098275562825304],[77.17653200690998,31.098210227493137],[77.176730716047459,31.098151044280094],[77.176825740736533,31.098110049845175],[77.176882381311827,31.098076472148367],[77.176963964509326,31.098015570428156],[77.177002348623091,31.097958913962913],[77.177008485913092,31.097932082224617],[77.177006161073137,31.097902219772408],[77.176999210807793,31.097825259031534],[77.177004916906498,31.097807952452154],[77.177006093699504,31.097779736851972],[77.177002897493708,31.09773811457649],[77.176994314091189,31.097690341627743],[77.176991168191051,31.097628373525179],[77.176999187451614,31.097511468620436],[77.177015941929966,31.097441943598753],[77.177028829161031,31.097398904274076],[77.177037850941403,31.097369107807118],[77.177050739070808,31.0973304822306],[77.177064915384292,31.097295168129364],[77.177072648082287,31.097268682352496],[77.177076514431263,31.097237782013746],[77.17708295804681,31.097203570940106],[77.177084247129244,31.097178188969359],[77.17708241456603,31.097092213137177],[77.177069829168914,31.097019467845616],[77.177057242873445,31.096968276111301],[77.177036153125528,31.096934666472741],[77.177132757951199,31.097008691045541],[77.177290079906896,31.097041022211293],[77.177544941834483,31.097073353366103],[77.177695971989934,31.097102990697024],[77.177950833917507,31.097143404804701],[77.178171084655489,31.097156876170121],[77.178378749996369,31.097186513475037],[77.178503646363581,31.097208299338174],[77.178763163360955,31.097221443775712],[77.179211640080013,31.0972091524036],[77.179483152281364,31.097197290254936],[77.180002316531855,31.097162264561934],[77.180228830324012,31.097158673070009],[77.180288075115314,31.097162610711305],[77.18053179883168,31.097195670276506],[77.180741730622003,31.097278118372877],[77.180955688661413,31.097407443372415],[77.181031634032166,31.097471090822633],[77.181132213902941,31.097523283038413],[77.181350204479699,31.097596524089315],[77.181456704248191,31.097619824446884],[77.181775097727595,31.097628373525179],[77.181887036795175,31.097628373525179],[77.182138752822624,31.097628373525179],[77.182239438694594,31.097655316116541],[77.182302367476893,31.097701119119666],[77.182330685967898,31.097781946808958],[77.182330685967898,31.097876245692781],[77.182318099672457,31.098083703523137],[77.182292927979873,31.098256135610733],[77.182296074778321,31.098404318789335],[77.182305514275342,31.098514782770614],[77.1823118069739,31.098735710347867],[77.182419938082958,31.099041780813884],[77.182431371839911,31.099061711697289],[77.182504009613766,31.099175109429268],[77.182655672183174,31.099331930865166],[77.182847185815234,31.099459299294899],[77.182981508204733,31.099518550151778],[77.183078551408244,31.099560097803764],[77.18357361835119,31.099835009207041],[77.183848690576028,31.100038273709728],[77.184368037184512,31.100340376316378],[77.184663123873889,31.100469157941582],[77.184763674998578,31.100531504941578],[77.185139312721134,31.100750594844129],[77.185340242494021,31.100874312330706],[77.185421098056096,31.10093731826073],[77.185469729252333,31.100993828341736],[77.185491321158494,31.101055325812382],[77.185500354616977,31.10113681984139],[77.185492000284839,31.101197116516822],[77.185472640692154,31.10122693332022],[77.185419498156577,31.10127767893821],[77.185381732982037,31.101298515455046],[77.185312395618524,31.101331788953171],[77.185117311183205,31.101403017952435],[77.185002445404479,31.101458949328439],[77.184800647859035,31.101613808649148],[77.18472526573197,31.101695732172896],[77.184571630462187,31.10188647963281],[77.184411202132239,31.102069635662158],[77.184309553266246,31.10223418719039],[77.184250150371454,31.102405579505771],[77.18408749152465,31.102804453011636],[77.183941727293401,31.10303095788564],[77.183826501290199,31.103188815952166],[77.183488503876347,31.103537417900423],[77.183158188854819,31.10380709053258],[77.182950781330433,31.104010988787316],[77.182835555327244,31.104122803823074],[77.182765699635823,31.104170653529522],[77.182673677116426,31.104201731597122],[77.182577470244439,31.104201731597122],[77.182400717729152,31.104170718139311],[77.182244060526727,31.104116225928731],[77.18209461230451,31.104057167154696],[77.181957458425245,31.103944416736017],[77.181931060532307,31.10393312384215],[77.181864531302352,31.103924236129107],[77.181788685644591,31.103935637476422],[77.18173063740926,31.103965119602165],[77.181677537992812,31.104016755219593],[77.181612269099205,31.104118374205054],[77.181356728943584,31.104477252585777],[77.181271592010873,31.104597887037166],[77.181208932723166,31.104762164209838],[77.181186032869959,31.104932808187197],[77.181189178770055,31.105062640406594],[77.181216319569728,31.105193160842902],[77.181290055983212,31.105362681849634],[77.181351579800392,31.105472693936328],[77.181527779851805,31.105798420648878],[77.181683292600525,31.10599075123827],[77.181852293553234,31.106155181369232],[77.181759802113291,31.106157022709432],[77.181602480157565,31.106279095639145],[77.181494321200702,31.106354865044484],[77.181322249806357,31.106413797018774],[77.181209174369982,31.106460100357513],[77.181120680433011,31.106527450558222],[77.181017437955731,31.106607429292179],[77.180933860498314,31.106742129436888],[77.180889613979019,31.106826316737948],[77.180835534500588,31.106902085706587],[77.180761789103968,31.106994691885369],[77.180702793146011,31.107129392249799],[77.180673295167026,31.107226207706312],[77.180670152860159,31.107257818556374],[77.180658769408865,31.107372346364798],[77.180658764917311,31.107447495742072],[77.180668379585782,31.107491396561546],[77.180593134900974,31.107482916055119],[77.180497221778069,31.1074721058311],[77.179438858151343,31.107497493511403]]]},"properties":{"objectid":10180,"id":"10135","name":"Shimla (M Corp.) - Ward No.14","code":"14","town":"Shimla","district":"Shimla","state":"Himachal Pradesh","st_area(shape)":784695.86491216556,"st_perimeter(shape)":4654.0733656397879}},{"type":"Feature","id":10183,"geometry":{"type":"Polygon","coordinates":[[[77.120956007092602,31.102396593194992],[77.12091717651613,31.102446196727854],[77.120869104970325,31.102535045206061],[77.120859371724208,31.102679028160853],[77.120869531670081,31.102863774084096],[77.120937923107604,31.103144417796532],[77.121436623735903,31.104043429867694],[77.12149980314814,31.104211015403511],[77.121542999536899,31.104375107877246],[77.121552234218029,31.104467121189277],[77.121546833546546,31.104557121518184],[77.12152903432748,31.10459550879262],[77.121482578850888,31.104636004319953],[77.121340776190038,31.104725947570881],[77.121203094101375,31.104813276365913],[77.12112797697732,31.104917783456468],[77.121051882486256,31.105129533950539],[77.121004651763556,31.105505241429643],[77.120948920283325,31.10573294819876],[77.120787917031578,31.10600865549371],[77.120608822608318,31.106247746742479],[77.120346871176551,31.106426325634885],[77.120192419338167,31.106496213269597],[77.120083444711042,31.106519619124139],[77.119849275476028,31.106467489537909],[77.119412840673363,31.106330107758875],[77.11909193280944,31.106143267266617],[77.118520717476471,31.10548382973985],[77.117988551908908,31.104850060610474],[77.117731272614904,31.104485848734857],[77.117401100425496,31.10386390272674],[77.117318325163623,31.10375647625542],[77.117190576645385,31.103671438609457],[77.116880897722552,31.103535872639533],[77.116504282632931,31.103388508941762],[77.116381305067193,31.103291568812725],[77.116281744784246,31.103165322360216],[77.116227055349754,31.103071361779307],[77.116185540607191,31.102932771329598],[77.11617903860116,31.102814533819902],[77.11618230218059,31.102664634567184],[77.116211828007351,31.102569177441648],[77.116293890905197,31.102426039647103],[77.116357276929961,31.102370936476778],[77.116399135727235,31.102348587989749],[77.116457122877151,31.102324484230955],[77.116569450016911,31.102312700408195],[77.117480607616329,31.102343676783018],[77.117646327921648,31.102324011185885],[77.11778864891042,31.102289320438025],[77.117889633921394,31.102239565294827],[77.117944875819802,31.102178140124714],[77.117963697321628,31.102140401830617],[77.117973705452215,31.102014243072858],[77.117967336396831,31.101898417344966],[77.117931988588737,31.10176924922003],[77.11766173852034,31.101273694547071],[77.11714438168022,31.100567999320436],[77.116984442932093,31.100217724240029],[77.116940958184131,31.100077980445569],[77.116921205129344,31.099914806662078],[77.116942595812901,31.099800769070065],[77.117096305642846,31.099466550563633],[77.117173842828294,31.099279894253097],[77.117291433197266,31.098818734782231],[77.117311532103471,31.09866096252637],[77.117313615296609,31.098458336597563],[77.117341239389916,31.098196367824805],[77.117366099367089,31.098105416874461],[77.117405587510333,31.098035345376513],[77.117494395857648,31.09792799461836],[77.117599723324687,31.09785284232326],[77.117721991221401,31.09778591211612],[77.117781089587311,31.09774036684129],[77.117928963961148,31.097560984706199],[77.117928963961148,31.097413257127972],[77.117859134320867,31.097332359126018],[77.117616785026897,31.097191666483653],[77.117177269901077,31.097026352381754],[77.116975996971775,31.096854002676324],[77.116930812611315,31.096790690963434],[77.116900838525225,31.096631794578101],[77.116909539607079,31.096269041181191],[77.116899876429571,31.096004202526792],[77.116964592859262,31.095806312475496],[77.117024367656583,31.095671552204614],[77.11704661533291,31.095641015193575],[77.117262244238745,31.095345041524816],[77.117269422676188,31.095333536837906],[77.117484011332934,31.094989637133477],[77.117582514298803,31.09494144510581],[77.117741668817686,31.094896859246841],[77.117832828954405,31.094889248394544],[77.118035761970333,31.095000349546599],[77.118093268521562,31.095098836613069],[77.118261681077769,31.095323949854137],[77.118504030371753,31.095556097974299],[77.118676550025455,31.095591271183157],[77.118840854585869,31.095534993273574],[77.11900516004458,31.095429472007051],[77.119079096782357,31.09530636358647],[77.119181787694046,31.095141045434513],[77.119325554072134,31.095014419683213],[77.119567903366104,31.094835031631312],[77.119643154339158,31.094784920271344],[77.119755501241855,31.094662591025859],[77.119827814723905,31.094436366200181],[77.119837887533194,31.094368567417792],[77.11983550070947,31.094074147507371],[77.119851887776889,31.093971873146774],[77.11988144863794,31.093898750073052],[77.119898292947809,31.093857082249979],[77.119980250742771,31.093806905757329],[77.1200417188644,31.093769274908919],[77.12017865175811,31.093752871457504],[77.120381211973225,31.093839599559253],[77.120436920097262,31.093865837055965],[77.121131818173467,31.094112593635227],[77.121222204860715,31.094157902183468],[77.121282356052177,31.094226308819422],[77.121312629277256,31.094318626583878],[77.121373968939793,31.094722034107932],[77.121403203712404,31.094776818634845],[77.121478178902635,31.094850254882466],[77.121515007134349,31.094872999753626],[77.121849187606543,31.094966356130961],[77.122102953589462,31.09503724682353],[77.122211479058933,31.095089924996223],[77.12228858056146,31.095145263930988],[77.122330263288973,31.095185802718664],[77.122381787958716,31.095246159326088],[77.122408445464785,31.095282746505479],[77.122451253781335,31.095358093911972],[77.122490636821681,31.095457144456493],[77.122517353616558,31.095553232578414],[77.122543926680976,31.095631221317142],[77.122577537147336,31.095703286131762],[77.122638028800253,31.09579227476387],[77.122665046530756,31.095823418650074],[77.122833366560457,31.095988141768785],[77.12289858604673,31.096071037066398],[77.123032052341756,31.096302079519052],[77.123075154407388,31.096376693043574],[77.123092454163114,31.096413122865222],[77.123139578884619,31.096512363077835],[77.123271956421533,31.096496688557224],[77.123311921570206,31.096269821178435],[77.123407188804393,31.095729023112728],[77.123412633493331,31.095693275338142],[77.123564614964693,31.0955842365424],[77.123971268819076,31.09549630233564],[77.124255381688911,31.095562916462423],[77.124294057755151,31.095578424213397],[77.124310377448921,31.095589888101269],[77.124317678057224,31.095598238900045],[77.124333090452566,31.095626228224397],[77.124370541216763,31.095735641588021],[77.124382164518252,31.09582399326608],[77.124372203998362,31.095931218709715],[77.124378769784769,31.096069067838549],[77.124424401506275,31.096176048390795],[77.124531327076213,31.096300945677338],[77.124608586682214,31.096379676875653],[77.124661568419356,31.096421562821916],[77.12473502096519,31.096472413314345],[77.12479516586842,31.096493237039336],[77.124826815312531,31.096500034691076],[77.124860125741563,31.096503203902767],[77.124920859939593,31.096498348547325],[77.124957593848208,31.096488838603765],[77.124999353830816,31.096470480248449],[77.125019844402473,31.096456594172643],[77.12505585157399,31.096424887420092],[77.125095901164286,31.096375064589665],[77.125177736788359,31.096261991206148],[77.125241109338404,31.096212556750721],[77.125310689247058,31.096181532222559],[77.125398962198432,31.096154875366388],[77.125494068634197,31.096135470025725],[77.125546944370143,31.096134687719715],[77.125786835873512,31.096164603035124],[77.125975786612059,31.096164603035124],[77.12605771386427,31.096140486937799],[77.12617150795289,31.096085440120834],[77.126319530548784,31.095992240227744],[77.126482566687997,31.095921473324729],[77.126543487735617,31.095903345629065],[77.126691184243057,31.095867202535221],[77.127288656433464,31.095778317819594],[77.127323681746404,31.095764650104503],[77.127334638497928,31.095753773161849],[77.127347228386611,31.095727280801363],[77.127353918140571,31.095698687659137],[77.127351077667612,31.095529975560268],[77.127333803064701,31.095462977562253],[77.127321136819219,31.095439861292011],[77.127298073472602,31.095416245013396],[77.127244344337143,31.095381940975567],[77.127172763880367,31.095344844600518],[77.12626778309685,31.094945282837948],[77.126153687174266,31.094861321930665],[77.125907944045167,31.094587105373488],[77.125861401431976,31.094504228781279],[77.125844339729767,31.094405378015665],[77.125859041557732,31.094323994367095],[77.12595827215894,31.094155113669835],[77.126031306089871,31.094055652528926],[77.126067383329996,31.093983752621675],[77.126096009044844,31.093849446698449],[77.126094031852901,31.093702254899519],[77.126091274024972,31.093674770404931],[77.126067545925068,31.093597319304049],[77.126031584567599,31.09352658138706],[77.125976135158353,31.093475138533243],[77.125542390809954,31.093166953916334],[77.125459743108877,31.093080168275847],[77.125411552087158,31.093008069931948],[77.125380959960125,31.092920640279694],[77.125281873089364,31.092495246622097],[77.125249756521328,31.091671944828974],[77.125221049059789,31.091467072349232],[77.125130556371317,31.090821255971779],[77.125354622254321,31.090840837791944],[77.125378657578068,31.090842938673664],[77.125460477930773,31.090850089056232],[77.125499963379085,31.0914121105208],[77.125603925406907,31.092059486022773],[77.125610448972523,31.09210010997673],[77.125657730899192,31.092394536004694],[77.12576808084701,31.092743088335919],[77.125815847863933,31.092818066975276],[77.125938867650518,31.093001581270599],[77.126125320174239,31.093205981966449],[77.12629749936643,31.093311121076681],[77.126584270351216,31.093444958517864],[77.126839804218619,31.093530642258887],[77.126916753007535,31.093546811896633],[77.126972515928784,31.093581236600112],[77.127016341138244,31.09363405789129],[77.127026068994454,31.093659407731298],[77.127041074452976,31.093735401055564],[77.127049027238172,31.093837654901037],[77.127066195839888,31.094585915356678],[77.127091498686511,31.094695553767611],[77.12711122030025,31.094738610471079],[77.127177732462201,31.09482096916048],[77.127202628371975,31.094838913983654],[77.127246181391911,31.094875867477793],[77.127302852509899,31.094923951076026],[77.127360884575594,31.094955540636064],[77.127472570318218,31.094983128607275],[77.127876093543875,31.094993507171704],[77.12797569874256,31.094996068735359],[77.12836205695973,31.095014048141184],[77.128416976362956,31.095020373586582],[77.128516841174786,31.095056396232298],[77.1285619177374,31.095091548856747],[77.12861320794687,31.095187325807498],[77.12873790758303,31.095703755363626],[77.128781883709465,31.095889714855048],[77.128867697971927,31.096168037641977],[77.128945593585144,31.096312331786034],[77.129229019243795,31.096667584306914],[77.130250170159883,31.097628093530147],[77.130313985579363,31.097660699095531],[77.130401188637222,31.097730076267606],[77.130455973293152,31.097781093748594],[77.130723215801964,31.098003886068593],[77.130847679181201,31.098082888926189],[77.130908488837761,31.098109622162667],[77.131098320823597,31.098121748037531],[77.131246442234172,31.098106309161736],[77.13136437126802,31.098078565177932],[77.131463180559393,31.098072922228504],[77.131612468881499,31.098089738770692],[77.131759947098359,31.098148817409008],[77.131896866517309,31.098252738001605],[77.131950914554679,31.098281081150397],[77.132030881682965,31.098297943808426],[77.132127379609102,31.098286821008184],[77.132179258215075,31.098273551336483],[77.132236389270517,31.098242022109176],[77.132347168613038,31.098141916031544],[77.13255843440156,31.097874648802431],[77.132649371756088,31.097798928014782],[77.132723808855474,31.097766206345298],[77.132802303644993,31.097748865909651],[77.132998700518939,31.097744282920399],[77.133369016621785,31.097773953887465],[77.133788656521915,31.097822659852543],[77.133901740043129,31.097852543098572],[77.134028574974721,31.097940784348445],[77.134220666223513,31.098179999752428],[77.134383238832058,31.098456170501358],[77.134503082175797,31.098605727175347],[77.134684402624302,31.098792039436503],[77.134851032923009,31.098912413425477],[77.13493404713671,31.098958195823126],[77.135020641136848,31.098983498859212],[77.135119855568419,31.098992209348022],[77.135307257611402,31.09899092554323],[77.135563293637048,31.098985016502734],[77.135654946050551,31.098971690007346],[77.135671874802085,31.099122125840058],[77.135690884950122,31.099204073050718],[77.135707645716678,31.099251295257407],[77.135744314048267,31.099295090638986],[77.135770518803412,31.099314545332394],[77.136031297933783,31.099434141764753],[77.136145229464617,31.099484343745605],[77.137272949319481,31.099981253081964],[77.137476662971395,31.100116614904344],[77.137592735187582,31.100214965133762],[77.137724190154685,31.100370029550227],[77.137826321415957,31.100525753681577],[77.137898448946757,31.100745656633052],[77.137923743708527,31.100926731895168],[77.137934387846343,31.101121490680498],[77.137915191747041,31.101266826471704],[77.137863024781865,31.101362671037958],[77.137791589852142,31.101437217514071],[77.137733549701636,31.101502206800525],[77.137617467603974,31.101695262201375],[77.137570589020882,31.101771720606521],[77.137528174166434,31.101888317979054],[77.137465669388945,31.102035498631988],[77.137443345355805,31.102209439599008],[77.137436648415388,31.102356619754286],[77.13743888072888,31.102484684848712],[77.137458514307696,31.102697445311904],[77.137490061343868,31.102913702733662],[77.137529796523808,31.102998511844383],[77.137579715005856,31.103052943162389],[77.137607275318771,31.103076754450598],[77.137869511516485,31.103257982179294],[77.138117518400165,31.103410092628984],[77.138154949401425,31.103439274172374],[77.138196086851536,31.103476675823231],[77.138203958788367,31.103501463850378],[77.138183487979674,31.103544125055269],[77.138172796231146,31.103557106321343],[77.138160403073499,31.103568760000179],[77.138133610820134,31.103585176370729],[77.138094755989172,31.103589523712543],[77.137779144592187,31.103552099800194],[77.137106884061112,31.103521400720467],[77.13664620911878,31.103342106420605],[77.135986605850064,31.103100058847975],[77.134499881478447,31.103144882376643],[77.133136025976441,31.103220495064235],[77.132883842825024,31.103266225389078],[77.13279476138986,31.103288760568773],[77.132598470517124,31.1033707295671],[77.132471860164358,31.103474927500628],[77.132037726845439,31.10405788709307],[77.131826399971459,31.104303948024299],[77.130468622470687,31.105459417577105],[77.130315473189455,31.105563725515129],[77.130189263485292,31.105635269000185],[77.130013619491052,31.105693681474531],[77.129632544266059,31.105513366763951],[77.129230290359928,31.105220936591287],[77.129035127771218,31.105023204959792],[77.128880798103708,31.104780236373589],[77.128761013150466,31.104536361094016],[77.128574809460048,31.103889999004728],[77.128437039336504,31.10345444297182],[77.128349101456706,31.103110928026844],[77.12833289764562,31.102917628598739],[77.128336395685324,31.102833913951628],[77.128449198033877,31.102070134860686],[77.128532856339632,31.101686735795486],[77.128581941185104,31.101547830266785],[77.128660333566685,31.101395199171861],[77.128810694477238,31.101215630872925],[77.129030587685747,31.100879636668754],[77.129118517480705,31.100760238969539],[77.129173315611354,31.100685829647521],[77.129229259992314,31.100583403182391],[77.129234683121666,31.100456938524736],[77.129221263189663,31.100414715912372],[77.129163239208808,31.100322586371565],[77.12910241877249,31.100279173753851],[77.129052997058849,31.100243897670282],[77.128881729656655,31.100179005979946],[77.12875791396273,31.100166001945386],[77.128610750156241,31.100197836674159],[77.128549481460624,31.100223961650585],[77.128358006456125,31.10029147165152],[77.127785147206168,31.100516720272068],[77.127388040646622,31.100737714727696],[77.127125454105922,31.100945260918593],[77.12691298547324,31.101156298002405],[77.1268105640561,31.101323425582276],[77.126706266058363,31.101568771333582],[77.126674177338117,31.10176369956104],[77.126674177338117,31.102044454209736],[77.126642287145529,31.102232222705425],[77.126585162378305,31.102445662918342],[77.126483638378133,31.102696966884434],[77.126375795628292,31.10288677624817],[77.126284912172679,31.10323412786293],[77.126269156620907,31.103423937691382],[77.12623783326525,31.103622589501683],[77.126227764049261,31.103749774499722],[77.126228926469238,31.103901971077519],[77.126237170308599,31.10403468446053],[77.126266927002391,31.104261140250518],[77.12627012769974,31.104308691452051],[77.126265788836903,31.104425259558365],[77.126249452973482,31.104490095275249],[77.126214142894597,31.10454840615559],[77.126133978136963,31.104595885681327],[77.126087638543012,31.104609235231564],[77.125787274251365,31.104649771518456],[77.125691150922705,31.104647328665763],[77.125575429049476,31.104610448197644],[77.125492125578248,31.104561173457714],[77.125439558862766,31.104491996642352],[77.125414456340465,31.104435467106327],[77.125390597984833,31.104338766486404],[77.125365018457103,31.104117655805496],[77.125319122630927,31.103848655537675],[77.125251032129043,31.10357976526824],[77.125154026654741,31.103311181905859],[77.125077070679296,31.103195786188422],[77.125019442855532,31.103072354781585],[77.124992120596147,31.102986395822203],[77.124979583708054,31.102861146583574],[77.124984751715886,31.102749693113186],[77.124998656738157,31.102674766155918],[77.124979914288076,31.102483631075323],[77.124917957482936,31.102361014841431],[77.124875789665197,31.102309106803503],[77.12478578925348,31.102238975334007],[77.124658733336318,31.102177020198386],[77.12458213399205,31.10215649693065],[77.124381944430993,31.102111364494085],[77.124231738030645,31.102085127736391],[77.124050239715686,31.102088528285208],[77.123876755271397,31.102105349500697],[77.123687546716354,31.102123695229199],[77.123578506512231,31.102146951402133],[77.123447665094474,31.102181086084723],[77.123160723429763,31.102221649560246],[77.122852003907667,31.102239708362209],[77.122655719323149,31.102281630952547],[77.122500723105688,31.102352118520315],[77.122351997128945,31.102456361414585],[77.122233057490391,31.10254050944128],[77.12215195219666,31.102594836413811],[77.122023515568898,31.102650348655974],[77.121922651830474,31.102673943906616],[77.121776097081778,31.102657180480012],[77.1216446681658,31.102594463363054],[77.121343935564894,31.102342079198582],[77.12131184774293,31.10230480016957],[77.121260157783183,31.102285215328209],[77.121225634628516,31.102281964007215],[77.12116963724695,31.102282673959717],[77.121137342812489,31.102287072126988],[77.121082449460417,31.102307858425753],[77.121039927706434,31.102323502758573],[77.121010199758729,31.102341726914673],[77.120956007092602,31.102396593194992]]]},"properties":{"objectid":10183,"id":"10136","name":"Shimla (M Corp.) - Ward No.6","code":"6","town":"Shimla","district":"Shimla","state":"Himachal Pradesh","st_area(shape)":2125611.1202117852,"st_perimeter(shape)":11265.966445830576}},{"type":"Feature","id":10184,"geometry":{"type":"Polygon","coordinates":[[[77.183267450942822,31.077740156215533],[77.183112551743406,31.077817954150596],[77.183060272488831,31.077862729596198],[77.183044686718659,31.077821495594652],[77.182786680687599,31.077507464472166],[77.182648388642875,31.077391245719465],[77.182378417950545,31.077129974396318],[77.182337079277772,31.077060689127276],[77.182272552392604,31.076842382457407],[77.182266332457559,31.076808401780706],[77.182256114121216,31.076780540786572],[77.182243424519513,31.076763442724648],[77.182209368488785,31.0767373690014],[77.182164869542859,31.076712776339672],[77.182138139273277,31.076704091506336],[77.182121834850861,31.076701290939759],[77.182082513794228,31.076705295596017],[77.182052313332719,31.076714245098159],[77.182019205922927,31.076730881537276],[77.182002314900629,31.076743063997412],[77.181979547998068,31.076765679329544],[77.181963606495032,31.076794532835496],[77.181958850813942,31.076819139325004],[77.181959052934857,31.076925568358384],[77.1819613589102,31.07696751212082],[77.181986719248997,31.077062599506554],[77.181985679898204,31.077084338435071],[77.181977514212264,31.07710392000816],[77.181956849367467,31.077118262848192],[77.181943753727239,31.077122791436715],[77.181912804969073,31.077128002467745],[77.181891704441398,31.07712885340533],[77.181849096449128,31.077119172258925],[77.181819098108562,31.077102809018843],[77.181290002982621,31.07671015350164],[77.181059663265671,31.076586853102601],[77.180472142611976,31.076388512529064],[77.180069027221478,31.076417896258356],[77.179850315297557,31.076417896258356],[77.179468641794585,31.076293015153777],[77.179018353173575,31.076193843842884],[77.178550910323935,31.076127730091013],[77.177980543898911,31.076002848605288],[77.177658909297946,31.075896330828122],[77.177118561874764,31.075598817651692],[77.176830278127028,31.075392995708771],[77.176816319205841,31.075383029708672],[77.176784033754529,31.075348400677743],[77.176775605760525,31.075333539766191],[77.176738411016203,31.075237718183949],[77.176726326878978,31.075140864740955],[77.176706127361513,31.074662178064589],[77.176716692447584,31.073960857780406],[77.176673021748343,31.073766531127358],[77.176583215372759,31.073603219829238],[77.176419622278075,31.073389757140106],[77.176354876203945,31.073221036210413],[77.176330777998132,31.073092179183252],[77.176351668320081,31.07282825309554],[77.17638741767513,31.072710897577267],[77.176482121665629,31.072574016349083],[77.176599065247643,31.072443284135836],[77.17687441684852,31.072224128192783],[77.176989650038223,31.07213241219781],[77.177151654911498,31.071956200225408],[77.177181557132386,31.071908942910067],[77.177255507344881,31.071792071765017],[77.177415549399271,31.071600525238342],[77.177548447959026,31.071469622412245],[77.177608361096915,31.071410609515802],[77.177677415491118,31.071254160569346],[77.177654357534394,31.071124954632463],[77.177622834752782,31.071064979732004],[77.177530665807978,31.070967314903406],[77.177425344629114,31.07091749257566],[77.177225029303926,31.070790395200632],[77.177047222166479,31.070642113560975],[77.17688330837322,31.070459477106276],[77.176703603993872,31.070348445752032],[77.17655442077465,31.070254347304868],[77.176447312846705,31.070100256328079],[77.176440650940535,31.069979076399818],[77.176457312892424,31.069802518035154],[77.176609562061728,31.069481199175314],[77.176759593290598,31.068958871641495],[77.176860618725769,31.068723288354509],[77.176938428999051,31.068602309037406],[77.177025425444427,31.068502284076235],[77.177201332645026,31.068330085005464],[77.177321747317293,31.06824783570525],[77.177450348336734,31.068208565800159],[77.17783245482768,31.068157822527574],[77.177910802293496,31.068133589290916],[77.177981707217185,31.068102643314131],[77.178017707202201,31.068076176332038],[77.178072553841886,31.068029969705009],[77.178108573589839,31.067981223078096],[77.178132997884077,31.067917238090835],[77.178143580936464,31.067868883060186],[77.178188569464197,31.067768648804243],[77.178264330680292,31.067673622914089],[77.178532872153013,31.067460638599321],[77.178627433311419,31.067407128713143],[77.178675143734452,31.067391579431074],[77.178745239276068,31.067382197383296],[77.179928554067232,31.067467593758884],[77.180345633768795,31.067563286977105],[77.180508922334624,31.067613428079763],[77.180570385964714,31.067646256314177],[77.180642947381784,31.067705513926413],[77.180685586815045,31.067750689636195],[77.180845375544521,31.068205682651627],[77.180866872229259,31.068231509411138],[77.180875938925439,31.068237122584939],[77.180911528380364,31.068247720287005],[77.18100671656282,31.068264006566682],[77.181111671229033,31.068271497977406],[77.181177697402418,31.068278686991921],[77.181243684049946,31.068296472933003],[77.1813169326782,31.068322823666179],[77.181406770494817,31.06838183386219],[77.181484142390232,31.06844169272852],[77.181541121630403,31.068476038038394],[77.181585488523979,31.068491060837356],[77.181633689427159,31.068490349093441],[77.181679404691948,31.068480860200143],[77.181814219358216,31.068430228643589],[77.181865991064669,31.068382888013847],[77.181907250685697,31.068331246881261],[77.181956991301277,31.068253554293445],[77.181989805860283,31.06820717693358],[77.182041605414511,31.068179790481373],[77.182089773978376,31.068175206066101],[77.182152661438138,31.06816947593137],[77.182203506981566,31.068168329442688],[77.182251676443713,31.068171768139191],[77.182326326443814,31.068189107046734],[77.182501531161876,31.068261393498499],[77.182670942644691,31.06834981996402],[77.182747995638195,31.068349172853171],[77.182786766027533,31.06833847821121],[77.182971540498329,31.068279127119954],[77.183065756703641,31.068257837848154],[77.183174628024503,31.068239329381662],[77.183256387291763,31.068238159810182],[77.183298827299069,31.068241715461262],[77.183383508785951,31.068273119987779],[77.183440377533316,31.068315296864647],[77.183475115385363,31.06837943162753],[77.183501063222323,31.068804052973821],[77.183509481334852,31.069161090340035],[77.183487654070078,31.0692662552811],[77.183485753234962,31.069312354354391],[77.183497374739773,31.069374540208351],[77.183573892337378,31.069461929196372],[77.183699223489185,31.06955356851433],[77.183784166385834,31.069599041121002],[77.183856561614576,31.069617839403126],[77.183978993902954,31.069608159030778],[77.184164579552444,31.06954533161305],[77.184331565583989,31.069491786735909],[77.184410348732698,31.069471248713899],[77.184516057085446,31.069441130325931],[77.184565304525947,31.06943182080823],[77.184578436098789,31.069429338577812],[77.184699082536369,31.069423016815232],[77.18492368291696,31.069439991547039],[77.184992694192047,31.069427351870107],[77.18524215005823,31.069306030275655],[77.185546954722341,31.069126098172038],[77.185604966126775,31.069098488075156],[77.18563288127423,31.069085202016414],[77.185675698573931,31.06907717975054],[77.185733233871247,31.069076033272861],[77.185780064843641,31.069079471936529],[77.18584964295566,31.069108123871345],[77.185904502171738,31.06916657419178],[77.185933311142875,31.069261119224915],[77.185979128815646,31.069444262737203],[77.186021008274196,31.069534634797229],[77.186052279527559,31.069580650640479],[77.186141170519875,31.069668794262999],[77.186351108598402,31.06982253353447],[77.186485252223136,31.069887344389507],[77.186691204476759,31.069961321551062],[77.186911269263476,31.069978614735295],[77.186949336271965,31.069972717740615],[77.187034174964012,31.069939214739897],[77.18715406232522,31.06985559722499],[77.187248260564218,31.069774913520732],[77.187430562871342,31.069689730813955],[77.187781280429604,31.069649602035859],[77.187963165918447,31.069618312611023],[77.188184173037925,31.069559751768281],[77.188416602236231,31.069472222831163],[77.188528626643716,31.069444061142605],[77.188561478033677,31.069447863740489],[77.18864069686532,31.069503424587378],[77.188743236860034,31.069606117696292],[77.188823249802397,31.069664177602842],[77.188923228700261,31.069719750634476],[77.189071870235395,31.069758649813668],[77.189215132658589,31.06978371978953],[77.189421088505455,31.069794845156672],[77.189567080908802,31.069779957985531],[77.189719154906612,31.069748547801037],[77.189868123428511,31.06970839134787],[77.189936915514636,31.06968185633221],[77.190054513070166,31.069655355934128],[77.190195401246086,31.069643916617718],[77.190243883321969,31.069645316235476],[77.190373025127187,31.069665051690528],[77.190530109029368,31.069725269078955],[77.190610823555929,31.069759166109634],[77.190707087021792,31.06978371978953],[77.190809674627232,31.069799169422392],[77.190923152508873,31.069807962608387],[77.190951013757413,31.069804799431441],[77.19111940026248,31.06973268496915],[77.191341265273053,31.0696123863551],[77.191434653231667,31.069577932194605],[77.191631812775256,31.069528543874995],[77.191949698706537,31.069450240556431],[77.192043939166368,31.069440301633488],[77.192198983892837,31.069445459224433],[77.192296475355661,31.069463182622286],[77.192347536494736,31.069478439945975],[77.192440075545406,31.069513621267678],[77.192474106423319,31.069530782188941],[77.192481504948006,31.069536943130501],[77.192512141092465,31.069573533282693],[77.192517490559979,31.069582799697667],[77.192519871993781,31.069595436276217],[77.192516566193561,31.069625890092762],[77.192504001457664,31.069661940830958],[77.192494508960067,31.069720894026631],[77.192492594650176,31.069786739081465],[77.192497991728402,31.069837008278071],[77.192523697918588,31.069925841851781],[77.192623270777958,31.07008788835115],[77.192742435893649,31.070294068794908],[77.192777767532093,31.070357836740389],[77.192817517085089,31.07041370944718],[77.192882281125506,31.070470542378299],[77.193008330031233,31.070549534271532],[77.193051623437995,31.070567915331466],[77.193204798770381,31.070604359663594],[77.193440212172035,31.070670497261535],[77.193537622786522,31.070717458959979],[77.193612575518884,31.07078058876046],[77.19363529031915,31.070811610809244],[77.193651371959362,31.070861830220259],[77.193655084696417,31.070896813285763],[77.193644658849237,31.070944836690028],[77.193604806888288,31.070998620042435],[77.193553461881606,31.071042730832509],[77.193506020054798,31.071071408336518],[77.193421671842898,31.071098797033688],[77.19340467571773,31.071101641622878],[77.193187384928578,31.071164668833944],[77.193101684752179,31.071207426118022],[77.193040806823689,31.07125421058231],[77.192945549470949,31.071364129822584],[77.192899302403504,31.071437090188962],[77.192842535165752,31.071578094879133],[77.192805062841998,31.071702344321825],[77.192787466642187,31.071809764717852],[77.192762421612073,31.071962661085465],[77.192714306947138,31.072086842316363],[77.192585316058853,31.072353605780737],[77.192529845988375,31.072460066742753],[77.192446399685011,31.072561146262743],[77.192342172654179,31.072621781150776],[77.192241406832125,31.072654976208053],[77.192169948546223,31.072664560862258],[77.191993434084452,31.072655066999506],[77.191830474302023,31.072619365943083],[77.191691457316864,31.072569798389523],[77.191511051353316,31.072532149898652],[77.191313680705605,31.072515044147902],[77.190498816216447,31.072490485017923],[77.190330349761311,31.072501331538188],[77.190037179178447,31.072543507309074],[77.189737772490886,31.072630243994858],[77.189398832744303,31.072818160642118],[77.189076501948989,31.073049818995919],[77.188145148425349,31.073656899346343],[77.187306084220751,31.074240059596683],[77.186477289556478,31.07481777967811],[77.186335454556257,31.074967132735967],[77.18623671623179,31.07507832565673],[77.18616055706201,31.075207851676993],[77.186072759319416,31.075415465176629],[77.186021891318106,31.075608943663397],[77.186013450747723,31.075822222101397],[77.185975915541889,31.075909384347916],[77.185955287528017,31.076002390047634],[77.185887505148258,31.076451750125578],[77.185825759447198,31.076612989187506],[77.185685377022793,31.076788738591787],[77.185499715914816,31.076943635815603],[77.185064397718037,31.077214358743248],[77.184582809097591,31.077554487421629],[77.184422211884339,31.077619807720893],[77.18398778481631,31.077702593634271],[77.18391185561525,31.077716492452737],[77.183710258394129,31.077714739809124],[77.18358431189634,31.077706942160471],[77.183405486069375,31.077703295307316],[77.183267450942822,31.077740156215533]]]},"properties":{"objectid":10184,"id":"10137","name":"Shimla (M Corp.) - Ward No.21","code":"21","town":"Shimla","district":"Shimla","state":"Himachal Pradesh","st_area(shape)":1472174.5719116519,"st_perimeter(shape)":5970.0947829401739}},{"type":"Feature","id":10185,"geometry":{"type":"Polygon","coordinates":[[[77.147381813382552,31.112283027682597],[77.14747552742962,31.112592501573822],[77.147723201038289,31.11321144556057],[77.147788199538979,31.113404357947129],[77.147849947036676,31.1137387012134],[77.14785338488926,31.113768622519878],[77.147845098829066,31.114138808405514],[77.14785102411669,31.114438346644498],[77.147877159701579,31.114770249829405],[77.147977567994147,31.115182870136294],[77.148077976286714,31.115578296055055],[77.148292180464537,31.116111259653437],[77.148346842051254,31.11633182482311],[77.148357765565095,31.117160286266614],[77.148351734276275,31.117230386719584],[77.148339099471798,31.117298124575608],[77.148312227268391,31.117342736063375],[77.148265522958468,31.117388901025212],[77.148034253485193,31.117540857328198],[77.147906724155888,31.117609944654468],[77.14772832233372,31.117675320472934],[77.147666449071906,31.11767652173625],[77.145425512662456,31.117720027915158],[77.145244336842694,31.117770218690495],[77.144901792156858,31.11791000873869],[77.144797804976207,31.117971911310647],[77.144753467727043,31.118030182379922],[77.144574805393461,31.118572472291632],[77.144173670788149,31.119285047366965],[77.144000146817987,31.119509884098697],[77.14391972873544,31.119571750251357],[77.143798194762326,31.11962083340056],[77.143732050909648,31.119634830675913],[77.142832146505782,31.1196844405838],[77.141977459700072,31.119448166330418],[77.141776891948282,31.119267876973872],[77.141566296302955,31.118975979816906],[77.141325616078774,31.118847200989524],[77.140593544817776,31.118512375066647],[77.140317400902788,31.118366027455732],[77.140192857573496,31.118285890205563],[77.140144549770795,31.118232395863672],[77.140101185397072,31.118143868156416],[77.140065812436134,31.118047550643144],[77.1400521113314,31.117965220556066],[77.140085868223167,31.117887926925171],[77.140169547190183,31.117802217478143],[77.140413034649612,31.117679599492757],[77.141094963748102,31.117258915699576],[77.141182544098413,31.117185454481593],[77.141197419301221,31.117129420855594],[77.141197419301221,31.117075934321534],[77.141167668895619,31.117042823228662],[77.140946634826705,31.11689885436445],[77.140322779116403,31.116357444699144],[77.139420226479089,31.115481722144448],[77.138367249150832,31.114588820271017],[77.137224015390998,31.113618638271046],[77.135850129300522,31.112631273992985],[77.135149653584705,31.112054623665873],[77.135002107994239,31.111956920206612],[77.134362715022746,31.111661408854111],[77.133947245102163,31.111498312656863],[77.13388609678077,31.111485990060952],[77.133622197801458,31.111456907128588],[77.132924657779952,31.111441976491808],[77.132509744814854,31.111426964327592],[77.13181945150275,31.111349836114165],[77.131536906193077,31.111280061265088],[77.131020806096018,31.111095005614406],[77.130508162716225,31.111001766612834],[77.129582403001848,31.111008541691085],[77.128161039151976,31.110873061568835],[77.127581864745594,31.110813275573456],[77.127015013428277,31.110753490309563],[77.126686404307435,31.110549514239402],[77.126975028516625,31.109909532148471],[77.127426305284487,31.109480228222804],[77.128078148905772,31.109068094597141],[77.128238602388578,31.108544338690251],[77.128479282612744,31.108218063007843],[77.128760077105923,31.107986235029834],[77.129371807356534,31.107213470758932],[77.129592430895372,31.106835672587092],[77.129833112017877,31.106457872912159],[77.130023650977833,31.106123003289849],[77.130013619491052,31.105693681474531],[77.130189263485292,31.105635269000185],[77.130315473189455,31.105563725515129],[77.130468622470687,31.105459417577105],[77.131826399971459,31.104303948024299],[77.132037726845439,31.10405788709307],[77.132471860164358,31.103474927500628],[77.132598470517124,31.1033707295671],[77.13279476138986,31.103288760568773],[77.132883842825024,31.103266225389078],[77.133136025976441,31.103220495064235],[77.134499881478447,31.103144882376643],[77.135986605850064,31.103100058847975],[77.13664620911878,31.103342106420605],[77.137106884061112,31.103521400720467],[77.137779144592187,31.103552099800194],[77.138094755989172,31.103589523712543],[77.138133610820134,31.103585176370729],[77.138160403073499,31.103568760000179],[77.138172796231146,31.103557106321343],[77.138183487979674,31.103544125055269],[77.138203958788367,31.103501463850378],[77.138196086851536,31.103476675823231],[77.138154949401425,31.103439274172374],[77.138117518400165,31.103410092628984],[77.137869511516485,31.103257982179294],[77.137607275318771,31.103076754450598],[77.137579715005856,31.103052943162389],[77.137529796523808,31.102998511844383],[77.137490061343868,31.102913702733662],[77.137458514307696,31.102697445311904],[77.13743888072888,31.102484684848712],[77.137436648415388,31.102356619754286],[77.137443345355805,31.102209439599008],[77.137465669388945,31.102035498631988],[77.137528174166434,31.101888317979054],[77.137570589020882,31.101771720606521],[77.137617467603974,31.101695262201375],[77.137733549701636,31.101502206800525],[77.137791589852142,31.101437217514071],[77.137863024781865,31.101362671037958],[77.137915191747041,31.101266826471704],[77.137934387846343,31.101121490680498],[77.137923743708527,31.100926731895168],[77.137898448946757,31.100745656633052],[77.137826321415957,31.100525753681577],[77.137724190154685,31.100370029550227],[77.137592735187582,31.100214965133762],[77.137476662971395,31.100116614904344],[77.137272949319481,31.099981253081964],[77.136145229464617,31.099484343745605],[77.136031297933783,31.099434141764753],[77.135770518803412,31.099314545332394],[77.135744314048267,31.099295090638986],[77.135707645716678,31.099251295257407],[77.135690884950122,31.099204073050718],[77.135671874802085,31.099122125840058],[77.135654946050551,31.098971690007346],[77.136252746126033,31.098884769674108],[77.13637760925559,31.098887201136854],[77.136413869752033,31.098892231749318],[77.136661910771636,31.098940570998778],[77.137550270027461,31.099145369671419],[77.137971853881893,31.099217133368832],[77.138066348564934,31.099226560734465],[77.138620639637963,31.0992162733986],[77.138653182905742,31.099212841978826],[77.138713872188049,31.099210441292527],[77.13873584228493,31.099212411993673],[77.138760923247645,31.099214374233526],[77.138789499555159,31.099220399409635],[77.138821738294084,31.09922719763544],[77.138848509886188,31.099239497207684],[77.138866318986672,31.099253234420338],[77.13888761534713,31.099272579895366],[77.138900866395886,31.099292070745943],[77.138906205981925,31.099304927213094],[77.138916453962693,31.099341015154707],[77.138917790655839,31.099354052377986],[77.138924257627565,31.099417135467593],[77.138957360545774,31.099834845367596],[77.139052551423177,31.099834613069476],[77.139361145181184,31.099836964511223],[77.139798008480255,31.099792007119039],[77.139833694054929,31.099786665797616],[77.139892243550179,31.099788610334056],[77.139931749659766,31.099799019910584],[77.139959858843312,31.099819503689403],[77.139971375245239,31.099838568291378],[77.139980021529851,31.099854948385168],[77.14000220991737,31.099896018986851],[77.140042784123793,31.099957601780112],[77.140096430614264,31.099999066935862],[77.140285491845589,31.100117102575144],[77.140313989999683,31.100141965322017],[77.140354655834244,31.100206260141448],[77.140410656809067,31.100345672993338],[77.1406766650327,31.101128676441341],[77.140746052701871,31.101359731206088],[77.140819825946267,31.10149327963148],[77.141005995500706,31.101743677711745],[77.141123042388941,31.101872809719893],[77.141193416408285,31.101945119014161],[77.141301531347693,31.102030971230572],[77.141409180061444,31.102102224319218],[77.141577999554471,31.102178121664419],[77.141901729026699,31.102245639506517],[77.142190577814688,31.102278906519341],[77.142535002674421,31.102335562715218],[77.14282015040348,31.102395491731492],[77.143116589057371,31.102440457121446],[77.14343271878225,31.10245850280586],[77.14362641442213,31.102450675651241],[77.144265445372525,31.102358196570655],[77.144574914089603,31.102286317562118],[77.144673404479022,31.102263441398005],[77.14484167060985,31.102242727392419],[77.145042078461501,31.102244114992477],[77.145328886277241,31.102285486079314],[77.145946396288366,31.102414447362307],[77.146225028536676,31.102446687463409],[77.146639211171475,31.102456359107016],[77.14617607933684,31.102910945244037],[77.146013972953924,31.103018903401466],[77.145933283580177,31.103061429448687],[77.145741078245337,31.103131147265177],[77.145670299085793,31.103154774701572],[77.145629665590562,31.103180701187405],[77.145620581826407,31.103199987405389],[77.145618483361901,31.103226532292879],[77.145619408626644,31.103245233162042],[77.145622982124848,31.103267327611601],[77.145627321885954,31.103283774801099],[77.145635856779492,31.103300532732892],[77.145653220315623,31.103319049755598],[77.145670458985919,31.103330481942415],[77.14571534690235,31.103345490771783],[77.145764819819988,31.103358348228582],[77.145954620364805,31.10338959731784],[77.146463254563514,31.103456348205523],[77.146695552607767,31.10350410056321],[77.146819693491821,31.103539003158058],[77.147931072093343,31.103926982051792],[77.148028571641021,31.103949247866684],[77.148470929036392,31.104050269283196],[77.148449408097122,31.104261983253494],[77.148204912727948,31.104252976350942],[77.148098627656793,31.104238592994903],[77.148008067594674,31.104210244701438],[77.147382850936708,31.10391584991152],[77.147185846801648,31.103823086127655],[77.147003873277896,31.103769579020913],[77.146920397330135,31.103774058651041],[77.146824000015314,31.103799395785853],[77.146767740325686,31.103824985969755],[77.14663156830504,31.103898048329743],[77.146527991654452,31.103968341637195],[77.146284821300327,31.104182484809911],[77.146121733957102,31.104428880003656],[77.146096212819899,31.104451361835388],[77.145954101138571,31.104535046597714],[77.1456941206105,31.104609981317189],[77.145322783123191,31.104688934837803],[77.145156320809491,31.104741699956822],[77.145048126818324,31.104819079669035],[77.14492679137291,31.104947339116368],[77.144826045313806,31.105078759624458],[77.144796541046603,31.10514268575259],[77.144685019695672,31.105464324007762],[77.144635929460321,31.105574073695681],[77.144593512809237,31.105629983386319],[77.144407901108593,31.105740538953359],[77.144242550010901,31.105800106627516],[77.14418737548614,31.105814278999681],[77.144087091161069,31.105829852762174],[77.143969716387758,31.105833094731839],[77.143835411964574,31.105827673758537],[77.143679683620149,31.105809282596486],[77.143558031069446,31.105782769196985],[77.143456889751619,31.105736163251443],[77.143354098228585,31.105644519592907],[77.143262860836742,31.105536864389936],[77.143169409996062,31.105397557610118],[77.143108795273946,31.105325906264312],[77.14302906080934,31.105260685771285],[77.142989525055356,31.10523819259387],[77.14292621448908,31.10521582247603],[77.142483659464361,31.105103210342904],[77.142374986671186,31.105097911623776],[77.142205295812332,31.105127971794126],[77.142120386153366,31.105152468649251],[77.142101048120239,31.105161407780809],[77.142065233188163,31.105194451486252],[77.142029944668849,31.105237189615274],[77.141891400197537,31.105456465565581],[77.141815478182991,31.105654903145538],[77.141784558170926,31.105723856829023],[77.141771035830942,31.105746952136837],[77.141727631033021,31.105806029857881],[77.141556052813783,31.105995463046689],[77.141414853820777,31.106186882566121],[77.14133770830081,31.106350072493484],[77.141329803126311,31.106388498269681],[77.141334211159403,31.106494657288827],[77.141373670556575,31.106690614518598],[77.141373670556575,31.106743226235089],[77.14136083722444,31.106825566824018],[77.141325907132924,31.106908931838475],[77.141226588496806,31.107038188346102],[77.141014399240177,31.107266340616366],[77.140961096804475,31.107360546247385],[77.140942581628167,31.107435054173212],[77.140935796652826,31.107498001911019],[77.140946811794819,31.107606473251483],[77.140959822095084,31.107650482445624],[77.14102655703924,31.107803853393175],[77.14109564197615,31.108005661792372],[77.1411116957686,31.108076087426436],[77.141100556659055,31.108154270471598],[77.141050090204729,31.108267279703579],[77.140898677366948,31.108422008706938],[77.140843289043161,31.108465222243382],[77.14065356216021,31.108555084185387],[77.14059843344954,31.108592243853295],[77.140554378271389,31.108637159392266],[77.140498543484895,31.108716833313121],[77.140479959138304,31.10875792700174],[77.140457139235139,31.108852827211983],[77.140453931351246,31.108884696715961],[77.140460433357262,31.10890044456637],[77.140480180123873,31.108921157119727],[77.140525223448819,31.108943898621316],[77.140608350850272,31.108981708816877],[77.140676573404534,31.108991215202174],[77.141999724444389,31.108948644893847],[77.142329507663305,31.108961651571409],[77.142585107107706,31.108995219266745],[77.142809898829469,31.109079343809395],[77.142916435428916,31.109126333445079],[77.143115545214997,31.109171097214052],[77.143448606386386,31.109161653914892],[77.143631285087594,31.109142395057884],[77.14376052750417,31.109121173392744],[77.143879217411069,31.109092965768376],[77.144074406050962,31.109016673235772],[77.144298351559712,31.108958921176839],[77.144465499287989,31.108940343723848],[77.144535933494481,31.108946352900332],[77.144565988428937,31.108951511423953],[77.14460385511309,31.10896961509367],[77.144695863259429,31.109019642057365],[77.144736455432181,31.10904684061212],[77.144873404495584,31.10915774753602],[77.1449987949362,31.109325784750126],[77.14527324373023,31.109612343894668],[77.145748508211071,31.110007793017051],[77.146116671950494,31.110374584855496],[77.146216564610071,31.110455937830544],[77.146415704938889,31.110576952318894],[77.146575255614835,31.110624932598476],[77.146705732316576,31.110643947346375],[77.147088877259961,31.110657428333429],[77.147259246346877,31.110710502394991],[77.147314874520845,31.110752838103696],[77.147404579386802,31.110853894583052],[77.147437696678068,31.110996520522232],[77.147381813382552,31.112283027682597]]]},"properties":{"objectid":10185,"id":"10138","name":"Shimla (M Corp.) - Ward No.5","code":"5","town":"Shimla","district":"Shimla","state":"Himachal Pradesh","st_area(shape)":2942142.5379406624,"st_perimeter(shape)":11066.104787894232}},{"type":"Feature","id":10187,"geometry":{"type":"Polygon","coordinates":[[[77.174363602273218,31.083744150370745],[77.17432490195246,31.083732545804963],[77.174259098561265,31.083702281146156],[77.174194514183924,31.083658449341971],[77.174129928908229,31.083577048025788],[77.174070218789637,31.083493558674299],[77.173969076573471,31.083343278118427],[77.173941049136602,31.083275443724588],[77.173833813647875,31.083138730035657],[77.17378872630546,31.083083417958804],[77.173758794440175,31.082972533673001],[77.173741658177846,31.082843711404735],[77.173703577694624,31.082724673398928],[77.17365026447915,31.082618680918522],[77.173570295554242,31.082550192838603],[77.173505558463276,31.082520841009128],[77.173360851549106,31.082504534860629],[77.173286594112767,31.082527363467676],[77.173199008372563,31.082550192838603],[77.17313427128164,31.08260889723984],[77.173046685541436,31.082762178603353],[77.173012413016707,31.082845342398532],[77.172976236063576,31.082905676840888],[77.172936252050292,31.082946443188778],[77.172867706102537,31.083011669001291],[77.172774408873764,31.083155166862134],[77.172721095658289,31.083327506028031],[77.172703245235269,31.083409038344378],[77.172664570067326,31.083485474539003],[77.172625894001087,31.083653634873972],[77.17263184444154,31.083735166910611],[77.172625894001087,31.083870204913644],[77.172581268392719,31.08397211933158],[77.172503917158551,31.0840969649601],[77.172456315431646,31.084178496616431],[77.172420615483929,31.084267672218211],[77.172423590704156,31.084346655725199],[77.172435490686738,31.084463857632031],[77.172387889858143,31.084647302667516],[77.172340289029549,31.084759408220112],[77.172289712980728,31.084843487297736],[77.172256987354928,31.084945401441328],[77.172233186491482,31.085123750352647],[77.172274837777948,31.085319933999337],[77.172307563403749,31.085411655735122],[77.172384914637917,31.085561977640658],[77.172658619626887,31.085995107759892],[77.172723122257537,31.086081035936083],[77.172859515263767,31.086194731498928],[77.173067550710527,31.086313381273509],[77.173324645849888,31.086454718549589],[77.173417625075061,31.086518581050353],[77.173899617039069,31.08697707612653],[77.173905710311644,31.087020905630833],[77.173898398923527,31.08705117000213],[77.173874941216525,31.087083324539758],[77.173777835130963,31.087143656291659],[77.173656778163277,31.087214232022433],[77.173424749613588,31.087370453916304],[77.173134542572825,31.087531053632695],[77.173013594301295,31.087570521728658],[77.1728158472595,31.087575742187795],[77.172585673730879,31.087553163276784],[77.171799219360892,31.08755116463907],[77.171669990419048,31.087569549335399],[77.171539961078324,31.087603937739615],[77.171429873438555,31.087644240493454],[77.171368886813909,31.08767682179062],[77.171335650046728,31.087702288614608],[77.171278248598369,31.087766808025815],[77.171198736017658,31.087814896760467],[77.17114522786774,31.087830751190179],[77.171072286463286,31.087842059076454],[77.171010253301347,31.087845600916346],[77.170388653260702,31.087826970098597],[77.170254775537273,31.087811683409051],[77.170153623439688,31.087781110022693],[77.170064278798165,31.087709255371504],[77.16967592003283,31.087037774903347],[77.169556391099434,31.086831106876076],[77.169501910074104,31.086735758467004],[77.169428661445835,31.086621165771117],[77.16934629042585,31.086563481640869],[77.169304245677267,31.086543842010599],[77.168862635680256,31.086285080712774],[77.168165357966828,31.085966604006153],[77.167416945452473,31.085652107432225],[77.166989281800227,31.085480924916041],[77.166445403997983,31.085246046489612],[77.166047252697737,31.085136827223511],[77.165837859896584,31.085065356770901],[77.165617557954633,31.084955109486156],[77.165090023202339,31.08460997899779],[77.164750230954553,31.084374883008049],[77.164603736392962,31.084282424796879],[77.164430740632184,31.084176767171773],[77.164251302154184,31.084019892254403],[77.164143129722632,31.083936836423522],[77.163856591401483,31.083686027514808],[77.163723541026457,31.083548598938606],[77.163620831250128,31.083389448068825],[77.163569519481086,31.083294234686612],[77.1632361394078,31.082788203744496],[77.163104540710236,31.082593369677308],[77.162963660619184,31.08232793205406],[77.162866547347093,31.082125472859165],[77.162799444093665,31.081985578588149],[77.162840686646689,31.081993809795613],[77.162946190183519,31.08202769552819],[77.163121676074283,31.082098394306342],[77.163170495018406,31.082112637147521],[77.163228434557595,31.082121820020788],[77.163269934028762,31.082124147281959],[77.163363146815925,31.082124438862785],[77.163463358377427,31.082119847426412],[77.163623655553366,31.082101227026275],[77.163708265175046,31.08208137721255],[77.16386016040812,31.082037247694373],[77.163906457781238,31.08202168464862],[77.164202774264197,31.081922077710498],[77.164608950214884,31.081711497205678],[77.164812186861397,31.08156503440965],[77.165197870443777,31.081219844680387],[77.165294165350673,31.081152357286797],[77.165360461916933,31.081120388464033],[77.165470121958606,31.081084601341772],[77.165677365091298,31.081063364175691],[77.165834353772041,31.081063011812876],[77.16596542695514,31.081088558883039],[77.166137691487293,31.081139726860354],[77.166315325249869,31.08120824288379],[77.166448853528664,31.081250023193185],[77.166613889317716,31.08129046866318],[77.166685818320843,31.08132124109099],[77.166761493298694,31.081386949630929],[77.166855610689325,31.081494424479185],[77.166936648609408,31.081574331199164],[77.166978741866984,31.081585540584168],[77.167018263247911,31.081587557811702],[77.167105156387038,31.081579360420314],[77.167137859554956,31.081553920421349],[77.167153826210836,31.08152915821055],[77.167153022218628,31.081444049121259],[77.167149067834771,31.081372924406622],[77.167105432169819,31.081258768389837],[77.166903211517891,31.08092368452942],[77.166834454466041,31.08074702646957],[77.166793159810766,31.080607919527793],[77.166733314046553,31.08043430214618],[77.166672968819,31.080308467698678],[77.166617552647452,31.080201740094953],[77.166527119247775,31.080063319392949],[77.166483469209822,31.079996505906735],[77.166342372624783,31.079832122050028],[77.166178771445232,31.079704341088576],[77.166072841208589,31.079641772693133],[77.165792524619164,31.079433403675107],[77.165432873315368,31.079129908970458],[77.165254886514859,31.078925577245368],[77.165220072306013,31.078877289362438],[77.165171364752993,31.07877256666788],[77.165141034934067,31.078603724497672],[77.165118489017075,31.078501111119422],[77.16509946988586,31.078441827921353],[77.165035619432103,31.078294179098979],[77.165012654900195,31.078217185549626],[77.165002313494639,31.078089834036831],[77.16500880741583,31.078032520183946],[77.16501947490984,31.077991374734296],[77.165047765553055,31.077940473574564],[77.165132182935253,31.077823124366525],[77.165204346398667,31.077769090979775],[77.165272478223088,31.077738263545584],[77.165399870110136,31.07770192350576],[77.165469785090394,31.077686278965469],[77.165573501878157,31.077684517088755],[77.165802246187155,31.077731617657825],[77.165954975955145,31.077773824961191],[77.16609737419904,31.077813571776854],[77.166691758879821,31.077930223172203],[77.166917241406026,31.077946542415418],[77.167008434780399,31.077964601215445],[77.167096046571757,31.077981951416721],[77.167172949546568,31.078011046906944],[77.167273727945044,31.078065243263691],[77.167478227622851,31.078221196297068],[77.167668108117695,31.078435449055057],[77.167753992448766,31.078564564273361],[77.167780583479484,31.078636526626003],[77.167792533767695,31.07868137708439],[77.167815313246692,31.078766866407832],[77.167724948119002,31.079196929255932],[77.167723207183968,31.079274762158995],[77.167747065539615,31.079343551881998],[77.167791833081793,31.07939598486475],[77.167859389086118,31.079421918603835],[77.167909539333479,31.079418227962684],[77.167987292114589,31.07939869072008],[77.168397130496643,31.079256390475983],[77.168490936171892,31.079242541122099],[77.168551832066669,31.079238058796498],[77.168621123616106,31.079245321610301],[77.168687448928466,31.07925898323851],[77.168721535501945,31.079275018357713],[77.168772720608516,31.079317609658474],[77.168873587041872,31.07941684156798],[77.168897158834937,31.079469641496914],[77.168921879573247,31.079530335066778],[77.169086940515101,31.079751888425417],[77.169145289686071,31.079793952499916],[77.169182342496583,31.079803587212247],[77.169239964032172,31.079802437017086],[77.169299321112916,31.079782615189632],[77.169329405691769,31.07975876728851],[77.16934115924893,31.079696090448813],[77.169309871825931,31.079420241389442],[77.169107181355102,31.078725620488559],[77.169013516715381,31.078554625533741],[77.168892318712182,31.078271276384701],[77.168836464162752,31.078079773686287],[77.168820548710883,31.077852231446045],[77.168811089450941,31.077686033533769],[77.168811789238546,31.077621078735021],[77.168833981219308,31.077554542047579],[77.168852467649543,31.077530510475111],[77.168951202380725,31.077439515892152],[77.16907103853795,31.077348296562779],[77.169184445452686,31.077222013327244],[77.169296601014196,31.077056094368789],[77.169347551660508,31.076918726220786],[77.169407855565538,31.076605605378823],[77.1694132616269,31.076486234109648],[77.169410190286953,31.076375763753141],[77.169410190286953,31.07606905092403],[77.169446919703987,31.07586902737674],[77.169511872390572,31.075705388081079],[77.169640145524937,31.075547203519864],[77.16981013911608,31.075387202149049],[77.169887299907401,31.075314577193559],[77.169928575698066,31.075275727989929],[77.170020018804095,31.075202156589022],[77.170158691734514,31.075132148218621],[77.170320857406239,31.07508353603043],[77.170439198766815,31.07506772948534],[77.170668968951873,31.075057550327415],[77.170975730146679,31.07508926036272],[77.171377692998647,31.075220629077311],[77.171620986421985,31.075361058033167],[77.171933036897187,31.075546786507353],[77.172334999749168,31.076045078988578],[77.172380626080738,31.076106656467221],[77.172673210962031,31.076538884096951],[77.172913761828823,31.076977688766107],[77.173035622788689,31.077289258847895],[77.173079764205127,31.077430751878971],[77.173152207044581,31.077662962948391],[77.173223549447812,31.077811733734166],[77.173398085819329,31.078242067876122],[77.173472131253249,31.078405141932841],[77.173540706845401,31.078546417109582],[77.173829049881945,31.079108674445116],[77.174285366198504,31.07981335963926],[77.174420070371966,31.079998771671207],[77.174471817823928,31.080057160672204],[77.17472074907397,31.080260761383276],[77.174851816867204,31.080343428054412],[77.174942729967185,31.080383135327818],[77.175029978839177,31.080397279948446],[77.175061449518537,31.080399301817351],[77.175125254158203,31.080396143608876],[77.175121964527634,31.080491663789708],[77.175148739712995,31.080677665362668],[77.175175515796667,31.080812706940367],[77.175218084263022,31.081009228768323],[77.175286689499586,31.081146304037635],[77.175326549545403,31.081202236568533],[77.175546803876642,31.081511300118077],[77.175589048051208,31.081579638923866],[77.175678300166268,31.081701939621304],[77.175806227449257,31.081885389987704],[77.175875147994461,31.082002679557508],[77.175903326348291,31.082117940226134],[77.175908246421116,31.082177631190955],[77.175883455614212,31.082251623408546],[77.175859882024525,31.082283595697543],[77.175825866417952,31.082329729234345],[77.175752597128465,31.082389886286403],[77.175654847849131,31.082438260859028],[77.175199499018149,31.08267238534923],[77.175113039765307,31.082731298165459],[77.174922635552619,31.082886720394679],[77.17482743389543,31.08300647137149],[77.174596570460679,31.083440530180948],[77.174477210410572,31.083640512408518],[77.17439090117638,31.083734132162398],[77.174363602273218,31.083744150370745]]]},"properties":{"objectid":10187,"id":"10139","name":"Shimla (M Corp.) - Ward No.23","code":"23","town":"Shimla","district":"Shimla","state":"Himachal Pradesh","st_area(shape)":1210574.6665067119,"st_perimeter(shape)":6447.793976985784}},{"type":"Feature","id":10188,"geometry":{"type":"Polygon","coordinates":[[[77.177314098162668,31.092494638907855],[77.17727820867043,31.092515621202704],[77.177234257696838,31.092543782210548],[77.177224981693215,31.092549480875036],[77.177190536691938,31.092566473016614],[77.177147195674436,31.092584563655368],[77.177108438759845,31.092592357006378],[77.176949796280653,31.092600622681033],[77.176895224525452,31.092607612925711],[77.176857812388803,31.092615440891436],[77.176832793409844,31.092624388895498],[77.176695502986632,31.092681057004103],[77.17659287765197,31.092736934283156],[77.176502783815465,31.092785988226844],[77.176344830344135,31.092863596917262],[77.176167669993688,31.092932854511982],[77.176044427424898,31.09294934503075],[77.175890374438524,31.092913066962602],[77.175809496418552,31.092866894715943],[77.175767131869762,31.092833914416143],[77.175647741276933,31.092728378610605],[77.175532201761712,31.092612947727481],[77.175381999852931,31.092517305109315],[77.175227519268475,31.092416380661223],[77.174952020343881,31.092298694697558],[77.174799384899018,31.092249658195282],[77.174770679234101,31.092243219484075],[77.174595032544914,31.092214108349935],[77.174318908392891,31.092204055648548],[77.174208365307265,31.092200030875258],[77.174094751780032,31.092187869627804],[77.172991163368678,31.092086936367846],[77.172631286587745,31.092039612903367],[77.172373900394206,31.091969336922798],[77.172244418127477,31.091905525779659],[77.172100192710289,31.091809464738962],[77.171849128859776,31.091617340827586],[77.171813220502884,31.091589484943661],[77.171658941141047,31.091469804015961],[77.171478284547533,31.091399063745627],[77.171390091546186,31.091383153754791],[77.171089220604713,31.091371442424382],[77.170747029855121,31.091390977975056],[77.170475163717512,31.091422147151402],[77.170410559577221,31.091439786448213],[77.170179972823576,31.09153015144522],[77.169992975022481,31.0916478806705],[77.169677135453426,31.091842356159741],[77.169480628985028,31.091940733418376],[77.169288361666418,31.09201537267689],[77.168963254178593,31.0920792722114],[77.168726420540452,31.092094838225602],[77.16843030168684,31.092091403471539],[77.16812169535244,31.092062990011609],[77.167849384548774,31.091987108431208],[77.167630029431137,31.091900536337413],[77.167368752634118,31.091771632321336],[77.166390568138084,31.091141047244424],[77.166309669456851,31.091093812544148],[77.166164123516225,31.091012152967803],[77.165940403484583,31.090911048449861],[77.165308126068496,31.090625306002618],[77.164607945898396,31.090290685192063],[77.164511200037211,31.090244449359627],[77.164385082859553,31.090185382729739],[77.164339246322186,31.090166923150292],[77.164227787853278,31.090140086903268],[77.164132110089028,31.090128956224358],[77.164096023865739,31.090129721655707],[77.163902480939456,31.090170872620515],[77.163781132917606,31.090212125881365],[77.163666610295309,31.090274421917716],[77.163366706839398,31.090508034767264],[77.16323893137168,31.090607567318255],[77.162813775815707,31.090935791292203],[77.16262406420411,31.091027703002176],[77.162380562371624,31.091101590632071],[77.16220754774622,31.091124728728207],[77.162028839598534,31.091116381382562],[77.161692569644956,31.091050384169751],[77.16130408331891,31.090906512056272],[77.161138333369195,31.090845127252383],[77.160933955862262,31.090788016486353],[77.160705827797557,31.090746755782789],[77.160505570862838,31.090736918322555],[77.158503026668541,31.090892257455369],[77.158430256842337,31.090900566357092],[77.15818578752426,31.090683163061481],[77.15768744801872,31.090191992359919],[77.157368981775775,31.089798216993472],[77.157217315613096,31.089523673494039],[77.157199705040256,31.089488484191726],[77.157104608485952,31.089200431149255],[77.157066873854149,31.08896002766404],[77.157066873854149,31.088654047033135],[77.157104484518456,31.08838832631341],[77.157074271480525,31.08825281315292],[77.156897625864744,31.087872987088701],[77.156818441169065,31.087743013670856],[77.156771862623259,31.087594759242588],[77.156748146201465,31.087424153353947],[77.156798316211763,31.087274423678465],[77.156925833862971,31.087116077583595],[77.157142094284467,31.086802038703482],[77.157142094284467,31.086496051123852],[77.157113887184551,31.086318899524127],[77.156803599203954,31.086037067522351],[77.156559130784188,31.085795496679822],[77.156408689025241,31.08552976796684],[77.156389883693109,31.085264038510843],[77.156483909455574,31.084917783629351],[77.156455702355643,31.084595684986166],[77.156433769089674,31.084327557241334],[77.156551398086236,31.08434117121034],[77.157054199523799,31.084360351239798],[77.158142538134911,31.084365082585006],[77.158419409685266,31.084403883453188],[77.158602964243897,31.084451166869076],[77.158901990944102,31.084602728903025],[77.159518316077396,31.084959447679424],[77.15988729009716,31.085175321588153],[77.159990301707424,31.085216011569372],[77.160113543377889,31.085233205044883],[77.160157044295545,31.08523300963828],[77.160247625018897,31.085244724033195],[77.160304491969654,31.08522189300156],[77.160336674114703,31.085197171750959],[77.160346823280761,31.085136962623501],[77.160346173798843,31.08507335383883],[77.16029137387153,31.084999670006955],[77.160186634800979,31.084923425821479],[77.160000519145484,31.084798602050302],[77.159889775735564,31.084724328705214],[77.159825232680717,31.084655771365],[77.159795269374428,31.084597632141485],[77.159784247944202,31.084530979553872],[77.159752278699884,31.08423893561006],[77.159756134269088,31.084079998230415],[77.159787367793186,31.083915686059459],[77.159819866145213,31.083815107135862],[77.159874161219292,31.08374971185296],[77.159923999751257,31.083713010987772],[77.160125817059637,31.083610840874233],[77.160207505359992,31.083557448552831],[77.160259754970156,31.083507942863424],[77.160270870723522,31.083485956140549],[77.160280137743982,31.083430087269395],[77.160290742355912,31.083296653469773],[77.160258626686172,31.082706552417541],[77.160271159082711,31.082588099706754],[77.160315693062927,31.082494108771677],[77.16032881295763,31.082466417929432],[77.160398849210466,31.082311525088805],[77.160427072480047,31.0821955968661],[77.160469014820663,31.082092138010871],[77.160573043323836,31.081999493705943],[77.160633167565791,31.081966485015265],[77.160683761580927,31.081950786553413],[77.161633100274855,31.081944807981408],[77.162799444093665,31.081985578588149],[77.162866547347093,31.082125472859165],[77.162963660619184,31.08232793205406],[77.163104540710236,31.082593369677308],[77.1632361394078,31.082788203744496],[77.163569519481086,31.083294234686612],[77.163620831250128,31.083389448068825],[77.163723541026457,31.083548598938606],[77.163856591401483,31.083686027514808],[77.164143129722632,31.083936836423522],[77.164251302154184,31.084019892254403],[77.164430740632184,31.084176767171773],[77.164603736392962,31.084282424796879],[77.164750230954553,31.084374883008049],[77.165090023202339,31.08460997899779],[77.165617557954633,31.084955109486156],[77.165837859896584,31.085065356770901],[77.166047252697737,31.085136827223511],[77.166445403997983,31.085246046489612],[77.166989281800227,31.085480924916041],[77.167416945452473,31.085652107432225],[77.168165357966828,31.085966604006153],[77.168862635680256,31.086285080712774],[77.169304245677267,31.086543842010599],[77.16934629042585,31.086563481640869],[77.169428661445835,31.086621165771117],[77.169501910074104,31.086735758467004],[77.169556391099434,31.086831106876076],[77.16967592003283,31.087037774903347],[77.170064278798165,31.087709255371504],[77.170153623439688,31.087781110022693],[77.170254775537273,31.087811683409051],[77.170388653260702,31.087826970098597],[77.171010253301347,31.087845600916346],[77.171072286463286,31.087842059076454],[77.17114522786774,31.087830751190179],[77.171198736017658,31.087814896760467],[77.171278248598369,31.087766808025815],[77.171335650046728,31.087702288614608],[77.171368886813909,31.08767682179062],[77.171429873438555,31.087644240493454],[77.171539961078324,31.087603937739615],[77.171669990419048,31.087569549335399],[77.171799219360892,31.08755116463907],[77.172585673730879,31.087553163276784],[77.1728158472595,31.087575742187795],[77.173013594301295,31.087570521728658],[77.173134542572825,31.087531053632695],[77.173424749613588,31.087370453916304],[77.173656778163277,31.087214232022433],[77.173777835130963,31.087143656291659],[77.173874941216525,31.087083324539758],[77.173898398923527,31.08705117000213],[77.173905710311644,31.087020905630833],[77.173899617039069,31.08697707612653],[77.173417625075061,31.086518581050353],[77.173324645849888,31.086454718549589],[77.173067550710527,31.086313381273509],[77.172859515263767,31.086194731498928],[77.172723122257537,31.086081035936083],[77.172658619626887,31.085995107759892],[77.172384914637917,31.085561977640658],[77.172307563403749,31.085411655735122],[77.172274837777948,31.085319933999337],[77.172233186491482,31.085123750352647],[77.172256987354928,31.084945401441328],[77.172289712980728,31.084843487297736],[77.172340289029549,31.084759408220112],[77.172387889858143,31.084647302667516],[77.172435490686738,31.084463857632031],[77.172423590704156,31.084346655725199],[77.172420615483929,31.084267672218211],[77.172456315431646,31.084178496616431],[77.172503917158551,31.0840969649601],[77.172581268392719,31.08397211933158],[77.172625894001087,31.083870204913644],[77.17263184444154,31.083735166910611],[77.172625894001087,31.083653634873972],[77.172664570067326,31.083485474539003],[77.172703245235269,31.083409038344378],[77.172721095658289,31.083327506028031],[77.172774408873764,31.083155166862134],[77.172867706102537,31.083011669001291],[77.172936252050292,31.082946443188778],[77.172976236063576,31.082905676840888],[77.173012413016707,31.082845342398532],[77.173046685541436,31.082762178603353],[77.17313427128164,31.08260889723984],[77.173199008372563,31.082550192838603],[77.173286594112767,31.082527363467676],[77.173360851549106,31.082504534860629],[77.173505558463276,31.082520841009128],[77.173570295554242,31.082550192838603],[77.17365026447915,31.082618680918522],[77.173703577694624,31.082724673398928],[77.173741658177846,31.082843711404735],[77.173758794440175,31.082972533673001],[77.17378872630546,31.083083417958804],[77.173833813647875,31.083138730035657],[77.173941049136602,31.083275443724588],[77.173969076573471,31.083343278118427],[77.174070218789637,31.083493558674299],[77.174129928908229,31.083577048025788],[77.174194514183924,31.083658449341971],[77.174259098561265,31.083702281146156],[77.17432490195246,31.083732545804963],[77.174363602273218,31.083744150370745],[77.174431669418908,31.083761549523427],[77.17459376232712,31.083776684537295],[77.17471586134053,31.083782363724957],[77.174865944671666,31.08381994544493],[77.174904510245128,31.083840901959487],[77.174970838252435,31.083899990227568],[77.17504421533981,31.083986070316922],[77.175092453073916,31.084144438552258],[77.175087120674391,31.084376223170999],[77.174980370275946,31.084798629745872],[77.174974617464869,31.084919427665994],[77.174998182969688,31.085014183213758],[77.175058773437314,31.085111774374564],[77.1752044343623,31.085232781151049],[77.175349933590539,31.085380236098111],[77.175390414372217,31.085439924244731],[77.175431078410156,31.085514037782339],[77.175496888089555,31.085642649485646],[77.175557960952489,31.085729585781021],[77.17561051419321,31.085789501424841],[77.175684135622333,31.085839466743916],[77.17578005054186,31.085878441644034],[77.175874969229724,31.085907843211228],[77.175933829542089,31.08592238397457],[77.176061172920114,31.085940452798919],[77.176165228372739,31.085973556273355],[77.176211754816251,31.086010520908623],[77.176258204902965,31.086066918317869],[77.17628303254078,31.086114100896026],[77.17640222191099,31.086506609094592],[77.17648614791473,31.086741182837876],[77.176566565098994,31.086887979997528],[77.176641361524474,31.086988542590845],[77.176664490448076,31.08701275101971],[77.176806989303287,31.087180958964556],[77.177197928030125,31.087567002957467],[77.177442396449848,31.087921300404009],[77.17777148976262,31.088428587192865],[77.177893723523297,31.088710412101925],[77.178074073791336,31.089031234399386],[77.17829745066652,31.08933136494818],[77.178416840361024,31.089433607378528],[77.178439283870077,31.089471563812342],[77.178429819220256,31.089513442034349],[77.178391958824292,31.0895688296049],[77.178284689199586,31.089724184494489],[77.178273646209803,31.089775518602799],[77.178272068768166,31.089824151740579],[77.178283110859624,31.089914662129466],[77.178289421524497,31.090002471494376],[77.178272573621342,31.090169010199904],[77.178247333656827,31.090211375066957],[77.178220074279537,31.09024163534502],[77.178150411725852,31.090260655712616],[77.178030711214262,31.090309126284865],[77.177978653843553,31.09033614403327],[77.177912398599773,31.090387477810918],[77.177872960762159,31.090440163177451],[77.177854030564177,31.090511761133666],[77.177839833589431,31.090559042279796],[77.177814494810207,31.090638998304566],[77.177767662939488,31.090742426315757],[77.177691252241445,31.090816303397684],[77.177604982533126,31.090875405021819],[77.17749899480431,31.090923952207561],[77.177252509666772,31.091044266163031],[77.17718595887726,31.091090703155029],[77.177095441934298,31.091197643926527],[77.177060240551569,31.09130008897402],[77.177033761810264,31.091459547380094],[77.177034566700755,31.091531040717154],[77.177063528385517,31.091752449941399],[77.177152613413909,31.092000693609432],[77.177165773732824,31.092032052593492],[77.177298580664441,31.092469621846128],[77.177314098162668,31.092494638907855]]]},"properties":{"objectid":10188,"id":"10140","name":"Shimla (M Corp.) - Ward No.24","code":"24","town":"Shimla","district":"Shimla","state":"Himachal Pradesh","st_area(shape)":1946756.6784087415,"st_perimeter(shape)":8388.9206011671813}},{"type":"Feature","id":10189,"geometry":{"type":"Polygon","coordinates":[[[77.180636980771652,31.08760341230894],[77.180557674803453,31.087635811296458],[77.180494861005499,31.087671083599673],[77.180402690264089,31.087739377203611],[77.180288143387259,31.087828731787223],[77.180212161185594,31.087888002976229],[77.180018597598064,31.08806860116708],[77.179931001078089,31.088175835363497],[77.179883856593662,31.088277668234912],[77.179844459180245,31.088362768896765],[77.17976511278782,31.088648839711166],[77.179735430654191,31.088703576966957],[77.179645964740104,31.088818074836997],[77.179512037609328,31.088949996927706],[77.179345137816071,31.089087592320908],[77.179328065334104,31.089098962369814],[77.179251444430278,31.089140250713925],[77.179093915862026,31.089211022668064],[77.178932056515819,31.089272770860756],[77.178636767705513,31.089374176373315],[77.178416840361024,31.089433607378528],[77.17829745066652,31.08933136494818],[77.178074073791336,31.089031234399386],[77.177893723523297,31.088710412101925],[77.17777148976262,31.088428587192865],[77.177442396449848,31.087921300404009],[77.177197928030125,31.087567002957467],[77.176806989303287,31.087180958964556],[77.176664490448076,31.08701275101971],[77.176641361524474,31.086988542590845],[77.176566565098994,31.086887979997528],[77.17648614791473,31.086741182837876],[77.17640222191099,31.086506609094592],[77.17628303254078,31.086114100896026],[77.176258204902965,31.086066918317869],[77.176211754816251,31.086010520908623],[77.176165228372739,31.085973556273355],[77.176061172920114,31.085940452798919],[77.175933829542089,31.08592238397457],[77.175874969229724,31.085907843211228],[77.17578005054186,31.085878441644034],[77.175684135622333,31.085839466743916],[77.17561051419321,31.085789501424841],[77.175557960952489,31.085729585781021],[77.175496888089555,31.085642649485646],[77.175431078410156,31.085514037782339],[77.175390414372217,31.085439924244731],[77.175349933590539,31.085380236098111],[77.1752044343623,31.085232781151049],[77.175058773437314,31.085111774374564],[77.174998182969688,31.085014183213758],[77.174974617464869,31.084919427665994],[77.174980370275946,31.084798629745872],[77.175087120674391,31.084376223170999],[77.175092453073916,31.084144438552258],[77.17504421533981,31.083986070316922],[77.174970838252435,31.083899990227568],[77.174904510245128,31.083840901959487],[77.174865944671666,31.08381994544493],[77.17471586134053,31.083782363724957],[77.17459376232712,31.083776684537295],[77.174431669418908,31.083761549523427],[77.174363602273218,31.083744150370745],[77.17439090117638,31.083734132162398],[77.174477210410572,31.083640512408518],[77.174596570460679,31.083440530180948],[77.17482743389543,31.08300647137149],[77.174922635552619,31.082886720394679],[77.175113039765307,31.082731298165459],[77.175199499018149,31.08267238534923],[77.175654847849131,31.082438260859028],[77.175752597128465,31.082389886286403],[77.175825866417952,31.082329729234345],[77.175859882024525,31.082283595697543],[77.175883455614212,31.082251623408546],[77.175908246421116,31.082177631190955],[77.175903326348291,31.082117940226134],[77.175875147994461,31.082002679557508],[77.175806227449257,31.081885389987704],[77.175678300166268,31.081701939621304],[77.175589048051208,31.081579638923866],[77.175546803876642,31.081511300118077],[77.175326549545403,31.081202236568533],[77.175286689499586,31.081146304037635],[77.175218084263022,31.081009228768323],[77.175175515796667,31.080812706940367],[77.175148739712995,31.080677665362668],[77.175121964527634,31.080491663789708],[77.175125254158203,31.080396143608876],[77.175143732503599,31.080309103957116],[77.175144068473514,31.080250993618382],[77.175124469030649,31.080172664509238],[77.175088451079361,31.080099850869772],[77.174863466219804,31.079877969035763],[77.174635929246534,31.079598198291759],[77.174485597980365,31.079365404154821],[77.174384780954355,31.079070144540626],[77.174308601123329,31.078923934643758],[77.174246680250761,31.078832600564013],[77.174031496010983,31.078612499173918],[77.173952856592706,31.078492858836459],[77.173890527885021,31.078271784940739],[77.173893030591415,31.077796113062664],[77.173912026366395,31.07759957997558],[77.173958385723282,31.077462117209752],[77.173999212356293,31.077409039958056],[77.174044765924378,31.077372858284846],[77.174136940259046,31.077338350002165],[77.174698911029424,31.077191250343709],[77.174960931631489,31.077091250574604],[77.175222558771466,31.076927624923449],[77.175324081873313,31.07686413066887],[77.175922105629297,31.076531018645746],[77.176144205100144,31.07635513643006],[77.17626136158286,31.076230800740714],[77.176452106257045,31.075950113687927],[77.176543758670547,31.075828278767162],[77.176830278127028,31.075392995708771],[77.177118561874764,31.075598817651692],[77.177658909297946,31.075896330828122],[77.177980543898911,31.076002848605288],[77.178550910323935,31.076127730091013],[77.179018353173575,31.076193843842884],[77.179468641794585,31.076293015153777],[77.179850315297557,31.076417896258356],[77.180069027221478,31.076417896258356],[77.180472142611976,31.076388512529064],[77.181059663265671,31.076586853102601],[77.181290002982621,31.07671015350164],[77.181819098108562,31.077102809018843],[77.181849096449128,31.077119172258925],[77.181891704441398,31.07712885340533],[77.181912804969073,31.077128002467745],[77.181943753727239,31.077122791436715],[77.181956849367467,31.077118262848192],[77.181977514212264,31.07710392000816],[77.181985679898204,31.077084338435071],[77.181986719248997,31.077062599506554],[77.1819613589102,31.07696751212082],[77.181959052934857,31.076925568358384],[77.181958850813942,31.076819139325004],[77.181963606495032,31.076794532835496],[77.181979547998068,31.076765679329544],[77.182002314900629,31.076743063997412],[77.182019205922927,31.076730881537276],[77.182052313332719,31.076714245098159],[77.182082513794228,31.076705295596017],[77.182121834850861,31.076701290939759],[77.182138139273277,31.076704091506336],[77.182164869542859,31.076712776339672],[77.182209368488785,31.0767373690014],[77.182243424519513,31.076763442724648],[77.182256114121216,31.076780540786572],[77.182266332457559,31.076808401780706],[77.182272552392604,31.076842382457407],[77.182337079277772,31.077060689127276],[77.182378417950545,31.077129974396318],[77.182648388642875,31.077391245719465],[77.182786680687599,31.077507464472166],[77.183044686718659,31.077821495594652],[77.183060272488831,31.077862729596198],[77.183068917875133,31.077900395210641],[77.18307269798585,31.077939125627083],[77.183068448056247,31.077968244981086],[77.183052131057408,31.078030692916709],[77.183026656632578,31.078107528895195],[77.183022664519484,31.078168300272182],[77.183036883053774,31.078236893836102],[77.183068951112787,31.078300835718586],[77.183091165551446,31.078387406353045],[77.183083441836629,31.078441324751864],[77.183056191442489,31.078505676571972],[77.183002307796826,31.078602439648016],[77.182946394856913,31.078705489149776],[77.182925789300924,31.078769169131355],[77.182923743836994,31.078787616306766],[77.182928233616792,31.078817701728671],[77.182954741104211,31.078877060859863],[77.182975452661395,31.078922042766756],[77.182991975374406,31.07897526535362],[77.183007935742069,31.079089975749024],[77.183011705072985,31.079107061851971],[77.183030058552546,31.079150191015231],[77.183052715860669,31.07918608042208],[77.183196777784474,31.079365016394952],[77.183251000993337,31.079451382948125],[77.183276428705781,31.079511473348507],[77.183289114714213,31.079566285109834],[77.183305225100497,31.079656246711227],[77.183300541284638,31.079744487934573],[77.183304285462739,31.079801935393487],[77.183324239740131,31.079919053658742],[77.183370930575322,31.08006757856554],[77.183392751551892,31.080114669490865],[77.183435794328744,31.080167618287781],[77.183515338350531,31.080247956194121],[77.183689829806269,31.080408659500034],[77.183741953652287,31.080462779092933],[77.18386114841239,31.080622736530923],[77.183951429098443,31.080774313132842],[77.184046936182824,31.080979275599137],[77.184069288962064,31.081046160713594],[77.184086436004193,31.081132670377237],[77.184086528530671,31.081178364404359],[77.184063113044488,31.081256948878178],[77.184019996605755,31.08132781594767],[77.183943139444992,31.081425904815223],[77.183846253446688,31.081553764243864],[77.183818599708971,31.081599625016768],[77.183786920620491,31.081674803246848],[77.183774817618655,31.081727281104392],[77.183764796013335,31.081797812388722],[77.183741079591542,31.082468073548597],[77.183720539612551,31.082731942870357],[77.183680254663642,31.082934632343555],[77.183668086084779,31.083071140913628],[77.183679458756316,31.083382817193492],[77.183665764838096,31.083670138543098],[77.183604144002871,31.083910549255997],[77.183527117958846,31.084165252669937],[77.183357781036221,31.084495199101017],[77.183100543963022,31.084978899153942],[77.182971772263684,31.085264113903946],[77.182929175051214,31.08541344901051],[77.182897828339378,31.085696139877083],[77.182889064375445,31.085988848643744],[77.182865314715983,31.08623517640337],[77.182820121372345,31.0864260533791],[77.182781138082277,31.08653138077883],[77.182749819218245,31.086588459484449],[77.182696373950392,31.086668146516036],[77.182585489504973,31.086775104573746],[77.182501467381513,31.086835891949569],[77.182416697859722,31.086878685266417],[77.182302445630313,31.086916599639775],[77.182033170234007,31.087020180178179],[77.181960091387339,31.087054601091875],[77.181797959851593,31.08710713829241],[77.181695140480798,31.087137956533706],[77.181586067937332,31.087186821811876],[77.181505757652587,31.087238301150293],[77.181418929192176,31.087301422287933],[77.181343209298561,31.087367455953856],[77.181268175717847,31.087443272755927],[77.181222401164206,31.087489526106637],[77.181137947849422,31.087565812083422],[77.181074471094817,31.087608838168912],[77.181015361050783,31.087636938317956],[77.180962798826869,31.087647514625054],[77.18094347965841,31.087647514625054],[77.180904253823186,31.08762332020531],[77.180830685394682,31.087595704710086],[77.180793504125091,31.087590285773118],[77.18069517543239,31.087589919587117],[77.180636980771652,31.08760341230894]]]},"properties":{"objectid":10189,"id":"10141","name":"Shimla (M Corp.) - Ward No.22","code":"22","town":"Shimla","district":"Shimla","state":"Himachal Pradesh","st_area(shape)":1354577.5943306689,"st_perimeter(shape)":5051.0953412387189}},{"type":"Feature","id":10190,"geometry":{"type":"Polygon","coordinates":[[[77.159069380319181,31.103473009191426],[77.158957955087985,31.103535394216351],[77.158914373321991,31.103524065122851],[77.158858472060146,31.103507415683406],[77.158715515962498,31.103473546071893],[77.158681180555703,31.103472639989977],[77.158580639312461,31.103477594211803],[77.158470045921192,31.103497522626007],[77.158229495952739,31.103517647174268],[77.15819643525532,31.103516861083204],[77.157977688297123,31.103507255696151],[77.157878571781936,31.103496088894119],[77.157629936975908,31.103444822964267],[77.157512149875856,31.10340400157002],[77.157369123709586,31.10333916741914],[77.157059176190486,31.103246402302773],[77.156596416258381,31.103194046321516],[77.156372178797142,31.103188091392155],[77.156090786924324,31.103218389072012],[77.155958203673208,31.103227686819562],[77.155920419634029,31.10322870827958],[77.155891900818716,31.103229478989554],[77.155847911217577,31.103231272697819],[77.15574607909528,31.103242443376875],[77.155641584366478,31.103262326459344],[77.155595004922375,31.103274671659353],[77.15543280421636,31.10330480701645],[77.155291028504962,31.10332235795973],[77.155159219601643,31.103334364716726],[77.154993757112805,31.103348772054019],[77.154791836498191,31.103353574755644],[77.154415164814722,31.103335865368962],[77.154209212561113,31.10334712141367],[77.153872391940283,31.103369305832445],[77.153546432849552,31.103375647643194],[77.153143356086602,31.103336723763597],[77.152892528492984,31.103292348752237],[77.152604264508199,31.103216327691726],[77.152585442108048,31.103209612821988],[77.152378357078859,31.103151251123407],[77.15232935667504,31.103140761920319],[77.152142496316173,31.103107213692216],[77.152027308042221,31.103080841835272],[77.151996594642668,31.103069571144708],[77.151901367832693,31.103003789143784],[77.151847342253191,31.102934401978573],[77.151821051259759,31.102870618199564],[77.151812287295854,31.102791825463228],[77.151798381375258,31.102703718710856],[77.151774780836107,31.102639200213375],[77.151738293065904,31.102564197020438],[77.151642112245028,31.102405146458377],[77.151574914668529,31.102347261156329],[77.151525553141994,31.102318813074177],[77.151428632109344,31.102289613495365],[77.151302992835397,31.102258877086854],[77.151243762417153,31.102248119341567],[77.151197140752217,31.10223993065518],[77.151042290960149,31.102229773637099],[77.150928112392606,31.102223145614964],[77.150834974165662,31.102216552974603],[77.150736363401933,31.102211627915867],[77.150700933847148,31.102213569325887],[77.1505805901418,31.102227325337907],[77.150449132479736,31.102252227529757],[77.150323633342978,31.1022955761728],[77.15027031114434,31.102321419052675],[77.150213699315145,31.102356348234188],[77.1500714331236,31.102427341096565],[77.149965383411057,31.102472304163864],[77.149799920922248,31.102537138906545],[77.149746636452846,31.102546744391713],[77.149572761241387,31.102539540277935],[77.14937644970739,31.102522731446189],[77.149263393135612,31.102515365803335],[77.149099487427208,31.10249584715465],[77.149056547956619,31.102485784772789],[77.148978218457117,31.102460298067076],[77.148877257700661,31.102397863877719],[77.148785524438793,31.102334475865437],[77.148874980471419,31.102236760865697],[77.148917532768095,31.102161401993634],[77.148938932434788,31.102096435464464],[77.148939609764525,31.101992661375977],[77.148928964728384,31.101928860042484],[77.148858853915414,31.101786282017517],[77.148721020011479,31.101594897471251],[77.148686342346565,31.101540816066013],[77.148636526272483,31.10146312600828],[77.148621492067903,31.101444353253886],[77.148582572558212,31.101395647607603],[77.148483509043629,31.101326676936079],[77.148443802609762,31.10130911100946],[77.148367412572952,31.101296501722715],[77.148277374432013,31.101296884008811],[77.148172603920429,31.101306599613153],[77.147993858941803,31.101338889318338],[77.147863673294225,31.101151058290579],[77.147776347167138,31.101014706457121],[77.147714705670651,31.100860761496634],[77.147668473874575,31.100702417277034],[77.147642790142243,31.100530877279709],[77.147617106409967,31.100332946661034],[77.147617106409967,31.100193308416006],[77.147654099931714,31.100075681315172],[77.147698529707313,31.099983288379757],[77.147788835546194,31.099906621620452],[77.147997230319078,31.099835918400402],[77.148267459726213,31.099808517215571],[77.148429865248133,31.09981719762995],[77.14865474230983,31.099928286864806],[77.148926992926363,31.100135015629956],[77.149271159969587,31.100275766986744],[77.149373428673115,31.100309542358449],[77.149909529759924,31.1005147234454],[77.15041412603145,31.100776863507289],[77.150699525288772,31.100959670925871],[77.15082880453626,31.101024621310419],[77.151007607905356,31.101069599656462],[77.15119828610419,31.101080859046515],[77.151559917294847,31.101182198881347],[77.151606061954396,31.101189118498517],[77.151647451831082,31.101188051634487],[77.151662518375034,31.101184960267116],[77.151707069423253,31.101163885276929],[77.151758971385419,31.10110597614263],[77.151819638209801,31.101035144591549],[77.151945063684735,31.100928395653806],[77.15220427884816,31.100794784898756],[77.152435436032036,31.100667229807776],[77.15256385649009,31.100535276297254],[77.152723097247232,31.100341743945172],[77.153195683850214,31.099915091265515],[77.153411430435398,31.099730354990434],[77.153601492389953,31.099497234031634],[77.154181952285484,31.099136556123195],[77.154433547040398,31.098973242265277],[77.154608307092403,31.098775876845227],[77.154801968596288,31.098453365960552],[77.154963922265594,31.098236832235372],[77.155307154162614,31.097652030791526],[77.155561488779114,31.097367897825428],[77.155846278978686,31.097130808041733],[77.156277771250686,31.096888883869017],[77.156473612067472,31.096784691786844],[77.156608988180793,31.096715138541082],[77.156948017758921,31.096565181970032],[77.157258611166696,31.096465887966826],[77.157294739610805,31.09645829954777],[77.157436772240374,31.096428467401335],[77.157633281403733,31.096371840758561],[77.15780500245512,31.096302607978529],[77.158098166749767,31.096129171577591],[77.158205825344979,31.096043127103794],[77.158178057521241,31.096126151583874],[77.158178057521241,31.096245172032638],[77.158180263783578,31.096619233900856],[77.158175851258903,31.09669291333762],[77.15817938523125,31.097466906275056],[77.158136293945375,31.09855539473374],[77.158130907646921,31.098942820158211],[77.158120959703496,31.09973243490716],[77.158110735078935,31.099886585534094],[77.158115435064488,31.099926097726179],[77.158122013427317,31.09994046327451],[77.158137289278699,31.09996561759376],[77.158147362986327,31.099976534052363],[77.158165031051325,31.099990870363634],[77.15820065733719,31.100007701180978],[77.158232331035776,31.100013283248853],[77.158377062204465,31.100007692719835],[77.158401863791127,31.100002286028715],[77.15841862994759,31.099995977068197],[77.158440600942839,31.09998195305209],[77.158493729105331,31.09995082745175],[77.158542484269077,31.099915912000284],[77.158701691788551,31.099797019992035],[77.158860953206968,31.099719338507498],[77.158990430083819,31.099659765480837],[77.159142327113528,31.099559173223707],[77.159192930111814,31.099519113976594],[77.159328153511524,31.099408404249289],[77.159429334355238,31.099324240371029],[77.159536510555142,31.099262074110644],[77.159675364945258,31.0992001139563],[77.159773002833475,31.099177956255037],[77.159852686094112,31.099173884855741],[77.159892951280113,31.09917781318299],[77.15998018577902,31.099195563343621],[77.160061528228013,31.099220004807886],[77.16007983948677,31.099228185293427],[77.160123964733515,31.099256522766776],[77.160157341637913,31.099279386578697],[77.160186164982107,31.099306779454963],[77.160217517083851,31.099357347643725],[77.160225406986982,31.099381811373206],[77.160240895739094,31.099447326662062],[77.160260752100143,31.099624906074013],[77.160269216925073,31.099736529358569],[77.160260175381751,31.099834976900645],[77.160228506174704,31.099976310215737],[77.160197451415328,31.100050427798642],[77.160131698329792,31.100166105017735],[77.160096674813502,31.100208021600618],[77.160061112308043,31.100261789163667],[77.159927156431195,31.100416146614005],[77.159851722201822,31.100482866516241],[77.159823764833561,31.100534235578518],[77.159819991909359,31.100553519257165],[77.159815924337764,31.100598311681569],[77.159838905039351,31.100801529937684],[77.159842254857054,31.100884718711487],[77.159849149426847,31.101150375251169],[77.159842254857054,31.101289106755615],[77.159835521085668,31.101326584633608],[77.159814175317905,31.10136627083201],[77.159764216411702,31.10139681754027],[77.159746660636088,31.101403507154991],[77.15971125892905,31.101413079679816],[77.15961727718404,31.101422020701708],[77.159486206695874,31.101421487655575],[77.159378508574761,31.101411707451316],[77.15927988164141,31.1013916770668],[77.159256926990977,31.101384376717061],[77.159190496575718,31.10137044674671],[77.159146514161051,31.101364757072467],[77.159115497130941,31.101362714112451],[77.159069120706093,31.101372207415082],[77.159000596317895,31.101407792292548],[77.158956968737797,31.101452975060653],[77.15893641169086,31.101482240277452],[77.158908048284061,31.101542955939593],[77.158873576333349,31.101646265932061],[77.158857580931397,31.101744499199963],[77.158857580931397,31.101812506550786],[77.15884654961971,31.101876736397195],[77.158833312045687,31.101933408985818],[77.158798011848262,31.10203353106613],[77.158764918811528,31.102135542148236],[77.158749474975167,31.10219221458242],[77.158718587302445,31.102281001763856],[77.158716381040108,31.102407570908458],[77.158720793564783,31.102426461925898],[77.158738443663481,31.102500136088821],[77.158760506286853,31.10256436470101],[77.158824486996338,31.102656929728592],[77.158842137095036,31.102743827380365],[77.15887081850542,31.102800500220759],[77.158884056079444,31.102821279484573],[77.15893038669023,31.102870395908131],[77.158985543248676,31.102894954110393],[77.15912012345467,31.102949737000287],[77.159199548898826,31.102949737000287],[77.159342954154141,31.102932735178435],[77.159413554548962,31.102913844261703],[77.159488566570118,31.102894954110393],[77.159537103443228,31.102870395908131],[77.159609910100386,31.10283828132637],[77.15966919441756,31.102819948042679],[77.159686198627583,31.102817928189218],[77.159707795025312,31.102818317391758],[77.159742837406256,31.102829066611555],[77.159754876627673,31.102843730160632],[77.159761715501944,31.10286584547131],[77.159761984996507,31.102880702846683],[77.159757507793145,31.102905155669397],[77.15975272246763,31.102921546771952],[77.159735676036789,31.102959793179544],[77.159694655367659,31.103044673013041],[77.159678884544519,31.103074203873227],[77.159651828186469,31.103112197161643],[77.159609910100386,31.103185870792601],[77.159569670965567,31.103231439608088],[77.159508422931168,31.103282213383515],[77.159372086518815,31.10335485080974],[77.159312067379744,31.103374777711387],[77.159210580210527,31.103410670275778],[77.159139979815706,31.103440895582622],[77.159069380319181,31.103473009191426]]]},"properties":{"objectid":10190,"id":"10150","name":"Shimla (M Corp.) - Ward No.9","code":"9","town":"Shimla","district":"Shimla","state":"Himachal Pradesh","st_area(shape)":629180.18827583967,"st_perimeter(shape)":4727.1788807938037}},{"type":"Feature","id":10191,"geometry":{"type":"Polygon","coordinates":[[[77.229468962136849,31.127935797962838],[77.229605086546783,31.127950115441763],[77.229706077845975,31.127983759470872],[77.229765187889967,31.128015376481034],[77.229799121749863,31.128070673926636],[77.229812697090438,31.128157013113388],[77.229813077077779,31.128497662228284],[77.229790961453801,31.128927672941611],[77.229765344196849,31.129063233409656],[77.229679105929591,31.12933430224442],[77.229580766457104,31.12955409386803],[77.229482754869707,31.129668619381722],[77.229291696683504,31.129891867455321],[77.229261012030065,31.129949323033252],[77.229232397094975,31.129995141215435],[77.228721094899882,31.130813822315321],[77.228660500839027,31.130910842760983],[77.22861605219876,31.130981795814712],[77.228503380105934,31.131235990059594],[77.228449898905509,31.131395028458055],[77.228422140064893,31.131580207543696],[77.228433175868176,31.132068437513865],[77.228476329137777,31.134227666918903],[77.228405046023369,31.135201564295578],[77.228302572503978,31.135560553523632],[77.22815030447002,31.135877397603867],[77.227830703654902,31.136454089251195],[77.227759239979093,31.136699442623787],[77.227715316853278,31.136993448936455],[77.227660451348967,31.137371835987089],[77.22757321505344,31.137716436411019],[77.227489652867362,31.13786863542353],[77.227385481532082,31.137973672790871],[77.227108221909532,31.138147244192286],[77.226890198993459,31.138227167832664],[77.225638375085452,31.138340987032091],[77.224585761574886,31.138407355808418],[77.224325567247774,31.138419787934922],[77.224220705108024,31.138417030707945],[77.224130216911149,31.138414651004137],[77.224007332770185,31.138388749519894],[77.223950889824224,31.138370383120421],[77.223903644728509,31.138351338559044],[77.223881259609939,31.138337414013527],[77.22388094340296,31.138337207182882],[77.223853886146586,31.138310432990313],[77.2238444161069,31.138294191780787],[77.223836061774747,31.138267458327142],[77.223830842562947,31.138219707311599],[77.223814428546049,31.138028499253245],[77.223808979365558,31.137965024314479],[77.223802918432341,31.137684046821668],[77.223810676283108,31.137471893777146],[77.223853527718816,31.137160134355433],[77.223852609640588,31.137086406359408],[77.223820776940173,31.13694087321052],[77.223774702349232,31.136820016132031],[77.223760555680158,31.136734340701686],[77.223755303230689,31.136678467786279],[77.223757370254177,31.136638336548227],[77.223777795248779,31.136583819149436],[77.223807740588754,31.136537393641738],[77.223937726810391,31.136400649748353],[77.224050503107776,31.136282011037913],[77.22437718803728,31.135906266985689],[77.22466114010868,31.135703472194923],[77.225070970405937,31.135488771164965],[77.225281525627054,31.135374686343827],[77.225425751044241,31.135246619486676],[77.225495242917972,31.13518005934603],[77.225579277617868,31.135047617106505],[77.225665067625812,31.134916740192804],[77.225735981532651,31.134773219043723],[77.225770422042331,31.13466638117308],[77.225782458568816,31.13462454670081],[77.225805892021327,31.134471261382924],[77.225789185153687,31.13430013533964],[77.225719633991105,31.134156114996699],[77.22565724419799,31.134065311527507],[77.225397562808922,31.13382754446295],[77.225318569454416,31.133742235413216],[77.225299701240189,31.133719803578611],[77.225204935265921,31.13360714298663],[77.225148902850094,31.133520380468127],[77.225130206214075,31.13343747557651],[77.225141498935528,31.133337753396383],[77.225163131265859,31.133233385245266],[77.225198219460836,31.133165977869876],[77.225505640917405,31.132925707218366],[77.225533936052216,31.132885016917211],[77.22554934215934,31.132831468521932],[77.225593729714149,31.132700587012522],[77.225596210860957,31.132693271385047],[77.225604054051715,31.132645665967207],[77.225615267721423,31.132577609962905],[77.225598327291792,31.132529413176567],[77.225574200339878,31.132497957609239],[77.225540036511305,31.132468442822773],[77.225495284240466,31.132442781160204],[77.225170236041436,31.132305247817754],[77.224295190716461,31.132010179678673],[77.223897249622013,31.13185765907566],[77.223568632416345,31.13172629563466],[77.223516527434896,31.13167677122339],[77.223490583191193,31.131610447718504],[77.223490382866885,31.131561722177583],[77.223506372878944,31.131514381477068],[77.223554024911508,31.131431116504782],[77.22365897688276,31.131315246697746],[77.22401608775094,31.131079435859068],[77.224176999374507,31.13100993926313],[77.224475249031997,31.130840239525448],[77.225220134760534,31.130252415452794],[77.225365776820922,31.130128217206689],[77.225594136650969,31.129933479479863],[77.225827167720524,31.129766123134374],[77.225929934090701,31.129692319415842],[77.226532881512782,31.129168292831459],[77.226658032103217,31.129015839941804],[77.226902924527778,31.128748619635456],[77.22706634065436,31.128614742753346],[77.227341587152338,31.128389248595322],[77.227508768118298,31.128186966015903],[77.227685130764783,31.127973572910296],[77.227772351788957,31.127869045832128],[77.228132860085523,31.127416098699349],[77.228413961802559,31.126945257559644],[77.228506994028336,31.126735971865873],[77.228574367674639,31.126481090396364],[77.228599090209556,31.126241993202832],[77.228622490424428,31.126003316811762],[77.228647223739131,31.125905595413361],[77.228755048522672,31.125681433627772],[77.22876117593124,31.12542182079466],[77.22878095952872,31.125303224489656],[77.228827117662973,31.12517177738059],[77.228914321619172,31.125003275291647],[77.228985563411086,31.124828623237367],[77.229003663565763,31.12470911569773],[77.228987852318454,31.124567592344153],[77.22891201025395,31.124340374465131],[77.228909802194991,31.124259162581971],[77.228921437174549,31.124202516392948],[77.228969316480885,31.124085112056175],[77.229128739596035,31.123916734923224],[77.229390686536263,31.123605028615504],[77.229570167235082,31.123272129697661],[77.229646060503526,31.123090807903104],[77.229686733524645,31.122972812358885],[77.22968448863476,31.122897125427986],[77.229670225184677,31.122857770445552],[77.229618471444525,31.122785111027991],[77.229402720367816,31.122554240673281],[77.228770933431846,31.122137012154681],[77.228391861449936,31.121956727906142],[77.228247459962986,31.121893153006731],[77.22788412736314,31.121755857379089],[77.22749207292874,31.121719782570658],[77.227160839828997,31.121719782570658],[77.226947970547698,31.121756198055678],[77.226151845813646,31.121985986034133],[77.226022159629338,31.122032587078415],[77.225954550624436,31.12206537959468],[77.225643914097503,31.122180506291638],[77.225400750929879,31.122228928274414],[77.225303451706509,31.122237634323746],[77.22514094287834,31.122251741182637],[77.224973615487002,31.122258486235282],[77.224862288172176,31.12224030666005],[77.224797737930771,31.122190017507304],[77.224793797919943,31.122118395753596],[77.224837493771986,31.122020848766773],[77.224857946614407,31.121982689246614],[77.224965774092908,31.12181995607386],[77.225242826204621,31.121401829951459],[77.225376364364848,31.121159493124686],[77.225443210700092,31.121050815021043],[77.225533694405385,31.120823195747437],[77.225573815860912,31.12064135633025],[77.225585786810413,31.120565504505187],[77.22561743715282,31.120364962486608],[77.225618109990975,31.120341222439976],[77.225608090182277,31.12021083587673],[77.225578593999927,31.120121104168348],[77.225535268253779,31.120043267047059],[77.225513688924025,31.120011155966758],[77.225479896997982,31.119960871784979],[77.225397008548413,31.119891675428686],[77.225298139069935,31.119840048444924],[77.225146123462579,31.119797818301869],[77.22501154774821,31.119764556658129],[77.224913740078364,31.11973223015287],[77.224839305673925,31.119662692945816],[77.22479723217927,31.119570715893563],[77.224777260833875,31.119465079062376],[77.224688224314491,31.119223703206941],[77.224616707638106,31.119120873765269],[77.224522982811237,31.119050656275814],[77.224465883196828,31.11902157335388],[77.224095470075966,31.118896995110774],[77.22370267902302,31.118702487349196],[77.223576626524036,31.11862428991952],[77.223493770413825,31.11858366116099],[77.223441784908331,31.118563968165528],[77.223405294443168,31.11855256396051],[77.223375437138074,31.118546756113467],[77.223312150826288,31.118540016180333],[77.223042552934828,31.118537759794592],[77.222831803677565,31.118529673258298],[77.222820007899585,31.118527200000862],[77.222577911032189,31.118460638127715],[77.222304343485447,31.11838257123706],[77.222022373995884,31.118314527304271],[77.221828753814492,31.118277207634247],[77.221767339591764,31.11825886118157],[77.22174328540342,31.118249357262439],[77.221702643823335,31.118224741507543],[77.221685079962882,31.118208579147645],[77.221669038746853,31.118178370846703],[77.221660466124121,31.11812968455089],[77.221663720720372,31.118081023608703],[77.221668983949627,31.118054503638533],[77.221687909656055,31.118004220727283],[77.221721693497258,31.117940370166448],[77.221755826783095,31.117897608531738],[77.221865650318136,31.117808670606667],[77.221922115721966,31.117755495922289],[77.22201057731958,31.11768392081046],[77.222055643102436,31.117622410268751],[77.222074306500758,31.117584363569293],[77.222088319320889,31.117530736554407],[77.222088611273335,31.117507261892243],[77.222089064922571,31.117470720189772],[77.222081222630138,31.117424745993812],[77.222060189476068,31.11738530952919],[77.222023276802744,31.11733706580354],[77.221515372934363,31.116846403626148],[77.221084072901846,31.116655188634923],[77.220656623946937,31.116566174946545],[77.220492140621772,31.116564272283139],[77.220251270853069,31.116576758030359],[77.219907040029454,31.116627813068188],[77.219713574358295,31.116656764444809],[77.219468794223161,31.116710692656888],[77.219273823873905,31.116773689617112],[77.218937054457044,31.116941714119868],[77.218730096988608,31.117115113279908],[77.218546219934794,31.117355303228255],[77.218473644144652,31.117453703279775],[77.218391128495938,31.117565580928236],[77.218333763878533,31.117643357019059],[77.218081297757806,31.117953454824505],[77.217911164927813,31.118207025666013],[77.217815430569686,31.118309372365669],[77.217755310819314,31.118350714919227],[77.217615291314289,31.118416428608796],[77.216975172504078,31.118784906006063],[77.216316835859885,31.119326707878592],[77.216194020889191,31.119373701670487],[77.215865961537318,31.119432827052091],[77.21574880954617,31.119440935813572],[77.215418736171443,31.119399053099347],[77.215192209802879,31.119345350205638],[77.214663246729273,31.119186679206724],[77.214588637153369,31.11916765232721],[77.214353143801645,31.119056296440576],[77.214192803506563,31.118951412700262],[77.214093685194754,31.118845343745466],[77.213989511164513,31.118675818357648],[77.213959576604296,31.118532381844297],[77.213941275227,31.118372568986548],[77.213929328532075,31.11826824897328],[77.213950618604272,31.118110096821191],[77.214031128315014,31.117992754161826],[77.21446646088485,31.117669101897],[77.215164928866031,31.117342090824298],[77.215376663575114,31.117263129368276],[77.215543535520609,31.117230770479662],[77.215679667117087,31.117219327661527],[77.216320401273236,31.117196784252197],[77.216450401867888,31.117174139321776],[77.216497727812012,31.117154997449063],[77.216515028466077,31.11714472512951],[77.216568342579876,31.117096637400643],[77.216893939649552,31.116752040521199],[77.217051389166045,31.116619040364775],[77.217164804165591,31.116547684348255],[77.217479373516852,31.116386098530029],[77.217714795003346,31.116300788410065],[77.218057276807116,31.116201308162939],[77.218261553702717,31.116167189287424],[77.218329250742514,31.116162977877263],[77.218674378084799,31.116202906283274],[77.218751227160723,31.116244848087913],[77.218879064612182,31.116322371469291],[77.218948309449203,31.116361132367178],[77.219054841557096,31.116409014359299],[77.219113433273165,31.116424975530691],[77.219209311361737,31.116429535315543],[77.219299863339032,31.116393053954305],[77.219366445569563,31.116329211538449],[77.219390414417987,31.116260808517779],[77.219403731043755,31.116217487015081],[77.219459660153348,31.116167325412277],[77.219507598748478,31.116137684033159],[77.219579507988669,31.116089801904224],[77.2196460902192,31.116048759840385],[77.219733977793325,31.115980357386746],[77.219800560023884,31.115927915369717],[77.219840509002893,31.115886873235883],[77.219880458880198,31.115850391666125],[77.219915878553522,31.115833533663039],[77.219936822774386,31.115823372715585],[77.219956371911579,31.115817993073314],[77.219968240453127,31.115815602035646],[77.219976618141459,31.115813809334178],[77.219998261251604,31.115810223162075],[77.220028980939375,31.115803647615529],[77.220057605755926,31.115801854913833],[77.220098797104967,31.115801854913833],[77.220142822638707,31.1158089565042],[77.22028506906733,31.115834229670959],[77.220821621108399,31.115873602947332],[77.22099714562674,31.115868920853753],[77.221136957620928,31.115838135775146],[77.221266271902707,31.115778681299528],[77.221345253579102,31.115691821725292],[77.221455214556414,31.115538794990254],[77.221945522224999,31.114856453454774],[77.222015006013933,31.114775863330742],[77.222094164658429,31.11463510885585],[77.222092393180688,31.114580412692064],[77.222059136650572,31.114514861698925],[77.221965686708174,31.114410238273205],[77.221947346703345,31.114387289659962],[77.221800133489538,31.114270040071681],[77.221568563978963,31.114157820142317],[77.221363985249411,31.11407024614422],[77.221123304126905,31.113967218079157],[77.220930759228906,31.113889946572431],[77.220702112836292,31.113859037798314],[77.220194893484162,31.113879330118401],[77.219967632293702,31.113853298112694],[77.219643117693934,31.113740555480977],[77.219113620122727,31.113488134800328],[77.21896164314299,31.11338804633213],[77.218875533334781,31.113303049613833],[77.218836665927398,31.113195721497938],[77.218836837505606,31.11314298722592],[77.218942893506366,31.112953134528897],[77.218978873728446,31.112871900595966],[77.219028758972783,31.112695720328226],[77.219038438319998,31.112609870062904],[77.219034266543801,31.112528911172703],[77.219012477906602,31.112469208513467],[77.218986673800046,31.11242207748019],[77.218943078559306,31.112368902854577],[77.218800735112666,31.112226022867279],[77.218563236721209,31.112001937982441],[77.218458290139836,31.111858162977452],[77.218347761427268,31.111649976901166],[77.218321112904363,31.111575876062531],[77.218270367972295,31.111196707779577],[77.218238254997502,31.111115330058709],[77.218165106980535,31.111046944816081],[77.218054624980383,31.110969046415846],[77.217774047879487,31.110751302189556],[77.217228379734863,31.110370133224848],[77.216955536230259,31.110179542015644],[77.216593933785703,31.109827243457531],[77.216222268413318,31.109578832563262],[77.216109696033485,31.109506625221766],[77.21591693464147,31.109412578620873],[77.215741586192976,31.109353735418562],[77.215625308262588,31.109326265451543],[77.215508188610812,31.109308611017298],[77.215432553158834,31.109315221624204],[77.215312292098474,31.109351731855607],[77.21495274499928,31.109498049524326],[77.214867068179032,31.109520446321689],[77.214777502551968,31.109524791084429],[77.214604607402478,31.109506956712824],[77.214500968768135,31.109482386376349],[77.214340988697529,31.109415751247322],[77.21422736259386,31.109358759323644],[77.214168680147921,31.109317094437138],[77.214036237034009,31.10918296171284],[77.213953383618744,31.109073926867001],[77.213852061739516,31.108868122052488],[77.21377968357875,31.108742050683475],[77.213697185896336,31.108626886920124],[77.213617428075523,31.108547472120165],[77.213595764304117,31.10853154808072],[77.213563557904536,31.108509935561553],[77.21347867699167,31.10845297385934],[77.213389046685876,31.108408247439215],[77.213302236191765,31.108387430172268],[77.213249502389658,31.108387747822889],[77.213177207772219,31.108388182381297],[77.213049505068057,31.10841198079472],[77.212885370289229,31.108397662675561],[77.212792780932901,31.108360309110694],[77.21266663680575,31.108281436324923],[77.212408015428721,31.108155624143492],[77.212319608628334,31.108125347267212],[77.212237672392988,31.10808439559424],[77.212186456743666,31.10804759106685],[77.21211506313648,31.108010271975253],[77.212070162643627,31.107995679215005],[77.211971935460568,31.107978203741428],[77.211662526032313,31.10794650314255],[77.211532665574822,31.107942529029945],[77.211449688192033,31.107954805168639],[77.21141494135685,31.107964100145072],[77.211368938631139,31.107981669455508],[77.211264853534132,31.108032441460253],[77.210974155114926,31.108151656192682],[77.210650556796779,31.10825666877383],[77.210421632824691,31.108304514858951],[77.210318251108561,31.108317400871297],[77.210218390788313,31.108320551998659],[77.210142532554116,31.108315108093404],[77.209923130724093,31.108238211936989],[77.209828804025975,31.108194683722424],[77.209681817187644,31.108108083328812],[77.209646822417412,31.108070122804513],[77.209606504230848,31.108029954854057],[77.209544904056855,31.107991515128635],[77.209476390448458,31.107964236281664],[77.209437189766078,31.10795451289794],[77.208912753303238,31.107883198823941],[77.208683865263751,31.107836196266856],[77.208481613170818,31.107756162421047],[77.208350451952825,31.107680757935022],[77.208189020204685,31.107566931951112],[77.208059491225541,31.107491758825134],[77.20795752255934,31.107443290098153],[77.207401856165617,31.107265400728579],[77.207200639830177,31.107170645837432],[77.207053262224662,31.107113769475507],[77.206969833887598,31.107100270295046],[77.206868899182254,31.107100181843908],[77.206746489351744,31.107100074933431],[77.206589987557919,31.107098068246319],[77.206466090117274,31.107084057585222],[77.206173421692682,31.107051086067429],[77.205984728770602,31.107021411845409],[77.20571710627442,31.106918852229587],[77.205475385801137,31.106794674978516],[77.205347687588542,31.106711136037305],[77.205096656975684,31.106506682104236],[77.204936331951984,31.106387666053646],[77.20479677238437,31.106323465409105],[77.204545566600018,31.106251770920561],[77.204285444138122,31.106215680220835],[77.203877715000331,31.106234053613711],[77.203686173520524,31.106215221808913],[77.203513602662866,31.106162846697433],[77.203094062475742,31.105968985080057],[77.202810769767709,31.105887619799823],[77.201833467417316,31.105606924969425],[77.201352106070601,31.105504712252213],[77.200825956520518,31.105403783143146],[77.200878634627074,31.105296289958943],[77.200897779522421,31.105271700842287],[77.200929687681324,31.105244380448788],[77.20097116918619,31.105222524128287],[77.201018504113435,31.105190380344851],[77.201106060209241,31.105110952671698],[77.201133888220127,31.105078934992164],[77.201177262475312,31.10500461673772],[77.201213201374856,31.104947824454928],[77.201227587894138,31.104931757517598],[77.201284198825036,31.104847097811767],[77.201326480728838,31.104764818578271],[77.201394214599546,31.104663618707669],[77.201456175896283,31.104605077149916],[77.201539138007732,31.104514918419309],[77.20159309711191,31.104462344695445],[77.201632285217855,31.104433478822809],[77.201679732434513,31.104398528099527],[77.201752397157861,31.104358867012291],[77.201774787666309,31.104343574522087],[77.201861727517837,31.104269069554643],[77.201892069913171,31.104238210720666],[77.20202137790676,31.104150416052541],[77.20209832489904,31.104102963993959],[77.202177305677139,31.10404499973356],[77.202311320842782,31.103946644240335],[77.202407045319461,31.103856484884624],[77.202559902648233,31.103667175110765],[77.202620793153116,31.103621648039471],[77.202764009762234,31.10356751240818],[77.202869717216643,31.103553221248674],[77.203249719853233,31.103501610761764],[77.20346493643234,31.103509475519061],[77.203619706274338,31.103531768352767],[77.203716218573518,31.103555699511258],[77.203797276256552,31.10357798464241],[77.203821031305935,31.103581574353303],[77.203896708978704,31.1035842018339],[77.203949267609346,31.103575763282794],[77.204041105075817,31.103544156591166],[77.204066281259969,31.103534096627925],[77.204146875412292,31.103501093110726],[77.204268082398627,31.103432420867808],[77.204430036966272,31.103310063531257],[77.204567242947817,31.10320624308018],[77.20474764262319,31.103115083097183],[77.204796887368744,31.103096469118942],[77.204865901338749,31.103070382622143],[77.204943752036215,31.103026192857151],[77.204999359548935,31.102982056913721],[77.205047546977411,31.102953538257708],[77.205098100568321,31.102942210633177],[77.205366961841307,31.102900772914268],[77.20548601376926,31.10288978833518],[77.20558232125255,31.10288703930582],[77.205745392426081,31.102892391221378],[77.205809089267959,31.102898132338805],[77.205952321148416,31.102898132338805],[77.206049509879023,31.102904874920792],[77.206080739809849,31.102910023773291],[77.206228998662667,31.102968487151049],[77.206525924203405,31.103101425667901],[77.206666919278845,31.103177798332016],[77.206799786397568,31.103302533346834],[77.206847178817014,31.103370891862063],[77.206871286904274,31.103427110517927],[77.206918834732278,31.103539663105177],[77.206948924701024,31.103646388340319],[77.207003165876188,31.103689530210008],[77.207079969138036,31.103705724270217],[77.207212471540785,31.103695618943171],[77.207476356147069,31.103614933198383],[77.207679435588403,31.10359117588699],[77.207895742722286,31.103600838184015],[77.208164463858054,31.103585969383744],[77.208704419615771,31.103474841353602],[77.208849855063661,31.103440225635598],[77.208967761639656,31.103434770682167],[77.209014975294352,31.103438171182663],[77.209122728212677,31.103466865832999],[77.209168261119487,31.103478737967052],[77.209175648864388,31.103480664736978],[77.209179596061745,31.103482932248987],[77.209235022114768,31.103514778941822],[77.209248255197224,31.103522382180468],[77.209253901108781,31.103532669049912],[77.209282707385,31.103585149449827],[77.209301936721971,31.103696515792901],[77.209303820489112,31.103759092193659],[77.209311695120903,31.10402072180484],[77.209276871030596,31.10418708825593],[77.209267318345866,31.104232724277391],[77.209273124157534,31.104356777197768],[77.209308867224379,31.104428553879046],[77.209358342836993,31.104487767792712],[77.209702981495724,31.104842189810935],[77.209847526713148,31.104942620333524],[77.209937752601959,31.104982875735647],[77.210021902286186,31.104979092250083],[77.210226169300356,31.104934264203035],[77.210322901686766,31.104897161559606],[77.21047567277725,31.104874879045479],[77.210548774081815,31.104911088705137],[77.210618561501292,31.105003319938533],[77.210618471669747,31.105028482915852],[77.210617885968205,31.105194088444716],[77.210630849556054,31.105622415697443],[77.21063323009156,31.105701069945393],[77.210656307811192,31.105783840624319],[77.210695037776361,31.105846641779827],[77.210770186341477,31.105876375593535],[77.211760120801401,31.105692995391177],[77.211932915339574,31.105631070198392],[77.21201884458641,31.105564590042832],[77.212057916809698,31.10548893922568],[77.212097286375311,31.105412711482817],[77.212198959495794,31.105216219360312],[77.212333533413585,31.104956143664602],[77.21237147645455,31.104882814451599],[77.212478508025683,31.104675965263802],[77.212687931369587,31.104495075595473],[77.21288477111294,31.104347504943043],[77.213148452699954,31.104244131740977],[77.213980313314337,31.10428764715245],[77.214065874251872,31.104325223069118],[77.214120132495026,31.104402740031578],[77.214172549191858,31.10456029661432],[77.214168173498095,31.104606198585937],[77.214139842430683,31.104903396355315],[77.21411914973811,31.105120464828591],[77.214212506255691,31.105156726697196],[77.2143185065609,31.10514232655666],[77.214404313636834,31.105110531943115],[77.214501229279605,31.105021402055499],[77.21481382952372,31.10474339364584],[77.215091812290098,31.104561348057214],[77.215234346179585,31.104513419324043],[77.215454808021647,31.104477176438756],[77.216526738005811,31.104470004007055],[77.216693809377276,31.104458151995125],[77.216726350848475,31.104465026762163],[77.216737179140893,31.104475724261736],[77.216751338386402,31.104491414387152],[77.216763833053705,31.104511384123324],[77.216770496756467,31.104533492892322],[77.216788534927389,31.104577311989686],[77.216809844762537,31.104652078229748],[77.216859705752384,31.104872697712416],[77.217021733083556,31.105962728048951],[77.217075096604702,31.106099986526633],[77.217175284810025,31.106241040547754],[77.217437258699704,31.106609871325293],[77.217821987372929,31.107035796318204],[77.217957986917071,31.107241896608052],[77.218053779665723,31.107487445503995],[77.218148319264515,31.107890562512203],[77.21811304960984,31.108127210104922],[77.218054538742123,31.108291013540342],[77.217865941041481,31.108722336418115],[77.217858188580593,31.108740065566693],[77.217700875608017,31.109165205727646],[77.217703453772884,31.10931728825598],[77.21774807488967,31.109476150343077],[77.217855241208113,31.1095724757844],[77.218183893448071,31.109872443754945],[77.218454722929835,31.11011963483239],[77.218751363704655,31.11038853657837],[77.218795617410493,31.11044312132865],[77.218843335918393,31.110545247203909],[77.218882528515906,31.110725494675641],[77.218940380918525,31.111182286250891],[77.218953541237425,31.111251258993569],[77.218983867463109,31.111323989538562],[77.21904591589643,31.111377996921707],[77.219153531372513,31.111420802256092],[77.219533737926625,31.11149394414225],[77.219723441453368,31.111546962360638],[77.219819296185761,31.111594702958641],[77.22011285394251,31.111812488320279],[77.220237288575689,31.111931173779414],[77.220291527055892,31.112002031812697],[77.220346765361015,31.112110887171973],[77.220450251281775,31.112424583967869],[77.220516785003269,31.112555484216131],[77.220581907471484,31.112645028495848],[77.220684531907864,31.112703988867921],[77.221582742089083,31.112930423982256],[77.222530054183764,31.113370416494973],[77.222725973153956,31.113482976523247],[77.22284400369746,31.113591331815552],[77.223040045736866,31.114109408654294],[77.22312555367381,31.114351946523634],[77.223168079919361,31.11447256996734],[77.22334092027161,31.115382753241626],[77.223404385348104,31.1155003021628],[77.223971397463856,31.115976645862798],[77.224123554106711,31.116127772296004],[77.224166702884716,31.116262608901533],[77.224175417441288,31.117321744641377],[77.224232478428149,31.117448735944219],[77.224266625188719,31.11752473176653],[77.224353537192471,31.117620997514582],[77.22444210568959,31.117689254972724],[77.224798298479527,31.117869977228651],[77.225354546981535,31.11806517422831],[77.22624491576866,31.118679637442625],[77.227610926329049,31.119732709263499],[77.228186854224006,31.120192600538818],[77.228644370689793,31.120557934930726],[77.228821972113039,31.120740765787147],[77.228932095685394,31.120886109999066],[77.229050311281853,31.121095084834973],[77.229285189287609,31.121605915743135],[77.229325411354438,31.121693392043948],[77.229509107846908,31.12195373872559],[77.229667899446397,31.122178787536086],[77.22973554887551,31.122242191522247],[77.229855974327535,31.122318567245809],[77.229979416322308,31.122370358219811],[77.230175879671592,31.12245879585485],[77.230365517621308,31.122559876784745],[77.230430958093137,31.122625843641668],[77.230455744408445,31.122666029255573],[77.230455548575719,31.122721515151127],[77.230425379555243,31.122793142601743],[77.230341628722968,31.122916166940012],[77.230151634142061,31.123089656693995],[77.229799035511576,31.123414095625041],[77.22957452496253,31.123599503303115],[77.229415291391888,31.123715312553902],[77.229288888549945,31.123833567867454],[77.22918987893425,31.123972226239434],[77.229088089032786,31.124143777715101],[77.229061398289062,31.124252855233308],[77.229063277564649,31.124352120948906],[77.229122879885452,31.124576121309218],[77.229137691307855,31.124739648743763],[77.229099529976253,31.124908707284998],[77.228964788971851,31.125252923887246],[77.228904383557193,31.12576276579394],[77.228913676628792,31.125949131655265],[77.228923207753965,31.1259955392755],[77.228940484153512,31.126031104158081],[77.229001551626538,31.126093845779913],[77.22908816808453,31.126129166857059],[77.229136467802448,31.126143337732302],[77.22923398890967,31.126171830197528],[77.229499961200688,31.126187047655851],[77.22963563106309,31.126220486991137],[77.229680242298414,31.126251112597991],[77.229720882081878,31.126301351152499],[77.229746761646894,31.126358670487758],[77.229760042340033,31.126416497317635],[77.22975645626542,31.126647256769761],[77.229699115004195,31.127008787549432],[77.229633318799557,31.127203166015331],[77.229544426010619,31.127347655993184],[77.229273097963869,31.127663487084678],[77.229208615994452,31.127774883623481],[77.229188193694796,31.127814390360996],[77.229184813334385,31.127855628038358],[77.229192175028146,31.127886761407854],[77.229205445839824,31.127895196260013],[77.229224368851277,31.127907223747343],[77.229270387746652,31.127922292515766],[77.229321114712462,31.127920247820274],[77.229468962136849,31.127935797962838]]]},"properties":{"objectid":10191,"id":"10142","name":"Shimla (M Corp.) - Ward No.18","code":"18","town":"Shimla","district":"Shimla","state":"Himachal Pradesh","st_area(shape)":1990051.4318371245,"st_perimeter(shape)":17560.421394530062}},{"type":"Feature","id":10192,"geometry":{"type":"Polygon","coordinates":[[[77.195347976917347,31.103806975926712],[77.195093388077623,31.103821388576385],[77.194962938325318,31.103837602612437],[77.194803031018225,31.103848411711848],[77.194649436172654,31.103915068438791],[77.194523194129118,31.103929481072115],[77.194346455088535,31.103895251641244],[77.194068722053856,31.103839404000901],[77.193879358090285,31.103799769600986],[77.19365212205264,31.10381238086288],[77.193300747825859,31.103833999066271],[77.193111384760613,31.10381238086288],[77.193001977145514,31.103774547841432],[77.192961660755572,31.103717474845926],[77.192870093682046,31.103564127295716],[77.192835081843839,31.103494947446563],[77.192808150351624,31.10343729817475],[77.192703116633666,31.103315080833571],[77.192627708455447,31.103255124707406],[77.192536140483583,31.103174414744029],[77.19236512460968,31.103056809026292],[77.192282982660089,31.103015301362568],[77.192156403748385,31.102993393763573],[77.192075608373401,31.102987628807522],[77.191951722610895,31.102988781798796],[77.191787439610039,31.102956498038804],[77.19167028672058,31.102910378362658],[77.191507350294344,31.10281813817398],[77.191419822046328,31.10274203981627],[77.191374038509551,31.10268323709245],[77.191336333522102,31.102641728496327],[77.191246112124887,31.102584078706514],[77.191170703946668,31.102529887103046],[77.191053551057209,31.102446870527793],[77.190933705018509,31.102331569907481],[77.190858295942007,31.102288908927136],[77.190788274062243,31.102276225929266],[77.190670699862906,31.102257633323603],[77.190481336797617,31.102214395425069],[77.190313014072956,31.102185570404888],[77.190148899057064,31.10210269813458],[77.190005824381785,31.101990999943574],[77.189881686192663,31.101850476499227],[77.189730195201477,31.10169193701859],[77.189511375479725,31.101466738105465],[77.18928952574052,31.101315765247737],[77.189182751087515,31.101249758967622],[77.189011797197395,31.101151234434749],[77.18872577989913,31.100996408973309],[77.188528526032428,31.100813433941784],[77.188426612163454,31.100692388549675],[77.188331273064023,31.100509412932382],[77.188245796568111,31.100213835953966],[77.188124156593773,31.099780321439635],[77.188103773820004,31.099630898148412],[77.188574552114304,31.099850697791513],[77.188617978471797,31.09987135539809],[77.188700634257685,31.099899650373594],[77.188905995419844,31.099921640221272],[77.189062402890613,31.099928746076216],[77.189180257364313,31.099928301479583],[77.189243220282577,31.099929163750957],[77.189313171195423,31.099937946457697],[77.189364217063144,31.099950874372819],[77.189426757773205,31.099982115352908],[77.189451610563879,31.09999984921004],[77.189488894241407,31.100018729937673],[77.189498288822648,31.10002206133267],[77.189536037827509,31.100027935694751],[77.189731773541411,31.100013969373247],[77.189879713492289,31.099988634305326],[77.190073679525071,31.100002709087498],[77.190267645557853,31.100059009733645],[77.190353122053764,31.100098420319938],[77.190596401104074,31.100177240674313],[77.190823242781292,31.100233541217005],[77.190928444484214,31.100272951730869],[77.191108672581379,31.100359625420616],[77.191213687434683,31.100425939997134],[77.191255149176627,31.10046036605365],[77.191298992352401,31.100512552780927],[77.19132556092525,31.100553615406348],[77.191342663051628,31.100591474325082],[77.191403807779764,31.10069781673884],[77.191475031605364,31.100765772534146],[77.191503310570482,31.100813047038578],[77.191511390018192,31.100845331527186],[77.191522176089805,31.100886544000879],[77.191533794001373,31.100902370096737],[77.19155987838225,31.100923903582416],[77.191619116885377,31.100960633951775],[77.19175108209555,31.1010390397667],[77.191834569721436,31.101086313365961],[77.191861236210642,31.101105579241171],[77.191891984644485,31.101136563701601],[77.191923444544074,31.101178555236658],[77.191937376515781,31.101216332372353],[77.191944501054323,31.101225519552926],[77.191951515100058,31.101230029301384],[77.191960552151798,31.101233543720557],[77.191965314121148,31.101234909798144],[77.191975010536311,31.101235802055967],[77.192001278173549,31.101228773986769],[77.192083871975711,31.101202011629859],[77.192281636085511,31.101154341956185],[77.192324474046458,31.101138848191717],[77.192349183106671,31.101117690888156],[77.192419693669933,31.10101226966448],[77.192519841451073,31.100855361007657],[77.192573471771851,31.100791725824635],[77.192674026489826,31.10071243215792],[77.192802353523078,31.100610753376937],[77.192858242208516,31.100565713278183],[77.192990440082326,31.100453712524597],[77.193071627122762,31.100404903298223],[77.193122089085534,31.100386731075734],[77.193144096013384,31.100380735203039],[77.193191084190929,31.100376233875355],[77.193240337021308,31.100374955473679],[77.193287747407098,31.100382551271736],[77.193334412191149,31.100400190443221],[77.193365972702011,31.100420007970044],[77.193418574451812,31.1004794612948],[77.193454342671473,31.100574946673252],[77.193475383012057,31.100665026840669],[77.193544816495319,31.100854195683453],[77.193594143885875,31.100905565314019],[77.193669345451582,31.100959639389071],[77.193783311118409,31.101025438958878],[77.193956925818412,31.101120996092146],[77.19399752877095,31.101153442005696],[77.194017383335378,31.101173943183689],[77.194060473722914,31.101205074536761],[77.194128152796395,31.101238189614882],[77.194174800512471,31.101253398763703],[77.194214650676813,31.10125777313382],[77.194345856810571,31.101287620685614],[77.194436717808301,31.101307962612953],[77.194484534232558,31.101305032778765],[77.194532954324671,31.101290399759627],[77.194566685165285,31.101264388916288],[77.194594731466765,31.101218118426814],[77.194628395832069,31.101149657598306],[77.194662061095656,31.101088403252454],[77.194676788974732,31.101057776449331],[77.194746222457994,31.100938870486615],[77.194849320306488,31.100764114926193],[77.19491664903704,31.100679439967223],[77.194969249888501,31.100598367832685],[77.195008123584117,31.100542495177752],[77.195053155230994,31.100502667872703],[77.195097596684718,31.100483064968248],[77.195169134022379,31.100468651811951],[77.195347976917347,31.100448834295271],[77.195751907978106,31.100458623059865],[77.195839250274858,31.100472200873028],[77.195871882475885,31.100481262746964],[77.195979188931503,31.100493874449519],[77.196044413807655,31.100497477353212],[77.196059632166893,31.100500952570687],[77.196088471680767,31.100512709696442],[77.196111597011111,31.100532506431556],[77.196130679024407,31.100592962713545],[77.196158031826485,31.100650614481179],[77.196223256702638,31.100731686571123],[77.196282170015579,31.100787536038961],[77.196341083328562,31.100823568035548],[77.196444181177071,31.100857798573522],[77.196549382880022,31.100857798573522],[77.196614607756175,31.100839782583414],[77.196732434382099,31.100818163698481],[77.196795555403838,31.100819965144222],[77.19688182062059,31.100827171695997],[77.196963878128514,31.100845187688446],[77.197329323565882,31.100892254471919],[77.197569315680553,31.100892254471919],[77.197746843441948,31.10088662399669],[77.197911221664214,31.100889439234376],[77.198223539837358,31.100883809528167],[77.198401067598738,31.100866919638289],[77.198456686789569,31.10086011614554],[77.198621334506399,31.100819064421366],[77.198713551960253,31.100790351279599],[77.198809309674573,31.100750283321471],[77.198848176183645,31.100728983630784],[77.198917215306494,31.100669868906863],[77.199104605671408,31.100503783203653],[77.199288709100642,31.100346142202326],[77.199384048200102,31.100247616732091],[77.199502400340464,31.100112495085849],[77.19957801423287,31.100044934959818],[77.199679765506772,31.099963677676172],[77.199677010373819,31.100138218565032],[77.199699445798018,31.1004167750459],[77.199707859418965,31.100712139864921],[77.199738707565828,31.100964279912496],[77.199895757332015,31.101312472357506],[77.19992941001918,31.10144454555039],[77.199999521730476,31.101567012207262],[77.200193028724144,31.101893590725023],[77.200251921375852,31.102032866493428],[77.200369892630533,31.10233215909853],[77.200288259127404,31.102410766844276],[77.200231449668863,31.102477425349466],[77.200178848817387,31.102585519374838],[77.200021046263004,31.102749462360521],[77.199981069436234,31.102837739058106],[77.199913739807386,31.102918809281082],[77.199781185302342,31.102974658231975],[77.19953711753125,31.103102568658496],[77.19942349951242,31.103144004750973],[77.199303569032111,31.103162020304008],[77.199219407669773,31.103156615330818],[77.199147870332112,31.103134996973221],[77.199055292653881,31.103097163681923],[77.198985859170634,31.103057529741431],[77.198931154464745,31.102998078030517],[77.198754414525879,31.102744057363857],[77.19868077333382,31.102664788402407],[77.198571363922099,31.102603535033747],[77.198501524400356,31.102578166043685],[77.198339919277345,31.10255489305446],[77.198190533038868,31.102538678799458],[77.198009585391205,31.102524265955061],[77.197759205158562,31.102553091641621],[77.197574049802085,31.102587321556189],[77.197480798387389,31.102633657527864],[77.197372061813837,31.102677399815008],[77.197155345946499,31.102812517043002],[77.197060664413854,31.102866563880394],[77.196955462710932,31.102927817079351],[77.196795555403838,31.103052124762236],[77.196675624923529,31.103133195571399],[77.196570423220606,31.103174630881384],[77.196475115562222,31.103192191847953],[77.196296247514439,31.103246223855006],[77.196141332145345,31.103355371538246],[77.196061246439484,31.103437658146266],[77.195916067011424,31.103581782028844],[77.195844529673806,31.103652042496179],[77.195751951995575,31.103715097348516],[77.1955815254165,31.10377094506201],[77.195470011252041,31.103794365433277],[77.195347976917347,31.103806975926712]]]},"properties":{"objectid":10192,"id":"10143","name":"Shimla (M Corp.) - Ward No.16","code":"16","town":"Shimla","district":"Shimla","state":"Himachal Pradesh","st_area(shape)":385438.87247789692,"st_perimeter(shape)":3713.4441728577499}},{"type":"Feature","id":10197,"geometry":{"type":"Polygon","coordinates":[[[77.201679732434513,31.104398528099527],[77.201632285217855,31.104433478822809],[77.201511118655688,31.104424535776964],[77.20142698514114,31.104414930481727],[77.201312002581389,31.104398121981891],[77.201177389137769,31.104400523306246],[77.201037166613474,31.104395720657497],[77.200969860340805,31.104386115359343],[77.200936206755316,31.104354899672003],[77.200910966790801,31.104318880552658],[77.200896944089209,31.104258849682221],[77.200871704124665,31.104165200925518],[77.200899748629524,31.104076354741597],[77.200924988594068,31.104018724282728],[77.20104277569412,31.103903464029123],[77.201135322829629,31.103843432896078],[77.201342851626578,31.103720968405558],[77.201404549716926,31.103658535814176],[77.201593218384446,31.10338907889702],[77.201594151734028,31.103344636223085],[77.201576694773109,31.103306460734203],[77.201555902367559,31.103271640355242],[77.201522288307942,31.103240203549316],[77.201455811180296,31.103224157090736],[77.201367057630193,31.103219645898587],[77.201183498579994,31.103231667282916],[77.201055178733242,31.103241133477717],[77.200973127513492,31.103238035254684],[77.200908333828693,31.103224373227963],[77.200859664004909,31.103195848491367],[77.200831068832798,31.103163440965012],[77.200703310433099,31.102975314337204],[77.200686610751958,31.102952561406838],[77.20059406451476,31.102822892444419],[77.200557606388955,31.102726840905138],[77.200495908298592,31.10262598653053],[77.200403362061394,31.102417074106008],[77.200369892630533,31.10233215909853],[77.200251921375852,31.102032866493428],[77.200193028724144,31.101893590725023],[77.199999521730476,31.101567012207262],[77.19992941001918,31.10144454555039],[77.199895757332015,31.101312472357506],[77.199738707565828,31.100964279912496],[77.199707859418965,31.100712139864921],[77.199699445798018,31.1004167750459],[77.199677010373819,31.100138218565032],[77.199679765506772,31.099963677676172],[77.199680649449022,31.099960420891279],[77.199696298101259,31.099902738706017],[77.19976129300872,31.099910030708433],[77.199973407705158,31.099871256171415],[77.200164073327585,31.099791667132894],[77.200428620890548,31.099595754126664],[77.20053825308446,31.099465145231335],[77.200664568789819,31.099271272249059],[77.200778968342945,31.099120255133645],[77.200857024754598,31.099049772090211],[77.200972213926875,31.098991212457111],[77.20106848817251,31.098951775258357],[77.201185507212969,31.098919309362604],[77.201264024460372,31.098904698282809],[77.20141071036312,31.098930602083431],[77.201415575638691,31.098931461287048],[77.201476953030479,31.098964787151214],[77.201526863427688,31.098991886281553],[77.201563657523394,31.099011907172493],[77.201643830365882,31.099055531900881],[77.20169215343995,31.099081826416594],[77.201694934624101,31.099082412550988],[77.201748009786002,31.099093604486566],[77.201799948579122,31.099102528035086],[77.201866325993777,31.099094203697383],[77.201947108792325,31.099060509429226],[77.202006683265338,31.0990264013165],[77.202045599181758,31.098989965574184],[77.202073310411663,31.098943050920127],[77.202082596296719,31.098884659677498],[77.202089790005545,31.098618224514802],[77.202096939696872,31.098461084216719],[77.202094092935738,31.09828682254658],[77.202099335503732,31.098205892212469],[77.20213623110908,31.098123141851485],[77.202177972227076,31.09807945669624],[77.202263772116495,31.098003946836503],[77.202445393500653,31.097848427027976],[77.202490561691448,31.097789187436714],[77.202498761513354,31.09777067702797],[77.202511282231796,31.09770699516379],[77.202496137534382,31.097629393506903],[77.202462174030146,31.097572442201084],[77.202416264729237,31.097515895469719],[77.202307126608744,31.0973995042648],[77.20226071964116,31.097305055679012],[77.202216296153722,31.097155870029304],[77.202207144117622,31.097020033223753],[77.20221130511402,31.096978575998168],[77.202220215503317,31.096889792321399],[77.202245014395061,31.096809088487245],[77.202318624146059,31.096688081068592],[77.202385941198514,31.096626269234147],[77.202451195719078,31.096587705662863],[77.202754734656935,31.096444766545162],[77.202912033256453,31.096367214626156],[77.203150364386161,31.096248846635792],[77.203255230119154,31.096218234425969],[77.203484028327097,31.096171295326076],[77.203715209765448,31.096073334755243],[77.203827225189826,31.096008027908379],[77.204025040503595,31.095848842521335],[77.204109289900799,31.095739826211922],[77.204147636285342,31.09566078371315],[77.204185539800434,31.095539069444275],[77.204198604897954,31.095442382843434],[77.204198304860626,31.095369267055435],[77.204176795599452,31.095295736593062],[77.20413278264212,31.095193147391317],[77.204117794251587,31.095166561796788],[77.204030542684677,31.095054051595362],[77.203913343981156,31.094924854162493],[77.203843004996102,31.094810726732661],[77.20383421767599,31.094773000126885],[77.203835601081522,31.094702267700754],[77.203851007188646,31.09464869699335],[77.20387919901718,31.094613427280368],[77.203906529361419,31.094579235261943],[77.203993849200273,31.09450633188974],[77.204090210582478,31.094450897965991],[77.204189153722808,31.094408022673399],[77.204213305827537,31.094402445660862],[77.204318182340359,31.094392093955367],[77.204387809859711,31.094386887717139],[77.204474931170921,31.094397230192218],[77.204568751219171,31.094425942189584],[77.204709794803605,31.094488881626653],[77.204734034943243,31.094498140228211],[77.204844619351348,31.094524117539219],[77.20487620681169,31.094528360678847],[77.204925645593335,31.094535001545843],[77.204954430310011,31.094536411566509],[77.205095055279529,31.09453359844828],[77.205133103423393,31.094529318385273],[77.205238561146146,31.094504688018972],[77.205297587646868,31.094480559961603],[77.205366651922546,31.094442103213293],[77.205397629426784,31.094420859801289],[77.205425640693974,31.094392674734038],[77.205495429910087,31.094302487847255],[77.205546756052129,31.094209957755545],[77.205610539132294,31.094094967142563],[77.205648076134736,31.09399982218024],[77.205750558637305,31.093816142886393],[77.205848274678971,31.09371613907021],[77.206041323531835,31.093454904931349],[77.206191471541672,31.093275306236524],[77.206315960073766,31.093127483529486],[77.206435035357913,31.093046643418131],[77.206495743504831,31.093016830970193],[77.206548131455563,31.092999468128504],[77.20660003611269,31.093000268153205],[77.206637468910571,31.093010190766343],[77.206662112393744,31.093031622191848],[77.206669398629032,31.093039247039542],[77.206683487805947,31.093072657280999],[77.206683138361313,31.093123315714141],[77.20665931414166,31.093186371402151],[77.206634767676491,31.093248774722223],[77.206413120058258,31.09369024538638],[77.206352697575596,31.09379187926648],[77.206243427402754,31.093951884271171],[77.206228693235474,31.094000462962509],[77.206206174267919,31.094074704441351],[77.206197725612697,31.094102559596571],[77.206208130798601,31.094189982776435],[77.206214833128939,31.094257585528972],[77.206223763281201,31.094347662456514],[77.206236076488807,31.094471856751529],[77.206238644772171,31.094553568739727],[77.206234567319115,31.094592073905151],[77.206212712206565,31.094692166800428],[77.20620308316505,31.094720166391873],[77.206171407669785,31.094792972675709],[77.206111481955517,31.094930714224304],[77.206046487946395,31.095222241458664],[77.206045377628712,31.095276290307428],[77.206070212453056,31.095356160823343],[77.206125852305121,31.095468654513123],[77.206222222670476,31.095616451269532],[77.206235282378074,31.095636480564313],[77.206282986512932,31.095701329203997],[77.206305528836666,31.095754784702166],[77.206312399151969,31.095796818616499],[77.206304246042436,31.095849888676057],[77.206295442552658,31.095880499466105],[77.206264637524924,31.09593211486354],[77.206232770688558,31.095964498703399],[77.206178148627714,31.096026727891118],[77.206108641482601,31.096088167039426],[77.206086715403146,31.096129140039249],[77.206074177616713,31.096173226859584],[77.206073492202165,31.096243822806368],[77.206087722414551,31.096302531825007],[77.206143891374339,31.096390472208519],[77.206304036734977,31.096528875282793],[77.206357175677297,31.09657779726945],[77.206445307593199,31.096632394573675],[77.206702497055659,31.096713213172382],[77.206861279672012,31.096788545598262],[77.2070804479401,31.096954972409613],[77.207254429152741,31.097050890556929],[77.207435560955062,31.097081503267663],[77.207716792029501,31.097122318917886],[77.207914607343284,31.097226400631264],[77.20804204953599,31.097398893504998],[77.208112782881443,31.0974558626069],[77.208195989334669,31.097504492582505],[77.208325661145921,31.097533305946655],[77.208417486035955,31.097548848759985],[77.208521442673899,31.097573656795451],[77.208595485412857,31.097608932332335],[77.208673334313687,31.097669533549542],[77.208720735716284,31.097723080246123],[77.208780965959448,31.097807400155361],[77.208821475487184,31.097885230123648],[77.208846613043804,31.097978645077919],[77.208848866018513,31.098052925754427],[77.208836434233334,31.098256953283048],[77.208851931968582,31.098325185433112],[77.208864631451746,31.098352656274887],[77.20891885466061,31.098407457938233],[77.208971068338201,31.098436750246627],[77.209086575514064,31.098477615313232],[77.209207910959478,31.098503283852047],[77.2092400383073,31.098515998891383],[77.209293949800781,31.098543871205351],[77.209315394383225,31.098558363882397],[77.209336744642613,31.098578244868602],[77.209357082500617,31.098618772960808],[77.209360560777412,31.09863511634288],[77.209361827401963,31.0986810365625],[77.209350660444684,31.098730758186338],[77.209355736824335,31.098782309729199],[77.209372454471747,31.098824643063914],[77.209407573209475,31.098882778197567],[77.209465854108515,31.098965023297502],[77.209526686222873,31.099009353409137],[77.209676306023354,31.099132850863633],[77.209898377646439,31.09927479597124],[77.209957934153152,31.099338083721488],[77.209993052890866,31.099396217771666],[77.210021189922188,31.099452880302433],[77.210023170707387,31.099510368152814],[77.210008503015416,31.099548492092765],[77.209977239846907,31.09957994627387],[77.209912995032738,31.099648833601787],[77.209865345695107,31.099724390613463],[77.209781689185974,31.099906028568348],[77.20973163146509,31.099979885447979],[77.209660498369288,31.100053193832458],[77.209585716316852,31.100107552226454],[77.209458901148196,31.100189897799769],[77.209335240862785,31.100245607592608],[77.209300983609452,31.100261040736264],[77.209000099193233,31.100392825404978],[77.20885496557932,31.100440622377931],[77.208715396130245,31.100536228558774],[77.208678082808262,31.100572709859549],[77.208653802244456,31.100616209261787],[77.208653350391884,31.100618321465237],[77.208639931358178,31.100681103730199],[77.208644967313631,31.100726029164637],[77.208647602970686,31.100759051337622],[77.208652728757684,31.10080272064582],[77.208654635881061,31.100818972887609],[77.208681708408747,31.100888315446891],[77.208696966293857,31.100914202553497],[77.208712345451531,31.100955754979342],[77.208711987023719,31.101003767042105],[77.208693638934079,31.101043433376464],[77.208648848934004,31.10109121309986],[77.208625829604841,31.101111692753985],[77.208572005247945,31.101170094165354],[77.208519686467497,31.101242591676474],[77.208471050779707,31.101275799044011],[77.208445182892802,31.101289195212175],[77.208369051570756,31.101309221772414],[77.20814219552048,31.101318458171949],[77.208081241235206,31.101302724447848],[77.207816953285374,31.10119476972385],[77.207645892495691,31.101158698639519],[77.207506303283679,31.10114194648331],[77.207387817294361,31.10116768968258],[77.207267716134112,31.101224797285472],[77.207231824845238,31.101277922770638],[77.207194883425828,31.101332601983863],[77.207177182123161,31.10138618968983],[77.20708370253638,31.101602375486461],[77.207071975030331,31.101648644250396],[77.207069213609159,31.10176863002734],[77.207063827310719,31.101808220662303],[77.207051093691575,31.101842474690006],[77.206880805453054,31.102059758607847],[77.206839676986078,31.102128811818496],[77.206812414913841,31.102224369380004],[77.20681265027244,31.102439533338615],[77.206827264065495,31.102614498108977],[77.206842515662373,31.102659769527424],[77.206874480415124,31.102719747566312],[77.206885963579381,31.102753305161443],[77.206882645202754,31.102781097776145],[77.206882584117309,31.102781608508522],[77.206873625218989,31.10280172936254],[77.206842394389795,31.102824700005513],[77.20682191190302,31.102835246931626],[77.206721045469664,31.102876147795335],[77.206548068573497,31.102913948869386],[77.206409277065475,31.102943375931762],[77.206228998662667,31.102968487151049],[77.206080739809849,31.102910023773291],[77.206049509879023,31.102904874920792],[77.205952321148416,31.102898132338805],[77.205809089267959,31.102898132338805],[77.205745392426081,31.102892391221378],[77.20558232125255,31.10288703930582],[77.20548601376926,31.10288978833518],[77.205366961841307,31.102900772914268],[77.205098100568321,31.102942210633177],[77.205047546977411,31.102953538257708],[77.204999359548935,31.102982056913721],[77.204943752036215,31.103026192857151],[77.204865901338749,31.103070382622143],[77.204796887368744,31.103096469118942],[77.20474764262319,31.103115083097183],[77.204567242947817,31.10320624308018],[77.204430036966272,31.103310063531257],[77.204268082398627,31.103432420867808],[77.204146875412292,31.103501093110726],[77.204066281259969,31.103534096627925],[77.204041105075817,31.103544156591166],[77.203949267609346,31.103575763282794],[77.203896708978704,31.1035842018339],[77.203821031305935,31.103581574353303],[77.203797276256552,31.10357798464241],[77.203716218573518,31.103555699511258],[77.203619706274338,31.103531768352767],[77.20346493643234,31.103509475519061],[77.203249719853233,31.103501610761764],[77.202869717216643,31.103553221248674],[77.202764009762234,31.10356751240818],[77.202620793153116,31.103621648039471],[77.202559902648233,31.103667175110765],[77.202407045319461,31.103856484884624],[77.202311320842782,31.103946644240335],[77.202177305677139,31.10404499973356],[77.20209832489904,31.104102963993959],[77.20202137790676,31.104150416052541],[77.201892069913171,31.104238210720666],[77.201861727517837,31.104269069554643],[77.201774787666309,31.104343574522087],[77.201752397157861,31.104358867012291],[77.201679732434513,31.104398528099527]]]},"properties":{"objectid":10197,"id":"10144","name":"Shimla (M Corp.) - Ward No.19","code":"19","town":"Shimla","district":"Shimla","state":"Himachal Pradesh","st_area(shape)":807857.91211045545,"st_perimeter(shape)":4724.0260890016152}},{"type":"Feature","id":10199,"geometry":{"type":"Polygon","coordinates":[[[77.165141546075475,31.118757534129792],[77.164787920670605,31.119033598120765],[77.164440115450503,31.119228678140033],[77.164058649458354,31.119499545127521],[77.163597581053949,31.119719638693475],[77.163219020213418,31.119923931897329],[77.162824569073848,31.120090060535087],[77.161868739153675,31.120366666663326],[77.161437995178289,31.120426968045773],[77.16111814912307,31.120419670697689],[77.160738937902309,31.120355202690376],[77.160359043063593,31.120234520585527],[77.160172277926122,31.120146583057277],[77.159101667567128,31.119656710594921],[77.158522883927901,31.119354018067497],[77.157889766587004,31.118967798725517],[77.157452213381788,31.118742283949132],[77.157144695805528,31.11864555252696],[77.156880376414634,31.118589827381825],[77.15670149848539,31.118552114836774],[77.156599782245735,31.118544786582625],[77.156192884049602,31.11851547125325],[77.155593166070986,31.118502458194147],[77.155055267455253,31.118553625246111],[77.15468908719599,31.1185959882189],[77.153523366807988,31.11863277019977],[77.153216537341237,31.118568082569208],[77.15293489573672,31.118415836441368],[77.152451200566929,31.118097944274872],[77.152288653111228,31.117966738665221],[77.151311166606163,31.117162720337632],[77.150998105526284,31.116968072898306],[77.150468408529122,31.116725051051642],[77.149585743693862,31.116444829704424],[77.149186924945397,31.116386103913474],[77.148346842051254,31.11633182482311],[77.148292180464537,31.116111259653437],[77.148077976286714,31.115578296055055],[77.147977567994147,31.115182870136294],[77.147877159701579,31.114770249829405],[77.14785102411669,31.114438346644498],[77.147845098829066,31.114138808405514],[77.14785338488926,31.113768622519878],[77.147849947036676,31.1137387012134],[77.147788199538979,31.113404357947129],[77.147723201038289,31.11321144556057],[77.14747552742962,31.112592501573822],[77.147381813382552,31.112283027682597],[77.147437696678068,31.110996520522232],[77.147404579386802,31.110853894583052],[77.147314874520845,31.110752838103696],[77.147259246346877,31.110710502394991],[77.147088877259961,31.110657428333429],[77.146705732316576,31.110643947346375],[77.146575255614835,31.110624932598476],[77.146415704938889,31.110576952318894],[77.146216564610071,31.110455937830544],[77.146116671950494,31.110374584855496],[77.145748508211071,31.110007793017051],[77.14527324373023,31.109612343894668],[77.1449987949362,31.109325784750126],[77.144873404495584,31.10915774753602],[77.144736455432181,31.10904684061212],[77.144695863259429,31.109019642057365],[77.14460385511309,31.10896961509367],[77.144565988428937,31.108951511423953],[77.144535933494481,31.108946352900332],[77.144465499287989,31.108940343723848],[77.144298351559712,31.108958921176839],[77.144074406050962,31.109016673235772],[77.143879217411069,31.109092965768376],[77.14376052750417,31.109121173392744],[77.143631285087594,31.109142395057884],[77.143448606386386,31.109161653914892],[77.143115545214997,31.109171097214052],[77.142916435428916,31.109126333445079],[77.142809898829469,31.109079343809395],[77.142585107107706,31.108995219266745],[77.142329507663305,31.108961651571409],[77.141999724444389,31.108948644893847],[77.140676573404534,31.108991215202174],[77.140608350850272,31.108981708816877],[77.140525223448819,31.108943898621316],[77.140480180123873,31.108921157119727],[77.140460433357262,31.10890044456637],[77.140453931351246,31.108884696715961],[77.140457139235139,31.108852827211983],[77.140479959138304,31.10875792700174],[77.140498543484895,31.108716833313121],[77.140554378271389,31.108637159392266],[77.14059843344954,31.108592243853295],[77.14065356216021,31.108555084185387],[77.140843289043161,31.108465222243382],[77.140898677366948,31.108422008706938],[77.141050090204729,31.108267279703579],[77.141100556659055,31.108154270471598],[77.1411116957686,31.108076087426436],[77.14109564197615,31.108005661792372],[77.14102655703924,31.107803853393175],[77.140959822095084,31.107650482445624],[77.140946811794819,31.107606473251483],[77.140935796652826,31.107498001911019],[77.140942581628167,31.107435054173212],[77.140961096804475,31.107360546247385],[77.141014399240177,31.107266340616366],[77.141226588496806,31.107038188346102],[77.141325907132924,31.106908931838475],[77.14136083722444,31.106825566824018],[77.141373670556575,31.106743226235089],[77.141373670556575,31.106690614518598],[77.141334211159403,31.106494657288827],[77.141329803126311,31.106388498269681],[77.14133770830081,31.106350072493484],[77.141414853820777,31.106186882566121],[77.141556052813783,31.105995463046689],[77.141727631033021,31.105806029857881],[77.141771035830942,31.105746952136837],[77.141784558170926,31.105723856829023],[77.141815478182991,31.105654903145538],[77.141891400197537,31.105456465565581],[77.142029944668849,31.105237189615274],[77.142065233188163,31.105194451486252],[77.142101048120239,31.105161407780809],[77.142120386153366,31.105152468649251],[77.142205295812332,31.105127971794126],[77.142374986671186,31.105097911623776],[77.142483659464361,31.105103210342904],[77.14292621448908,31.10521582247603],[77.142989525055356,31.10523819259387],[77.14302906080934,31.105260685771285],[77.143108795273946,31.105325906264312],[77.143169409996062,31.105397557610118],[77.143262860836742,31.105536864389936],[77.143354098228585,31.105644519592907],[77.143456889751619,31.105736163251443],[77.143558031069446,31.105782769196985],[77.143679683620149,31.105809282596486],[77.143835411964574,31.105827673758537],[77.143969716387758,31.105833094731839],[77.144087091161069,31.105829852762174],[77.14418737548614,31.105814278999681],[77.144242550010901,31.105800106627516],[77.144407901108593,31.105740538953359],[77.144593512809237,31.105629983386319],[77.144635929460321,31.105574073695681],[77.144685019695672,31.105464324007762],[77.144796541046603,31.10514268575259],[77.144826045313806,31.105078759624458],[77.14492679137291,31.104947339116368],[77.145048126818324,31.104819079669035],[77.145156320809491,31.104741699956822],[77.145322783123191,31.104688934837803],[77.1456941206105,31.104609981317189],[77.145954101138571,31.104535046597714],[77.146096212819899,31.104451361835388],[77.146121733957102,31.104428880003656],[77.146284821300327,31.104182484809911],[77.146527991654452,31.103968341637195],[77.14663156830504,31.103898048329743],[77.146767740325686,31.103824985969755],[77.146824000015314,31.103799395785853],[77.146920397330135,31.103774058651041],[77.147003873277896,31.103769579020913],[77.147185846801648,31.103823086127655],[77.147382850936708,31.10391584991152],[77.148008067594674,31.104210244701438],[77.148098627656793,31.104238592994903],[77.148204912727948,31.104252976350942],[77.148449408097122,31.104261983253494],[77.148470929036392,31.104050269283196],[77.148028571641021,31.103949247866684],[77.147931072093343,31.103926982051792],[77.146819693491821,31.103539003158058],[77.146695552607767,31.10350410056321],[77.146463254563514,31.103456348205523],[77.145954620364805,31.10338959731784],[77.145764819819988,31.103358348228582],[77.14571534690235,31.103345490771783],[77.145670458985919,31.103330481942415],[77.145653220315623,31.103319049755598],[77.145635856779492,31.103300532732892],[77.145627321885954,31.103283774801099],[77.145622982124848,31.103267327611601],[77.145619408626644,31.103245233162042],[77.145618483361901,31.103226532292879],[77.145620581826407,31.103199987405389],[77.145629665590562,31.103180701187405],[77.145670299085793,31.103154774701572],[77.145741078245337,31.103131147265177],[77.145933283580177,31.103061429448687],[77.146013972953924,31.103018903401466],[77.14617607933684,31.102910945244037],[77.146639211171475,31.102456359107016],[77.146714491788913,31.102465524630624],[77.146839461817976,31.102490058323891],[77.147084764772629,31.102559091992266],[77.147151864432743,31.102569487419959],[77.147279182657968,31.102573529445014],[77.147381551074503,31.102566489167991],[77.147480556198573,31.102557172126247],[77.147564239657186,31.102530363993036],[77.147925092008506,31.102340329316721],[77.148034577777011,31.102291150315519],[77.148136186218807,31.102251696026677],[77.148252711185904,31.102226879982851],[77.148387500699315,31.102212289410545],[77.148489383127256,31.102216448366161],[77.148585457946893,31.102230332061588],[77.148669913956638,31.102264506711617],[77.148756065985665,31.102314120312791],[77.148785524438793,31.102334475865437],[77.148877257700661,31.102397863877719],[77.148978218457117,31.102460298067076],[77.149056547956619,31.102485784772789],[77.149099487427208,31.10249584715465],[77.149263393135612,31.102515365803335],[77.14937644970739,31.102522731446189],[77.149572761241387,31.102539540277935],[77.149746636452846,31.102546744391713],[77.149799920922248,31.102537138906545],[77.149965383411057,31.102472304163864],[77.1500714331236,31.102427341096565],[77.150213699315145,31.102356348234188],[77.15027031114434,31.102321419052675],[77.150323633342978,31.1022955761728],[77.150449132479736,31.102252227529757],[77.1505805901418,31.102227325337907],[77.150700933847148,31.102213569325887],[77.150736363401933,31.102211627915867],[77.150834974165662,31.102216552974603],[77.150928112392606,31.102223145614964],[77.151042290960149,31.102229773637099],[77.151197140752217,31.10223993065518],[77.151243762417153,31.102248119341567],[77.151302992835397,31.102258877086854],[77.151428632109344,31.102289613495365],[77.151525553141994,31.102318813074177],[77.151574914668529,31.102347261156329],[77.151642112245028,31.102405146458377],[77.151738293065904,31.102564197020438],[77.151774780836107,31.102639200213375],[77.151798381375258,31.102703718710856],[77.151812287295854,31.102791825463228],[77.151821051259759,31.102870618199564],[77.151847342253191,31.102934401978573],[77.151901367832693,31.103003789143784],[77.151996594642668,31.103069571144708],[77.152027308042221,31.103080841835272],[77.152142496316173,31.103107213692216],[77.15232935667504,31.103140761920319],[77.152378357078859,31.103151251123407],[77.152585442108048,31.103209612821988],[77.152604264508199,31.103216327691726],[77.152892528492984,31.103292348752237],[77.153143356086602,31.103336723763597],[77.153546432849552,31.103375647643194],[77.153872391940283,31.103369305832445],[77.154209212561113,31.10334712141367],[77.154415164814722,31.103335865368962],[77.154791836498191,31.103353574755644],[77.154993757112805,31.103348772054019],[77.155159219601643,31.103334364716726],[77.155291028504962,31.10332235795973],[77.15543280421636,31.10330480701645],[77.155595004922375,31.103274671659353],[77.155641584366478,31.103262326459344],[77.15574607909528,31.103242443376875],[77.155847911217577,31.103231272697819],[77.155891900818716,31.103229478989554],[77.155920419634029,31.10322870827958],[77.155958203673208,31.103227686819562],[77.156090786924324,31.103218389072012],[77.156372178797142,31.103188091392155],[77.156596416258381,31.103194046321516],[77.157059176190486,31.103246402302773],[77.157369123709586,31.10333916741914],[77.157512149875856,31.10340400157002],[77.157629936975908,31.103444822964267],[77.157878571781936,31.103496088894119],[77.157977688297123,31.103507255696151],[77.15819643525532,31.103516861083204],[77.158229495952739,31.103517647174268],[77.158470045921192,31.103497522626007],[77.158580639312461,31.103477594211803],[77.158681180555703,31.103472639989977],[77.158715515962498,31.103473546071893],[77.158858472060146,31.103507415683406],[77.158914373321991,31.103524065122851],[77.158957955087985,31.103535394216351],[77.159071423088164,31.103564886465481],[77.159206036531799,31.103586497802688],[77.159281797747909,31.103600398219566],[77.159423308456297,31.103606718478137],[77.159763134840105,31.103557573976108],[77.15994963946612,31.103552787437323],[77.160075414385659,31.103557682428939],[77.160159974599992,31.103553603525672],[77.160321418026228,31.103562026695336],[77.160444161131693,31.103590808224293],[77.160542194278634,31.10364701213582],[77.160696568861908,31.10375206123452],[77.161083704121808,31.103964617336949],[77.161332094586086,31.104151100608629],[77.16149141080173,31.104288472464432],[77.161628399390978,31.104474647435548],[77.161737834853838,31.104616822999343],[77.161926531369147,31.10487256926297],[77.161991929620129,31.104941161241204],[77.162069198209295,31.105003940648484],[77.162150909865886,31.105056160260329],[77.162345537957023,31.105126362719222],[77.162547807117974,31.105158921868547],[77.163075746112114,31.105207361764421],[77.163477298434017,31.105257172270274],[77.163646228419822,31.10526085190882],[77.163757615921796,31.105237661876668],[77.163836919195077,31.105203811341969],[77.163862333432775,31.105193383128952],[77.163866064136158,31.105200463207296],[77.163900365406946,31.105265561446007],[77.16402411103229,31.105497749876978],[77.164116623133538,31.105593933984515],[77.164171591944068,31.105650653580639],[77.164302213274567,31.10575065329266],[77.164703128690945,31.106004212119039],[77.164789690351725,31.106050163387362],[77.164957956482539,31.106110193894562],[77.165050767722747,31.106138337796605],[77.165283118767604,31.106165932518774],[77.165395311160069,31.106206010498358],[77.165456698433346,31.106237584768991],[77.165503402743283,31.106265107931627],[77.165518066841955,31.106301661638973],[77.165523456733681,31.106333945800021],[77.165524646103094,31.106355565736802],[77.165517411970114,31.106388359054232],[77.165504341482745,31.106413649342731],[77.165474699773327,31.106433416389354],[77.165427700815982,31.106466265058401],[77.165329419733993,31.10650699053144],[77.165107146888289,31.106611378848037],[77.164996618175749,31.106677959797768],[77.164957635783978,31.106698145972622],[77.164846423453469,31.106796437084572],[77.164799171171225,31.106865027673148],[77.164755530116423,31.106953732802495],[77.164743648100156,31.107025739032252],[77.164736142675935,31.107179248664963],[77.164733601342022,31.107277170092267],[77.164696912349157,31.107548103487208],[77.164649536997729,31.107720275344807],[77.164582160656465,31.10793311406654],[77.164568602383881,31.108056453781717],[77.164545703428971,31.108155994865015],[77.164530937820643,31.108227107221737],[77.1644925770631,31.108355235928464],[77.164432878622549,31.108477298340908],[77.164380240940162,31.108559387459344],[77.164357805515948,31.108583398878405],[77.164336135456338,31.108609903035536],[77.164314721416602,31.108651053685925],[77.164282257200554,31.108749543518464],[77.16427541383473,31.108777322841295],[77.164271532214372,31.108824103424098],[77.164273218352164,31.108872347630559],[77.164282084724022,31.108931562618732],[77.164287693804653,31.108998794928596],[77.164279467033268,31.109060429503423],[77.164262840115697,31.109096632183178],[77.164245627496499,31.109114048997519],[77.164214778451353,31.109140460711647],[77.164155884901334,31.109174076798567],[77.164133398273137,31.109188799359526],[77.164080099430706,31.109248228735659],[77.164048534428247,31.10929644196171],[77.164026727824734,31.109338874441196],[77.164021271457685,31.109358963140991],[77.164015662377039,31.109430996773341],[77.164015662377039,31.109531843151537],[77.164009890701365,31.109592383691531],[77.163984422564724,31.109660054700722],[77.163956192108614,31.109707963146391],[77.16388494223186,31.109794292889326],[77.163808649213095,31.109925480568574],[77.163763262731678,31.110079296236041],[77.163749240030086,31.110163334446337],[77.163718390984926,31.110285790628268],[77.163686951746612,31.110403076671115],[77.163632590197196,31.110588623594928],[77.163595562539498,31.110770209236673],[77.163554733211527,31.11089573415212],[77.163545637769246,31.110933891976888],[77.163543842935312,31.111006116691531],[77.163565380942586,31.111145955156356],[77.163592303451637,31.111222789736583],[77.163656917473389,31.111331894410558],[77.16367864951674,31.111399751841635],[77.163676661545026,31.111507075835114],[77.163658199369308,31.111572811951941],[77.163642558801882,31.111666890253574],[77.163615636292846,31.111812875178664],[77.163578169358971,31.111894510719672],[77.163527688531573,31.111959339029134],[77.163468795879865,31.112024168063435],[77.163272484345867,31.11211300681077],[77.163245054288666,31.112130086206122],[77.163085869227075,31.112195056638047],[77.162919894698547,31.112238153092431],[77.16280695400944,31.112257357484566],[77.162547653506024,31.112307276580321],[77.162492054976468,31.112315654365784],[77.162373106354792,31.112332881391517],[77.162287009123006,31.112362957729822],[77.162203411004342,31.112411016323716],[77.162066819470454,31.112533960289927],[77.162002112922195,31.112628201456381],[77.161937356068336,31.112779600865409],[77.161934373661566,31.112882860178363],[77.161914429265636,31.112982760751436],[77.161904660985243,31.113011230249764],[77.161700707483135,31.113302986548423],[77.161576179425197,31.113424339652376],[77.161511389333654,31.11348144296058],[77.161351788352064,31.113675776840342],[77.16130358744887,31.113747056568993],[77.161272913575189,31.11382959104623],[77.161255385647351,31.113930883435923],[77.161251003665384,31.114159729006623],[77.161259767629289,31.114234759956453],[77.161307969430808,31.114336051913821],[77.161369316279888,31.114418585878933],[77.161456955020697,31.114459853219081],[77.161658525292339,31.114527380786207],[77.162233165003173,31.114598084603848],[77.162296920235505,31.114607804999977],[77.162632413146369,31.114760211051522],[77.162830970468576,31.114912616858447],[77.162899438262883,31.115018128782534],[77.162954212139041,31.115358109825724],[77.163015833872564,31.115533962142084],[77.163145922502139,31.115791877770672],[77.16331709288626,31.115997036939962],[77.163659431857866,31.116331153428895],[77.16381690832381,31.116542173237143],[77.1641044734193,31.116817671489919],[77.164570055858022,31.117163507853874],[77.165131493029122,31.117509342957717],[77.165838515666763,31.118048983386302],[77.165141546075475,31.118757534129792]]]},"properties":{"objectid":10199,"id":"10146","name":"Shimla (M Corp.) - Ward No.4","code":"4","town":"Shimla","district":"Shimla","state":"Himachal Pradesh","st_area(shape)":3990121.5052126637,"st_perimeter(shape)":10145.095275987407}},{"type":"Feature","id":10204,"geometry":{"type":"Polygon","coordinates":[[[77.145440692394118,31.101292560406858],[77.145360611179797,31.101326783083909],[77.145192433083892,31.101440748847711],[77.145133321243264,31.101463755971583],[77.145051992269018,31.10149257121147],[77.144911769744709,31.101499775404662],[77.144768407608538,31.101512794640275],[77.144678092786478,31.101534233377762],[77.144605207077618,31.101572717253063],[77.144529974969203,31.101652760156338],[77.144516343034752,31.101670269099809],[77.14446305856535,31.101766321707682],[77.144376120510486,31.101895992112699],[77.144311607100036,31.101960834940641],[77.144255529768429,31.101994445877452],[77.14412372086511,31.102052076795609],[77.144025564648928,31.102104905683387],[77.143910232644586,31.102139828021951],[77.143871116403844,31.10214534996846],[77.143759142301974,31.102148129017323],[77.143712176582284,31.102146213758093],[77.143583682462378,31.102125282817955],[77.14349552449535,31.102097701536099],[77.143441392016314,31.102082251768906],[77.143354159314015,31.102033613368544],[77.143330062006541,31.10200885341796],[77.143197467975639,31.101896184408297],[77.143111315048344,31.101808584485887],[77.143023367287071,31.101751721065284],[77.142939010092007,31.101720984482757],[77.142831319157438,31.101713300335533],[77.142613669042177,31.101709805932838],[77.142520164302567,31.101693654606638],[77.142407236189882,31.101656233793129],[77.142275438964674,31.101595345906016],[77.142208191980814,31.101558032739742],[77.142175744832755,31.101512920786735],[77.14215467305111,31.101455951810557],[77.14211927942894,31.101344888976492],[77.142080132645489,31.10116114773545],[77.142033448996798,31.100907485982635],[77.14200779221396,31.100732993428132],[77.14195264014711,31.10058822217697],[77.141889912587445,31.10049794502304],[77.141698368412676,31.100310270786412],[77.141630584236253,31.100211360680937],[77.141620767446838,31.100166714990543],[77.141628105784406,31.10008848537084],[77.141668718618376,31.100016688487074],[77.141802449916412,31.099880849619048],[77.142128387447599,31.099604904542293],[77.142169666831535,31.099572483483406],[77.142244528834041,31.09947605867065],[77.142293053130757,31.099378961476752],[77.142303372976741,31.099343078926772],[77.142310626872643,31.099230241375889],[77.142259908890011,31.098932228185905],[77.142250875431529,31.098679535836702],[77.142232938770263,31.098577141822442],[77.142187858614349,31.098464151827233],[77.142155027885664,31.098412762415155],[77.142046659621343,31.098311741925013],[77.141983927570138,31.098272349827667],[77.141866140470057,31.098224321769134],[77.141751157910335,31.098178695167917],[77.141658611673137,31.0981450751887],[77.141582891779521,31.098113857450002],[77.141375362084275,31.098082638931871],[77.141221117756714,31.098077835963689],[77.141139788782468,31.098077835963689],[77.141038828924309,31.098065829311331],[77.140929455445203,31.098046618202947],[77.140842517390354,31.098022604119585],[77.140778015657986,31.097993787057785],[77.140713288448509,31.097959916249199],[77.140624161199284,31.097926316192126],[77.14046461501492,31.097882157109943],[77.140199724295513,31.097845377089467],[77.140172254712439,31.097840097195824],[77.140083030445169,31.097818939157378],[77.139859476601885,31.097761969504006],[77.139722170907334,31.097711233545922],[77.139661637931923,31.097672922718139],[77.139642317865082,31.097638727185647],[77.139640762881342,31.097615430678804],[77.139648120981832,31.097573306801539],[77.139671786199671,31.097513961655835],[77.139691026316427,31.097487785934856],[77.139785240725118,31.097419849332496],[77.139859416414751,31.097347038138899],[77.139921460356476,31.09729545043302],[77.140015205844577,31.097244544997285],[77.140073557710494,31.097210085467925],[77.140088483218932,31.097196017194999],[77.140112592204545,31.097159309984846],[77.140129243376634,31.097120728937863],[77.140140740913949,31.09705427282465],[77.140135351022266,31.097017527867855],[77.140107542774331,31.096979388296887],[77.140065387532999,31.096945520203462],[77.139977443364998,31.096900433751738],[77.139885528643447,31.096867383314436],[77.139845232914737,31.096858351864707],[77.139787131678773,31.096847748890784],[77.139664959003525,31.096843225088222],[77.13954759860323,31.096858619554347],[77.139333725005443,31.096920352007693],[77.139075680346807,31.097011922547225],[77.138599376515202,31.097148416279019],[77.13845423032484,31.097177707437275],[77.138317897505743,31.097165294522579],[77.138221140864815,31.097125831950681],[77.138169261360517,31.097074051819245],[77.138145099374313,31.097025394700506],[77.138145658126447,31.096979226760215],[77.138177492623441,31.096890646928173],[77.138279573579084,31.096767871167479],[77.138380337604502,31.096676834234632],[77.138419475404802,31.096622573876541],[77.13847556441452,31.096521713789262],[77.138483978035467,31.096456874171082],[77.138499927623329,31.096266859650541],[77.138514398584235,31.096171271479985],[77.138508094207566,31.095930159478979],[77.138520561027093,31.095858404067421],[77.138548724109569,31.095786101677845],[77.138629842878061,31.095692109950605],[77.138769851603271,31.095617269733804],[77.138916928273147,31.095590714258073],[77.138990706009139,31.095583945002872],[77.139328115924798,31.095550174873932],[77.139661143858518,31.095490137691876],[77.139788220436927,31.095452615203108],[77.139862465296829,31.095404932643852],[77.139974159124307,31.095314713640931],[77.140007318636393,31.0952800087945],[77.1400672560288,31.095232960768676],[77.140154536341797,31.095123039129412],[77.140178214136043,31.095081136456574],[77.140208888009738,31.094991080993932],[77.140218054418895,31.094952955994117],[77.140240441334086,31.094837140117114],[77.140241986436394,31.094790808034428],[77.140250674941811,31.094704788502504],[77.14027068940635,31.09462338126394],[77.140314753567637,31.094545570931199],[77.140349110534004,31.094503278767036],[77.140483547907849,31.094254723940086],[77.140590117744949,31.094122640749941],[77.140749971153141,31.093966543036807],[77.141119785097729,31.093629097771291],[77.141186968301184,31.093568371665814],[77.141546197396792,31.093344555069326],[77.141954633508718,31.093171914829732],[77.142243442770848,31.093031812197651],[77.142414257422132,31.092923693453326],[77.142852880520863,31.09264885974379],[77.143184521455765,31.092511441821618],[77.143371247965661,31.092482369232634],[77.14350268766141,31.092492524985211],[77.143562590019513,31.092505349294477],[77.143715715944523,31.092575985660577],[77.143870792112025,31.092654427628194],[77.143994890775247,31.092702140799705],[77.144079072798846,31.092709117190349],[77.144167619736407,31.09269985995299],[77.144239009750336,31.09265085519727],[77.144299986493522,31.092502216873875],[77.144341255097672,31.092283111792966],[77.144392459068868,31.092138994613219],[77.144441850239815,31.092041715297121],[77.144481450672487,31.091981965909962],[77.14457591571113,31.091880134700745],[77.144733893436992,31.091803849879863],[77.14495983230735,31.09173185134113],[77.145506012491694,31.091622804921599],[77.145800038270707,31.091528644452332],[77.146058443153763,31.091409911185444],[77.1461693231076,31.091324780174077],[77.146401181875689,31.091088629972468],[77.146506116778966,31.090921668241066],[77.146540109029317,31.090881293796485],[77.146543459745331,31.09087996987996],[77.146631958173842,31.090820232839832],[77.14681692398581,31.090666029036772],[77.146908368888475,31.090548566302381],[77.146996136088347,31.090439469291205],[77.147095054974173,31.090279551453687],[77.147328569337361,31.089973499682515],[77.147556823166212,31.089746882897412],[77.1476372852662,31.089684359577252],[77.147805378920481,31.089585062998072],[77.147878911416385,31.089554033997807],[77.148211259325407,31.089382350783172],[77.148570644727869,31.089135025725003],[77.148847913333569,31.088887688483744],[77.149023328257428,31.088760578977521],[77.149209169028452,31.088604510149892],[77.149319791165794,31.088475232402519],[77.149408691141289,31.088327958425701],[77.149432310545023,31.088241196829024],[77.149420625259822,31.087957670385638],[77.149426067253799,31.087751698264917],[77.149457022300183,31.087556809752037],[77.149510967929615,31.087410182102214],[77.149559270342451,31.087309355315686],[77.149650170866039,31.087176913207276],[77.149794946950507,31.087011601681048],[77.149956914992842,31.086803541155469],[77.150008864565734,31.086686364443871],[77.150028285243877,31.086546656903959],[77.150059536734304,31.086438514624689],[77.150111806107418,31.086320088105872],[77.150223488256785,31.086186227550375],[77.150425301971865,31.086024754701203],[77.150549645875202,31.085968465739803],[77.151348455673599,31.085738033610642],[77.151502532914535,31.085672272688186],[77.151582826131232,31.085627050872549],[77.151634282529031,31.085569184580564],[77.151696132434651,31.085466004043361],[77.151738990158549,31.085368636348019],[77.151951446214809,31.084656668394548],[77.152111186435278,31.084148542907378],[77.152199932798823,31.083933921440206],[77.152362208065,31.083591555295143],[77.152405862594549,31.083512109561834],[77.152469373485147,31.083350611397151],[77.152528382019511,31.083072661888668],[77.152538606644072,31.082922924587923],[77.152506872758352,31.082549232703442],[77.152475240382245,31.082446969787394],[77.152411893883368,31.082354978998556],[77.152346448919985,31.082277671000423],[77.152198092150812,31.082089182965152],[77.152151699556271,31.08198925528141],[77.152140363715702,31.081860273195439],[77.152156346541219,31.081753070339836],[77.152202466946235,31.081617643886116],[77.152407847871331,31.081148589777797],[77.152510538783034,31.080611129275997],[77.152510538783034,31.080317966952013],[77.15247426750679,31.080190885990298],[77.15235182533695,31.079727121898397],[77.152344018977132,31.079658136265557],[77.152353837563183,31.079550023077573],[77.152378987696196,31.079378330253107],[77.152392562138459,31.079285658683382],[77.152422564072324,31.079216094936253],[77.152481921153026,31.079151996718615],[77.152597890062964,31.07910649944473],[77.15273380516544,31.079070573847531],[77.152789795360462,31.079064965160057],[77.152842737571731,31.079068607344819],[77.152904517408786,31.079111146421091],[77.15294067010737,31.079188270038642],[77.152950943240981,31.079229978915464],[77.152963922100199,31.079267913266129],[77.15303520162135,31.079383665797625],[77.153205083821348,31.079544833721449],[77.153228110337054,31.079566679023785],[77.153344960494252,31.079680542406969],[77.153437572308462,31.079819141388846],[77.153494408716469,31.080047916050773],[77.153561070897084,31.0809125319985],[77.153583716527081,31.081024349602718],[77.153642841842483,31.081113772048084],[77.15413076538232,31.0813440292068],[77.154667038047364,31.081539468233885],[77.154986519386597,31.08171536316862],[77.15531603670415,31.082028080969177],[77.15545646404432,31.082209530417334],[77.155527317764012,31.08234823034195],[77.155580192601633,31.082572639842596],[77.155642769244338,31.083338475943755],[77.155651382291282,31.08339115137051],[77.15570696734612,31.083565578072491],[77.155830385086375,31.083722639148171],[77.156112462373784,31.084014866239698],[77.156433769089674,31.084327557241334],[77.156455702355643,31.084595684986166],[77.156483909455574,31.084917783629351],[77.156389883693109,31.085264038510843],[77.156408689025241,31.08552976796684],[77.156559130784188,31.085795496679822],[77.156803599203954,31.086037067522351],[77.157113887184551,31.086318899524127],[77.157142094284467,31.086496051123852],[77.157142094284467,31.086802038703482],[77.156925833862971,31.087116077583595],[77.156798316211763,31.087274423678465],[77.156748146201465,31.087424153353947],[77.156771862623259,31.087594759242588],[77.156818441169065,31.087743013670856],[77.156897625864744,31.087872987088701],[77.157074271480525,31.08825281315292],[77.157104484518456,31.08838832631341],[77.157066873854149,31.088654047033135],[77.157066873854149,31.08896002766404],[77.157104608485952,31.089200431149255],[77.157199705040256,31.089488484191726],[77.157217315613096,31.089523673494039],[77.157368981775775,31.089798216993472],[77.15768744801872,31.090191992359919],[77.15818578752426,31.090683163061481],[77.158430256842337,31.090900566357092],[77.158641206423852,31.091169397130713],[77.159117766275344,31.091545278298369],[77.159330963441718,31.091727848856493],[77.15963194846924,31.091985594522207],[77.15980752329321,31.092286296530524],[77.159958016256155,31.092683651708221],[77.160008179978234,31.092898438035412],[77.160008178181613,31.09295391825108],[77.160008179978234,31.093156180525494],[77.159983098117181,31.093360226263773],[77.159857687913615,31.093779055130874],[77.159675242774384,31.094178634875576],[77.159608125147912,31.094412578130914],[77.159437574601341,31.094769169310954],[77.159332510340647,31.094934928114714],[77.159127552522051,31.095226246103778],[77.158974842517011,31.095386338693132],[77.158897545181759,31.095446123631781],[77.158549492026623,31.095771570885464],[77.158333325928211,31.095958268705456],[77.158215312452725,31.096035546343288],[77.158205825344979,31.096043127103794],[77.158098166749767,31.096129171577591],[77.15780500245512,31.096302607978529],[77.157633281403733,31.096371840758561],[77.157436772240374,31.096428467401335],[77.157294739610805,31.09645829954777],[77.157258611166696,31.096465887966826],[77.156948017758921,31.096565181970032],[77.156608988180793,31.096715138541082],[77.156473612067472,31.096784691786844],[77.156277771250686,31.096888883869017],[77.155846278978686,31.097130808041733],[77.155561488779114,31.097367897825428],[77.155307154162614,31.097652030791526],[77.154963922265594,31.098236832235372],[77.154801968596288,31.098453365960552],[77.154608307092403,31.098775876845227],[77.154433547040398,31.098973242265277],[77.154181952285484,31.099136556123195],[77.153601492389953,31.099497234031634],[77.153411430435398,31.099730354990434],[77.153195683850214,31.099915091265515],[77.152723097247232,31.100341743945172],[77.15256385649009,31.100535276297254],[77.152435436032036,31.100667229807776],[77.15220427884816,31.100794784898756],[77.151945063684735,31.100928395653806],[77.151819638209801,31.101035144591549],[77.151758971385419,31.10110597614263],[77.151707069423253,31.101163885276929],[77.151662518375034,31.101184960267116],[77.151647451831082,31.101188051634487],[77.151606061954396,31.101189118498517],[77.151559917294847,31.101182198881347],[77.15119828610419,31.101080859046515],[77.151007607905356,31.101069599656462],[77.15082880453626,31.101024621310419],[77.150699525288772,31.100959670925871],[77.15041412603145,31.100776863507289],[77.149909529759924,31.1005147234454],[77.149373428673115,31.100309542358449],[77.149271159969587,31.100275766986744],[77.148926992926363,31.100135015629956],[77.14865474230983,31.099928286864806],[77.148429865248133,31.09981719762995],[77.148267459726213,31.099808517215571],[77.147997230319078,31.099835918400402],[77.147788835546194,31.099906621620452],[77.147698529707313,31.099983288379757],[77.147654099931714,31.100075681315172],[77.147617106409967,31.100193308416006],[77.147617106409967,31.100332946661034],[77.147642790142243,31.100530877279709],[77.147668473874575,31.100702417277034],[77.147714705670651,31.100860761496634],[77.147776347167138,31.101014706457121],[77.147863673294225,31.101151058290579],[77.147993858941803,31.101338889318338],[77.147446112993961,31.101696195221685],[77.147275367512961,31.101793086982294],[77.147090792468177,31.101865278652323],[77.146950185464959,31.101898890392146],[77.146914145055746,31.101903196275291],[77.146624538089625,31.101905133845744],[77.146562564216467,31.101898440420424],[77.146500119626126,31.101886551166807],[77.146461946616441,31.101871409038257],[77.146380429894293,31.101831785354786],[77.146352517441812,31.101814347975182],[77.146181603077522,31.101701928719571],[77.145846490154042,31.101485027806792],[77.145728620409002,31.10137964468101],[77.145675436550903,31.101327316130511],[77.145629056532798,31.101302292933827],[77.145570035421997,31.101281778707289],[77.145512887298551,31.10128055493006],[77.145440692394118,31.101292560406858]]]},"properties":{"objectid":10204,"id":"10148","name":"Shimla (M Corp.) - Ward No.8","code":"8","town":"Shimla","district":"Shimla","state":"Himachal Pradesh","st_area(shape)":3191400.1197886402,"st_perimeter(shape)":9405.6038792276722}},{"type":"Feature","id":10209,"geometry":{"type":"Polygon","coordinates":[[[77.163218319527516,31.104486722502234],[77.163203000556948,31.104540598402227],[77.163219007637025,31.104623035507835],[77.16327472654082,31.104675286864708],[77.163400635309358,31.10472341395938],[77.163583552064139,31.104798070863829],[77.163606373763926,31.104808006089442],[77.163716004161216,31.104870379469137],[77.163769629092116,31.10494586387183],[77.163839524309395,31.105088356391803],[77.163862333432775,31.105193383128952],[77.163836919195077,31.105203811341969],[77.163757615921796,31.105237661876668],[77.163646228419822,31.10526085190882],[77.163477298434017,31.105257172270274],[77.163075746112114,31.105207361764421],[77.162547807117974,31.105158921868547],[77.162345537957023,31.105126362719222],[77.162150909865886,31.105056160260329],[77.162069198209295,31.105003940648484],[77.161991929620129,31.104941161241204],[77.161926531369147,31.10487256926297],[77.161737834853838,31.104616822999343],[77.161628399390978,31.104474647435548],[77.16149141080173,31.104288472464432],[77.161332094586086,31.104151100608629],[77.161083704121808,31.103964617336949],[77.160696568861908,31.10375206123452],[77.160542194278634,31.10364701213582],[77.160444161131693,31.103590808224293],[77.160321418026228,31.103562026695336],[77.160159974599992,31.103553603525672],[77.160075414385659,31.103557682428939],[77.15994963946612,31.103552787437323],[77.159763134840105,31.103557573976108],[77.159423308456297,31.103606718478137],[77.159281797747909,31.103600398219566],[77.159206036531799,31.103586497802688],[77.159071423088164,31.103564886465481],[77.158957955087985,31.103535394216351],[77.159069380319181,31.103473009191426],[77.159139979815706,31.103440895582622],[77.159210580210527,31.103410670275778],[77.159312067379744,31.103374777711387],[77.159372086518815,31.10335485080974],[77.159508422931168,31.103282213383515],[77.159569670965567,31.103231439608088],[77.159609910100386,31.103185870792601],[77.159651828186469,31.103112197161643],[77.159678884544519,31.103074203873227],[77.159694655367659,31.103044673013041],[77.159735676036789,31.102959793179544],[77.15975272246763,31.102921546771952],[77.159757507793145,31.102905155669397],[77.159761984996507,31.102880702846683],[77.159761715501944,31.10286584547131],[77.159754876627673,31.102843730160632],[77.159742837406256,31.102829066611555],[77.159707795025312,31.102818317391758],[77.159686198627583,31.102817928189218],[77.15966919441756,31.102819948042679],[77.159609910100386,31.10283828132637],[77.159537103443228,31.102870395908131],[77.159488566570118,31.102894954110393],[77.159413554548962,31.102913844261703],[77.159342954154141,31.102932735178435],[77.159199548898826,31.102949737000287],[77.15912012345467,31.102949737000287],[77.158985543248676,31.102894954110393],[77.15893038669023,31.102870395908131],[77.158884056079444,31.102821279484573],[77.15887081850542,31.102800500220759],[77.158842137095036,31.102743827380365],[77.158824486996338,31.102656929728592],[77.158760506286853,31.10256436470101],[77.158738443663481,31.102500136088821],[77.158720793564783,31.102426461925898],[77.158716381040108,31.102407570908458],[77.158718587302445,31.102281001763856],[77.158749474975167,31.10219221458242],[77.158764918811528,31.102135542148236],[77.158798011848262,31.10203353106613],[77.158833312045687,31.101933408985818],[77.15884654961971,31.101876736397195],[77.158857580931397,31.101812506550786],[77.158857580931397,31.101744499199963],[77.158873576333349,31.101646265932061],[77.158908048284061,31.101542955939593],[77.15893641169086,31.101482240277452],[77.158956968737797,31.101452975060653],[77.159000596317895,31.101407792292548],[77.159069120706093,31.101372207415082],[77.159115497130941,31.101362714112451],[77.159146514161051,31.101364757072467],[77.159190496575718,31.10137044674671],[77.159256926990977,31.101384376717061],[77.15927988164141,31.1013916770668],[77.159378508574761,31.101411707451316],[77.159486206695874,31.101421487655575],[77.15961727718404,31.101422020701708],[77.15971125892905,31.101413079679816],[77.159746660636088,31.101403507154991],[77.159764216411702,31.10139681754027],[77.159814175317905,31.10136627083201],[77.159835521085668,31.101326584633608],[77.159842254857054,31.101289106755615],[77.159849149426847,31.101150375251169],[77.159842254857054,31.100884718711487],[77.159838905039351,31.100801529937684],[77.159815924337764,31.100598311681569],[77.159819991909359,31.100553519257165],[77.159823764833561,31.100534235578518],[77.159851722201822,31.100482866516241],[77.159927156431195,31.100416146614005],[77.160061112308043,31.100261789163667],[77.160096674813502,31.100208021600618],[77.160131698329792,31.100166105017735],[77.160197451415328,31.100050427798642],[77.160228506174704,31.099976310215737],[77.160260175381751,31.099834976900645],[77.160269216925073,31.099736529358569],[77.160260752100143,31.099624906074013],[77.160240895739094,31.099447326662062],[77.160225406986982,31.099381811373206],[77.160217517083851,31.099357347643725],[77.160186164982107,31.099306779454963],[77.160157341637913,31.099279386578697],[77.160123964733515,31.099256522766776],[77.16007983948677,31.099228185293427],[77.160061528228013,31.099220004807886],[77.15998018577902,31.099195563343621],[77.159892951280113,31.09917781318299],[77.159852686094112,31.099173884855741],[77.159773002833475,31.099177956255037],[77.159675364945258,31.0992001139563],[77.159536510555142,31.099262074110644],[77.159429334355238,31.099324240371029],[77.159328153511524,31.099408404249289],[77.159192930111814,31.099519113976594],[77.159142327113528,31.099559173223707],[77.158990430083819,31.099659765480837],[77.158860953206968,31.099719338507498],[77.158701691788551,31.099797019992035],[77.158542484269077,31.099915912000284],[77.158493729105331,31.09995082745175],[77.158440600942839,31.09998195305209],[77.15841862994759,31.099995977068197],[77.158401863791127,31.100002286028715],[77.158377062204465,31.100007692719835],[77.158232331035776,31.100013283248853],[77.15820065733719,31.100007701180978],[77.158165031051325,31.099990870363634],[77.158147362986327,31.099976534052363],[77.158137289278699,31.09996561759376],[77.158122013427317,31.09994046327451],[77.158115435064488,31.099926097726179],[77.158110735078935,31.099886585534094],[77.158120959703496,31.09973243490716],[77.158130907646921,31.098942820158211],[77.158136293945375,31.09855539473374],[77.15817938523125,31.097466906275056],[77.158175851258903,31.09669291333762],[77.158180263783578,31.096619233900856],[77.158178057521241,31.096245172032638],[77.158178057521241,31.096126151583874],[77.158205825344979,31.096043127103794],[77.158215312452725,31.096035546343288],[77.158333325928211,31.095958268705456],[77.158549492026623,31.095771570885464],[77.158897545181759,31.095446123631781],[77.158974842517011,31.095386338693132],[77.159127552522051,31.095226246103778],[77.159332510340647,31.094934928114714],[77.159437574601341,31.094769169310954],[77.159608125147912,31.094412578130914],[77.159675242774384,31.094178634875576],[77.159857687913615,31.093779055130874],[77.159983098117181,31.093360226263773],[77.160008179978234,31.093156180525494],[77.160008178181613,31.09295391825108],[77.160083041082444,31.09296302238198],[77.160168712512771,31.092985790013305],[77.160242108464743,31.093018134087057],[77.160310541224774,31.093058603780385],[77.160397686790489,31.093134777590532],[77.160448756912672,31.093202981880374],[77.160524135446494,31.093357898508444],[77.160593767457442,31.093533960034936],[77.16066145102252,31.093755715368793],[77.160675105414825,31.093877578848801],[77.160674701172965,31.094035304433],[77.160674039114596,31.094258077076102],[77.160691979369133,31.094438215460013],[77.160692946854681,31.094471357513068],[77.16070331970127,31.094539140068022],[77.160827348295911,31.094806490528864],[77.160848482061297,31.094834323930847],[77.16093062670582,31.094910386316009],[77.160980567645751,31.094945819766618],[77.161090910407012,31.095001368018078],[77.161332262571051,31.09507517948013],[77.161423340961065,31.09510729360974],[77.161553760170634,31.095165365633314],[77.161794772771472,31.095321815994389],[77.161874067959928,31.09538545484191],[77.162004809664694,31.095520842444429],[77.162102511333302,31.095658004474473],[77.162141806338767,31.095743807758268],[77.16218585073716,31.095900546397484],[77.162196889235389,31.096004522526574],[77.162204060486289,31.096254143540961],[77.162185101542207,31.096660019749944],[77.162195900190255,31.096774790336941],[77.162209494395427,31.096842694324113],[77.16222462741473,31.096867026394865],[77.16228176924993,31.096926093486115],[77.162318315410644,31.096957387768153],[77.162348184393849,31.096970149936922],[77.162381526263943,31.096978632920607],[77.162586800289517,31.096982454416789],[77.162742288783718,31.096967660733419],[77.162952271778011,31.096941974087493],[77.163041239127111,31.096942731002486],[77.16312046963688,31.096955207022489],[77.163309754548706,31.097005213392652],[77.163554283155548,31.097041629127283],[77.163798811762419,31.097096252318433],[77.163926391397396,31.097128115768033],[77.164173905105926,31.097221859923952],[77.164214223292518,31.0972437988538],[77.164230731632472,31.097259702478603],[77.164252647830452,31.097290979727919],[77.164287868976132,31.097373916964887],[77.164282552746258,31.097455852607055],[77.164255973393651,31.097660688326478],[77.164251247356958,31.097758549569889],[77.164253679096433,31.097804743284783],[77.16428075431908,31.097958607046408],[77.164306963565835,31.098019761105263],[77.164375899382392,31.098101491579683],[77.164523137749057,31.098267124571734],[77.164550376465101,31.098311046557811],[77.164559614739488,31.098448161483269],[77.164547954607102,31.098630381862243],[77.164526560330287,31.098703492063294],[77.164448869532919,31.098837723433657],[77.164098305586549,31.09923743727941],[77.16402888108648,31.099330852442225],[77.16401271859786,31.099353589317712],[77.163957436275282,31.099473597224051],[77.163912885227077,31.099704342950698],[77.163903001962339,31.099930961367562],[77.163864515440622,31.100142638369093],[77.163821893973633,31.100238878667362],[77.163765384552391,31.100329053764504],[77.163727533139564,31.100414168245919],[77.163649968106341,31.100687645710376],[77.163596810299396,31.100869715646748],[77.163543651594168,31.101110957409524],[77.163543651594168,31.101374239606322],[77.163543651594168,31.101390048698871],[77.163550998914857,31.101398495136024],[77.163554461920299,31.101401888786697],[77.163573282523828,31.101406440832065],[77.163592797525041,31.101409156829231],[77.163735021495754,31.101415922592562],[77.164303815869062,31.101411370547705],[77.164428488555771,31.101405182443035],[77.164575053185942,31.101383686756687],[77.164706138945448,31.101334922621035],[77.16485176932774,31.101257054712558],[77.165007614453131,31.10113073017504],[77.165190438681435,31.101016409442863],[77.165347925927165,31.100965246784288],[77.165423517361702,31.100954667344549],[77.165547722026147,31.100965302165989],[77.165623100559912,31.100977513056314],[77.165906509150602,31.101076478514763],[77.166116517297752,31.101179232891528],[77.166244096932687,31.101261163712763],[77.166403572150145,31.101365853163578],[77.16658962672021,31.101488749896685],[77.166792394446148,31.101624866448329],[77.166882294246506,31.101666039355326],[77.166993099640194,31.101725114230856],[77.16707045446762,31.101757336874734],[77.167204257630871,31.101769867643583],[77.167300428570243,31.101769867643583],[77.167438413391139,31.101755546215362],[77.167538765089844,31.101728694781546],[77.167576651536933,31.10171493562056],[77.167594397755394,31.101715931713748],[77.167623545391407,31.101721084476637],[77.167646032019604,31.101735808962356],[77.167835463356823,31.101922245844577],[77.167898606836459,31.101966990703431],[77.167996588779445,31.102039700669476],[77.168079328108703,31.102106817866794],[77.168231744364633,31.102317491624571],[77.168307952043421,31.102393930299289],[77.168421174803527,31.102502062878592],[77.168532220945693,31.102667991252165],[77.168584477742414,31.102787309635534],[77.168645443705799,31.102919678447872],[77.168662304185347,31.102962987558481],[77.168752985520058,31.103151382651863],[77.168790686914193,31.103241864190753],[77.168827272600794,31.103316889154435],[77.168843368614048,31.103364137775593],[77.168859670341504,31.103409202699069],[77.168855051204289,31.103485787406512],[77.16882545800388,31.103527696370872],[77.168789445442471,31.103555980257941],[77.168735584254676,31.103583036543181],[77.168648781845405,31.103619297460547],[77.16857407974301,31.103716532615469],[77.168290432200479,31.103971565210472],[77.168065026031044,31.104112062441359],[77.167806026463268,31.104227172454888],[77.167306741930048,31.104494710243809],[77.167004311513224,31.104692163770707],[77.166907936656287,31.104737548803467],[77.166634627824379,31.104826258227678],[77.166444484123105,31.104874855970731],[77.166409575591175,31.104883779745226],[77.166222571501862,31.10488640488229],[77.166096879227297,31.104878530239951],[77.165894332486943,31.10484601252907],[77.165699990958345,31.104794298139126],[77.165643506689918,31.104783837576385],[77.165427319031977,31.104773387780764],[77.165293608395189,31.104781056297188],[77.16509520827816,31.104798840022788],[77.16489514537956,31.104802408920229],[77.164677484484528,31.10475253587397],[77.164533398306219,31.104718412114639],[77.164251358748032,31.104705287943581],[77.164211505888773,31.104705287943581],[77.163972385139914,31.104689538628236],[77.163811133953175,31.104658856837712],[77.163491458577838,31.10451025730206],[77.163364378406172,31.104461613991862],[77.16330696438142,31.104444481683203],[77.163265965271862,31.10444385866213],[77.163218319527516,31.104486722502234]]]},"properties":{"objectid":10209,"id":"10151","name":"Shimla (M Corp.) - Ward No.10","code":"10","town":"Shimla","district":"Shimla","state":"Himachal Pradesh","st_area(shape)":873527.10530080542,"st_perimeter(shape)":5731.7267369342326}},{"type":"Feature","id":10210,"geometry":{"type":"Polygon","coordinates":[[[77.174350750076442,31.127734807829356],[77.17428164357996,31.127998733643771],[77.174239117334409,31.128144347412828],[77.174128240075532,31.128336670407119],[77.173888272215351,31.128608489521781],[77.173670322961101,31.12885421152879],[77.17352104452047,31.129038787324706],[77.173414136018508,31.129269342007099],[77.173356687857748,31.129427559378065],[77.173303530050816,31.129650526580456],[77.173303530050816,31.129764286096879],[77.173340574776518,31.130006660926394],[77.17328740439315,31.129891053131278],[77.173155987155312,31.129693482848126],[77.173000399846416,31.129530189256382],[77.172801294551888,31.129370274193203],[77.172231256011941,31.128989438371914],[77.170774289232412,31.128458295727356],[77.169874728883315,31.128176535713813],[77.169759749916821,31.128131920860245],[77.16966192068746,31.128076526560022],[77.169605223518289,31.128035973362579],[77.169588003712619,31.128018342401454],[77.169568802223395,31.127998682122705],[77.169543855109637,31.127952846828006],[77.169526930849685,31.127909462992911],[77.169509232241978,31.127837880159966],[77.169509237631857,31.12778689190171],[77.169517146399642,31.127757907009816],[77.169549367172237,31.127725986169473],[77.16963839291185,31.127675327740743],[77.169724354498001,31.127647093333181],[77.169973611836511,31.127616548150201],[77.170107037707368,31.127616548150201],[77.170191438021561,31.127616548150201],[77.170484356177809,31.127633547089452],[77.17055386242464,31.127637797208248],[77.171121728838244,31.127656038805213],[77.171267456238539,31.127648076081741],[77.171466063866418,31.127601693877001],[77.171629350635598,31.127495520013518],[77.171719666355941,31.127410476717905],[77.171836512021599,31.127242573792898],[77.172188193472181,31.126443240263278],[77.172226088004109,31.126171444166673],[77.172172301376463,31.125826118939113],[77.17217224568094,31.125601873914771],[77.172231776136499,31.12527572760953],[77.172336122643273,31.124888654173802],[77.172427903515853,31.124693634236156],[77.172623508973999,31.124484325119919],[77.173234612200559,31.123773397842537],[77.173469652801387,31.123277087500334],[77.17350502755896,31.122512346259693],[77.173453682552264,31.122226639677617],[77.173466518579346,31.122028841954275],[77.173530699613138,31.121814561391087],[77.173612637645164,31.121618895308696],[77.173652645014656,31.121312160891204],[77.173652645014656,31.12118270387651],[77.173703990021323,31.120902487999988],[77.173843909813371,31.120526618434116],[77.173977665365911,31.119992689879656],[77.174137897863119,31.119652307079942],[77.174261630013731,31.119168954316198],[77.174271843858534,31.119093238204041],[77.174356281003639,31.118809302437743],[77.174379261705241,31.118761331678161],[77.17440914685811,31.118651453422594],[77.174438244188465,31.118563492894239],[77.17450428024334,31.11802422838106],[77.174501545771605,31.117694524534102],[77.174455932016429,31.117248800279103],[77.174382193806338,31.116948094246212],[77.174257962192456,31.116714091912847],[77.173504933235833,31.115523322030633],[77.173306781952149,31.115147158140125],[77.173186095090358,31.11486928704959],[77.17313196889954,31.114652218560629],[77.173114774246713,31.114420192489135],[77.173112423355605,31.114030830589329],[77.173144189580697,31.113839405349466],[77.17324951614944,31.113575040229016],[77.173414533073853,31.113321847711024],[77.173440059600964,31.113269273479915],[77.173464332079945,31.113219281057276],[77.173576528963991,31.112988198236319],[77.173615031655387,31.112908897064756],[77.173653778688518,31.1128258449559],[77.173661234705406,31.112794701261574],[77.173662371074229,31.112633490526161],[77.173649661709604,31.112549159169472],[77.173633775003793,31.112486590868851],[77.173621064740829,31.112432184185817],[77.173612389710129,31.112404190585135],[77.173578477409833,31.112204323511836],[77.173570476115614,31.11207245140606],[77.17351670026774,31.111808809704744],[77.173464094026386,31.111641129903852],[77.173395323499818,31.111247318859988],[77.173386150802457,31.111056299480229],[77.173401418569028,31.110907293098975],[77.173417073509484,31.110844104582696],[77.173428500978233,31.110691140791243],[77.1734196139451,31.110639213464356],[77.17336051647753,31.110560555615802],[77.173296967857681,31.110538792043354],[77.17320482316741,31.110530630990837],[77.173093613531876,31.110525190288733],[77.173049129857304,31.110527910639849],[77.172944274904097,31.110544232744669],[77.172848951974331,31.110557835265681],[77.172725032974171,31.110582319183266],[77.172600966650265,31.110629055806474],[77.172493080781294,31.110669371864969],[77.172385049385227,31.110726500672747],[77.172284168578813,31.110772094326663],[77.17221910899265,31.110834479939964],[77.172043744374477,31.111002638782072],[77.171103585564424,31.111418520320623],[77.170476813024393,31.111874646364946],[77.170016761512898,31.112270669809988],[77.169745995811496,31.112588345379923],[77.169575513536913,31.112991877575269],[77.16943511673945,31.113429751732006],[77.169122104168594,31.113291275613456],[77.168654061244325,31.112990740087341],[77.168169303367549,31.112647270408832],[77.168018860710276,31.112518468382216],[77.16770126044328,31.112003260066341],[77.167450523579461,31.1114021799076],[77.167433807728671,31.111244753119987],[77.167450523579461,31.110958522697338],[77.167417091877851,31.1105721107579],[77.167219772434137,31.109717722499191],[77.167096522678847,31.109477668587992],[77.16703698413842,31.109350532025172],[77.167000595182898,31.109239445351729],[77.166995105578209,31.109077168725893],[77.167002205862232,31.109023543827146],[77.167026411865848,31.108629770380709],[77.167000119974134,31.10844968506224],[77.166938773125054,31.108329627737142],[77.166824820932931,31.108172418902978],[77.166736874070011,31.108107875663119],[77.16660943996213,31.10803103933122],[77.166523287034792,31.108000304011924],[77.166333032840768,31.107983400005132],[77.166101498364512,31.10789426896838],[77.165970474588718,31.107748278787092],[77.16592560284198,31.107676051594215],[77.165902270000757,31.107586921038074],[77.165873552657786,31.107445539825427],[77.165898680332887,31.107281108083196],[77.165896885498967,31.107210417275528],[77.165932782177705,31.107122823024302],[77.166020729938978,31.106998346074956],[77.166110472534172,31.106826229055702],[77.166185855559576,31.10671865595252],[77.16624867564569,31.106678700483155],[77.166376092685596,31.106587267710687],[77.166462106374041,31.106482534021296],[77.166485815609335,31.106424685046917],[77.166497597912596,31.106275875989937],[77.166452228499196,31.106100251882804],[77.166413464398033,31.10601174439665],[77.166315309080233,31.105855666221689],[77.166236784646287,31.105738006907202],[77.16616728019612,31.105643687370279],[77.166076361706232,31.105547665604398],[77.166037187973302,31.105516758729287],[77.165827006451323,31.105410887049594],[77.165735283070916,31.105390036821053],[77.165633828241056,31.105385028089088],[77.165465562110242,31.105399435115221],[77.165299201306141,31.105438529670685],[77.165330763613667,31.105402088696735],[77.1654267854327,31.105364269384253],[77.165486319481516,31.105336316003097],[77.165607307278918,31.10530342925458],[77.16575710135254,31.10529685221119],[77.165872327355743,31.105306718160723],[77.165989473956998,31.105347826400834],[77.166014147084582,31.10536379943089],[77.166135427732783,31.105420176121822],[77.166292903300388,31.1054826598575],[77.166532958297154,31.105589539816158],[77.166650104898395,31.105648735315381],[77.166761489705408,31.105696420423683],[77.167143657281784,31.105865783625276],[77.167239679100831,31.105910180508612],[77.167289720652036,31.105936959229222],[77.167358766063117,31.105967250647993],[77.167474496021143,31.106001883904401],[77.167551632557974,31.106015853960297],[77.167617231133292,31.106030255506706],[77.167748700473425,31.106039572207713],[77.167790844934984,31.106040080615141],[77.167909912134306,31.106040080615141],[77.167994411263209,31.106043368726539],[77.168094274278374,31.106028570301309],[77.168278636422457,31.106021993308083],[77.168390021229499,31.106021993308083],[77.168484122450451,31.106020348867435],[77.168549417395198,31.106013771104539],[77.168626235030104,31.105998972674637],[77.168760666115688,31.105967730597243],[77.168839403450349,31.105957864716398],[77.168939266465557,31.105951287718337],[77.169052572768976,31.105916757509522],[77.16932719493785,31.105849340728696],[77.169482750805699,31.105826320822572],[77.169644067569465,31.105786857234296],[77.169750640999851,31.105747315945411],[77.169873383206991,31.105681449654334],[77.169895644358078,31.105665178246689],[77.170012610397933,31.105579337007196],[77.170103047390853,31.105485068845965],[77.17016676758891,31.105436921370156],[77.170202261822425,31.105427196958502],[77.170300242867071,31.105425332529499],[77.170472254972651,31.105436518333562],[77.170698701391146,31.105425332529499],[77.170838052549584,31.105425332529499],[77.170955630342178,31.105404825346859],[77.171075385651037,31.105363810968235],[77.171221269358213,31.105337710480352],[77.17139328146375,31.105324660233734],[77.171519568423037,31.105330253526446],[77.171698113077355,31.105356353247206],[77.171905811655847,31.105369365800893],[77.172024789921977,31.105362801837686],[77.172054307663913,31.105357620813713],[77.172288204709361,31.105289347566458],[77.172447679926819,31.105221075039278],[77.172968631824702,31.105043567623355],[77.173425794354273,31.104961637757672],[77.173558690219068,31.104966188863248],[77.173766007911937,31.104998049672673],[77.17387764065397,31.105043565315903],[77.174031799641568,31.105120940936342],[77.174207222650224,31.105225626132363],[77.174347560158878,31.105302638563408],[77.174459830704762,31.10532011606773],[77.174585709828904,31.105352159048017],[77.174959945281302,31.105491981227182],[77.175041595852448,31.105518197814789],[77.175130052060126,31.105550240728231],[77.175255931184267,31.105614325753514],[77.175392016068344,31.105681324282582],[77.175636969578335,31.105800755790799],[77.175766251520784,31.105870666960449],[77.176037605618632,31.10602190716342],[77.176198731041254,31.106105800519206],[77.176362033081816,31.106176642902241],[77.176642913813296,31.106310871401934],[77.176806215853844,31.106387307631529],[77.176971696308968,31.106446964120806],[77.177117580016173,31.106486114392652],[77.177315720520056,31.106504756934029],[77.177452894162272,31.106543907181983],[77.177520392674367,31.106560685305361],[77.177607487036141,31.106616613643755],[77.177677163064502,31.106674406353662],[77.177860061852996,31.106803041713246],[77.177916673682176,31.10684032666796],[77.177979817161827,31.10692421930068],[77.178099572470686,31.107032346721546],[77.178225859429944,31.107153524016333],[77.178308599657498,31.107216909581041],[77.178367289289966,31.107247530552197],[77.178528513527269,31.107371643372598],[77.178661333035279,31.107517055741972],[77.178710986514304,31.107596522935918],[77.178720122380724,31.107645689960016],[77.178711412315735,31.107727716728359],[77.178683106401138,31.107796694288037],[77.178648268836099,31.10787685731421],[77.178615607888986,31.107925328127255],[77.178581959693418,31.108009541298969],[77.178577531897375,31.108057372895075],[77.178580985919623,31.108264439303319],[77.178566055919632,31.108414278954161],[77.17851492920353,31.108582901252408],[77.178470839889386,31.108662816724841],[77.178345070359725,31.108833097587066],[77.178243006472101,31.108940873651214],[77.178168159740949,31.109034085449998],[77.17811712734796,31.109115645698882],[77.178093780133736,31.109151341505086],[77.178051901573482,31.109246721254735],[77.178030169530132,31.109333582111383],[77.178018159054773,31.109438764130289],[77.178040065371292,31.109520569381026],[77.17812549245987,31.109872694487372],[77.178130735926203,31.109910851954165],[77.17813542513197,31.11000520955384],[77.178189059944344,31.110166193248588],[77.178215789315601,31.110222524786852],[77.178280430286804,31.110435161006436],[77.178289842834374,31.110533876645569],[77.178274511287412,31.110747622763764],[77.178275880319916,31.110819917609128],[77.178268756679699,31.110848886908379],[77.178242766621906,31.110885365785631],[77.178205858440123,31.110902424635945],[77.178166859878701,31.110908729026352],[77.178066092260039,31.110909948833893],[77.177974237725579,31.110909948833893],[77.177895988176161,31.110918687454991],[77.177817739525025,31.110947815160557],[77.177736088055582,31.111008983928585],[77.177688458480901,31.111073065269643],[77.177607987397735,31.111194781935346],[77.177588214580041,31.111247693414946],[77.177594725569193,31.111412229808035],[77.177588966469912,31.111478528206181],[77.177577219200955,31.111510079188548],[77.177540410732192,31.111556630770014],[77.177462112673723,31.111624736460904],[77.177378116601375,31.111699884010683],[77.177365255421435,31.111719704563114],[77.177300614450232,31.111821651402597],[77.177287005872003,31.111920686315301],[77.177263191533811,31.112005155899251],[77.177249005338851,31.112166630733661],[77.177271301524215,31.112248952775516],[77.177286630376216,31.112295481690847],[77.177325648700574,31.112378996491216],[77.177399276417873,31.11259935960091],[77.177416286916113,31.112675090891489],[77.17743329831265,31.112744996999528],[77.177450308810862,31.112800338721723],[77.177470721229071,31.112986754649469],[77.177459426710996,31.113098486820849],[77.177455071678494,31.113139498627508],[77.177442007479343,31.113256939577514],[77.177426209706752,31.113333579407698],[77.177388627788517,31.113403308909408],[77.177361444768025,31.113430305476093],[77.177311365487554,31.113482501226475],[77.177269995373763,31.113514191516934],[77.177229272047015,31.113539203804748],[77.177054393417407,31.113614685930333],[77.177015243040657,31.113627904236772],[77.176878069398484,31.113674507846731],[77.176836699284692,31.113695013243323],[77.176734363207515,31.113739752554654],[77.176697348126254,31.113762122202445],[77.176639061837349,31.113836392071608],[77.176635634764551,31.113844106770287],[77.176614251267509,31.113982302904748],[77.176627116040706,31.114036361073339],[77.176704107948737,31.114158141619058],[77.176730598368181,31.114191072214666],[77.176968882785488,31.114456082416424],[77.177157713149796,31.114734731485736],[77.177239609859285,31.114846475443141],[77.177322765108528,31.114998854193878],[77.177370416242766,31.115132615697675],[77.177354561876328,31.115190911582275],[77.177302273638574,31.115230496620946],[77.177233543536175,31.115271022220742],[77.177169578098059,31.115294153659889],[77.176881235959854,31.115350214517861],[77.176772140958491,31.115383898391634],[77.176696772306144,31.115451418379706],[77.176665446255555,31.115535550275705],[77.176660365384308,31.115644796885672],[77.176706934946935,31.115768556492487],[77.176763818965696,31.115875092634415],[77.176810388528324,31.115998851940923],[77.17684065905847,31.116193227580109],[77.176863792473654,31.116260580105191],[77.176928367867859,31.116361271567996],[77.177146169798391,31.116582083795166],[77.177299307401483,31.11684631979842],[77.177338038264978,31.116921783143944],[77.177358450683187,31.117003336616477],[77.177368657341447,31.117148967258426],[77.177389069759627,31.117326635846961],[77.177411172807211,31.117468553758194],[77.177426141434765,31.117496524331877],[77.177467989452296,31.117547294324336],[77.177481282721885,31.117559096251842],[77.177566121413918,31.117610864444472],[77.177590107330317,31.117622414883051],[77.177677421779336,31.117646655495403],[77.177804130946782,31.117670323155814],[77.17810011684972,31.117716924781156],[77.178167280290282,31.117727378535527],[77.178255166966082,31.117749020487558],[77.178351346888604,31.117785975064677],[77.1784207174898,31.117817232479457],[77.178475842607227,31.11784264584827],[77.178491235239619,31.11785356409694],[77.178522419356398,31.117898269917145],[77.178536305514029,31.117939338867089],[77.178542569466515,31.118005386610069],[77.178537803005611,31.118061497393146],[77.178548225259547,31.11815734730941],[77.17855260095331,31.118165463101388],[77.178577343251163,31.118256547110427],[77.178587405280652,31.118317533518464],[77.178588968349274,31.118371058574386],[77.178578391585106,31.11843255478805],[77.178563387024923,31.118465253186272],[77.178511979136161,31.118514840634038],[77.178484558062095,31.118532447213372],[77.178433525669121,31.118584873179479],[77.178358678937954,31.118724676639705],[77.178338266519773,31.11885574200436],[77.178289965005234,31.118959356927434],[77.17826682170859,31.118978069309684],[77.178147746424429,31.119036320535159],[77.178061290764845,31.119057196221391],[77.177965757629323,31.119093860359975],[77.177884794269389,31.119135736287504],[77.177845152514209,31.119171335271851],[77.177823947781917,31.119230748401165],[77.177826052534655,31.119297791154214],[77.177823451911891,31.119329158813024],[77.177789074284306,31.119425144338305],[77.177724970505622,31.119519716271554],[77.177618685434453,31.11959465685209],[77.177455704990791,31.119677502319572],[77.177248420535619,31.119763966806211],[77.17713453751378,31.119795523494137],[77.17700384072478,31.119815097033268],[77.176469007160804,31.119828899713607],[77.176329891360965,31.119856168998979],[77.17621317954432,31.119902172009617],[77.176137012289686,31.119963887175569],[77.176110919823927,31.120000695542537],[77.176096780341368,31.12003958875049],[77.176152953792709,31.120730097805257],[77.176155151071896,31.120999670848171],[77.176135249795081,31.121112277199227],[77.176102872715617,31.121162631521358],[77.17604840157172,31.12122485650076],[77.176003625046405,31.121256971784568],[77.175925892926529,31.121293320541934],[77.175751658389004,31.121335368529607],[77.175577502004842,31.121386336414922],[77.175470385992043,31.121423277271472],[77.175076522350707,31.121506687144002],[77.17486086559704,31.121529590970596],[77.174224219673746,31.121561699999106],[77.17416188916944,31.121574988718002],[77.174092541026113,31.121597939438569],[77.173948682121562,31.121669476992626],[77.17389524314197,31.121707831201242],[77.173864392300146,31.121746509152512],[77.173851494289323,31.121773560253853],[77.173838331275448,31.121852588707267],[77.173838707669532,31.121865164503269],[77.173845579781457,31.12196775334435],[77.173881119829062,31.122062195086734],[77.173952681421198,31.122142732113911],[77.173986104139686,31.122162648151114],[77.174084374441861,31.122189465352339],[77.174219461297682,31.122202535582204],[77.174542483795733,31.122235218839215],[77.174715572981327,31.122297330838865],[77.174913019985823,31.122338372507638],[77.175122469380838,31.122466672115035],[77.175221653269659,31.122534098627732],[77.17529732016267,31.122617487529595],[77.175357009620058,31.12273687619928],[77.175361820996699,31.122811010620808],[77.175325678179576,31.122944467352344],[77.175232442934544,31.123125433374621],[77.175216738586755,31.123205373516861],[77.175242866985087,31.1232929798439],[77.175249398635515,31.123333986476652],[77.175245043603027,31.123404816772506],[77.17525157615178,31.123445823356992],[77.175249398635515,31.123499877673712],[77.175240689468851,31.12359680332078],[77.175201496871324,31.123678816306086],[77.17517101344049,31.123764558127192],[77.175162304273798,31.123798109052863],[77.175133998359186,31.12383725140004],[77.17509480576166,31.123855891303059],[77.175055613164119,31.123863346801809],[77.174964163769872,31.123855891303059],[77.17489013270901,31.123867074935468],[77.174816102546444,31.123909945386199],[77.174742072383864,31.124005005781328],[77.174726830668448,31.124025508946122],[77.174687638070921,31.124079563701596],[77.174672396355504,31.124114978577893],[77.174663687188811,31.124139209072847],[77.174648445473395,31.124167168452555],[77.174604897843366,31.124228677828437],[77.17455481856291,31.124284595757818],[77.174519980997871,31.124329330077586],[77.174474255851578,31.124405751799323],[77.174448127453232,31.124463532910433],[77.174361033091515,31.124579096565164],[77.174308776294794,31.124661109470448],[77.17427393783143,31.124711434994577],[77.174271761213504,31.124797175882623],[77.174280470380197,31.124866141039103],[77.174287002030624,31.124918330500638],[77.174302243746041,31.124964928566865],[77.174354500542748,31.125149455792521],[77.174367564741942,31.125238923595546],[77.174397581947161,31.125486080808262],[77.174398592551853,31.125523264607967],[77.174372013199203,31.125741690876566],[77.174419408313611,31.126044138485426],[77.17446760113198,31.126169031858268],[77.174574266190504,31.12637786510194],[77.174593969837943,31.1265218626496],[77.174589962453453,31.126569886391003],[77.174520856855281,31.126888420729212],[77.174441118797375,31.127211504806123],[77.174425171904474,31.127475432076203],[77.174350750076442,31.127734807829356]]]},"properties":{"objectid":10210,"id":"10152","name":"Shimla (M Corp.) - Ward No.2","code":"2","town":"Shimla","district":"Shimla","state":"Himachal Pradesh","st_area(shape)":1721732.2943220169,"st_perimeter(shape)":10503.085028541796}},{"type":"Feature","id":10211,"geometry":{"type":"Polygon","coordinates":[[[77.170491180679036,31.105239817819196],[77.170466631518963,31.10524172840114],[77.170321343394804,31.105274885913609],[77.170217111872375,31.105316884079549],[77.170122076403501,31.105364131705585],[77.169981056175303,31.10540875418555],[77.169879674108927,31.10543690752538],[77.169823447657009,31.105441613977227],[77.169676533582162,31.105446139677703],[77.169548991676436,31.105465188536314],[77.169438819595044,31.105481593810886],[77.169319067879485,31.105502100976999],[77.169199316163912,31.105502100976999],[77.169102744575909,31.105473751522386],[77.169053410897149,31.105452824392245],[77.169031544106502,31.105440508703278],[77.169000554025828,31.105402275601193],[77.168983762716522,31.105374959090973],[77.168960195415025,31.105295884614321],[77.168938735561241,31.105185640806866],[77.168938735561241,31.105078020464862],[77.168957129464971,31.105012399070716],[77.169003114224395,31.104820782586561],[77.168957129464971,31.104734161425199],[77.168883553849938,31.104692163770707],[77.168813044185001,31.10468691348574],[77.168727206566345,31.104694788143952],[77.16862604009566,31.104721037256319],[77.168534070576897,31.104778784970385],[77.168478888865579,31.104810283568863],[77.168451298009956,31.104826032864199],[77.168377722394936,31.10486540532186],[77.168298015778106,31.104881154608034],[77.168193783357353,31.10488640488229],[77.168138601646092,31.104889029250153],[77.168031304173596,31.104910028805367],[77.167945465656629,31.104933652722554],[77.167813643278592,31.104967775635327],[77.167638901192873,31.10500452443884],[77.167562259627772,31.105007148803434],[77.167513208918336,31.105007148803434],[77.16741204244768,31.10500452443884],[77.167317007877102,31.105007148803434],[77.167142265791412,31.105062271211384],[77.16698591760948,31.105085895090657],[77.166932758005927,31.105085895090657],[77.166855889167067,31.105066976912628],[77.166740665858825,31.105017648568598],[77.166444484123105,31.104874855970731],[77.166634627824379,31.104826258227678],[77.166907936656287,31.104737548803467],[77.167004311513224,31.104692163770707],[77.167306741930048,31.104494710243809],[77.167806026463268,31.104227172454888],[77.168065026031044,31.104112062441359],[77.168290432200479,31.103971565210472],[77.16857407974301,31.103716532615469],[77.168648781845405,31.103619297460547],[77.168785867452698,31.103678961072927],[77.168848796234983,31.103726377192462],[77.168911725017253,31.103778103701476],[77.168982205936146,31.103829830182327],[77.169085408887554,31.103913885461285],[77.169140786431569,31.103952680653702],[77.169181061498989,31.103969923041806],[77.169221335668126,31.103978543850072],[77.169261609837264,31.103972078243942],[77.169309436142996,31.103952680653702],[77.169332565066625,31.103939764820748],[77.169383325270061,31.103905074663096],[77.169411418283957,31.10387824229705],[77.169454006513234,31.103850429235937],[77.169530821453193,31.103814983723733],[77.169580274607895,31.103801397927597],[77.169595254913588,31.103801712516894],[77.169656803883584,31.10381258776879],[77.169740075913793,31.103836401943184],[77.169777627289292,31.103855693412164],[77.169815384379007,31.103866469435374],[77.169888382377295,31.103866469435374],[77.169936207784701,31.103866469435374],[77.170021791180147,31.103847072592746],[77.170094789178449,31.103810432563044],[77.170147648744717,31.103780258908024],[77.170221783111856,31.103727362496191],[77.170274094705789,31.103660460272895],[77.170293643843024,31.103618613669749],[77.170308747217888,31.10359490558605],[77.170338953069304,31.103558265459039],[77.170384261397302,31.103528091723895],[77.170434604782443,31.103491452340254],[77.170479914008737,31.103474209865333],[77.170530256495567,31.103452656959483],[77.170603254493884,31.103416017546785],[77.17069387204819,31.103370756488065],[77.170852452543599,31.103242382612326],[77.170958645088277,31.103178397517055],[77.1710255075932,31.103144720850469],[77.17112383359094,31.103114412378744],[77.17126542424937,31.103131250334307],[77.171395214638267,31.103131250334307],[77.171505340007258,31.103131250334307],[77.171635131294451,31.103131250334307],[77.171938473501285,31.103181321909265],[77.1720161274677,31.103201394220807],[77.172209198778447,31.103220765812669],[77.172299818129375,31.10322217647359],[77.172543667609872,31.103235646976849],[77.172689190194305,31.103262587977639],[77.172744944132432,31.103279460519648],[77.17282608086721,31.103291011163591],[77.172856109750541,31.103291011163591],[77.172936658088787,31.103288855176828],[77.173002103950523,31.103278079088074],[77.173121405610118,31.103258435221257],[77.173254740751119,31.10322458705771],[77.173301646283662,31.103206954564143],[77.173484706768903,31.103139472787426],[77.173799632751326,31.103044541484447],[77.173830249132834,31.103038842680434],[77.173890660835696,31.103028065794113],[77.17394100332254,31.103023755346921],[77.173996380866541,31.103017289675769],[77.174076930103112,31.103000047114705],[77.174124756408844,31.102984959775075],[77.174243062735115,31.102924611930842],[77.174333680289436,31.102868574502757],[77.174373954458531,31.102838400548432],[77.174426814923137,31.102797449672142],[77.174459537853963,31.102778051841927],[77.174509532692795,31.102745316504286],[77.174591296451652,31.102707736885733],[77.174635738803715,31.102693995557644],[77.174711253881412,31.102678908169416],[77.174755411467544,31.102673507014558],[77.174880763280584,31.102676496802243],[77.174925211920865,31.102681063400837],[77.174953832245819,31.10268242484252],[77.175192297224484,31.10267399313387],[77.175367657351103,31.102658619608846],[77.17564488553262,31.102607833193222],[77.17566525573001,31.102603472730472],[77.175773493738575,31.102586230863459],[77.175826354203181,31.102581919627006],[77.176055686010386,31.102527584186159],[77.176085620570603,31.102508639346418],[77.17611079226316,31.102484931754738],[77.176148549352874,31.102454756909392],[77.176188824420308,31.102413806636818],[77.176231615668883,31.102346991943723],[77.176241684884914,31.102301730375515],[77.176249236123184,31.102247847821154],[77.176271890736302,31.102122839900378],[77.176256787361439,31.10203447254408],[77.176239167805477,31.101963347088805],[77.176148549352874,31.101849115045656],[77.175852842825961,31.101565496912528],[77.17572378905561,31.101423422928306],[77.175594736183569,31.101276085950936],[77.175477973162941,31.101102438643036],[77.175367356415478,31.100855121789248],[77.175305901768581,31.100681473711642],[77.175262884144573,31.100518349424156],[77.17524444802001,31.100339438667614],[77.175238302645141,31.100239459410222],[77.175238302645141,31.100076334363578],[77.175238302645141,31.099986878995679],[77.175224739880989,31.099967522897394],[77.17518299427141,31.0999079469496],[77.175029359001613,31.099807967238],[77.17494332375361,31.099771131811675],[77.174728234735255,31.099750083429768],[77.174632478817543,31.099765267433263],[77.174474758009836,31.099852446950052],[77.174214569970943,31.100078466578164],[77.174062822959897,31.100268255791622],[77.173977107512115,31.100408570048483],[77.173846321789895,31.100513998864997],[77.173708000999099,31.100559358972713],[77.173555964730511,31.100583304725674],[77.173483247904898,31.100584860803249],[77.173289386076675,31.100561511944669],[77.173241047731224,31.100549922509078],[77.17305668558717,31.100481515042542],[77.172959113275951,31.100439741650511],[77.172796482276908,31.100335077331497],[77.17271254279845,31.100265769751335],[77.172540471404105,31.100086858518939],[77.172497453780096,31.100018451488101],[77.172417563906919,31.099881636509355],[77.172392982407487,31.099781656000914],[77.172392982407487,31.099655365653469],[77.172423709281773,31.09955012279983],[77.172759985523555,31.099086633180029],[77.172780506637892,31.099066286930963],[77.172831379130756,31.099025408271913],[77.1728823576248,31.098994804648964],[77.172925174026176,31.098978864392709],[77.173023500023959,31.09896202570091],[77.173129692568637,31.098938451065944],[77.173191241538632,31.098924786882364],[77.173334874966031,31.098864018778883],[77.173545804784638,31.098779059057499],[77.173677311854021,31.098744323169985],[77.173799601310293,31.098731846615749],[77.173888380911492,31.098718686233799],[77.173973002211255,31.098697711462716],[77.174042651290165,31.098675742869524],[77.174113897573704,31.098648919794922],[77.1741840056917,31.098601386528284],[77.1742184120654,31.098548905682076],[77.174246078379539,31.09850946983812],[77.174285891712941,31.098453578262589],[77.174543674063486,31.098149622005629],[77.174557392236196,31.0981335469953],[77.174588856627324,31.098096500924413],[77.174651785409637,31.09800893749663],[77.174679050176806,31.097970735248175],[77.174692645280302,31.097945092718717],[77.174696454137148,31.097916657163871],[77.174692786315816,31.097894725312358],[77.17468763896926,31.097880977134157],[77.174673813897016,31.097866018209498],[77.17466177647222,31.097858215291254],[77.174646141294701,31.097853979992529],[77.174792761620424,31.097814920006439],[77.175084667375359,31.097722831020022],[77.175271572650004,31.097631068092351],[77.175517246608834,31.097574165248197],[77.175656194423752,31.097565543089381],[77.175813264851172,31.097562094687124],[77.175913950723157,31.097572440662624],[77.17606095283287,31.09760865156807],[77.176175735068298,31.097674176541293],[77.176230105600894,31.097694868466757],[77.176352943029457,31.097744873678369],[77.176405299539141,31.097770738565238],[77.176447587731175,31.097787982075673],[77.176580493477459,31.097801776420258],[77.176671111031752,31.097822468317926],[77.176733536757439,31.097837987238215],[77.176753597934393,31.097845795542604],[77.176818414077076,31.097867007420106],[77.17685220061324,31.097872793455782],[77.176898914804624,31.097869217375006],[77.176937678007448,31.097860079868813],[77.176978625014755,31.097845053249866],[77.176999210807793,31.097825259031534],[77.177006161073137,31.097902219772408],[77.177008485913092,31.097932082224617],[77.177002348623091,31.097958913962913],[77.176963964509326,31.098015570428156],[77.176882381311827,31.098076472148367],[77.176825740736533,31.098110049845175],[77.176730716047459,31.098151044280094],[77.17653200690998,31.098210227493137],[77.176363056262943,31.098275562825304],[77.176172304402243,31.098359564559942],[77.176020895157734,31.098424388264409],[77.175998531598722,31.098444957721988],[77.17597240320039,31.098484110523433],[77.175957825339964,31.098510540578268],[77.1759424219278,31.098545948071287],[77.175940558821878,31.098549221058001],[77.175812388993776,31.098621748261152],[77.175721748083276,31.098690067838927],[77.175624816270869,31.098777502181136],[77.175595477293697,31.09883526658572],[77.175592488598724,31.098914422593168],[77.17559534074978,31.098966286334072],[77.175611601154742,31.099017109311216],[77.175643144597615,31.099073154396248],[77.175681612254692,31.099111427737451],[77.175803652877633,31.099162660622994],[77.175861869996254,31.099210593594954],[77.175907214256853,31.099273314484901],[77.175945583099249,31.099336035333426],[77.175954405453666,31.099453125677901],[77.175899588458392,31.099592295798494],[77.175731779570071,31.09981490233924],[77.1756128623894,31.099980720796967],[77.175594172939896,31.100077403547655],[77.175601172612602,31.100131937304639],[77.175656080337689,31.100184540347616],[77.175785694656781,31.100268904223569],[77.17609046877817,31.100482382693293],[77.176325140171429,31.100684473561532],[77.176421409925467,31.10079561947142],[77.176500347584451,31.10087447616829],[77.176651645437843,31.101004026259002],[77.176750318185285,31.101099781095421],[77.177020022976279,31.101381410733488],[77.177174193641974,31.101504741267163],[77.177233471670945,31.101578569212936],[77.177307841396711,31.101677627116342],[77.177436987693525,31.101842806977018],[77.177489441221283,31.101887720324203],[77.177503980454134,31.101897402793288],[77.177563567503569,31.101949442586406],[77.177602226501833,31.102000506259543],[77.177625072456138,31.102043437352094],[77.177632440438103,31.102130844762751],[77.177642667757596,31.102316804747694],[77.17764507344593,31.102360559487678],[77.177639608095745,31.102474780916335],[77.177605324791244,31.10256335861747],[77.177559340031863,31.102649981758876],[77.177514859052252,31.102759671626973],[77.17741525475185,31.102912475131575],[77.17721094282193,31.103154626251346],[77.177083802463144,31.103282207999346],[77.177044310726643,31.103314089372134],[77.176897160394901,31.103416461357899],[77.176816022761798,31.103455967466438],[77.176707435308558,31.103490930843304],[77.176630325721206,31.10350108849569],[77.176520452778817,31.103511168460866],[77.176390959732274,31.103516208058462],[77.176306593554045,31.103514528192605],[77.176184920342095,31.103518520181439],[77.176042197806368,31.10351598961434],[77.175765140304762,31.103533232081727],[77.175606153770829,31.103563246597314],[77.175466851121413,31.103611964976999],[77.175419762332524,31.103635483841035],[77.175370712521399,31.103660683331658],[77.175296155946072,31.10372788091518],[77.175215712710695,31.103805158385128],[77.175158814318905,31.103838757131687],[77.175090144403654,31.103852196780817],[77.174964575198274,31.103853876640695],[77.174816717892412,31.103907970573704],[77.174731330329706,31.103927323561486],[77.17463840949506,31.103952052245205],[77.174544232815606,31.103949902426759],[77.174480192817299,31.103949902426759],[77.174421175299756,31.103943451432848],[77.17436718026299,31.103916572158504],[77.174328254465095,31.103880016763913],[77.174273003583551,31.103847761766044],[77.174246634436685,31.10383270917362],[77.174148376710917,31.103813558457439],[77.173993990449574,31.103797073670538],[77.173892823978875,31.10379182410519],[77.173788592456503,31.103794448503312],[77.173699687989455,31.103804948402541],[77.173610784420717,31.103815448300551],[77.173521880851993,31.103828572594594],[77.173445239286906,31.103828572594594],[77.173301154006893,31.103878446126153],[77.173252103297443,31.103909945023222],[77.173187724634303,31.1039414439099],[77.173114149917581,31.103991316612952],[77.17306816515817,31.104001816490413],[77.173025245450546,31.104001816490413],[77.172976195639393,31.104001816490413],[77.172875029168722,31.103983441896393],[77.172688637730417,31.10398491177175],[77.172610156415644,31.103969792283618],[77.172535599840302,31.103956353420301],[77.172486550029163,31.103952992935028],[77.172404144873212,31.10398491177175],[77.172376677086774,31.104001711114755],[77.172308006273184,31.10403699041758],[77.172280538486746,31.104085708554209],[77.172251107881408,31.104166345441655],[77.172249145960834,31.104216743365438],[77.172258956462031,31.104273860672318],[77.172278576566171,31.104336018268107],[77.172286424248483,31.104388096721376],[77.17228250040732,31.104436814677946],[77.172270727985534,31.104467053503051],[77.172233449697856,31.10450905125716],[77.172099420159142,31.104587168014831],[77.172010515692108,31.104626541340757],[77.171927743125224,31.104665914650301],[77.171844970558311,31.104707913085633],[77.171732185277747,31.104772293267331],[77.171679463153737,31.10481187880427],[77.171671062109183,31.104819567315698],[77.171634567152466,31.104844842638862],[77.171602484720395,31.104859222826445],[77.171569062900261,31.104868030459482],[77.171480158433212,31.104878530239951],[77.171412714718301,31.104891654387128],[77.17130848229759,31.104912653172583],[77.17124716958449,31.10494152736031],[77.17115213411563,31.104988775173108],[77.171103084304519,31.105012399070716],[77.170952254473363,31.105120543282556],[77.170899279922722,31.105182700324129],[77.170856114975024,31.105207899404252],[77.170777634558533,31.105238137983832],[77.170734470509132,31.105239817819196],[77.170667761616116,31.105236458148497],[77.170591243120214,31.105233098477637],[77.170491180679036,31.105239817819196]]]},"properties":{"objectid":10211,"id":"10158","name":"Shimla (M Corp.) - Ward No.12","code":"12","town":"Shimla","district":"Shimla","state":"Himachal Pradesh","st_area(shape)":305901.3362469452,"st_perimeter(shape)":5026.7690519031676}},{"type":"Feature","id":10212,"geometry":{"type":"Polygon","coordinates":[[[77.176517982411767,31.123987526333849],[77.176341098742455,31.124130843097024],[77.176225041797622,31.124305843255026],[77.176097971507431,31.124548651902355],[77.176092631023053,31.124714913170695],[77.176157581913046,31.124931498017084],[77.176201941620093,31.125075893023041],[77.176290789493279,31.125342630749376],[77.176300057412064,31.125471113159747],[77.176237008255526,31.125681855034131],[77.17621344364899,31.12571937096055],[77.17612157384319,31.126029019434519],[77.176073893064569,31.127493872868968],[77.176153376899208,31.128313482936257],[77.176340566939814,31.130243679380733],[77.176298843788118,31.13066385346966],[77.176210803500382,31.130882488591517],[77.176065541427349,31.131009985399889],[77.175917466729189,31.131092494868064],[77.175730122178351,31.131128105514652],[77.175468629785698,31.131156013622327],[77.175131815453042,31.131138497813961],[77.174668625227923,31.131061568628134],[77.174509655762009,31.131019776395959],[77.174261915678002,31.130925588094513],[77.174171470600257,31.130880497786226],[77.173887372103437,31.13069653688796],[77.173761444470287,31.130540893003378],[77.173673353876879,31.130399564434768],[77.173340574776518,31.130006660926394],[77.173303530050816,31.129764286096879],[77.173303530050816,31.129650526580456],[77.173356687857748,31.129427559378065],[77.173414136018508,31.129269342007099],[77.17352104452047,31.129038787324706],[77.173670322961101,31.12885421152879],[77.173888272215351,31.128608489521781],[77.174128240075532,31.128336670407119],[77.174239117334409,31.128144347412828],[77.17428164357996,31.127998733643771],[77.174350750076442,31.127734807829356],[77.174425171904474,31.127475432076203],[77.174441118797375,31.127211504806123],[77.174520856855281,31.126888420729212],[77.174589962453453,31.126569886391003],[77.174593969837943,31.1265218626496],[77.174574266190504,31.12637786510194],[77.17446760113198,31.126169031858268],[77.174419408313611,31.126044138485426],[77.174372013199203,31.125741690876566],[77.174398592551853,31.125523264607967],[77.174397581947161,31.125486080808262],[77.174367564741942,31.125238923595546],[77.174354500542748,31.125149455792521],[77.174302243746041,31.124964928566865],[77.174287002030624,31.124918330500638],[77.174280470380197,31.124866141039103],[77.174271761213504,31.124797175882623],[77.17427393783143,31.124711434994577],[77.174308776294794,31.124661109470448],[77.174361033091515,31.124579096565164],[77.174448127453232,31.124463532910433],[77.174474255851578,31.124405751799323],[77.174519980997871,31.124329330077586],[77.17455481856291,31.124284595757818],[77.174604897843366,31.124228677828437],[77.174648445473395,31.124167168452555],[77.174663687188811,31.124139209072847],[77.174672396355504,31.124114978577893],[77.174687638070921,31.124079563701596],[77.174726830668448,31.124025508946122],[77.174742072383864,31.124005005781328],[77.174816102546444,31.123909945386199],[77.17489013270901,31.123867074935468],[77.174964163769872,31.123855891303059],[77.175055613164119,31.123863346801809],[77.17509480576166,31.123855891303059],[77.175133998359186,31.12383725140004],[77.175162304273798,31.123798109052863],[77.17517101344049,31.123764558127192],[77.175201496871324,31.123678816306086],[77.175240689468851,31.12359680332078],[77.175249398635515,31.123499877673712],[77.17525157615178,31.123445823356992],[77.175245043603027,31.123404816772506],[77.175249398635515,31.123333986476652],[77.175242866985087,31.1232929798439],[77.175216738586755,31.123205373516861],[77.175232442934544,31.123125433374621],[77.175325678179576,31.122944467352344],[77.175361820996699,31.122811010620808],[77.175357009620058,31.12273687619928],[77.17529732016267,31.122617487529595],[77.175221653269659,31.122534098627732],[77.175122469380838,31.122466672115035],[77.174913019985823,31.122338372507638],[77.174715572981327,31.122297330838865],[77.174542483795733,31.122235218839215],[77.174219461297682,31.122202535582204],[77.174084374441861,31.122189465352339],[77.173986104139686,31.122162648151114],[77.173952681421198,31.122142732113911],[77.173881119829062,31.122062195086734],[77.173845579781457,31.12196775334435],[77.173838707669532,31.121865164503269],[77.173838331275448,31.121852588707267],[77.173851494289323,31.121773560253853],[77.173864392300146,31.121746509152512],[77.17389524314197,31.121707831201242],[77.173948682121562,31.121669476992626],[77.174092541026113,31.121597939438569],[77.17416188916944,31.121574988718002],[77.174224219673746,31.121561699999106],[77.17486086559704,31.121529590970596],[77.175076522350707,31.121506687144002],[77.175470385992043,31.121423277271472],[77.175577502004842,31.121386336414922],[77.175751658389004,31.121335368529607],[77.175925892926529,31.121293320541934],[77.176003625046405,31.121256971784568],[77.17604840157172,31.12122485650076],[77.176102872715617,31.121162631521358],[77.176135249795081,31.121112277199227],[77.176155151071896,31.120999670848171],[77.176152953792709,31.120730097805257],[77.176096780341368,31.12003958875049],[77.176110919823927,31.120000695542537],[77.176137012289686,31.119963887175569],[77.17621317954432,31.119902172009617],[77.176329891360965,31.119856168998979],[77.176469007160804,31.119828899713607],[77.17700384072478,31.119815097033268],[77.17713453751378,31.119795523494137],[77.177248420535619,31.119763966806211],[77.177455704990791,31.119677502319572],[77.177618685434453,31.11959465685209],[77.177724970505622,31.119519716271554],[77.177789074284306,31.119425144338305],[77.177823451911891,31.119329158813024],[77.177826052534655,31.119297791154214],[77.177823947781917,31.119230748401165],[77.177845152514209,31.119171335271851],[77.177884794269389,31.119135736287504],[77.177965757629323,31.119093860359975],[77.178061290764845,31.119057196221391],[77.178147746424429,31.119036320535159],[77.17826682170859,31.118978069309684],[77.178289965005234,31.118959356927434],[77.178338266519773,31.11885574200436],[77.178358678937954,31.118724676639705],[77.178433525669121,31.118584873179479],[77.178484558062095,31.118532447213372],[77.178511979136161,31.118514840634038],[77.178563387024923,31.118465253186272],[77.178578391585106,31.11843255478805],[77.178588968349274,31.118371058574386],[77.178587405280652,31.118317533518464],[77.178577343251163,31.118256547110427],[77.17855260095331,31.118165463101388],[77.178548225259547,31.11815734730941],[77.178537803005611,31.118061497393146],[77.178542569466515,31.118005386610069],[77.178536305514029,31.117939338867089],[77.178522419356398,31.117898269917145],[77.178491235239619,31.11785356409694],[77.178475842607227,31.11784264584827],[77.1784207174898,31.117817232479457],[77.178351346888604,31.117785975064677],[77.178255166966082,31.117749020487558],[77.178167280290282,31.117727378535527],[77.17810011684972,31.117716924781156],[77.177804130946782,31.117670323155814],[77.177677421779336,31.117646655495403],[77.177590107330317,31.117622414883051],[77.177566121413918,31.117610864444472],[77.177481282721885,31.117559096251842],[77.177467989452296,31.117547294324336],[77.177426141434765,31.117496524331877],[77.177411172807211,31.117468553758194],[77.177389069759627,31.117326635846961],[77.177368657341447,31.117148967258426],[77.177358450683187,31.117003336616477],[77.177338038264978,31.116921783143944],[77.177299307401483,31.11684631979842],[77.177146169798391,31.116582083795166],[77.176928367867859,31.116361271567996],[77.176863792473654,31.116260580105191],[77.17684065905847,31.116193227580109],[77.176810388528324,31.115998851940923],[77.176763818965696,31.115875092634415],[77.176706934946935,31.115768556492487],[77.176660365384308,31.115644796885672],[77.176665446255555,31.115535550275705],[77.176696772306144,31.115451418379706],[77.176772140958491,31.115383898391634],[77.176881235959854,31.115350214517861],[77.177169578098059,31.115294153659889],[77.177233543536175,31.115271022220742],[77.177302273638574,31.115230496620946],[77.177354561876328,31.115190911582275],[77.177370416242766,31.115132615697675],[77.177322765108528,31.114998854193878],[77.177239609859285,31.114846475443141],[77.177157713149796,31.114734731485736],[77.176968882785488,31.114456082416424],[77.176730598368181,31.114191072214666],[77.176704107948737,31.114158141619058],[77.176627116040706,31.114036361073339],[77.176614251267509,31.113982302904748],[77.176635634764551,31.113844106770287],[77.176639061837349,31.113836392071608],[77.176697348126254,31.113762122202445],[77.176734363207515,31.113739752554654],[77.176836699284692,31.113695013243323],[77.176878069398484,31.113674507846731],[77.177015243040657,31.113627904236772],[77.177054393417407,31.113614685930333],[77.177229272047015,31.113539203804748],[77.177269995373763,31.113514191516934],[77.177311365487554,31.113482501226475],[77.177361444768025,31.113430305476093],[77.177388627788517,31.113403308909408],[77.177426209706752,31.113333579407698],[77.177442007479343,31.113256939577514],[77.177455071678494,31.113139498627508],[77.177459426710996,31.113098486820849],[77.177470721229071,31.112986754649469],[77.177450308810862,31.112800338721723],[77.17743329831265,31.112744996999528],[77.177416286916113,31.112675090891489],[77.177399276417873,31.11259935960091],[77.177325648700574,31.112378996491216],[77.177286630376216,31.112295481690847],[77.177271301524215,31.112248952775516],[77.177249005338851,31.112166630733661],[77.177263191533811,31.112005155899251],[77.177287005872003,31.111920686315301],[77.177300614450232,31.111821651402597],[77.177365255421435,31.111719704563114],[77.177378116601375,31.111699884010683],[77.177462112673723,31.111624736460904],[77.177540410732192,31.111556630770014],[77.177577219200955,31.111510079188548],[77.177588966469912,31.111478528206181],[77.177594725569193,31.111412229808035],[77.177588214580041,31.111247693414946],[77.177607987397735,31.111194781935346],[77.177688458480901,31.111073065269643],[77.177736088055582,31.111008983928585],[77.177817739525025,31.110947815160557],[77.177895988176161,31.110918687454991],[77.177974237725579,31.110909948833893],[77.178066092260039,31.110909948833893],[77.178166859878701,31.110908729026352],[77.178205858440123,31.110902424635945],[77.178242766621906,31.110885365785631],[77.178268756679699,31.110848886908379],[77.178275880319916,31.110819917609128],[77.178274511287412,31.110747622763764],[77.178289842834374,31.110533876645569],[77.178280430286804,31.110435161006436],[77.178215789315601,31.110222524786852],[77.178189059944344,31.110166193248588],[77.17813542513197,31.11000520955384],[77.178130735926203,31.109910851954165],[77.17812549245987,31.109872694487372],[77.178040065371292,31.109520569381026],[77.178018159054773,31.109438764130289],[77.178030169530132,31.109333582111383],[77.178051901573482,31.109246721254735],[77.178093780133736,31.109151341505086],[77.17811712734796,31.109115645698882],[77.178168159740949,31.109034085449998],[77.178243006472101,31.108940873651214],[77.178345070359725,31.108833097587066],[77.178470839889386,31.108662816724841],[77.17851492920353,31.108582901252408],[77.178566055919632,31.108414278954161],[77.178580985919623,31.108264439303319],[77.178577531897375,31.108057372895075],[77.178581959693418,31.108009541298969],[77.178615607888986,31.107925328127255],[77.178648268836099,31.10787685731421],[77.178683106401138,31.107796694288037],[77.178711412315735,31.107727716728359],[77.178720122380724,31.107645689960016],[77.178710986514304,31.107596522935918],[77.178661333035279,31.107517055741972],[77.178528513527269,31.107371643372598],[77.178367289289966,31.107247530552197],[77.178308599657498,31.107216909581041],[77.178225859429944,31.107153524016333],[77.178099572470686,31.107032346721546],[77.177979817161827,31.10692421930068],[77.177916673682176,31.10684032666796],[77.177860061852996,31.106803041713246],[77.177677163064502,31.106674406353662],[77.177607487036141,31.106616613643755],[77.177520392674367,31.106560685305361],[77.177452894162272,31.106543907181983],[77.177315720520056,31.106504756934029],[77.177117580016173,31.106486114392652],[77.176971696308968,31.106446964120806],[77.176806215853844,31.106387307631529],[77.176642913813296,31.106310871401934],[77.176362033081816,31.106176642902241],[77.176198731041254,31.106105800519206],[77.176037605618632,31.10602190716342],[77.175766251520784,31.105870666960449],[77.175636969578335,31.105800755790799],[77.175392016068344,31.105681324282582],[77.175255931184267,31.105614325753514],[77.175130052060126,31.105550240728231],[77.175041595852448,31.105518197814789],[77.174959945281302,31.105491981227182],[77.174585709828904,31.105352159048017],[77.174459830704762,31.10532011606773],[77.174347560158878,31.105302638563408],[77.174207222650224,31.105225626132363],[77.174031799641568,31.105120940936342],[77.17387764065397,31.105043565315903],[77.173766007911937,31.104998049672673],[77.173558690219068,31.104966188863248],[77.173425794354273,31.104961637757672],[77.172968631824702,31.105043567623355],[77.172977939269373,31.10500401448758],[77.173004117973377,31.104978151570492],[77.17308265318708,31.104945391608936],[77.173583567264259,31.104829870966132],[77.173810111599096,31.10478946012903],[77.173989459347283,31.10476251956139],[77.174099584716245,31.104746354909445],[77.174212856883685,31.104730190254788],[77.174385911034975,31.104730190254788],[77.174618748068411,31.104730190254788],[77.17495856457073,31.104738272582484],[77.175172521711843,31.10477060188629],[77.175304672873295,31.10481640068901],[77.175427384537727,31.104878364101822],[77.175594145990445,31.10496457363228],[77.175697978660878,31.105007678752823],[77.175801811331283,31.10505078308455],[77.176113309342597,31.105104664817773],[77.17638390346572,31.105158545751252],[77.17667023068276,31.105244755027421],[77.176824405840037,31.105304024580427],[77.176953410203012,31.105355211052846],[77.177198833531932,31.105503383155444],[77.177318398397901,31.105581510632476],[77.177513477443313,31.105751234770981],[77.177648774504888,31.105883242566382],[77.177774632967797,31.105991003519208],[77.17790678323091,31.106066436267287],[77.178029494895355,31.106136481073118],[77.178180524152481,31.106214608029273],[77.178337846108207,31.106354696601407],[77.178388189493376,31.106411271143703],[77.178435386080068,31.106489397873773],[77.178435386080068,31.106575605941661],[77.178463704571101,31.106664508242218],[77.178498314862338,31.106729164758129],[77.178548658247507,31.106820760452198],[77.178652490917955,31.106958154596821],[77.178784642079393,31.107092855013082],[77.17895140353211,31.107270658562399],[77.179048267970884,31.107341167808602],[77.179131619951136,31.107386700788055],[77.179223214872451,31.107439690534527],[77.179304286030202,31.107468225533449],[77.179438858151343,31.107497493511403],[77.180497221778069,31.1074721058311],[77.180593134900974,31.107482916055119],[77.180668379585782,31.107491396561546],[77.180524630275713,31.107796969638276],[77.180511850842478,31.108002880607476],[77.180599105104335,31.108375184854715],[77.180613210450929,31.1084251021461],[77.180615896413627,31.108434606279701],[77.180624132168148,31.108463752437373],[77.180626808249357,31.108491822574642],[77.180643798086336,31.108670008068067],[77.18071262610512,31.108897309609887],[77.180766705583508,31.109010960945849],[77.180879781019911,31.109204587923045],[77.181027270914839,31.109305609901625],[77.181317333326817,31.109427678783454],[77.181666392595062,31.10955395690457],[77.182013607622068,31.109588420415513],[77.182236378134419,31.109673920387237],[77.182497557913379,31.109798882988301],[77.182820191440953,31.109930422147823],[77.183042961953291,31.110068537838437],[77.183211961109407,31.110213230031519],[77.183488503876347,31.110357922004024],[77.183711274388713,31.110528922022816],[77.183972454167673,31.110772266607423],[77.184136697642657,31.111206020897168],[77.183996691612379,31.111569487884093],[77.183881937224712,31.111793376899559],[77.183815751151201,31.11197154466025],[77.183805703494727,31.112148074673946],[77.183838112015252,31.112324964297276],[77.183905468593579,31.112476276512876],[77.184037039443339,31.112825508092794],[77.184037039443339,31.113043876679118],[77.183997171312711,31.113219211070021],[77.183974887703783,31.113256775761279],[77.183785472536243,31.113459602379752],[77.183704051933816,31.11354294772574],[77.183681209572782,31.113568612192552],[77.183636324351284,31.113640789526546],[77.183624295011313,31.113666507802986],[77.183619826791116,31.113704068471808],[77.183621705168349,31.113743358801276],[77.183623251168953,31.113775694267979],[77.183624715422894,31.113780697173741],[77.183631243480065,31.113803002208652],[77.183645703661171,31.113832675080182],[77.183680528649788,31.113861431961599],[77.183724814694997,31.113879391645238],[77.183731077749158,31.113879753884451],[77.183748770068647,31.11388270794135],[77.183830205044131,31.113889624325729],[77.183967058886083,31.113889624325729],[77.184124811134808,31.113889624325729],[77.184237147257733,31.113890596449494],[77.184334028764496,31.11390279183426],[77.184367044546121,31.113920423110692],[77.184392925907758,31.113943834825889],[77.184469971714748,31.114031917305248],[77.184486981314663,31.114055216706664],[77.184504696092048,31.114095471321672],[77.184508029740073,31.114145818599372],[77.184483677311036,31.114182919166954],[77.184446628992077,31.114218729199358],[77.184398154102738,31.11425652345071],[77.184310905230745,31.114310173849709],[77.184202695069956,31.114381469252695],[77.184164263345451,31.114414938127577],[77.184095872806239,31.114474497283215],[77.183551502727212,31.115015120156514],[77.183450452139212,31.115145515395653],[77.183398625635547,31.115339272908972],[77.183361992338234,31.115853624064826],[77.183349682723914,31.116275379242854],[77.183470594164532,31.117241510377252],[77.183693353897112,31.119615040230634],[77.18368285977796,31.119901098434582],[77.183668763414545,31.119987897248112],[77.183640774605195,31.120067107911815],[77.183523267779549,31.120204718979426],[77.18347157242988,31.120246605952385],[77.183430381080839,31.120279981244114],[77.183287892107103,31.120357692818899],[77.182907391803909,31.120539427422294],[77.181545618596701,31.121246211577674],[77.179636508175122,31.122209005329964],[77.178191883349257,31.123022975747993],[77.17748336860997,31.123389948766789],[77.176783876549365,31.123823615407726],[77.176517982411767,31.123987526333849]]]},"properties":{"objectid":10212,"id":"10153","name":"Shimla (M Corp.) - Ward No.1","code":"1","town":"Shimla","district":"Shimla","state":"Himachal Pradesh","st_area(shape)":1549413.239886153,"st_perimeter(shape)":9820.5633671985033}},{"type":"Feature","id":10213,"geometry":{"type":"Polygon","coordinates":[[[77.169200761553171,31.097683415601956],[77.169035154435591,31.097727780157232],[77.168873914926948,31.097778821485207],[77.167959384153662,31.098126194088621],[77.16745668871728,31.098255630238469],[77.167072601441149,31.098341141183262],[77.166765330901569,31.098374029573492],[77.166358198245149,31.09838060709632],[77.165858884067518,31.098229319340611],[77.165428706030767,31.098038563766689],[77.165000064113144,31.097841220250128],[77.164672833906295,31.097690341627743],[77.164474608062449,31.097582571256147],[77.164361335895009,31.097499048826446],[77.164287868976132,31.097373916964887],[77.164252647830452,31.097290979727919],[77.164230731632472,31.097259702478603],[77.164214223292518,31.0972437988538],[77.164173905105926,31.097221859923952],[77.163926391397396,31.097128115768033],[77.163798811762419,31.097096252318433],[77.163554283155548,31.097041629127283],[77.163309754548706,31.097005213392652],[77.16312046963688,31.096955207022489],[77.163041239127111,31.096942731002486],[77.162952271778011,31.096941974087493],[77.162742288783718,31.096967660733419],[77.162586800289517,31.096982454416789],[77.162381526263943,31.096978632920607],[77.162348184393849,31.096970149936922],[77.162318315410644,31.096957387768153],[77.16228176924993,31.096926093486115],[77.16222462741473,31.096867026394865],[77.162209494395427,31.096842694324113],[77.162195900190255,31.096774790336941],[77.162185101542207,31.096660019749944],[77.162204060486289,31.096254143540961],[77.162196889235389,31.096004522526574],[77.16218585073716,31.095900546397484],[77.162141806338767,31.095743807758268],[77.162102511333302,31.095658004474473],[77.162004809664694,31.095520842444429],[77.161874067959928,31.09538545484191],[77.161794772771472,31.095321815994389],[77.161553760170634,31.095165365633314],[77.161423340961065,31.09510729360974],[77.161332262571051,31.09507517948013],[77.161090910407012,31.095001368018078],[77.160980567645751,31.094945819766618],[77.16093062670582,31.094910386316009],[77.160848482061297,31.094834323930847],[77.160827348295911,31.094806490528864],[77.16070331970127,31.094539140068022],[77.160692946854681,31.094471357513068],[77.160691979369133,31.094438215460013],[77.160674039114596,31.094258077076102],[77.160674701172965,31.094035304433],[77.160675105414825,31.093877578848801],[77.16066145102252,31.093755715368793],[77.160593767457442,31.093533960034936],[77.160524135446494,31.093357898508444],[77.160448756912672,31.093202981880374],[77.160397686790489,31.093134777590532],[77.160310541224774,31.093058603780385],[77.160242108464743,31.093018134087057],[77.160168712512771,31.092985790013305],[77.160083041082444,31.09296302238198],[77.160008178181613,31.09295391825108],[77.160008179978234,31.092898438035412],[77.159958016256155,31.092683651708221],[77.15980752329321,31.092286296530524],[77.15963194846924,31.091985594522207],[77.159330963441718,31.091727848856493],[77.159117766275344,31.091545278298369],[77.158641206423852,31.091169397130713],[77.158430256842337,31.090900566357092],[77.158503026668541,31.090892257455369],[77.160505570862838,31.090736918322555],[77.160705827797557,31.090746755782789],[77.160933955862262,31.090788016486353],[77.161138333369195,31.090845127252383],[77.16130408331891,31.090906512056272],[77.161692569644956,31.091050384169751],[77.162028839598534,31.091116381382562],[77.16220754774622,31.091124728728207],[77.162380562371624,31.091101590632071],[77.16262406420411,31.091027703002176],[77.162813775815707,31.090935791292203],[77.16323893137168,31.090607567318255],[77.163366706839398,31.090508034767264],[77.163666610295309,31.090274421917716],[77.163781132917606,31.090212125881365],[77.163902480939456,31.090170872620515],[77.164096023865739,31.090129721655707],[77.164132110089028,31.090128956224358],[77.164227787853278,31.090140086903268],[77.164339246322186,31.090166923150292],[77.164385082859553,31.090185382729739],[77.164511200037211,31.090244449359627],[77.164607945898396,31.090290685192063],[77.165308126068496,31.090625306002618],[77.165940403484583,31.090911048449861],[77.166164123516225,31.091012152967803],[77.166309669456851,31.091093812544148],[77.166390568138084,31.091141047244424],[77.167368752634118,31.091771632321336],[77.167630029431137,31.091900536337413],[77.167849384548774,31.091987108431208],[77.16812169535244,31.092062990011609],[77.16843030168684,31.092091403471539],[77.168726420540452,31.092094838225602],[77.168963254178593,31.0920792722114],[77.169288361666418,31.09201537267689],[77.169480628985028,31.091940733418376],[77.169677135453426,31.091842356159741],[77.169992975022481,31.0916478806705],[77.170179972823576,31.09153015144522],[77.170410559577221,31.091439786448213],[77.170475163717512,31.091422147151402],[77.170747029855121,31.091390977975056],[77.171089220604713,31.091371442424382],[77.171390091546186,31.091383153754791],[77.171478284547533,31.091399063745627],[77.171658941141047,31.091469804015961],[77.171813220502884,31.091589484943661],[77.171849128859776,31.091617340827586],[77.172100192710289,31.091809464738962],[77.172244418127477,31.091905525779659],[77.172373900394206,31.091969336922798],[77.172631286587745,31.092039612903367],[77.172991163368678,31.092086936367846],[77.174094751780032,31.092187869627804],[77.174208365307265,31.092200030875258],[77.174318908392891,31.092204055648548],[77.174595032544914,31.092214108349935],[77.174770679234101,31.092243219484075],[77.174799384899018,31.092249658195282],[77.174952020343881,31.092298694697558],[77.175227519268475,31.092416380661223],[77.175381999852931,31.092517305109315],[77.175532201761712,31.092612947727481],[77.175647741276933,31.092728378610605],[77.175767131869762,31.092833914416143],[77.175809496418552,31.092866894715943],[77.175890374438524,31.092913066962602],[77.176044427424898,31.09294934503075],[77.176167669993688,31.092932854511982],[77.176344830344135,31.092863596917262],[77.176502783815465,31.092785988226844],[77.17659287765197,31.092736934283156],[77.176695502986632,31.092681057004103],[77.176832793409844,31.092624388895498],[77.176857812388803,31.092615440891436],[77.176895224525452,31.092607612925711],[77.176949796280653,31.092600622681033],[77.177108438759845,31.092592357006378],[77.177147195674436,31.092584563655368],[77.177190536691938,31.092566473016614],[77.177224981693215,31.092549480875036],[77.177234257696838,31.092543782210548],[77.17727820867043,31.092515621202704],[77.177314098162668,31.092494638907855],[77.177327837894936,31.092503743852035],[77.177348856675962,31.092574540224948],[77.177380519594749,31.092749613169957],[77.177387619878772,31.092862099176571],[77.177412791571342,31.09298873625843],[77.177422231068348,31.093096511841566],[77.1774196879378,31.093129178194818],[77.177394261123652,31.093255600299234],[77.177349862789072,31.093457560385115],[77.177330983795031,31.093527613720852],[77.177245387823206,31.093812660501129],[77.177127910641914,31.09402486345493],[77.17704086389088,31.094122446900148],[77.17690451580043,31.09422805346604],[77.176616079339141,31.094384819221975],[77.176405533999457,31.09452974916087],[77.176366984595688,31.094575735981319],[77.176281658118413,31.094726001081398],[77.176247684732687,31.094805095127722],[77.176215632843352,31.094896793092246],[77.176166927086953,31.095179049588634],[77.176171659411864,31.095326629871213],[77.176221348823475,31.095547116400081],[77.17628669407388,31.09573275696669],[77.176448499521172,31.096056131702788],[77.177016268916717,31.096902978341078],[77.177036153125528,31.096934666472741],[77.177057242873445,31.096968276111301],[77.177069829168914,31.097019467845616],[77.17708241456603,31.097092213137177],[77.177084247129244,31.097178188969359],[77.17708295804681,31.097203570940106],[77.177076514431263,31.097237782013746],[77.177072648082287,31.097268682352496],[77.177064915384292,31.097295168129364],[77.177050739070808,31.0973304822306],[77.177037850941403,31.097369107807118],[77.177028829161031,31.097398904274076],[77.177015941929966,31.097441943598753],[77.176999187451614,31.097511468620436],[77.176991168191051,31.097628373525179],[77.176994314091189,31.097690341627743],[77.177002897493708,31.09773811457649],[77.177006093699504,31.097779736851972],[77.177004916906498,31.097807952452154],[77.176999210807793,31.097825259031534],[77.176978625014755,31.097845053249866],[77.176937678007448,31.097860079868813],[77.176898914804624,31.097869217375006],[77.17685220061324,31.097872793455782],[77.176818414077076,31.097867007420106],[77.176753597934393,31.097845795542604],[77.176733536757439,31.097837987238215],[77.176671111031752,31.097822468317926],[77.176580493477459,31.097801776420258],[77.176447587731175,31.097787982075673],[77.176405299539141,31.097770738565238],[77.176352943029457,31.097744873678369],[77.176230105600894,31.097694868466757],[77.176175735068298,31.097674176541293],[77.17606095283287,31.09760865156807],[77.175913950723157,31.097572440662624],[77.175813264851172,31.097562094687124],[77.175656194423752,31.097565543089381],[77.175517246608834,31.097574165248197],[77.175271572650004,31.097631068092351],[77.175084667375359,31.097722831020022],[77.174792761620424,31.097814920006439],[77.174646141294701,31.097853979992529],[77.174447082712589,31.097907008903587],[77.174009222283516,31.097959630870726],[77.173909360166661,31.097959630870726],[77.173463818243604,31.097979364293149],[77.173102775449436,31.097979364293149],[77.17249514241486,31.097908813481396],[77.172041345872657,31.09788749238475],[77.17176288879584,31.097905856619921],[77.171351700245907,31.09798314267308],[77.171143928903845,31.098045142081972],[77.170857167800534,31.098173496829332],[77.170675616484971,31.098232216193502],[77.170434913802907,31.098298316106831],[77.170210970090793,31.098300493744837],[77.170105667776568,31.098277331243171],[77.170023189857062,31.098232691566608],[77.169967718888259,31.09816983230041],[77.16991304382681,31.098048697387302],[77.169867481275602,31.097947751892995],[77.169805197483683,31.097833775015026],[77.16974972651488,31.097770916254138],[77.169671617102622,31.097732952366936],[77.169557013631916,31.097686181704702],[77.169432125349545,31.097670660451971],[77.169311981070209,31.097668652796433],[77.169200761553171,31.097683415601956]]]},"properties":{"objectid":10213,"id":"10154","name":"Shimla (M Corp.) - Ward No.25","code":"25","town":"Shimla","district":"Shimla","state":"Himachal Pradesh","st_area(shape)":1453310.5899611353,"st_perimeter(shape)":5831.7538264870855}},{"type":"Feature","id":10214,"geometry":{"type":"Polygon","coordinates":[[[77.169530821453193,31.103814983723733],[77.169454006513234,31.103850429235937],[77.169411418283957,31.10387824229705],[77.169383325270061,31.103905074663096],[77.169332565066625,31.103939764820748],[77.169309436142996,31.103952680653702],[77.169261609837264,31.103972078243942],[77.169221335668126,31.103978543850072],[77.169181061498989,31.103969923041806],[77.169140786431569,31.103952680653702],[77.169085408887554,31.103913885461285],[77.168982205936146,31.103829830182327],[77.168911725017253,31.103778103701476],[77.168848796234983,31.103726377192462],[77.168785867452698,31.103678961072927],[77.168648781845405,31.103619297460547],[77.168735584254676,31.103583036543181],[77.168789445442471,31.103555980257941],[77.16882545800388,31.103527696370872],[77.168855051204289,31.103485787406512],[77.168859670341504,31.103409202699069],[77.168843368614048,31.103364137775593],[77.168827272600794,31.103316889154435],[77.168790686914193,31.103241864190753],[77.168752985520058,31.103151382651863],[77.168662304185347,31.102962987558481],[77.168645443705799,31.102919678447872],[77.168584477742414,31.102787309635534],[77.168532220945693,31.102667991252165],[77.168421174803527,31.102502062878592],[77.168307952043421,31.102393930299289],[77.168231744364633,31.102317491624571],[77.168079328108703,31.102106817866794],[77.167996588779445,31.102039700669476],[77.167898606836459,31.101966990703431],[77.167835463356823,31.101922245844577],[77.167646032019604,31.101735808962356],[77.167623545391407,31.101721084476637],[77.167594397755394,31.101715931713748],[77.167576651536933,31.10171493562056],[77.167538765089844,31.101728694781546],[77.167438413391139,31.101755546215362],[77.167300428570243,31.101769867643583],[77.167204257630871,31.101769867643583],[77.16707045446762,31.101757336874734],[77.166993099640194,31.101725114230856],[77.166882294246506,31.101666039355326],[77.166792394446148,31.101624866448329],[77.16658962672021,31.101488749896685],[77.166403572150145,31.101365853163578],[77.166244096932687,31.101261163712763],[77.166116517297752,31.101179232891528],[77.165906509150602,31.101076478514763],[77.165623100559912,31.100977513056314],[77.165547722026147,31.100965302165989],[77.165423517361702,31.100954667344549],[77.165347925927165,31.100965246784288],[77.165190438681435,31.101016409442863],[77.165007614453131,31.10113073017504],[77.16485176932774,31.101257054712558],[77.164706138945448,31.101334922621035],[77.164575053185942,31.101383686756687],[77.164428488555771,31.101405182443035],[77.164303815869062,31.101411370547705],[77.163735021495754,31.101415922592562],[77.163592797525041,31.101409156829231],[77.163573282523828,31.101406440832065],[77.163554461920299,31.101401888786697],[77.163550998914857,31.101398495136024],[77.163543651594168,31.101390048698871],[77.163543651594168,31.101374239606322],[77.163543651594168,31.101110957409524],[77.163596810299396,31.100869715646748],[77.163649968106341,31.100687645710376],[77.163727533139564,31.100414168245919],[77.163765384552391,31.100329053764504],[77.163821893973633,31.100238878667362],[77.163864515440622,31.100142638369093],[77.163903001962339,31.099930961367562],[77.163912885227077,31.099704342950698],[77.163957436275282,31.099473597224051],[77.16401271859786,31.099353589317712],[77.16402888108648,31.099330852442225],[77.164098305586549,31.09923743727941],[77.164448869532919,31.098837723433657],[77.164526560330287,31.098703492063294],[77.164547954607102,31.098630381862243],[77.164559614739488,31.098448161483269],[77.164550376465101,31.098311046557811],[77.164523137749057,31.098267124571734],[77.164375899382392,31.098101491579683],[77.164306963565835,31.098019761105263],[77.16428075431908,31.097958607046408],[77.164253679096433,31.097804743284783],[77.164251247356958,31.097758549569889],[77.164255973393651,31.097660688326478],[77.164282552746258,31.097455852607055],[77.164287868976132,31.097373916964887],[77.164361335895009,31.097499048826446],[77.164474608062449,31.097582571256147],[77.164672833906295,31.097690341627743],[77.165000064113144,31.097841220250128],[77.165428706030767,31.098038563766689],[77.165858884067518,31.098229319340611],[77.166358198245149,31.09838060709632],[77.166765330901569,31.098374029573492],[77.167072601441149,31.098341141183262],[77.16745668871728,31.098255630238469],[77.167959384153662,31.098126194088621],[77.168873914926948,31.097778821485207],[77.169035154435591,31.097727780157232],[77.169200761553171,31.097683415601956],[77.169311981070209,31.097668652796433],[77.169432125349545,31.097670660451971],[77.169557013631916,31.097686181704702],[77.169671617102622,31.097732952366936],[77.16974972651488,31.097770916254138],[77.169805197483683,31.097833775015026],[77.169867481275602,31.097947751892995],[77.16991304382681,31.098048697387302],[77.169967718888259,31.09816983230041],[77.170023189857062,31.098232691566608],[77.170105667776568,31.098277331243171],[77.170210970090793,31.098300493744837],[77.170434913802907,31.098298316106831],[77.170675616484971,31.098232216193502],[77.170857167800534,31.098173496829332],[77.171143928903845,31.098045142081972],[77.171351700245907,31.09798314267308],[77.17176288879584,31.097905856619921],[77.172041345872657,31.09788749238475],[77.17249514241486,31.097908813481396],[77.173102775449436,31.097979364293149],[77.173463818243604,31.097979364293149],[77.173909360166661,31.097959630870726],[77.174009222283516,31.097959630870726],[77.174447082712589,31.097907008903587],[77.174646141294701,31.097853979992529],[77.17466177647222,31.097858215291254],[77.174673813897016,31.097866018209498],[77.17468763896926,31.097880977134157],[77.174692786315816,31.097894725312358],[77.174696454137148,31.097916657163871],[77.174692645280302,31.097945092718717],[77.174679050176806,31.097970735248175],[77.174651785409637,31.09800893749663],[77.174588856627324,31.098096500924413],[77.174557392236196,31.0981335469953],[77.174543674063486,31.098149622005629],[77.174285891712941,31.098453578262589],[77.174246078379539,31.09850946983812],[77.1742184120654,31.098548905682076],[77.1741840056917,31.098601386528284],[77.174113897573704,31.098648919794922],[77.174042651290165,31.098675742869524],[77.173973002211255,31.098697711462716],[77.173888380911492,31.098718686233799],[77.173799601310293,31.098731846615749],[77.173677311854021,31.098744323169985],[77.173545804784638,31.098779059057499],[77.173334874966031,31.098864018778883],[77.173191241538632,31.098924786882364],[77.173129692568637,31.098938451065944],[77.173023500023959,31.09896202570091],[77.172925174026176,31.098978864392709],[77.1728823576248,31.098994804648964],[77.172831379130756,31.099025408271913],[77.172780506637892,31.099066286930963],[77.172759985523555,31.099086633180029],[77.172423709281773,31.09955012279983],[77.172392982407487,31.099655365653469],[77.172392982407487,31.099781656000914],[77.172417563906919,31.099881636509355],[77.172497453780096,31.100018451488101],[77.172540471404105,31.100086858518939],[77.17271254279845,31.100265769751335],[77.172796482276908,31.100335077331497],[77.172959113275951,31.100439741650511],[77.17305668558717,31.100481515042542],[77.173241047731224,31.100549922509078],[77.173289386076675,31.100561511944669],[77.173483247904898,31.100584860803249],[77.173555964730511,31.100583304725674],[77.173708000999099,31.100559358972713],[77.173846321789895,31.100513998864997],[77.173977107512115,31.100408570048483],[77.174062822959897,31.100268255791622],[77.174214569970943,31.100078466578164],[77.174474758009836,31.099852446950052],[77.174632478817543,31.099765267433263],[77.174728234735255,31.099750083429768],[77.17494332375361,31.099771131811675],[77.175029359001613,31.099807967238],[77.17518299427141,31.0999079469496],[77.175224739880989,31.099967522897394],[77.175238302645141,31.099986878995679],[77.175238302645141,31.100076334363578],[77.175238302645141,31.100239459410222],[77.17524444802001,31.100339438667614],[77.175262884144573,31.100518349424156],[77.175305901768581,31.100681473711642],[77.175367356415478,31.100855121789248],[77.175477973162941,31.101102438643036],[77.175594736183569,31.101276085950936],[77.17572378905561,31.101423422928306],[77.175852842825961,31.101565496912528],[77.176148549352874,31.101849115045656],[77.176239167805477,31.101963347088805],[77.176256787361439,31.10203447254408],[77.176271890736302,31.102122839900378],[77.176249236123184,31.102247847821154],[77.176241684884914,31.102301730375515],[77.176231615668883,31.102346991943723],[77.176188824420308,31.102413806636818],[77.176148549352874,31.102454756909392],[77.17611079226316,31.102484931754738],[77.176085620570603,31.102508639346418],[77.176055686010386,31.102527584186159],[77.175826354203181,31.102581919627006],[77.175773493738575,31.102586230863459],[77.17566525573001,31.102603472730472],[77.17564488553262,31.102607833193222],[77.175367657351103,31.102658619608846],[77.175192297224484,31.10267399313387],[77.174953832245819,31.10268242484252],[77.174925211920865,31.102681063400837],[77.174880763280584,31.102676496802243],[77.174755411467544,31.102673507014558],[77.174711253881412,31.102678908169416],[77.174635738803715,31.102693995557644],[77.174591296451652,31.102707736885733],[77.174509532692795,31.102745316504286],[77.174459537853963,31.102778051841927],[77.174426814923137,31.102797449672142],[77.174373954458531,31.102838400548432],[77.174333680289436,31.102868574502757],[77.174243062735115,31.102924611930842],[77.174124756408844,31.102984959775075],[77.174076930103112,31.103000047114705],[77.173996380866541,31.103017289675769],[77.17394100332254,31.103023755346921],[77.173890660835696,31.103028065794113],[77.173830249132834,31.103038842680434],[77.173799632751326,31.103044541484447],[77.173484706768903,31.103139472787426],[77.173301646283662,31.103206954564143],[77.173254740751119,31.10322458705771],[77.173121405610118,31.103258435221257],[77.173002103950523,31.103278079088074],[77.172936658088787,31.103288855176828],[77.172856109750541,31.103291011163591],[77.17282608086721,31.103291011163591],[77.172744944132432,31.103279460519648],[77.172689190194305,31.103262587977639],[77.172543667609872,31.103235646976849],[77.172299818129375,31.10322217647359],[77.172209198778447,31.103220765812669],[77.1720161274677,31.103201394220807],[77.171938473501285,31.103181321909265],[77.171635131294451,31.103131250334307],[77.171505340007258,31.103131250334307],[77.171395214638267,31.103131250334307],[77.17126542424937,31.103131250334307],[77.17112383359094,31.103114412378744],[77.1710255075932,31.103144720850469],[77.170958645088277,31.103178397517055],[77.170852452543599,31.103242382612326],[77.17069387204819,31.103370756488065],[77.170603254493884,31.103416017546785],[77.170530256495567,31.103452656959483],[77.170479914008737,31.103474209865333],[77.170434604782443,31.103491452340254],[77.170384261397302,31.103528091723895],[77.170338953069304,31.103558265459039],[77.170308747217888,31.10359490558605],[77.170293643843024,31.103618613669749],[77.170274094705789,31.103660460272895],[77.170221783111856,31.103727362496191],[77.170147648744717,31.103780258908024],[77.170094789178449,31.103810432563044],[77.170021791180147,31.103847072592746],[77.169936207784701,31.103866469435374],[77.169888382377295,31.103866469435374],[77.169815384379007,31.103866469435374],[77.169777627289292,31.103855693412164],[77.169740075913793,31.103836401943184],[77.169656803883584,31.10381258776879],[77.169595254913588,31.103801712516894],[77.169580274607895,31.103801397927597],[77.169530821453193,31.103814983723733]]]},"properties":{"objectid":10214,"id":"10155","name":"Shimla (M Corp.) - Ward No.11","code":"11","town":"Shimla","district":"Shimla","state":"Himachal Pradesh","st_area(shape)":692214.34945302096,"st_perimeter(shape)":4722.1907951801413}},{"type":"Feature","id":10217,"geometry":{"type":"Polygon","coordinates":[[[77.18538174825342,31.104501821909892],[77.185379591398416,31.1045281356852],[77.185360712404389,31.104630510207979],[77.185238001638268,31.104835258922591],[77.185124729470829,31.104894527962077],[77.184252906402747,31.105108437530188],[77.183878195741542,31.105248276220461],[77.183575061943856,31.105370627214008],[77.183239394759866,31.105534513858426],[77.183089344666357,31.105620640493964],[77.182468227919358,31.10601640005617],[77.182301638044891,31.106112922063609],[77.182222429993018,31.106156028970251],[77.182145718359322,31.106191552061702],[77.182068951030089,31.106203766125802],[77.181852293553234,31.106155181369232],[77.181683292600525,31.10599075123827],[77.181527779851805,31.105798420648878],[77.181351579800392,31.105472693936328],[77.181290055983212,31.105362681849634],[77.181216319569728,31.105193160842902],[77.181189178770055,31.105062640406594],[77.181186032869959,31.104932808187197],[77.181208932723166,31.104762164209838],[77.181271592010873,31.104597887037166],[77.181356728943584,31.104477252585777],[77.181612269099205,31.104118374205054],[77.181677537992812,31.104016755219593],[77.18173063740926,31.103965119602165],[77.181788685644591,31.103935637476422],[77.181864531302352,31.103924236129107],[77.181931060532307,31.10393312384215],[77.181957458425245,31.103944416736017],[77.18209461230451,31.104057167154696],[77.182244060526727,31.104116225928731],[77.182400717729152,31.104170718139311],[77.182577470244439,31.104201731597122],[77.182673677116426,31.104201731597122],[77.182765699635823,31.104170653529522],[77.182835555327244,31.104122803823074],[77.182950781330433,31.104010988787316],[77.183158188854819,31.10380709053258],[77.183488503876347,31.103537417900423],[77.183826501290199,31.103188815952166],[77.183941727293401,31.10303095788564],[77.18408749152465,31.102804453011636],[77.184250150371454,31.102405579505771],[77.184309553266246,31.10223418719039],[77.184411202132239,31.102069635662158],[77.184571630462187,31.10188647963281],[77.18472526573197,31.101695732172896],[77.184800647859035,31.101613808649148],[77.185002445404479,31.101458949328439],[77.185117311183205,31.101403017952435],[77.185312395618524,31.101331788953171],[77.185381732982037,31.101298515455046],[77.185419498156577,31.10127767893821],[77.185472640692154,31.10122693332022],[77.185492000284839,31.101197116516822],[77.185500354616977,31.10113681984139],[77.185491321158494,31.101055325812382],[77.185469729252333,31.100993828341736],[77.185421098056096,31.10093731826073],[77.185340242494021,31.100874312330706],[77.185139312721134,31.100750594844129],[77.184763674998578,31.100531504941578],[77.184663123873889,31.100469157941582],[77.184368037184512,31.100340376316378],[77.183848690576028,31.100038273709728],[77.18357361835119,31.099835009207041],[77.183078551408244,31.099560097803764],[77.182981508204733,31.099518550151778],[77.182847185815234,31.099459299294899],[77.182655672183174,31.099331930865166],[77.182504009613766,31.099175109429268],[77.182431371839911,31.099061711697289],[77.182419938082958,31.099041780813884],[77.1823118069739,31.098735710347867],[77.182305514275342,31.098514782770614],[77.182296074778321,31.098404318789335],[77.182292927979873,31.098256135610733],[77.182318099672457,31.098083703523137],[77.182330685967898,31.097876245692781],[77.182330685967898,31.097781946808958],[77.182302367476893,31.097701119119666],[77.182239438694594,31.097655316116541],[77.182138752822624,31.097628373525179],[77.181887036795175,31.097628373525179],[77.181775097727595,31.097628373525179],[77.181456704248191,31.097619824446884],[77.181350204479699,31.097596524089315],[77.181132213902941,31.097523283038413],[77.181031634032166,31.097471090822633],[77.180955688661413,31.097407443372415],[77.180741730622003,31.097278118372877],[77.18053179883168,31.097195670276506],[77.180288075115314,31.097162610711305],[77.180228830324012,31.097158673070009],[77.180002316531855,31.097162264561934],[77.179483152281364,31.097197290254936],[77.179211640080013,31.0972091524036],[77.178763163360955,31.097221443775712],[77.178503646363581,31.097208299338174],[77.178378749996369,31.097186513475037],[77.178171084655489,31.097156876170121],[77.177950833917507,31.097143404804701],[77.177695971989934,31.097102990697024],[77.177544941834483,31.097073353366103],[77.177290079906896,31.097041022211293],[77.177132757951199,31.097008691045541],[77.177036153125528,31.096934666472741],[77.177016268916717,31.096902978341078],[77.176448499521172,31.096056131702788],[77.17628669407388,31.09573275696669],[77.176221348823475,31.095547116400081],[77.176171659411864,31.095326629871213],[77.176166927086953,31.095179049588634],[77.176215632843352,31.094896793092246],[77.176247684732687,31.094805095127722],[77.176281658118413,31.094726001081398],[77.176366984595688,31.094575735981319],[77.176405533999457,31.09452974916087],[77.176616079339141,31.094384819221975],[77.17690451580043,31.09422805346604],[77.17704086389088,31.094122446900148],[77.177127910641914,31.09402486345493],[77.177245387823206,31.093812660501129],[77.177330983795031,31.093527613720852],[77.177349862789072,31.093457560385115],[77.177394261123652,31.093255600299234],[77.1774196879378,31.093129178194818],[77.177422231068348,31.093096511841566],[77.177412791571342,31.09298873625843],[77.177387619878772,31.092862099176571],[77.177380519594749,31.092749613169957],[77.177348856675962,31.092574540224948],[77.177327837894936,31.092503743852035],[77.177314098162668,31.092494638907855],[77.177298580664441,31.092469621846128],[77.177165773732824,31.092032052593492],[77.177152613413909,31.092000693609432],[77.177063528385517,31.091752449941399],[77.177034566700755,31.091531040717154],[77.177033761810264,31.091459547380094],[77.177060240551569,31.09130008897402],[77.177095441934298,31.091197643926527],[77.17718595887726,31.091090703155029],[77.177252509666772,31.091044266163031],[77.17749899480431,31.090923952207561],[77.177604982533126,31.090875405021819],[77.177691252241445,31.090816303397684],[77.177767662939488,31.090742426315757],[77.177814494810207,31.090638998304566],[77.177839833589431,31.090559042279796],[77.177854030564177,31.090511761133666],[77.177872960762159,31.090440163177451],[77.177912398599773,31.090387477810918],[77.177978653843553,31.09033614403327],[77.178030711214262,31.090309126284865],[77.178150411725852,31.090260655712616],[77.178220074279537,31.09024163534502],[77.178247333656827,31.090211375066957],[77.178272573621342,31.090169010199904],[77.178289421524497,31.090002471494376],[77.178283110859624,31.089914662129466],[77.178272068768166,31.089824151740579],[77.178273646209803,31.089775518602799],[77.178284689199586,31.089724184494489],[77.178391958824292,31.0895688296049],[77.178429819220256,31.089513442034349],[77.178439283870077,31.089471563812342],[77.178416840361024,31.089433607378528],[77.178636767705513,31.089374176373315],[77.178932056515819,31.089272770860756],[77.179093915862026,31.089211022668064],[77.179251444430278,31.089140250713925],[77.179328065334104,31.089098962369814],[77.179345137816071,31.089087592320908],[77.179512037609328,31.088949996927706],[77.179645964740104,31.088818074836997],[77.179735430654191,31.088703576966957],[77.17976511278782,31.088648839711166],[77.179844459180245,31.088362768896765],[77.179883856593662,31.088277668234912],[77.179931001078089,31.088175835363497],[77.180018597598064,31.08806860116708],[77.180212161185594,31.087888002976229],[77.180288143387259,31.087828731787223],[77.180402690264089,31.087739377203611],[77.180494861005499,31.087671083599673],[77.180557674803453,31.087635811296458],[77.180636980771652,31.08760341230894],[77.18069517543239,31.087589919587117],[77.180793504125091,31.087590285773118],[77.180830685394682,31.087595704710086],[77.180904253823186,31.08762332020531],[77.18094347965841,31.087647514625054],[77.181016336621198,31.087746447812869],[77.181111689195333,31.087872645521262],[77.181224377457866,31.088006265989105],[77.181291480711252,31.088084212457421],[77.181351642682458,31.088130557811517],[77.181401096735485,31.088158791663361],[77.181491709798181,31.088198383354811],[77.181589720487267,31.088233223106521],[77.181635256987335,31.088239571312844],[77.181693176763588,31.088232306878421],[77.181912068350556,31.088122565616654],[77.182031405044469,31.088046799360701],[77.182054211472916,31.088025615293088],[77.182158698116865,31.087888615335739],[77.182197164875646,31.087832796749151],[77.182250726924465,31.087735028367089],[77.182273250383588,31.087677162589433],[77.182325261041896,31.087575709107977],[77.182365713077459,31.087538591991066],[77.182455285891066,31.087511373429489],[77.18258820151884,31.087469307385412],[77.182729784990769,31.08746683254962],[77.182880036306855,31.087484154090852],[77.18314297678377,31.087481679255454],[77.183351017620438,31.087486628156874],[77.183469485643457,31.087486628156874],[77.183605290253197,31.087474256287454],[77.183712662285828,31.087468317297212],[77.183832864057379,31.087425558095056],[77.1839031356688,31.087395468474107],[77.183988200736309,31.087366962832505],[77.184060321978862,31.087346374821003],[77.184200865201731,31.087297281911859],[77.184313669346878,31.087305199553935],[77.184376544230247,31.087319453154397],[77.184515237821927,31.087395468474107],[77.184572564710095,31.087423974876447],[77.184631740331099,31.087466733309991],[77.18464560133593,31.087479078254919],[77.184691669638653,31.087548656725534],[77.184719039508721,31.087672664506311],[77.18472605265616,31.087743874514278],[77.184746394107478,31.08789115401207],[77.184762588935399,31.08794940276853],[77.184810676650869,31.088056495549335],[77.184875445182854,31.088161290329229],[77.184928865297849,31.088273533286404],[77.184950147285249,31.088302994117367],[77.184988045410464,31.088330714030732],[77.185027723996569,31.08834862776952],[77.185082957810138,31.088366249943178],[77.185169873407133,31.08838366978982],[77.185273431193053,31.088405840778933],[77.185539320839084,31.088440648144314],[77.185579980385469,31.088462365238247],[77.185600481736856,31.088485773998212],[77.185610510528718,31.088522665342978],[77.185600624568991,31.088590394445163],[77.185586971075011,31.088625270209743],[77.185564386530459,31.088656527992296],[77.185511968935288,31.088705817137274],[77.185470930299843,31.088728230377264],[77.185358497158902,31.088773246855641],[77.185178057059346,31.088844485271729],[77.184970377345465,31.088929544653769],[77.184848637658135,31.08897515569565],[77.184811087180933,31.089004170892036],[77.184786011608125,31.089038858798872],[77.184768988533463,31.089081751130841],[77.184765643207371,31.089112634890292],[77.18476580131086,31.089153059320676],[77.184785272294647,31.08926977834334],[77.184798635632802,31.089349887771213],[77.184792856770585,31.089426595360379],[77.184772630303627,31.089528046096429],[77.184688836352237,31.089659190227067],[77.184619489107277,31.089787860170681],[77.184480795515611,31.090003133843364],[77.184336323061714,31.090146649610677],[77.184191849709521,31.090248099577991],[77.184084940309262,31.090312434172798],[77.183900014921463,31.090389140215567],[77.183738204982632,31.090507911683286],[77.183634184564298,31.090646477182304],[77.183611069115429,31.090678644350263],[77.183567727199559,31.090733081189661],[77.183400138398497,31.090851851458169],[77.183246997202104,31.09094835272089],[77.182969610018773,31.091171046444124],[77.182809961426472,31.091278112515941],[77.182737130514838,31.091341049422812],[77.18269092926144,31.091409014988923],[77.182655565283682,31.091539151092341],[77.182640211278823,31.091656023344822],[77.182637322296856,31.091841600742622],[77.182625621740286,31.092021949870787],[77.182605451867232,31.092095623641917],[77.182561084973656,31.092175409905458],[77.182515193639063,31.09224562034645],[77.182383049664139,31.092405752575271],[77.182264582539418,31.092529470160891],[77.182218860088085,31.092578412669301],[77.182149776049471,31.09266960968888],[77.182103706848423,31.092754487179171],[77.182066805853196,31.092841443122715],[77.182053651822486,31.092890723173497],[77.181983108919852,31.093099560393991],[77.1819079801177,31.093254663349782],[77.181877395177224,31.093298986895277],[77.181810937812486,31.093430125821051],[77.181776263740858,31.093491983582414],[77.181686690927236,31.093729517842583],[77.181594228233365,31.093942307917413],[77.181464202485856,31.094207058472225],[77.181424636189163,31.094280982861001],[77.181380455246895,31.094377664489947],[77.181368313617483,31.094424990636043],[77.181356496279932,31.09453151764847],[77.181362146683085,31.094578300633266],[77.18137389215542,31.094608474903939],[77.18139237499237,31.094630769057574],[77.18141928941661,31.094647313128551],[77.18145328166699,31.094657997887573],[77.181509173945628,31.094658252506381],[77.181542777225474,31.09464894315051],[77.181574865047395,31.094639828411786],[77.181613856422302,31.09461979967616],[77.181641085256899,31.094599242467389],[77.181684667022907,31.094563960428129],[77.181743208433332,31.094490018567015],[77.181772796243862,31.094448846395565],[77.181946741523902,31.094283761370772],[77.181957846497454,31.094272138860926],[77.182076032449473,31.094147602760021],[77.182138988181222,31.094056831782915],[77.182199955042904,31.093970658506365],[77.182247245054413,31.093920039756618],[77.182297952257258,31.093875009562506],[77.182352190737475,31.093845551997731],[77.182461499537894,31.093827926993978],[77.182514223458526,31.093824962312969],[77.182608719938244,31.093833570964847],[77.182677526397413,31.093857000709729],[77.182695110919113,31.093865604743254],[77.182809366741765,31.093907000249118],[77.182896378458523,31.093963641438336],[77.183055927337804,31.094108778946818],[77.183187587120798,31.094266037215846],[77.183342649813568,31.09452720989264],[77.183393357914724,31.094654003218626],[77.183544585699536,31.095056574695523],[77.183583617498655,31.09514384545767],[77.183635574258048,31.095228046886334],[77.183661584078777,31.095260064040527],[77.183745203756985,31.095333072219589],[77.183816353920761,31.095377089408995],[77.183952242972126,31.095442252842741],[77.18405127324904,31.095492866935238],[77.184135557680534,31.095560940300953],[77.184183950823211,31.095611387406546],[77.18422392675167,31.095661835254617],[77.184249175699364,31.095692463797604],[77.184276076648885,31.095725577720788],[77.184295866534569,31.095739660057749],[77.184338072979898,31.095758313939392],[77.184345433775349,31.095759943942358],[77.184363132383069,31.095760149327322],[77.184378629220021,31.095757496245639],[77.184385931624959,31.095754861625434],[77.184399476422826,31.095746305455418],[77.184410603854232,31.095735310818132],[77.184415004700824,31.095727992341342],[77.184419966096129,31.095714236926515],[77.184425914739947,31.095679852226802],[77.184430122448745,31.095578957292311],[77.184402638492614,31.095402840324567],[77.184392775889108,31.095267712555692],[77.184386201119565,31.095163551003306],[77.184386201119565,31.095050943874352],[77.184373050682112,31.094817284502042],[77.184415788930053,31.094631482144219],[77.184415788930053,31.094496352508944],[77.184399351557005,31.094431603048257],[77.184396063723057,31.094372484405167],[77.184389488953499,31.094302103994508],[77.184386201119565,31.094212017792785],[77.184392775889108,31.094175420200909],[77.184392775889108,31.094096594866279],[77.184355585636354,31.093770206468566],[77.184355585636354,31.093642641944516],[77.184365859668247,31.093532672310175],[77.184386406833752,31.093391910961671],[77.184404228510672,31.093339510316536],[77.184435071267657,31.093282252584245],[77.184460444182847,31.093251636341417],[77.184496391167258,31.093223779398176],[77.184533041532532,31.093207133537923],[77.184573148615002,31.093201397988757],[77.184619286986333,31.09320233340026],[77.184666956985197,31.093210926723504],[77.184705640237951,31.093225946382955],[77.184787283622541,31.093288627377081],[77.184859609681013,31.093356193077657],[77.185010837465853,31.093482877963726],[77.18522781653958,31.093620823724404],[77.185320255877258,31.093675480421769],[77.185404192660755,31.093711484346244],[77.185497396464768,31.093733432548568],[77.18569136249755,31.093750323706825],[77.185813001573521,31.093730617098792],[77.185884138262566,31.093704064172719],[77.1859239722572,31.09368403600903],[77.185973973384236,31.093650325206124],[77.185995426949845,31.093629083155538],[77.186024169445673,31.093591174537593],[77.186035047145467,31.093569217840695],[77.186050939241156,31.09350408312293],[77.186057477179787,31.093396314156102],[77.186055447885551,31.093332881674026],[77.186034926771228,31.093188785317981],[77.186040058846444,31.093100633502875],[77.186052993688207,31.093004289046373],[77.186069431959595,31.092914201614022],[77.186085869332658,31.092852266550857],[77.186105594539654,31.092770624640213],[77.186128607580642,31.092686167178741],[77.186161483225078,31.092601709642132],[77.186210797140902,31.092520067516194],[77.186232015347912,31.092491298786982],[77.186280681578438,31.092448334914568],[77.186316907938874,31.092426619500884],[77.186374647153798,31.09240451483706],[77.186420767558801,31.092399248487624],[77.186484817438554,31.092404717152245],[77.186595441372504,31.092429978855471],[77.186713774648268,31.092464432426162],[77.186784647232599,31.092480563782473],[77.186856030060028,31.092488400989758],[77.186930615381428,31.092489995662891],[77.186950497793617,31.092489099476612],[77.187001192420055,31.09248075148156],[77.187019805512747,31.092473474294053],[77.187061591546495,31.092449623423299],[77.187077658813649,31.092433691299885],[77.187106366275202,31.092391485121876],[77.187134601222894,31.092314553763924],[77.187157614263839,31.092196313036901],[77.187160901199448,31.092142823227441],[77.187157614263839,31.092049919478686],[77.187156416809572,31.092028390135479],[77.187160980251207,31.091975604876193],[77.187166897453977,31.091962092005112],[77.187195227623107,31.091926225115774],[77.187235167618965,31.091897083113981],[77.187328567255662,31.091850034951332],[77.187347382469312,31.091836608219971],[77.18737455650664,31.09181244717594],[77.187394341900784,31.09178866460379],[77.187407096181175,31.091762218831978],[77.187413414930901,31.091730525897919],[77.1874182299008,31.091673633366156],[77.187415457699856,31.091653315530689],[77.187405436992876,31.091626478164976],[77.18738739163544,31.091597504540516],[77.187331018758087,31.091505808776365],[77.187325890276128,31.091483850828233],[77.187327374292963,31.091469058596395],[77.187336303546914,31.091448773795634],[77.187348292462673,31.091433374606524],[77.187411544638465,31.091384500742308],[77.187459744643348,31.09136445285797],[77.187503005710823,31.091351582238648],[77.187569348091145,31.091343060289148],[77.187758711156434,31.091319636847704],[77.187882849345527,31.091341257894396],[77.187908907675293,31.091347288954751],[77.188004883680264,31.091389906385423],[77.188068004702004,31.09143495083492],[77.18815847852585,31.091483599277986],[77.188217391838819,31.091490805768835],[77.188240536033817,31.091483599277986],[77.188288213219195,31.091466849261835],[77.188333665277597,31.091433912324266],[77.188343633882326,31.091415131433646],[77.188358361761402,31.091373690224508],[77.188385714563495,31.091308826322514],[77.188413067365573,31.091251168885147],[77.188467772071419,31.091166484677036],[77.188511956606987,31.09106558494927],[77.188526685384403,31.091024143587671],[77.188547725724987,31.090986306241749],[77.188568766065572,31.090939459946487],[77.188588062776176,31.09091689260455],[77.1886130548057,31.09089696616644],[77.188628567812344,31.090890324275914],[77.188652698357501,31.090883682384934],[77.188698374994743,31.090879253688065],[77.188763872958759,31.090874088028663],[77.188811272564735,31.090882943884168],[77.188837126976935,31.090890324275914],[77.188891421152704,31.09090287032522],[77.188965537553514,31.09091984506799],[77.188995700285801,31.090926486956505],[77.189081020474859,31.09094050923235],[77.18914048535342,31.090929438650342],[77.18916978660134,31.090910250715424],[77.189221017522016,31.090851172191051],[77.189250474178493,31.090797118516992],[77.189267306810279,31.090770090899124],[77.189278748652043,31.090748860512967],[77.189309480017911,31.090711801561788],[77.189361840120895,31.090692356645686],[77.18944037084303,31.090678662043558],[77.18949356098932,31.090676428843196],[77.189518444322701,31.09067855973019],[77.189561535608561,31.090691245045907],[77.189639636935979,31.090712001572776],[77.189711006288675,31.090743136354501],[77.189812000282814,31.090793875264811],[77.189910301127739,31.09083884768528],[77.189988516541177,31.09087475114087],[77.190086128378283,31.090903933458382],[77.19020149990854,31.090921442075299],[77.190287765125277,31.090935855910921],[77.190378238949108,31.090970090012007],[77.190405591751201,31.091002522468795],[77.190426632091786,31.091029549251271],[77.190426632091786,31.091072792241061],[77.19041190331437,31.09112864738788],[77.190355094754125,31.091285402872636],[77.190302493902678,31.091393509634486],[77.190281452663768,31.091483599277986],[77.1902730372462,31.09161152517882],[77.190280795995292,31.091709271879147],[77.190257782954347,31.091810621712188],[77.190172306458422,31.091892264447765],[77.190044091714583,31.091987983082909],[77.189850125681787,31.092075256663943],[77.189537807508628,31.092269509731395],[77.189386579723831,31.092393380577064],[77.189172887585713,31.09250036065303],[77.189011797197395,31.092562295945541],[77.188932896369366,31.092627046680242],[77.188859478857808,31.092750619357489],[77.188832638095434,31.092861226071463],[77.188830981602052,31.092886049177746],[77.188840844205558,31.093026811275742],[77.188840844205558,31.09307970287724],[77.188801107228983,31.093197655573494],[77.188760683041195,31.093259761185546],[77.188681423785354,31.093354340719749],[77.188574552114304,31.093457541153864],[77.188515375594974,31.093513845679375],[77.188456199973942,31.093612378134118],[77.18837072347803,31.093747509026805],[77.188321410460503,31.093803813380461],[77.188242508734177,31.093879823512658],[77.188015667056916,31.094003693028057],[77.187890740146997,31.094102224974751],[77.187752001639581,31.094235285903025],[77.187728700239404,31.094271278845913],[77.187688470986046,31.094370110520053],[77.187673761073285,31.0944259729593],[77.187650748032297,31.09448509233837],[77.187571846305971,31.094575178281094],[77.187463356769115,31.094676525056897],[77.187371305503618,31.094738458930728],[77.187316121995707,31.094788863395689],[77.187213502050923,31.094969303853151],[77.187169468432344,31.095221492991541],[77.187160901199448,31.095267712555692],[77.187147750762009,31.095445068241805],[77.187124738619389,31.095715323082807],[77.187118162951506,31.095996838686119],[77.187118162951506,31.096275537311676],[77.187129966814339,31.096326074037396],[77.187183983410705,31.096461318761691],[77.187225825140018,31.096553461278475],[77.187371305503618,31.096982135189528],[77.187432584979049,31.097187863457144],[77.187478874267313,31.097268939271942],[77.187542199206646,31.097356473382337],[77.187695785967421,31.097616371431332],[77.187722942936773,31.097667107440063],[77.187754503447621,31.097742776795318],[77.187790271667296,31.097832860417967],[77.187821832178173,31.097937355959445],[77.187842872518758,31.098063472441218],[77.187859705150544,31.098283274173014],[77.187842872518758,31.09840218269105],[77.187842872518758,31.098465240259696],[77.187851288834679,31.098537306770393],[77.187893369515848,31.098645405280077],[77.187929138633805,31.098733685792258],[77.187964906853495,31.098930064408119],[77.18798805104845,31.099025551344191],[77.188004883680264,31.099083204063177],[77.188025924020849,31.099191301951588],[77.18805748453174,31.099438125463902],[77.188095357504096,31.099605676820104],[77.188103773820004,31.099630898148412],[77.188124156593773,31.099780321439635],[77.188245796568111,31.100213835953966],[77.188331273064023,31.100509412932382],[77.188426612163454,31.100692388549675],[77.188528526032428,31.100813433941784],[77.18872577989913,31.100996408973309],[77.189011797197395,31.101151234434749],[77.189182751087515,31.101249758967622],[77.18928952574052,31.101315765247737],[77.189511375479725,31.101466738105465],[77.189730195201477,31.10169193701859],[77.189881686192663,31.101850476499227],[77.190005824381785,31.101990999943574],[77.190148899057064,31.10210269813458],[77.190313014072956,31.102185570404888],[77.190481336797617,31.102214395425069],[77.190670699862906,31.102257633323603],[77.190788274062243,31.102276225929266],[77.190858295942007,31.102288908927136],[77.190933705018509,31.102331569907481],[77.191053551057209,31.102446870527793],[77.191170703946668,31.102529887103046],[77.191246112124887,31.102584078706514],[77.191336333522102,31.102641728496327],[77.191374038509551,31.10268323709245],[77.191419822046328,31.10274203981627],[77.191507350294344,31.10281813817398],[77.19167028672058,31.102910378362658],[77.191787439610039,31.102956498038804],[77.191951722610895,31.102988781798796],[77.192075608373401,31.102987628807522],[77.192156403748385,31.102993393763573],[77.192282982660089,31.103015301362568],[77.19236512460968,31.103056809026292],[77.192536140483583,31.103174414744029],[77.192627708455447,31.103255124707406],[77.192703116633666,31.103315080833571],[77.192808150351624,31.10343729817475],[77.192835081843839,31.103494947446563],[77.192870093682046,31.103564127295716],[77.192961660755572,31.103717474845926],[77.193001977145514,31.103774547841432],[77.192937353242286,31.10378726371335],[77.192858171241596,31.103798257418603],[77.192753557036852,31.103819368744208],[77.192622139799013,31.103840287004278],[77.192307697110209,31.103862372854532],[77.191355491892182,31.103809554943535],[77.191078498170967,31.10380575525868],[77.190959444446335,31.103813050038152],[77.190868334615303,31.10385164913421],[77.190797436878142,31.103886937722766],[77.190577516720168,31.104057692494369],[77.190277865690817,31.10418728823856],[77.190239054877296,31.104194850657674],[77.190155735236374,31.104244599392349],[77.190117826331402,31.104301332870193],[77.190087903449282,31.104381944192205],[77.190076019636379,31.104437406932593],[77.190054204049702,31.10457050260942],[77.190025205534042,31.104678941143558],[77.190002463784268,31.104742223754421],[77.189970316673538,31.104793412837125],[77.189866983466402,31.104891786682337],[77.189794053740073,31.104945715424375],[77.189743711253229,31.104999596448039],[77.189639878582796,31.105112746344428],[77.189595827896184,31.105223202523398],[77.18958009570062,31.105277083389613],[77.189592681996089,31.105503383155444],[77.189620999588783,31.10559228645986],[77.189652463979925,31.105670413863738],[77.189643024482919,31.105770093588077],[77.18958009570062,31.105832055609422],[77.189526606415356,31.105858996642784],[77.189435359142053,31.105875160336186],[77.189281183984804,31.105880548233323],[77.189027046997651,31.10590524718074],[77.188712094964089,31.105984174242487],[77.188497005945734,31.106056523478617],[77.188298509708957,31.106064415713693],[77.188165768354395,31.106060206931943],[77.188023194938992,31.106051787829621],[77.187767546985555,31.106013902629037],[77.187408655656498,31.105832897829284],[77.187270997822395,31.105740290517513],[77.187123508825763,31.105639263976478],[77.187059596388238,31.105538237327941],[77.187039931368361,31.105437211341098],[77.187035014888806,31.105361441203595],[77.187049763429158,31.105264623845851],[77.187064510172846,31.105220431256093],[77.187089094367238,31.105051095362274],[77.187075611553126,31.104817822094443],[77.187052113421927,31.104761393512227],[77.186995131486839,31.104678872688314],[77.186933977775539,31.104626456733119],[77.186855382374716,31.104574743761905],[77.186242058512804,31.104386707614296],[77.186169289584882,31.104346002768491],[77.186084131092571,31.10427323457349],[77.186043909924066,31.104204199843672],[77.185979198884255,31.103969876122711],[77.185920448166343,31.103842796026044],[77.185890547742133,31.10380182712284],[77.185854070751688,31.103773212567088],[77.185780814936891,31.103750047554207],[77.185731986111321,31.103749405299343],[77.185686640054072,31.103748360769984],[77.185578869169447,31.1037730410428],[77.185491076816717,31.103818990314114],[77.185429311352763,31.103861395243879],[77.185410569800993,31.103885467076761],[77.185385429549441,31.103957052591955],[77.185379109003108,31.104008109032321],[77.185372924102353,31.10416053209952],[77.18538174825342,31.104501821909892]]]},"properties":{"objectid":10217,"id":"10156","name":"Shimla (M Corp.) - Ward No.15","code":"15","town":"Shimla","district":"Shimla","state":"Himachal Pradesh","st_area(shape)":1831449.377402189,"st_perimeter(shape)":11165.460923733639}},{"type":"Feature","id":10218,"geometry":{"type":"Polygon","coordinates":[[[77.187260156953514,31.109835558394117],[77.187033088900861,31.109929841464236],[77.186881374229131,31.110053066294583],[77.186805220449259,31.110135653975842],[77.186683134910567,31.110255859763779],[77.186389897852365,31.11041901808629],[77.186123230265338,31.110532802964528],[77.185518466449764,31.110718866477367],[77.184846704483661,31.111046319530953],[77.184136697642657,31.111206020897168],[77.183972454167673,31.110772266607423],[77.183711274388713,31.110528922022816],[77.183488503876347,31.110357922004024],[77.183211961109407,31.110213230031519],[77.183042961953291,31.110068537838437],[77.182820191440953,31.109930422147823],[77.182497557913379,31.109798882988301],[77.182236378134419,31.109673920387237],[77.182013607622068,31.109588420415513],[77.181666392595062,31.10955395690457],[77.181317333326817,31.109427678783454],[77.181027270914839,31.109305609901625],[77.180879781019911,31.109204587923045],[77.180766705583508,31.109010960945849],[77.18071262610512,31.108897309609887],[77.180643798086336,31.108670008068067],[77.180626808249357,31.108491822574642],[77.180624132168148,31.108463752437373],[77.180615896413627,31.108434606279701],[77.180613210450929,31.1084251021461],[77.180599105104335,31.108375184854715],[77.180511850842478,31.108002880607476],[77.180524630275713,31.107796969638276],[77.180668379585782,31.107491396561546],[77.180658764917311,31.107447495742072],[77.180658769408865,31.107372346364798],[77.180670152860159,31.107257818556374],[77.180673295167026,31.107226207706312],[77.180702793146011,31.107129392249799],[77.180761789103968,31.106994691885369],[77.180835534500588,31.106902085706587],[77.180889613979019,31.106826316737948],[77.180933860498314,31.106742129436888],[77.181017437955731,31.106607429292179],[77.181120680433011,31.106527450558222],[77.181209174369982,31.106460100357513],[77.181322249806357,31.106413797018774],[77.181494321200702,31.106354865044484],[77.181602480157565,31.106279095639145],[77.181759802113291,31.106157022709432],[77.181852293553234,31.106155181369232],[77.182068951030089,31.106203766125802],[77.182145718359322,31.106191552061702],[77.182222429993018,31.106156028970251],[77.182301638044891,31.106112922063609],[77.182468227919358,31.10601640005617],[77.183089344666357,31.105620640493964],[77.183239394759866,31.105534513858426],[77.183575061943856,31.105370627214008],[77.183878195741542,31.105248276220461],[77.184252906402747,31.105108437530188],[77.185124729470829,31.104894527962077],[77.185238001638268,31.104835258922591],[77.185360712404389,31.104630510207979],[77.185379591398416,31.1045281356852],[77.18538174825342,31.104501821909892],[77.185372924102353,31.10416053209952],[77.185379109003108,31.104008109032321],[77.185385429549441,31.103957052591955],[77.185410569800993,31.103885467076761],[77.185429311352763,31.103861395243879],[77.185491076816717,31.103818990314114],[77.185578869169447,31.1037730410428],[77.185686640054072,31.103748360769984],[77.185731986111321,31.103749405299343],[77.185780814936891,31.103750047554207],[77.185854070751688,31.103773212567088],[77.185890547742133,31.10380182712284],[77.185920448166343,31.103842796026044],[77.185979198884255,31.103969876122711],[77.186043909924066,31.104204199843672],[77.186084131092571,31.10427323457349],[77.186169289584882,31.104346002768491],[77.186242058512804,31.104386707614296],[77.186855382374716,31.104574743761905],[77.186933977775539,31.104626456733119],[77.186995131486839,31.104678872688314],[77.187052113421927,31.104761393512227],[77.187075611553126,31.104817822094443],[77.187089094367238,31.105051095362274],[77.187064510172846,31.105220431256093],[77.187049763429158,31.105264623845851],[77.187035014888806,31.105361441203595],[77.187039931368361,31.105437211341098],[77.187059596388238,31.105538237327941],[77.187123508825763,31.105639263976478],[77.187270997822395,31.105740290517513],[77.187408655656498,31.105832897829284],[77.187767546985555,31.106013902629037],[77.188023194938992,31.106051787829621],[77.188165768354395,31.106060206931943],[77.188298509708957,31.106064415713693],[77.188497005945734,31.106056523478617],[77.188712094964089,31.105984174242487],[77.189027046997651,31.10590524718074],[77.189281183984804,31.105880548233323],[77.189435359142053,31.105875160336186],[77.189526606415356,31.105858996642784],[77.18958009570062,31.105832055609422],[77.189643024482919,31.105770093588077],[77.189652463979925,31.105670413863738],[77.189620999588783,31.10559228645986],[77.189592681996089,31.105503383155444],[77.18958009570062,31.105277083389613],[77.189595827896184,31.105223202523398],[77.189639878582796,31.105112746344428],[77.189743711253229,31.104999596448039],[77.189794053740073,31.104945715424375],[77.189866983466402,31.104891786682337],[77.189970316673538,31.104793412837125],[77.190002463784268,31.104742223754421],[77.190025205534042,31.104678941143558],[77.190054204049702,31.10457050260942],[77.190076019636379,31.104437406932593],[77.190087903449282,31.104381944192205],[77.190117826331402,31.104301332870193],[77.190155735236374,31.104244599392349],[77.190239054877296,31.104194850657674],[77.190277865690817,31.10418728823856],[77.190577516720168,31.104057692494369],[77.190797436878142,31.103886937722766],[77.190868334615303,31.10385164913421],[77.190959444446335,31.103813050038152],[77.191078498170967,31.10380575525868],[77.191355491892182,31.103809554943535],[77.192307697110209,31.103862372854532],[77.192622139799013,31.103840287004278],[77.192753557036852,31.103819368744208],[77.192858171241596,31.103798257418603],[77.192937353242286,31.10378726371335],[77.193001977145514,31.103774547841432],[77.193111384760613,31.10381238086288],[77.193300747825859,31.103833999066271],[77.19365212205264,31.10381238086288],[77.193879358090285,31.103799769600986],[77.194068722053856,31.103839404000901],[77.194346455088535,31.103895251641244],[77.194523194129118,31.103929481072115],[77.194649436172654,31.103915068438791],[77.194803031018225,31.103848411711848],[77.194962938325318,31.103837602612437],[77.195093388077623,31.103821388576385],[77.195347976917347,31.103806975926712],[77.195470011252041,31.103794365433277],[77.1955815254165,31.10377094506201],[77.195751951995575,31.103715097348516],[77.195844529673806,31.103652042496179],[77.195916067011424,31.103581782028844],[77.196061246439484,31.103437658146266],[77.196141332145345,31.103355371538246],[77.196296247514439,31.103246223855006],[77.196475115562222,31.103192191847953],[77.196570423220606,31.103174630881384],[77.196675624923529,31.103133195571399],[77.196795555403838,31.103052124762236],[77.196955462710932,31.102927817079351],[77.197060664413854,31.102866563880394],[77.197155345946499,31.102812517043002],[77.197372061813837,31.102677399815008],[77.197480798387389,31.102633657527864],[77.197574049802085,31.102587321556189],[77.197759205158562,31.102553091641621],[77.198009585391205,31.102524265955061],[77.198190533038868,31.102538678799458],[77.198339919277345,31.10255489305446],[77.198501524400356,31.102578166043685],[77.198571363922099,31.102603535033747],[77.19868077333382,31.102664788402407],[77.198754414525879,31.102744057363857],[77.198931154464745,31.102998078030517],[77.198985859170634,31.103057529741431],[77.199055292653881,31.103097163681923],[77.199147870332112,31.103134996973221],[77.199219407669773,31.103156615330818],[77.199303569032111,31.103162020304008],[77.19942349951242,31.103144004750973],[77.19953711753125,31.103102568658496],[77.199781185302342,31.102974658231975],[77.199913739807386,31.102918809281082],[77.199981069436234,31.102837739058106],[77.200021046263004,31.102749462360521],[77.200178848817387,31.102585519374838],[77.200231449668863,31.102477425349466],[77.200288259127404,31.102410766844276],[77.200369892630533,31.10233215909853],[77.200403362061394,31.102417074106008],[77.200495908298592,31.10262598653053],[77.200557606388955,31.102726840905138],[77.20059406451476,31.102822892444419],[77.200686610751958,31.102952561406838],[77.200703310433099,31.102975314337204],[77.200831068832798,31.103163440965012],[77.200859664004909,31.103195848491367],[77.200908333828693,31.103224373227963],[77.200973127513492,31.103238035254684],[77.201055178733242,31.103241133477717],[77.201183498579994,31.103231667282916],[77.201367057630193,31.103219645898587],[77.201455811180296,31.103224157090736],[77.201522288307942,31.103240203549316],[77.201555902367559,31.103271640355242],[77.201576694773109,31.103306460734203],[77.201594151734028,31.103344636223085],[77.201593218384446,31.10338907889702],[77.201404549716926,31.103658535814176],[77.201342851626578,31.103720968405558],[77.201135322829629,31.103843432896078],[77.20104277569412,31.103903464029123],[77.200924988594068,31.104018724282728],[77.200899748629524,31.104076354741597],[77.200871704124665,31.104165200925518],[77.200896944089209,31.104258849682221],[77.200910966790801,31.104318880552658],[77.200936206755316,31.104354899672003],[77.200969860340805,31.104386115359343],[77.201037166613474,31.104395720657497],[77.201177389137769,31.104400523306246],[77.201312002581389,31.104398121981891],[77.20142698514114,31.104414930481727],[77.201511118655688,31.104424535776964],[77.201632285217855,31.104433478822809],[77.20159309711191,31.104462344695445],[77.201539138007732,31.104514918419309],[77.201456175896283,31.104605077149916],[77.201394214599546,31.104663618707669],[77.201326480728838,31.104764818578271],[77.201284198825036,31.104847097811767],[77.201227587894138,31.104931757517598],[77.201213201374856,31.104947824454928],[77.201177262475312,31.10500461673772],[77.201133888220127,31.105078934992164],[77.201106060209241,31.105110952671698],[77.201018504113435,31.105190380344851],[77.20097116918619,31.105222524128287],[77.200929687681324,31.105244380448788],[77.200897779522421,31.105271700842287],[77.200878634627074,31.105296289958943],[77.200825956520518,31.105403783143146],[77.200643345192915,31.105384282009496],[77.200473754047053,31.10538337979165],[77.200242359707985,31.105401840260011],[77.200146271413615,31.105428952936723],[77.200103039092241,31.105460749751096],[77.199972715104096,31.10566042873344],[77.199901927859671,31.105743687089628],[77.199748570169319,31.105823869539499],[77.199580767569216,31.105919595672596],[77.199453838314497,31.106024249222212],[77.199361769082728,31.106120908130077],[77.199339241132051,31.106159004034524],[77.199307385973739,31.106311059073757],[77.199277847570585,31.106637034420594],[77.199247259935149,31.106741568731458],[77.199232275137902,31.106777004690723],[77.199121122994541,31.106919759047724],[77.199015079570174,31.107009761666898],[77.198922862116376,31.10703632394879],[77.198770083839392,31.107053764984418],[77.198611541971516,31.107088423226219],[77.19847639582693,31.107103889100099],[77.198361565980775,31.107092754255721],[77.198250778553401,31.10707263277256],[77.198059249650001,31.107037846847593],[77.197999222426077,31.107019800495124],[77.197957210915192,31.106995176444297],[77.197917584431366,31.106958226126984],[77.197870094095578,31.106910482428436],[77.197817038696556,31.106866300603482],[77.197806279574408,31.106854401203808],[77.197765553552685,31.106820348960952],[77.197721785835412,31.106795469502984],[77.19766929907,31.106776643962668],[77.197644276497741,31.106777427719329],[77.197621453899657,31.106782570208733],[77.19760305280937,31.106791263061101],[77.197582855986823,31.106806443631442],[77.19757576738094,31.106814536550385],[77.197561946800292,31.106846167535192],[77.197543397488005,31.106888621876589],[77.197530944143196,31.106909947105716],[77.19750141921476,31.106973431283112],[77.197496896197308,31.106989222522472],[77.197494114114875,31.107032754366216],[77.197498255348322,31.107126116482224],[77.197495242398858,31.107155780672663],[77.197490812806194,31.107177925744743],[77.19747414187114,31.107208506733187],[77.197438457194806,31.107240017601075],[77.197339157423272,31.107314627147829],[77.197286108312511,31.107345201170002],[77.197240864663215,31.107363290532401],[77.197182556814781,31.107376289735736],[77.197159181752767,31.107377098099843],[77.197096948266491,31.107392556235318],[77.197065098498086,31.107403464148874],[77.197050637418641,31.10740751827435],[77.197014412854827,31.107417672431243],[77.196992282857806,31.107432091455156],[77.196970033384858,31.107464607511371],[77.196962376145365,31.107482053083167],[77.19692422918682,31.107545962979795],[77.196804878119863,31.107706323998929],[77.196761755392956,31.10775581092636],[77.196750855235308,31.107765195911089],[77.196683078245442,31.107810677155172],[77.195600995501962,31.108391933427594],[77.194877072858887,31.108697816640987],[77.194157706470932,31.108895147597348],[77.193819638090176,31.108943181027342],[77.193634619277617,31.108937375668845],[77.193071623529519,31.108883816835991],[77.192868518037045,31.108815489208745],[77.192592486411456,31.108665618656801],[77.191821556726211,31.108238991835865],[77.191178292914188,31.107803391143303],[77.190889728892103,31.107607983834939],[77.190710451212539,31.107531920850178],[77.190505115203194,31.107513889205229],[77.190314942755862,31.107549244886034],[77.190169125524008,31.107608201500486],[77.190029272207326,31.107712186348696],[77.189555772916009,31.108327537240811],[77.189504948932168,31.108394363108708],[77.188179787462701,31.109710493548484],[77.18801565537882,31.109807993195815],[77.187828659374361,31.109838518729838],[77.187418058322578,31.109812152587907],[77.187260156953514,31.109835558394117]]]},"properties":{"objectid":10218,"id":"10157","name":"Shimla (M Corp.) - Ward No.17","code":"17","town":"Shimla","district":"Shimla","state":"Himachal Pradesh","st_area(shape)":1279909.06231962,"st_perimeter(shape)":6657.9921496431198}},{"type":"Feature","id":10221,"geometry":{"type":"Polygon","coordinates":[[[77.168094274278374,31.106028570301309],[77.167994411263209,31.106043368726539],[77.167909912134306,31.106040080615141],[77.167790844934984,31.106040080615141],[77.167748700473425,31.106039572207713],[77.167617231133292,31.106030255506706],[77.167551632557974,31.106015853960297],[77.167474496021143,31.106001883904401],[77.167358766063117,31.105967250647993],[77.167289720652036,31.105936959229222],[77.167239679100831,31.105910180508612],[77.167143657281784,31.105865783625276],[77.166761489705408,31.105696420423683],[77.166650104898395,31.105648735315381],[77.166532958297154,31.105589539816158],[77.166292903300388,31.1054826598575],[77.166135427732783,31.105420176121822],[77.166014147084582,31.10536379943089],[77.165989473956998,31.105347826400834],[77.165872327355743,31.105306718160723],[77.16575710135254,31.10529685221119],[77.165607307278918,31.10530342925458],[77.165486319481516,31.105336316003097],[77.1654267854327,31.105364269384253],[77.165330763613667,31.105402088696735],[77.165299201306141,31.105438529670685],[77.165159204259012,31.105478483354446],[77.165029975317168,31.10546772597387],[77.16489177220565,31.105461578898648],[77.164796645108652,31.105449284747127],[77.164654852329264,31.105426233208679],[77.164337164925669,31.105381666116038],[77.164272329918333,31.10536697142344],[77.164174139566228,31.105335039975628],[77.163950249753015,31.105214864108188],[77.163874342111498,31.105192901637437],[77.163862333432775,31.105193383128952],[77.163839524309395,31.105088356391803],[77.163769629092116,31.10494586387183],[77.163716004161216,31.104870379469137],[77.163606373763926,31.104808006089442],[77.163583552064139,31.104798070863829],[77.163400635309358,31.10472341395938],[77.16327472654082,31.104675286864708],[77.163219007637025,31.104623035507835],[77.163203000556948,31.104540598402227],[77.163218319527516,31.104486722502234],[77.163265965271862,31.10444385866213],[77.16330696438142,31.104444481683203],[77.163364378406172,31.104461613991862],[77.163491458577838,31.10451025730206],[77.163811133953175,31.104658856837712],[77.163972385139914,31.104689538628236],[77.164211505888773,31.104705287943581],[77.164251358748032,31.104705287943581],[77.164533398306219,31.104718412114639],[77.164677484484528,31.10475253587397],[77.16489514537956,31.104802408920229],[77.16509520827816,31.104798840022788],[77.165293608395189,31.104781056297188],[77.165427319031977,31.104773387780764],[77.165643506689918,31.104783837576385],[77.165699990958345,31.104794298139126],[77.165894332486943,31.10484601252907],[77.166096879227297,31.104878530239951],[77.166222571501862,31.10488640488229],[77.166409575591175,31.104883779745226],[77.166444484123105,31.104874855970731],[77.166740665858825,31.105017648568598],[77.166855889167067,31.105066976912628],[77.166932758005927,31.105085895090657],[77.16698591760948,31.105085895090657],[77.167142265791412,31.105062271211384],[77.167317007877102,31.105007148803434],[77.16741204244768,31.10500452443884],[77.167513208918336,31.105007148803434],[77.167562259627772,31.105007148803434],[77.167638901192873,31.10500452443884],[77.167813643278592,31.104967775635327],[77.167945465656629,31.104933652722554],[77.168031304173596,31.104910028805367],[77.168138601646092,31.104889029250153],[77.168193783357353,31.10488640488229],[77.168298015778106,31.104881154608034],[77.168377722394936,31.10486540532186],[77.168451298009956,31.104826032864199],[77.168478888865579,31.104810283568863],[77.168534070576897,31.104778784970385],[77.16862604009566,31.104721037256319],[77.168727206566345,31.104694788143952],[77.168813044185001,31.10468691348574],[77.168883553849938,31.104692163770707],[77.168957129464971,31.104734161425199],[77.169003114224395,31.104820782586561],[77.168957129464971,31.105012399070716],[77.168938735561241,31.105078020464862],[77.168938735561241,31.105185640806866],[77.168960195415025,31.105295884614321],[77.168983762716522,31.105374959090973],[77.169000554025828,31.105402275601193],[77.169031544106502,31.105440508703278],[77.169053410897149,31.105452824392245],[77.169102744575909,31.105473751522386],[77.169199316163912,31.105502100976999],[77.169319067879485,31.105502100976999],[77.169438819595044,31.105481593810886],[77.169548991676436,31.105465188536314],[77.169676533582162,31.105446139677703],[77.169823447657009,31.105441613977227],[77.169879674108927,31.10543690752538],[77.169981056175303,31.10540875418555],[77.170122076403501,31.105364131705585],[77.170217111872375,31.105316884079549],[77.170321343394804,31.105274885913609],[77.170466631518963,31.10524172840114],[77.170491180679036,31.105239817819196],[77.170591243120214,31.105233098477637],[77.170667761616116,31.105236458148497],[77.170734470509132,31.105239817819196],[77.170777634558533,31.105238137983832],[77.170856114975024,31.105207899404252],[77.170899279922722,31.105182700324129],[77.170952254473363,31.105120543282556],[77.171103084304519,31.105012399070716],[77.17115213411563,31.104988775173108],[77.17124716958449,31.10494152736031],[77.17130848229759,31.104912653172583],[77.171412714718301,31.104891654387128],[77.171480158433212,31.104878530239951],[77.171569062900261,31.104868030459482],[77.171602484720395,31.104859222826445],[77.171634567152466,31.104844842638862],[77.171671062109183,31.104819567315698],[77.171679463153737,31.10481187880427],[77.171732185277747,31.104772293267331],[77.171844970558311,31.104707913085633],[77.171927743125224,31.104665914650301],[77.172010515692108,31.104626541340757],[77.172099420159142,31.104587168014831],[77.172233449697856,31.10450905125716],[77.172270727985534,31.104467053503051],[77.17228250040732,31.104436814677946],[77.172286424248483,31.104388096721376],[77.172278576566171,31.104336018268107],[77.172258956462031,31.104273860672318],[77.172249145960834,31.104216743365438],[77.172251107881408,31.104166345441655],[77.172280538486746,31.104085708554209],[77.172308006273184,31.10403699041758],[77.172376677086774,31.104001711114755],[77.172404144873212,31.10398491177175],[77.172486550029163,31.103952992935028],[77.172535599840302,31.103956353420301],[77.172610156415644,31.103969792283618],[77.172688637730417,31.10398491177175],[77.172875029168722,31.103983441896393],[77.172976195639393,31.104001816490413],[77.173025245450546,31.104001816490413],[77.17306816515817,31.104001816490413],[77.173114149917581,31.103991316612952],[77.173187724634303,31.1039414439099],[77.173252103297443,31.103909945023222],[77.173301154006893,31.103878446126153],[77.173445239286906,31.103828572594594],[77.173521880851993,31.103828572594594],[77.173610784420717,31.103815448300551],[77.173699687989455,31.103804948402541],[77.173788592456503,31.103794448503312],[77.173892823978875,31.10379182410519],[77.173993990449574,31.103797073670538],[77.174148376710917,31.103813558457439],[77.174246634436685,31.10383270917362],[77.174273003583551,31.103847761766044],[77.174328254465095,31.103880016763913],[77.17436718026299,31.103916572158504],[77.174421175299756,31.103943451432848],[77.174480192817299,31.103949902426759],[77.174544232815606,31.103949902426759],[77.17463840949506,31.103952052245205],[77.174731330329706,31.103927323561486],[77.174816717892412,31.103907970573704],[77.174964575198274,31.103853876640695],[77.175090144403654,31.103852196780817],[77.175158814318905,31.103838757131687],[77.175215712710695,31.103805158385128],[77.175296155946072,31.10372788091518],[77.175370712521399,31.103660683331658],[77.175419762332524,31.103635483841035],[77.175466851121413,31.103611964976999],[77.175606153770829,31.103563246597314],[77.175765140304762,31.103533232081727],[77.176042197806368,31.10351598961434],[77.176184920342095,31.103518520181439],[77.176306593554045,31.103514528192605],[77.176390959732274,31.103516208058462],[77.176520452778817,31.103511168460866],[77.176630325721206,31.10350108849569],[77.176707435308558,31.103490930843304],[77.176816022761798,31.103455967466438],[77.176897160394901,31.103416461357899],[77.177044310726643,31.103314089372134],[77.177083802463144,31.103282207999346],[77.17721094282193,31.103154626251346],[77.17741525475185,31.102912475131575],[77.177514859052252,31.102759671626973],[77.177559340031863,31.102649981758876],[77.177605324791244,31.10256335861747],[77.177639608095745,31.102474780916335],[77.17764507344593,31.102360559487678],[77.177642667757596,31.102316804747694],[77.177632440438103,31.102130844762751],[77.177625072456138,31.102043437352094],[77.177602226501833,31.102000506259543],[77.177563567503569,31.101949442586406],[77.177503980454134,31.101897402793288],[77.177489441221283,31.101887720324203],[77.177436987693525,31.101842806977018],[77.177307841396711,31.101677627116342],[77.177233471670945,31.101578569212936],[77.177174193641974,31.101504741267163],[77.177020022976279,31.101381410733488],[77.176750318185285,31.101099781095421],[77.176651645437843,31.101004026259002],[77.176500347584451,31.10087447616829],[77.176421409925467,31.10079561947142],[77.176325140171429,31.100684473561532],[77.17609046877817,31.100482382693293],[77.175785694656781,31.100268904223569],[77.175656080337689,31.100184540347616],[77.175601172612602,31.100131937304639],[77.175594172939896,31.100077403547655],[77.1756128623894,31.099980720796967],[77.175731779570071,31.09981490233924],[77.175899588458392,31.099592295798494],[77.175954405453666,31.099453125677901],[77.175945583099249,31.099336035333426],[77.175907214256853,31.099273314484901],[77.175861869996254,31.099210593594954],[77.175803652877633,31.099162660622994],[77.175681612254692,31.099111427737451],[77.175643144597615,31.099073154396248],[77.175611601154742,31.099017109311216],[77.17559534074978,31.098966286334072],[77.175592488598724,31.098914422593168],[77.175595477293697,31.09883526658572],[77.175624816270869,31.098777502181136],[77.175721748083276,31.098690067838927],[77.175812388993776,31.098621748261152],[77.175940558821878,31.098549221058001],[77.175953181049934,31.098577961799577],[77.175986018965148,31.098616543023869],[77.176014896208244,31.098635025576247],[77.176058413295578,31.098651514336041],[77.176134900350434,31.098661759426559],[77.176248604607508,31.098676904374354],[77.176345609183485,31.098675626719025],[77.176570070325226,31.098688189431957],[77.176720228216524,31.098726673691274],[77.176858409768471,31.098765640997478],[77.177057182686355,31.098887817271514],[77.177190154907976,31.09905033284101],[77.177301285491765,31.099179468510993],[77.177420920426357,31.099390485672981],[77.177542768809801,31.099569272837279],[77.177581508656445,31.099665496794064],[77.177594765095066,31.09978839265057],[77.177594765095066,31.099848253276992],[77.177600215173896,31.099946253799104],[77.177600215173896,31.100020920612586],[77.177549516954201,31.100299898956504],[77.177552725736405,31.100395268367059],[77.177572639589627,31.100458058471396],[77.177617765559617,31.100527032850433],[77.177711781440607,31.100586189968908],[77.177728103829338,31.100594264957337],[77.177924549212307,31.100661166263855],[77.177984822574587,31.100676457808607],[77.178060722131278,31.100682192137256],[77.178087509893032,31.100684103580086],[77.178129924747481,31.100703218775259],[77.178165641763172,31.100720421755298],[77.178226970645952,31.100781588650644],[77.178286920614738,31.100860921488344],[77.178303270851259,31.100912254963344],[77.178346871481878,31.101005587714042],[77.178385021135341,31.101089587034345],[77.17845431717636,31.101245730731623],[77.178594191154318,31.101500195380037],[77.178659267808456,31.101743287735669],[77.178659267808456,31.101874698832447],[77.178555016523106,31.10226028545453],[77.178451415618014,31.102559093530587],[77.178406109086637,31.102703706404071],[77.178390213397691,31.102801004030454],[77.178383203843538,31.103028417306305],[77.17837261180803,31.103070176483801],[77.178350584218933,31.103113360919771],[77.178305425909613,31.103144949294624],[77.178240778650178,31.103174228604381],[77.178098395677651,31.103223088711211],[77.178013982787036,31.103266455371312],[77.177443636124949,31.103539586188223],[77.177292748801619,31.103599569824876],[77.177163416553526,31.10365493918367],[77.177001751243424,31.103703386769226],[77.176937085119363,31.103731071422427],[77.176799669830373,31.103781826470748],[77.176605672356558,31.103851038415893],[77.176419757025343,31.103887950714842],[77.176362729276164,31.103906064579991],[77.176177954805397,31.104009628903036],[77.175872789916838,31.104171717283389],[77.175824896237458,31.104193588459815],[77.175791063887246,31.104218793955717],[77.175595568921835,31.104392399415023],[77.175437551670115,31.104545671788305],[77.175377766093021,31.104622629391166],[77.175310830824557,31.104701126020331],[77.175267430518218,31.104737627257688],[77.175219813519988,31.104760617430536],[77.175172521711843,31.10477060188629],[77.17495856457073,31.104738272582484],[77.174618748068411,31.104730190254788],[77.174385911034975,31.104730190254788],[77.174212856883685,31.104730190254788],[77.174099584716245,31.104746354909445],[77.173989459347283,31.10476251956139],[77.173810111599096,31.10478946012903],[77.173583567264259,31.104829870966132],[77.17308265318708,31.104945391608936],[77.173004117973377,31.104978151570492],[77.172977939269373,31.10500401448758],[77.172968631824702,31.105043567623355],[77.172447679926819,31.105221075039278],[77.172288204709361,31.105289347566458],[77.172054307663913,31.105357620813713],[77.172024789921977,31.105362801837686],[77.171905811655847,31.105369365800893],[77.171698113077355,31.105356353247206],[77.171519568423037,31.105330253526446],[77.17139328146375,31.105324660233734],[77.171221269358213,31.105337710480352],[77.171075385651037,31.105363810968235],[77.170955630342178,31.105404825346859],[77.170838052549584,31.105425332529499],[77.170698701391146,31.105425332529499],[77.170472254972651,31.105436518333562],[77.170300242867071,31.105425332529499],[77.170202261822425,31.105427196958502],[77.17016676758891,31.105436921370156],[77.170103047390853,31.105485068845965],[77.170012610397933,31.105579337007196],[77.169895644358078,31.105665178246689],[77.169873383206991,31.105681449654334],[77.169750640999851,31.105747315945411],[77.169644067569465,31.105786857234296],[77.169482750805699,31.105826320822572],[77.16932719493785,31.105849340728696],[77.169052572768976,31.105916757509522],[77.168939266465557,31.105951287718337],[77.168839403450349,31.105957864716398],[77.168760666115688,31.105967730597243],[77.168626235030104,31.105998972674637],[77.168549417395198,31.106013771104539],[77.168484122450451,31.106020348867435],[77.168390021229499,31.106021993308083],[77.168278636422457,31.106021993308083],[77.168094274278374,31.106028570301309]]]},"properties":{"objectid":10221,"id":"10159","name":"Shimla (M Corp.) - Ward No.13","code":"13","town":"Shimla","district":"Shimla","state":"Himachal Pradesh","st_area(shape)":232504.58954382304,"st_perimeter(shape)":5211.2178293774314}}]}